ZCTA,AGE_18_24,AGE_25_34,AGE_35_44,AGE_55_64,AGE_65_PLUS
00601,388,1905,595,1446,6030
00602,850,3627,1288,3212,13870
00603,1242,4946,1753,4410,17904
00606,280,538,167,563,1953
00610,578,2578,879,2238,9564
00611,37,133,0,86,368
00612,2067,6641,2334,5510,22957
00616,342,870,237,880,3413
00617,561,2379,873,2127,9116
00622,264,529,150,551,2538
00623,1031,4120,1493,3576,14330
00624,442,2589,837,1989,8358
00627,851,3230,1150,2936,12210
00631,30,172,61,72,574
00636,0,134,90,188,483
00637,576,2488,804,2627,8104
00638,534,1927,584,1353,6073
00641,770,2498,964,2015,8601
00646,712,4089,1452,3385,13920
00647,198,676,83,421,1309
00650,230,1557,371,1625,5693
00652,121,398,124,391,1542
00653,131,826,398,1005,3511
00656,433,1931,694,1560,6515
00659,492,3565,1255,3285,13970
00660,689,1358,506,1315,5151
00662,1096,3730,1510,3708,15622
00664,236,1817,580,1369,5893
00667,678,2133,765,2042,8163
00669,723,2756,955,2500,10254
00670,174,1044,311,880,3131
00674,1035,4096,1440,3510,14465
00676,729,3877,1368,3682,14393
00677,579,1440,445,1147,4973
00678,620,2527,904,2101,9324
00680,1849,3948,1596,5533,16053
00682,781,2929,1031,5891,13295
00683,1047,2990,1030,2702,10175
00685,981,4569,1365,3389,13845
00687,524,3140,1127,2752,11489
00688,258,1015,424,1251,4744
00690,133,678,323,684,2583
00692,870,3733,1353,3162,13471
00693,1717,5709,1992,5093,20783
00694,23,0,0,0,0
00698,583,3488,1170,2843,11832
00703,670,2565,899,2626,9316
00704,139,802,268,926,3104
00705,663,2475,866,1991,8660
00707,279,1101,363,722,3672
00714,315,1838,628,1397,6020
00715,39,323,69,150,453
00716,910,2738,852,2451,9487
00717,629,1552,640,1870,5644
00718,644,2777,987,2216,9597
00719,814,3806,1031,2668,11179
00720,558,2342,802,1951,8002
00723,493,1561,567,1278,5444
00725,2345,7525,2610,7409,28646
00727,1360,5553,2088,4754,21383
00728,759,4142,1570,3879,15517
00729,994,5330,1813,4252,18644
00730,1108,3555,934,3009,11666
00731,249,1022,293,832,3609
00735,342,1069,383,1015,4055
00736,1371,4423,1664,4164,17274
00738,968,3062,1046,2859,11156
00739,575,3687,1266,3226,13156
00740,29,373,83,99,704
00741,72,236,53,298,1248
00745,963,4729,1750,4435,18330
00751,570,2238,853,1501,6926
00754,983,3681,1347,3255,13907
00757,349,2306,837,2000,8251
00765,198,894,259,708,2840
00766,400,2500,849,2176,8150
00767,732,3073,1103,2755,11064
00769,625,3765,1145,2567,12475
00771,932,3702,1306,3088,13767
00772,310,1976,629,1616,6608
00773,484,1801,643,1679,6599
00775,29,131,45,168,444
00777,938,4234,1554,3699,15896
00778,874,4406,1576,3817,16776
00780,234,1964,679,1404,5228
00782,606,2137,767,1604,7590
00783,782,3898,1290,3051,13250
00784,805,3842,1396,3638,14791
00786,41,0,0,26,26
00791,1310,4746,1718,4177,16568
00794,537,3438,1116,2749,11231
00795,1006,4829,1663,3935,16651
00901,536,695,69,549,3069
00906,0,0,0,0,107
00907,728,898,540,886,5541
00909,127,694,158,445,1860
00911,242,514,262,491,2437
00912,150,370,79,708,2256
00913,176,1348,204,641,2509
00915,684,2867,1101,2690,9282
00917,727,1386,696,1680,6777
00918,622,1148,534,1414,6509
00920,611,1691,574,1494,6545
00921,1682,4033,864,3269,12497
00923,755,2482,1008,2813,9435
00924,1817,5895,1914,4054,17968
00925,234,150,156,1148,2730
00926,4169,7594,3277,8919,35035
00927,945,1108,401,1253,4793
00934,0,29,25,0,71
00949,1602,7164,2610,6330,27257
00950,0,0,0,0,0
00951,28,54,0,23,90
00952,307,667,188,824,2464
00953,1447,7240,2579,6636,27724
00956,2569,6164,2327,5876,25204
00957,1149,3763,1408,4333,15724
00959,2043,5007,1716,4707,18515
00960,52,0,29,305,2500
00961,797,2708,820,2243,10312
00962,601,2254,700,1920,7604
00965,166,397,199,391,1899
00966,719,1504,619,1123,5374
00968,218,234,122,97,936
00969,1894,3809,1232,3510,15996
00971,697,2091,697,2397,9743
00976,1632,6159,2260,5599,23138
00979,728,1008,233,1565,5512
00982,681,1326,522,1363,5129
00983,899,3622,984,3042,12004
00985,1184,2395,1038,3012,11618
00987,1479,5933,2152,4968,22089
01001,791,1514,435,944,5442
01002,383,1604,742,8110,12883
01003,0,0,194,11695,11944
01005,76,503,145,667,1823
01007,321,1682,439,963,5351
01008,9,124,26,70,324
01009,9,26,39,0,312
01010,28,435,150,185,1218
01011,12,201,50,78,325
01012,10,49,20,13,123
01013,573,2896,1012,2102,9202
01020,660,2639,1469,2676,11641
01022,73,178,46,343,1032
01026,52,111,29,88,337
01027,402,1953,483,1035,5933
01028,1003,2084,835,1119,5486
01029,17,42,26,32,110
01030,397,1341,533,1247,4379
01031,0,325,113,138,697
01032,13,36,10,36,126
01033,160,551,136,496,2001
01034,38,222,66,121,587
01035,142,536,206,252,1687
01036,87,392,109,385,1549
01037,0,46,1,55,127
01038,16,255,106,259,850
01039,21,179,71,59,388
01040,1280,4757,1533,3940,15697
01050,40,329,89,174,881
01053,90,84,55,181,527
01054,36,177,56,71,577
01056,653,1991,701,2186,8084
01057,155,697,332,505,2528
01060,287,1388,499,998,6244
01062,196,1025,369,396,2811
01063,0,0,34,2045,2081
01066,31,7,0,0,51
01068,16,141,54,121,510
01069,232,705,242,706,2537
01070,8,70,16,22,131
01071,5,74,56,167,473
01072,21,114,37,84,420
01073,44,740,92,357,1799
01074,0,69,0,99,316
01075,641,1502,610,2736,6631
01077,183,1039,348,763,3020
01079,0,82,36,56,102
01080,22,281,191,214,1201
01081,12,224,53,78,577
01082,255,1175,522,875,3817
01083,33,406,72,206,1150
01084,4,9,0,3,36
01085,1036,4631,1688,5250,17015
01088,12,9,10,29,316
01089,576,3150,777,2669,12018
01092,1,94,19,159,761
01093,0,0,3,16,33
01094,2,6,0,0,9
01095,572,1884,826,891,5007
01096,16,233,71,109,739
01097,0,8,0,0,19
01098,17,63,11,26,163
01103,3,140,0,268,1114
01104,296,3628,977,2483,9383
01105,135,2031,343,1741,5565
01106,684,2186,692,1034,4883
01107,260,2054,697,1822,5903
01108,422,3214,890,2525,11447
01109,481,4358,1351,6164,15211
01118,242,2043,669,1271,5788
01119,489,1734,404,1976,5626
01128,91,466,44,234,1036
01129,106,615,175,452,2501
01144,0,0,0,0,0
01151,67,1221,436,853,4159
01201,1226,4288,1435,3334,16587
01220,384,790,122,507,2680
01222,10,122,17,0,227
01223,17,237,71,112,660
01224,0,0,23,0,59
01225,66,233,101,222,922
01226,287,833,207,328,1790
01229,0,0,0,21,29
01230,308,742,404,955,3065
01235,71,173,80,141,756
01236,26,106,12,84,390
01237,26,413,74,105,613
01238,271,593,300,282,1827
01240,364,271,212,522,1423
01242,48,17,0,71,118
01243,7,2,0,7,31
01244,0,0,0,14,31
01245,169,75,22,73,176
01247,396,1488,532,1893,5587
01253,16,28,19,10,273
01254,16,57,20,32,215
01255,52,73,20,86,301
01256,37,85,7,28,134
01257,36,63,27,312,806
01258,5,7,0,10,57
01259,3,122,55,66,256
01260,0,0,0,0,0
01262,106,73,34,150,475
01264,15,5,6,11,39
01266,18,68,45,37,196
01267,270,539,373,2397,3850
01270,8,64,29,99,399
01301,574,2095,414,1227,6151
01330,15,109,31,80,329
01331,235,1632,408,1179,4821
01337,37,244,83,91,759
01338,10,0,0,5,9
01339,47,94,36,69,374
01340,70,166,12,183,598
01341,15,136,87,48,444
01342,0,145,36,111,587
01343,3,33,3,3,53
01344,28,199,44,132,629
01346,6,18,20,36,124
01347,0,0,0,44,142
01349,18,135,4,41,276
01350,4,10,0,12,21
01351,27,350,147,37,978
01354,20,141,119,113,731
01355,35,59,70,66,289
01360,130,258,179,217,1016
01364,85,853,330,544,2673
01366,50,123,12,91,311
01367,15,70,16,32,153
01368,6,183,53,84,415
01370,128,355,77,186,1061
01373,118,411,303,270,1462
01375,102,154,57,734,2139
01376,254,386,133,346,1646
01378,9,70,9,31,217
01379,3,66,21,17,206
01380,0,0,0,0,21
01420,864,5006,1188,5177,17299
01430,54,883,351,628,2495
01431,31,354,112,186,872
01432,171,689,342,762,3379
01434,22,158,84,114,670
01436,46,448,25,315,1414
01438,0,128,47,42,153
01440,601,1959,620,1251,7521
01450,148,1924,611,885,3777
01451,122,611,220,352,1807
01452,24,403,149,411,1587
01453,1233,4858,1233,3527,15675
01460,190,1237,427,732,3522
01462,126,1600,497,785,4086
01463,173,1258,422,976,4118
01464,430,678,163,290,2495
01468,25,360,167,221,1499
01469,66,1041,232,469,2568
01473,78,836,322,379,2690
01474,23,88,82,283,668
01475,156,1372,350,950,3848
01501,540,2123,647,1040,5790
01503,119,409,71,150,999
01504,145,1054,479,418,3197
01505,57,553,160,210,1562
01506,69,319,159,295,1031
01507,431,2022,604,962,4295
01510,179,1077,681,1625,6996
01515,69,206,49,128,629
01516,220,1173,677,562,3413
01518,99,552,26,198,1328
01519,172,895,356,1005,2969
01520,324,2589,812,990,5625
01521,25,243,98,148,817
01522,49,319,121,261,1026
01523,92,772,348,715,3365
01524,20,814,248,589,2336
01525,0,0,0,0,0
01527,362,1506,643,788,4891
01529,26,300,193,231,1003
01531,13,126,34,38,287
01532,234,2110,869,1147,5219
01534,125,631,251,419,1917
01535,94,383,263,407,1695
01536,127,847,283,426,2501
01537,0,250,51,207,940
01540,251,1360,354,870,4053
01541,27,480,89,213,971
01542,57,415,36,75,804
01543,107,1294,670,889,3259
01545,976,5282,1884,2825,14733
01550,257,2000,839,2128,6874
01560,15,518,158,232,1771
01561,0,0,0,0,0
01562,271,1355,233,754,3820
01564,71,915,276,168,2024
01566,83,935,362,344,1942
01568,92,1098,289,401,2348
01569,471,1378,492,1160,5086
01570,526,2205,670,1272,6751
01571,393,1566,548,1973,4750
01581,501,3136,1039,1135,8196
01583,271,769,174,442,2508
01585,136,385,282,39,1267
01588,173,1496,333,879,3853
01590,72,849,468,848,3568
01602,654,2127,981,3678,11163
01603,113,1917,834,2545,10009
01604,926,4546,1099,3628,18045
01605,992,4548,1471,3217,13866
01606,487,2521,1099,1950,9132
01607,77,854,257,918,3961
01608,3,849,110,731,2879
01609,645,1639,514,6941,12852
01610,292,2853,770,7256,15156
01611,25,256,19,392,860
01612,93,457,113,937,2033
01701,1259,3765,1138,2200,11595
01702,624,4847,1233,4303,18091
01718,0,140,93,7,387
01719,22,729,259,665,2120
01720,646,3289,1450,1399,7635
01721,410,2147,538,1165,7294
01730,540,1944,774,976,5124
01731,0,433,26,89,879
01740,78,937,192,313,1765
01741,121,818,241,333,1460
01742,860,2684,1026,1117,5332
01745,17,95,9,82,237
01746,135,2059,668,1120,4799
01747,103,904,441,541,1975
01748,195,3047,1125,1031,6412
01749,394,2162,940,1281,7237
01752,768,4271,1032,3389,17130
01754,138,1491,354,687,3900
01756,59,682,487,396,2102
01757,579,3385,983,2282,11943
01760,903,4586,1378,2220,13097
01770,57,772,232,209,1207
01772,169,1451,531,506,3216
01773,381,752,265,337,1269
01775,196,1095,366,440,2435
01776,517,2972,1167,977,5642
01778,343,1899,775,889,4519
01801,1128,3687,1351,4337,17333
01803,971,3067,535,1913,8808
01810,504,4758,2068,2249,11784
01821,406,3135,1253,2409,11733
01824,448,3240,842,2189,8986
01826,1200,4056,1540,2635,12426
01827,21,368,179,370,1255
01830,694,3596,1078,2300,10723
01832,538,2789,929,2551,10282
01833,176,1057,412,541,2870
01834,91,754,182,379,2313
01835,171,1473,652,1695,6437
01840,127,886,279,638,2738
01841,749,8474,2257,6129,24128
01843,370,4101,1012,3523,12822
01844,891,6364,2332,5086,21041
01845,896,4014,1314,4091,12747
01850,215,2614,642,1743,7187
01851,325,3587,945,3747,15173
01852,391,4659,1172,3355,15459
01854,502,3064,630,6532,15339
01860,136,664,148,581,1935
01862,288,1118,460,670,4551
01863,220,1177,349,759,3589
01864,127,1916,757,1129,5322
01867,545,3601,1119,1419,8136
01876,823,2684,744,2050,10353
01879,88,1479,483,1501,4850
01880,716,2749,971,1614,9660
01886,401,4011,1479,1891,8304
01887,461,2732,1015,2117,8219
01890,739,3723,1217,1214,7036
01901,82,27,82,38,571
01902,1038,6972,2284,5705,22946
01904,296,2235,979,1752,7631
01905,302,3786,1247,2806,12249
01906,888,2720,965,2228,10613
01907,522,1764,428,1145,5011
01908,132,134,127,269,873
01913,292,1796,599,1211,6119
01915,1354,4513,1187,5055,16324
01921,90,1134,554,462,2316
01922,40,518,121,361,1219
01923,987,2431,1089,2074,10280
01929,61,481,226,110,1087
01930,693,2225,690,2202,9419
01937,11,0,0,0,79
01938,433,1514,487,1031,4494
01940,426,1978,462,809,4286
01944,110,795,394,181,1373
01945,649,2579,1244,1309,5742
01949,189,1083,341,539,3511
01950,559,2943,464,958,5123
01951,11,278,91,80,659
01952,207,717,250,854,3057
01960,3275,5032,1563,4313,18191
01965,32,15,18,10,94
01966,299,417,254,439,1720
01969,161,811,242,284,1874
01970,942,3738,984,5341,20114
01982,209,1036,185,673,2544
01983,244,704,456,142,2147
01984,113,469,163,1645,2441
01985,30,499,193,359,1341
02019,380,2568,426,1847,6705
02021,944,2858,923,1416,8407
02025,258,1427,290,290,2197
02026,1113,2343,781,2126,9198
02030,181,827,477,525,1753
02032,59,911,309,297,1773
02035,330,2151,639,1968,6439
02038,554,3734,1729,3804,12819
02043,1358,3654,866,1348,6543
02045,111,657,405,525,2947
02047,0,29,0,0,94
02048,438,3075,907,1950,9028
02050,611,2736,985,2127,8475
02052,134,2036,612,792,4005
02053,194,1527,678,997,5022
02054,125,849,427,630,2774
02056,96,1698,423,585,4426
02061,214,1650,725,833,4138
02062,1085,3365,960,2116,12430
02066,507,2352,867,1425,5642
02067,440,2979,841,785,5949
02071,16,323,20,107,816
02072,708,3050,1089,2047,9833
02081,648,2464,1335,1300,6882
02090,725,2516,835,1392,5151
02093,391,1181,635,888,3917
02108,35,132,87,947,2186
02109,51,117,3,223,2005
02110,62,138,0,154,788
02111,200,669,95,1933,4423
02113,54,71,9,1379,5122
02114,145,411,142,1074,8554
02115,496,741,373,14673,21489
02116,460,813,178,4221,12566
02118,691,2009,752,2522,13735
02119,535,2945,1009,3388,12365
02120,72,825,294,6323,9869
02121,247,4183,1374,3126,13462
02122,282,2555,926,2042,11760
02124,877,7097,2590,5068,23652
02125,279,3300,824,3860,16071
02126,390,3072,969,1503,10353
02127,474,2047,469,2791,22323
02128,644,4977,1279,3359,23753
02129,244,2366,230,522,9132
02130,1061,3096,815,2487,21458
02131,642,3218,1166,1976,13424
02132,643,2859,802,895,9033
02133,0,0,0,0,0
02134,289,695,349,4494,14297
02135,1415,1777,542,7274,29644
02136,741,5725,1137,2668,15815
02138,658,2378,741,10214,23414
02139,410,2390,616,8474,25634
02140,297,1563,697,2018,11903
02141,188,760,216,2287,9553
02142,54,61,24,613,3259
02143,154,996,277,2968,16385
02144,234,1204,150,3878,16360
02145,376,1977,634,2845,16038
02148,1229,6117,1817,6251,31305
02149,709,5750,1733,3964,22278
02150,652,4505,1613,3673,18825
02151,1284,5934,2153,4311,26187
02152,618,1764,761,1064,6923
02155,1619,4398,1351,9890,33015
02163,0,11,0,806,1858
02169,1867,4669,1055,4612,28356
02170,365,1609,556,1488,9354
02171,464,1550,546,1632,8713
02176,823,3285,977,1873,10838
02180,900,2654,505,1109,8613
02184,1053,4717,1623,3133,14795
02186,503,4500,1451,3005,10616
02188,287,991,635,1193,5773
02189,169,1537,700,1406,6121
02190,453,1725,450,1319,7170
02191,186,703,139,547,2432
02199,51,37,0,83,770
02203,0,0,0,0,0
02205,0,0,0,0,0
02210,39,36,0,408,3412
02215,177,262,99,14130,21918
02301,1236,9566,3471,7583,29262
02302,445,4817,1580,2903,13697
02322,51,532,214,450,1866
02324,380,2666,964,2514,10309
02325,0,0,0,2678,2712
02330,232,1306,322,1174,3898
02332,497,2261,640,1097,4330
02333,181,1572,666,1283,5436
02338,131,1316,169,695,2685
02339,242,2114,815,1487,5228
02341,171,1332,312,950,3596
02343,184,1253,486,529,4083
02346,462,2531,958,2070,8875
02347,173,1382,347,1162,4221
02350,0,13,13,0,17
02351,321,2230,694,1026,6024
02356,206,1376,582,979,4009
02357,0,0,0,1310,1319
02359,187,1966,755,1849,6417
02360,1549,5875,2076,4171,20185
02364,418,1378,660,723,4671
02366,0,0,0,6,125
02367,64,454,57,188,813
02368,926,3683,1364,3564,14427
02370,238,1955,597,1236,6406
02375,228,1564,295,841,3823
02379,191,904,300,655,3008
02382,210,1869,753,1504,6335
02420,474,2694,965,1047,4628
02421,649,2833,1185,654,4380
02445,462,2394,595,3052,10627
02446,485,2690,616,5107,16130
02451,363,1410,233,2238,8080
02452,323,1007,309,4595,8673
02453,428,1830,586,4975,16597
02457,0,0,1,1748,1758
02458,305,1445,582,865,5153
02459,303,2510,914,2091,6200
02460,387,1295,403,816,3527
02461,126,1048,251,384,2170
02462,64,120,49,128,421
02464,81,284,74,315,1337
02465,230,1663,582,612,4242
02466,410,894,526,1595,4183
02467,659,2179,808,6295,10593
02468,77,886,388,198,1439
02472,749,2656,755,2260,16259
02474,551,3295,1272,1340,11931
02476,350,2296,446,1069,5634
02478,589,3731,1434,1479,9652
02481,375,2820,1016,3210,6252
02482,410,1624,506,738,3142
02492,733,3827,1201,1515,6437
02493,494,1834,499,1154,3380
02494,511,1814,484,453,3354
02532,360,1134,490,1009,3438
02534,33,159,86,134,437
02535,31,189,83,133,671
02536,729,1597,634,1549,6135
02537,88,762,215,533,1930
02538,44,429,166,395,1657
02539,200,644,129,422,1773
02540,816,593,235,456,1921
02542,0,99,3,99,510
02543,62,0,0,42,190
02553,0,0,0,0,0
02554,234,1745,715,878,5213
02556,87,231,45,176,645
02557,30,157,90,0,395
02558,171,126,0,186,361
02559,174,125,65,298,744
02561,18,0,34,38,104
02562,26,413,204,294,1313
02563,227,888,415,829,2674
02564,0,0,10,34,57
02568,348,841,394,575,3061
02571,397,680,324,657,2999
02575,0,298,62,20,636
02576,65,627,145,344,1434
02584,0,0,0,0,0
02601,342,1778,396,1753,7072
02630,107,224,55,101,507
02631,457,857,450,481,2611
02632,501,1259,236,903,3750
02633,481,146,82,406,1046
02635,142,180,57,277,884
02637,11,0,0,0,38
02638,184,168,57,232,849
02639,104,196,97,355,1053
02641,0,0,0,58,84
02642,413,397,147,308,1163
02643,0,0,0,0,0
02644,43,406,119,326,1238
02645,467,807,259,755,2760
02646,170,90,45,63,321
02647,0,25,24,0,24
02648,177,589,469,621,2420
02649,513,1204,536,840,4585
02650,118,90,28,64,133
02652,10,0,0,0,0
02653,305,390,259,279,1303
02655,253,353,72,154,863
02657,114,123,61,121,932
02659,33,81,31,0,132
02660,253,418,88,489,1639
02663,0,35,0,0,111
02664,683,386,292,636,2678
02666,1,47,0,71,89
02667,89,415,55,144,823
02668,9,382,31,40,777
02670,88,64,12,33,164
02671,51,0,14,0,98
02672,0,0,0,0,28
02673,476,1196,132,563,2781
02675,489,542,215,324,1598
02702,37,623,103,241,1649
02703,1015,5316,1592,3414,17958
02713,0,0,0,0,8
02715,55,353,186,176,1087
02717,10,602,193,390,1724
02718,148,673,230,772,2787
02719,771,1799,469,1098,5169
02720,820,3025,1009,2381,12613
02721,481,3264,799,2013,10001
02723,258,2165,644,1531,7441
02724,545,2046,704,1534,7212
02725,93,235,126,153,632
02726,856,1952,456,811,4942
02738,190,626,206,350,1562
02739,412,628,207,353,1615
02740,1209,6063,1822,4612,19066
02743,141,1163,374,865,3588
02744,142,1940,596,1154,5254
02745,691,2496,1181,2271,9983
02746,290,2123,890,1865,7518
02747,450,1899,716,4617,9664
02748,465,876,344,704,3719
02760,365,3837,1375,1777,11021
02762,145,758,369,562,3770
02763,115,169,46,130,633
02764,71,578,237,478,1820
02766,363,2011,886,3055,8121
02767,407,2094,561,1239,5681
02769,190,1434,480,1045,4134
02770,116,603,334,411,2093
02771,228,1736,701,1108,5233
02777,450,1940,561,847,5949
02779,144,767,414,557,2567
02780,1164,6360,1884,3861,19568
02790,323,1650,594,1144,4695
02791,49,11,0,0,24
02802,0,19,0,0,238
02804,44,364,95,344,810
02806,282,2827,987,880,5373
02807,57,73,48,96,298
02808,36,298,142,169,959
02809,912,1765,633,4332,9693
02812,53,65,80,68,264
02813,168,739,175,693,2337
02814,122,1098,205,554,2181
02815,0,0,0,18,37
02816,890,3289,1281,2640,12164
02817,66,722,204,501,2482
02818,701,2158,937,957,6121
02822,67,647,138,1159,2590
02823,0,0,0,0,0
02824,11,62,0,0,87
02825,34,614,338,486,2118
02826,0,0,0,16,93
02827,34,224,199,108,806
02828,424,494,376,454,2342
02829,0,0,43,0,43
02830,193,760,294,404,2235
02831,75,519,178,221,1305
02832,56,619,125,396,1841
02833,15,143,0,85,212
02835,63,356,294,168,1207
02836,0,0,0,15,15
02837,184,318,107,188,916
02838,242,300,281,281,1576
02839,0,148,54,82,611
02840,679,1934,732,3276,10347
02841,0,0,0,750,1224
02842,560,1765,451,1151,5931
02852,476,2309,893,2064,8316
02857,96,625,369,577,2669
02858,0,16,13,0,105
02859,163,552,407,1051,3180
02860,834,6053,1734,4445,20654
02861,508,3035,885,2015,11848
02863,198,3284,1142,2171,10525
02864,798,4330,1588,2316,12117
02865,516,2252,754,1492,6227
02871,394,1919,761,1147,5363
02872,42,0,0,0,7
02873,0,0,0,0,28
02874,31,639,437,809,2370
02875,0,0,0,0,125
02876,40,44,47,47,193
02878,500,1460,331,1115,5258
02879,704,2231,677,1676,7301
02881,16,152,132,5402,6116
02882,341,663,381,3380,5758
02885,448,798,239,823,3671
02886,1135,3248,917,2580,12095
02888,465,1798,513,934,6405
02889,414,2912,1078,2266,10086
02891,753,1620,653,2093,6931
02892,94,882,281,205,1733
02893,639,3147,663,2318,12179
02894,0,16,36,108,218
02895,660,4987,1552,3111,17839
02896,465,1106,427,794,3818
02898,28,154,21,155,675
02903,576,177,15,3292,6655
02904,821,4073,1320,2424,12186
02905,244,3236,816,3268,10644
02906,664,1788,499,3456,13564
02907,464,5078,1703,3787,14293
02908,680,4394,1241,4318,18634
02909,473,6782,1848,5125,20596
02910,432,2367,874,1911,10729
02911,237,1579,467,1359,6930
02912,0,0,75,4718,4809
02914,907,2201,569,1903,8261
02915,521,1169,210,929,5755
02916,217,1019,118,387,3236
02917,226,1395,649,3545,6606
02918,39,0,7,2874,2921
02919,890,2967,922,1974,10564
02920,1373,4072,1083,2764,14405
02921,312,1178,381,1022,4540
03031,240,1495,433,672,3527
03032,109,723,231,509,2004
03033,7,931,347,636,2197
03034,84,226,104,493,1471
03036,23,524,197,683,1785
03037,44,548,237,419,1814
03038,424,3452,1690,2897,14458
03042,101,688,194,357,2393
03043,17,219,42,71,341
03044,129,542,190,534,1773
03045,404,1481,387,1253,4902
03046,22,459,91,150,895
03047,6,196,71,120,565
03048,35,354,77,278,1120
03049,55,856,466,401,2492
03051,439,2569,1195,2398,9099
03052,75,1244,349,498,2985
03053,290,2795,1341,2669,9998
03054,310,3619,1065,1800,9704
03055,358,1922,694,1170,6631
03057,25,327,98,279,924
03060,653,3086,1090,3068,14527
03062,913,2629,767,1717,10284
03063,174,1835,576,1406,6458
03064,214,1564,393,1193,5513
03070,43,839,429,316,2200
03071,33,867,201,447,1966
03076,149,2057,588,1200,5038
03077,60,1057,497,695,4081
03079,812,2828,1032,2303,11330
03082,21,123,25,150,510
03084,17,120,12,113,488
03086,39,355,167,254,1375
03087,258,2714,806,961,5130
03101,15,137,23,504,1924
03102,718,3408,980,4345,16168
03103,555,4097,1295,3549,17097
03104,891,3198,912,3837,15463
03106,224,1569,636,2110,6281
03109,334,921,380,1256,3957
03110,585,3517,1290,1650,7315
03215,4,13,4,14,50
03216,52,213,62,188,741
03217,45,290,88,174,809
03218,71,254,45,116,502
03220,136,980,409,353,2351
03221,11,285,109,163,761
03222,181,667,161,378,1807
03223,22,325,171,471,1295
03224,25,169,117,212,826
03225,130,450,95,309,1208
03226,2,44,34,16,142
03227,36,85,39,67,230
03229,76,721,130,563,2050
03230,0,168,39,52,426
03231,12,0,0,0,21
03233,0,0,0,46,46
03234,75,636,188,323,1537
03235,219,791,320,674,3351
03237,0,204,178,154,881
03238,27,5,0,7,20
03240,2,127,26,62,372
03241,45,83,36,89,334
03242,0,569,127,1355,2763
03243,2,61,22,125,293
03244,121,719,303,707,2828
03245,54,178,24,266,829
03246,420,1728,641,1394,6283
03249,52,838,187,536,2276
03251,0,184,34,120,455
03253,433,445,284,608,1817
03254,113,506,109,183,1212
03255,63,201,69,131,556
03256,40,235,30,71,832
03257,277,334,61,873,1537
03258,36,318,96,130,857
03259,3,12,0,0,38
03260,0,101,22,141,293
03261,77,301,175,437,1856
03262,31,163,43,69,358
03263,75,476,126,187,1333
03264,79,533,246,2174,3671
03266,46,170,68,48,556
03268,15,192,47,89,402
03269,59,387,54,145,914
03273,0,36,10,11,99
03275,110,1592,512,1322,4899
03276,260,890,308,485,3154
03278,89,256,144,205,1117
03279,10,72,17,47,215
03280,6,95,14,53,270
03281,42,1266,453,537,2779
03282,43,85,15,49,327
03284,8,53,25,51,253
03285,40,310,95,129,857
03287,29,142,21,82,489
03290,53,697,79,95,1652
03291,0,33,0,0,34
03293,0,0,0,0,13
03301,985,2944,1040,2992,14088
03303,416,1922,632,1193,6212
03304,178,1077,383,517,2813
03307,77,411,273,287,1660
03431,958,1934,663,4651,11618
03440,66,448,126,118,962
03441,0,29,25,0,119
03442,8,186,29,46,536
03443,0,0,0,0,0
03444,29,184,55,106,421
03445,4,38,10,27,243
03446,54,796,191,213,1659
03447,7,162,45,105,632
03448,12,55,35,97,327
03449,76,131,70,151,438
03450,26,88,11,36,251
03451,118,399,103,335,1184
03452,180,907,276,194,1702
03455,77,167,165,127,846
03456,18,125,28,38,219
03457,10,96,38,43,224
03458,377,546,423,343,2175
03461,89,809,104,1275,2646
03462,30,248,75,71,550
03464,10,90,15,33,247
03465,12,200,62,82,751
03466,19,253,20,75,570
03467,103,188,43,107,427
03470,153,498,188,454,1750
03561,266,454,263,512,2330
03570,254,868,259,667,3545
03574,91,230,81,71,524
03575,0,0,0,0,0
03576,99,174,98,97,682
03579,10,30,5,5,67
03580,46,106,35,101,336
03581,122,233,104,199,1040
03582,35,180,87,138,622
03583,14,81,21,49,180
03584,140,385,162,201,1136
03585,70,243,179,156,821
03586,29,44,18,25,116
03588,16,140,74,130,473
03590,16,77,47,150,375
03592,19,59,2,56,169
03593,5,8,15,10,98
03595,33,59,10,9,180
03597,42,77,0,95,277
03598,128,390,77,206,1119
03601,13,151,15,10,139
03602,45,239,75,112,725
03603,77,513,208,218,1599
03604,0,0,0,0,0
03605,4,129,33,32,294
03607,2,23,0,26,125
03608,138,365,108,173,977
03609,0,24,102,23,268
03740,23,128,34,32,297
03741,11,497,99,182,1445
03743,234,1467,460,1011,4791
03745,32,175,25,57,504
03748,44,239,3,244,1411
03750,10,313,42,0,305
03751,27,8,0,18,23
03752,111,112,79,36,343
03753,60,561,197,274,815
03755,464,582,358,3896,5766
03765,0,24,58,0,130
03766,307,790,260,820,4513
03768,52,186,61,97,479
03770,0,77,58,108,305
03771,23,126,32,31,234
03773,356,446,247,854,3030
03774,233,170,14,158,492
03777,32,100,47,80,392
03779,9,148,49,25,257
03780,34,20,0,26,161
03781,55,109,68,84,623
03782,35,253,83,167,1095
03784,178,404,39,456,1825
03785,27,249,19,137,721
03801,615,1950,580,1767,9112
03809,48,420,64,298,1112
03810,85,122,137,288,568
03811,48,539,272,687,2044
03812,0,2,0,151,166
03813,76,229,91,195,938
03814,14,198,5,260,834
03816,34,156,85,106,442
03817,34,185,31,58,296
03818,91,368,81,584,1549
03819,22,631,82,168,1313
03820,722,2781,1078,3570,15130
03823,32,314,143,229,914
03824,260,913,332,9260,11135
03825,221,1382,253,826,3528
03826,80,298,50,263,997
03827,52,346,138,197,916
03830,15,97,0,78,215
03832,9,16,6,13,96
03833,1068,2658,752,1663,7443
03835,66,677,178,571,2402
03836,56,122,40,62,286
03837,55,164,8,34,466
03838,0,79,0,0,192
03839,23,548,136,325,1538
03840,47,579,138,202,1113
03841,45,761,189,288,1865
03842,463,1414,452,872,4256
03844,97,311,100,188,771
03845,35,33,13,0,165
03846,27,91,42,0,249
03847,76,0,0,0,0
03848,143,566,329,491,1914
03849,30,135,110,63,480
03850,27,0,0,0,40
03851,35,570,186,350,1520
03852,0,9,9,26,115
03853,33,9,23,24,64
03854,22,75,77,8,169
03855,0,175,137,230,1030
03856,9,255,55,222,677
03857,70,916,215,827,4210
03858,28,483,170,331,1658
03860,103,494,114,125,1490
03861,59,613,210,140,1332
03862,103,548,307,214,1141
03864,47,63,32,86,305
03865,190,903,185,522,2752
03867,711,2485,742,1987,8188
03868,170,769,282,475,2158
03869,27,193,42,278,1026
03870,181,543,191,215,1144
03871,0,21,0,35,65
03872,42,507,98,141,1117
03873,18,835,305,545,2394
03874,159,777,190,522,2597
03875,20,175,75,16,346
03878,108,1206,489,890,5283
03882,6,208,47,138,628
03883,13,70,55,0,232
03884,104,455,140,252,1128
03885,297,965,295,329,2553
03886,11,175,25,83,390
03887,41,160,63,276,807
03890,5,18,0,0,24
03894,295,488,329,398,1703
03897,0,0,0,0,0
03901,169,1122,332,411,3169
03902,35,357,107,142,774
03903,180,583,227,466,2152
03904,721,513,155,593,2788
03905,52,202,28,189,531
03906,63,511,219,368,1608
03907,36,23,77,65,248
03908,142,1150,334,478,2716
03909,468,1148,443,455,3131
03910,0,0,0,0,0
03911,0,0,0,0,140
04001,46,223,55,148,716
04002,159,455,188,513,2342
04003,0,8,0,12,12
04005,441,1909,906,3443,11593
04006,0,0,0,0,0
04008,0,315,52,0,982
04009,64,351,235,535,2001
04010,48,153,140,176,622
04011,643,1943,767,2763,8199
04015,80,332,47,129,1022
04017,43,83,17,50,137
04019,0,0,0,0,7
04020,37,207,46,85,716
04021,122,897,336,280,2402
04022,47,112,31,108,285
04024,15,53,25,5,84
04027,65,1202,275,423,2525
04029,17,190,55,273,891
04030,0,403,15,451,1163
04032,136,821,320,408,2724
04037,89,355,249,263,1298
04038,292,2802,442,2489,7258
04039,100,676,338,366,3138
04040,38,235,72,83,739
04041,24,219,54,108,572
04042,58,364,171,329,1573
04043,565,1334,317,412,2661
04046,228,673,185,587,2449
04047,33,289,49,115,504
04048,50,360,77,331,1207
04049,87,335,33,185,1313
04050,7,56,4,7,87
04051,24,80,73,145,478
04055,61,462,56,124,1097
04056,0,17,0,0,24
04057,0,0,5,94,105
04061,0,561,154,321,1175
04062,347,2106,301,978,7082
04063,61,0,0,39,74
04064,182,411,78,409,2487
04066,0,24,0,88,138
04068,39,140,33,76,494
04069,16,170,87,86,548
04071,63,404,123,279,1572
04072,433,2065,660,1565,7765
04073,280,2333,851,963,6672
04074,505,2359,927,1736,7154
04076,24,377,96,225,945
04079,112,322,78,139,837
04083,97,489,167,134,1546
04084,62,573,143,1421,3027
04085,0,637,270,175,1025
04086,355,911,484,467,3313
04087,0,307,171,215,869
04088,27,68,40,64,341
04090,372,999,438,651,3173
04091,14,52,26,75,232
04092,608,1659,634,1554,9032
04093,198,852,339,965,3163
04095,83,120,44,104,493
04096,212,1225,777,644,3268
04097,29,464,168,179,1061
04101,327,672,268,1818,9808
04102,289,1392,384,1750,8714
04103,1261,3616,923,2638,13103
04105,317,1783,627,566,3456
04106,453,2108,950,2863,11186
04107,252,1478,372,496,2416
04108,36,39,12,12,139
04109,0,0,0,0,10
04110,0,316,34,117,421
04210,591,3098,910,2697,9384
04216,11,43,10,25,159
04217,175,331,75,191,1053
04219,50,161,34,58,326
04220,30,532,88,385,1360
04221,85,169,46,64,378
04222,7,505,121,222,1505
04224,57,270,48,333,1034
04226,2,0,0,11,14
04227,0,4,0,0,8
04231,3,18,10,19,70
04234,0,0,0,0,0
04236,47,430,166,271,1611
04237,7,24,6,10,53
04238,14,155,75,51,510
04239,18,318,153,599,1976
04240,1020,3615,1482,4540,15058
04250,67,786,80,327,1847
04252,34,685,110,322,1758
04253,52,252,36,94,546
04254,76,420,149,122,1115
04255,12,24,16,35,239
04256,27,713,161,243,1377
04257,85,300,98,159,905
04258,28,291,111,206,725
04259,35,344,150,170,1057
04260,16,683,358,530,2245
04261,3,18,5,17,65
04263,5,431,53,138,768
04265,7,79,48,50,259
04267,0,4,0,0,2
04268,97,543,293,295,1579
04270,78,638,161,378,2051
04271,0,0,0,0,0
04274,91,625,256,339,1786
04275,17,53,50,32,128
04276,99,466,189,430,1742
04280,71,746,240,532,2439
04281,283,545,130,185,1642
04282,131,677,309,497,1901
04284,14,138,22,73,323
04285,14,37,9,1,59
04286,0,0,0,0,0
04287,49,315,66,118,1025
04289,125,150,42,134,655
04290,43,190,19,72,481
04292,31,114,31,51,311
04294,49,520,248,208,1430
04330,699,2324,913,1726,9556
04341,29,0,0,0,0
04342,8,214,65,160,544
04344,53,338,196,392,1091
04345,263,1247,548,1326,4636
04346,79,114,71,49,444
04347,144,206,53,174,908
04348,72,501,145,274,1239
04349,3,113,22,44,244
04350,81,329,119,194,1236
04351,41,297,76,143,749
04352,59,216,69,57,460
04353,29,300,58,55,703
04354,32,181,54,83,492
04355,13,285,137,169,896
04357,59,341,252,402,1503
04358,22,418,153,183,1838
04359,0,1,0,35,83
04360,18,113,3,68,222
04363,19,360,101,99,911
04364,82,894,285,324,2173
04401,1199,4733,1535,4032,17847
04406,13,32,4,36,196
04408,3,24,6,10,46
04410,10,103,74,16,326
04411,11,173,94,102,692
04412,277,1121,363,635,3706
04413,0,13,11,7,32
04414,68,156,102,79,391
04415,0,50,14,6,80
04416,63,693,61,211,1798
04417,14,36,22,9,101
04418,7,223,78,101,731
04419,13,306,98,163,1111
04421,11,84,40,624,773
04422,11,154,20,33,338
04424,46,72,17,53,258
04426,101,498,76,372,1570
04427,24,416,86,144,880
04428,77,330,143,157,1070
04429,63,401,216,269,1629
04430,93,168,108,70,537
04431,0,16,0,0,15
04434,14,82,126,96,582
04435,7,59,42,115,334
04438,32,165,49,125,472
04441,40,167,20,34,357
04442,0,0,0,14,14
04443,70,208,94,37,560
04444,172,1503,368,418,3167
04448,62,200,11,66,451
04449,8,80,61,85,391
04450,21,110,44,108,462
04451,5,10,5,0,38
04453,12,104,16,53,249
04454,0,0,0,0,0
04455,33,113,49,68,247
04456,14,373,66,134,1147
04457,100,506,88,215,1465
04459,25,77,18,23,171
04460,16,158,30,20,271
04461,47,297,71,175,1157
04462,203,399,88,204,1051
04463,64,285,103,220,974
04464,5,22,43,12,126
04468,147,682,334,1034,3888
04469,0,0,11,2906,2954
04471,5,84,4,6,97
04472,46,198,9,83,511
04473,330,431,114,2789,4843
04474,151,371,192,171,1259
04475,12,53,16,15,162
04476,32,131,30,74,251
04478,12,0,33,45,130
04479,30,85,17,156,341
04481,5,46,24,8,152
04485,5,13,2,14,74
04487,10,24,28,62,259
04488,25,157,73,81,483
04489,0,0,0,127,205
04490,2,20,5,6,50
04491,0,2,7,4,13
04492,3,23,0,2,18
04493,29,157,55,90,506
04495,5,52,16,12,79
04496,29,296,124,193,1256
04497,1,20,3,27,69
04530,192,1475,274,1003,3895
04535,9,145,65,20,254
04537,88,99,30,55,383
04538,194,107,57,78,438
04539,106,105,72,67,357
04541,0,0,0,0,0
04543,120,331,66,78,769
04544,70,120,0,14,195
04547,29,147,7,51,288
04548,53,67,7,71,216
04551,5,111,13,42,193
04553,65,239,41,172,476
04554,32,46,7,12,42
04555,21,110,15,91,431
04556,37,83,62,151,486
04558,19,6,0,4,32
04562,38,114,12,63,512
04563,38,114,58,106,366
04564,0,16,9,0,135
04568,11,29,9,0,181
04570,0,0,0,0,0
04571,7,7,4,12,100
04572,238,506,51,109,1230
04573,6,29,19,79,204
04574,24,127,43,116,639
04575,0,53,5,6,101
04576,75,20,13,4,51
04578,76,302,233,616,1680
04579,396,225,123,122,905
04605,358,1473,650,810,5335
04606,49,145,54,69,284
04607,100,128,59,95,424
04609,252,370,238,518,1825
04611,9,48,9,31,202
04612,9,40,29,30,125
04613,12,0,0,0,7
04614,141,434,65,213,771
04616,12,86,3,65,170
04617,18,94,17,47,160
04619,151,126,100,246,1040
04622,5,88,23,75,246
04623,9,203,49,64,358
04624,18,0,0,0,0
04625,2,8,0,3,15
04626,0,91,19,33,167
04627,102,147,23,224,605
04628,9,39,8,24,123
04630,18,148,67,139,496
04631,67,93,35,34,231
04634,38,152,54,125,601
04635,0,0,0,0,2
04640,24,157,86,180,776
04642,0,5,0,0,17
04643,37,90,48,45,297
04645,0,0,0,0,3
04646,0,9,5,14,38
04648,4,78,24,51,205
04649,26,129,38,103,411
04650,20,21,0,0,64
04652,67,117,33,8,286
04653,28,59,23,89,257
04654,113,480,123,404,1242
04655,25,47,4,58,294
04657,10,17,9,14,101
04658,60,163,22,146,383
04660,20,56,57,76,350
04662,0,42,0,34,112
04664,18,152,46,122,529
04666,21,198,38,109,409
04667,3,170,97,101,466
04668,28,240,72,80,500
04669,0,8,0,0,17
04671,39,38,18,51,169
04673,4,14,15,0,51
04674,8,44,6,17,143
04675,0,0,5,0,5
04676,21,93,56,61,322
04677,10,15,9,63,134
04679,91,120,23,138,391
04680,14,94,63,92,383
04681,39,56,8,49,244
04683,0,0,0,0,0
04684,88,121,27,101,385
04685,11,27,10,17,96
04686,4,8,6,21,73
04691,9,46,12,33,171
04693,9,20,0,32,64
04694,41,288,88,156,826
04730,351,1240,473,936,3613
04732,89,120,50,67,574
04733,2,134,38,23,122
04734,7,92,62,100,306
04735,12,48,17,35,144
04736,451,726,364,705,2833
04737,0,0,0,0,0
04739,69,39,18,17,206
04740,14,114,34,35,292
04742,125,284,114,262,931
04743,181,605,126,389,1654
04745,14,93,3,44,235
04746,11,20,9,24,115
04747,20,168,49,43,334
04750,38,207,132,135,679
04756,186,255,86,116,778
04757,21,353,76,176,814
04758,139,137,34,84,450
04760,25,60,15,19,156
04761,8,89,0,14,112
04762,17,78,20,28,138
04763,9,34,6,35,167
04764,0,0,0,0,0
04765,66,130,11,36,183
04766,2,24,5,6,82
04768,3,25,16,13,65
04769,333,822,317,714,3100
04772,24,65,15,21,139
04773,23,113,0,18,130
04774,23,64,11,8,95
04776,13,155,11,74,283
04777,7,31,1,32,132
04779,0,6,0,6,41
04780,54,194,25,43,264
04781,6,44,2,32,151
04783,26,23,5,18,89
04785,138,217,20,163,479
04786,63,142,51,80,490
04787,39,21,7,86,204
04841,126,751,196,516,2483
04843,156,746,183,203,1093
04847,25,222,67,141,624
04848,21,76,10,22,123
04849,76,379,145,178,976
04851,6,4,0,0,10
04852,1,2,0,23,69
04853,16,56,15,12,153
04854,63,116,45,126,459
04855,0,0,0,0,18
04856,87,469,82,363,1184
04858,44,107,42,146,416
04859,38,69,0,49,162
04860,123,88,104,51,399
04861,54,266,133,178,863
04862,75,425,223,230,1354
04863,15,21,34,60,190
04864,89,333,195,224,1981
04901,820,3225,608,4153,10622
04910,47,251,49,124,643
04911,13,214,54,154,628
04912,30,43,40,98,261
04915,230,918,221,356,2431
04917,53,377,127,117,817
04918,0,0,0,0,0
04920,38,140,69,5,411
04921,24,115,48,121,563
04922,12,44,41,85,248
04923,8,63,32,38,250
04924,18,280,153,140,718
04925,0,0,0,0,8
04926,0,0,0,0,0
04927,70,218,63,146,951
04928,17,212,53,156,662
04929,7,68,44,85,279
04930,122,287,159,263,1277
04932,49,107,23,87,378
04936,26,26,16,6,75
04937,38,700,410,518,2371
04938,767,1019,70,1797,3756
04939,24,63,18,20,182
04940,0,0,0,0,0
04941,34,157,77,235,663
04942,35,76,39,63,244
04943,46,173,52,141,465
04944,0,0,1,9,10
04945,56,96,40,128,331
04947,25,135,44,104,396
04949,8,114,18,64,272
04950,116,399,49,388,1341
04951,10,197,10,65,326
04952,15,286,39,45,528
04953,215,249,99,107,872
04955,13,179,38,48,456
04956,14,78,47,48,264
04957,37,176,42,354,1568
04958,15,219,68,137,640
04961,20,92,22,15,180
04963,48,900,321,347,2384
04964,13,8,0,0,8
04965,48,398,144,166,756
04966,31,171,34,131,510
04967,76,592,108,246,1429
04969,21,223,57,36,443
04970,8,104,77,30,320
04971,24,185,64,50,530
04973,10,117,30,165,530
04974,78,58,147,232,1183
04975,15,0,0,0,0
04976,253,1171,231,527,3204
04978,25,63,13,65,226
04979,7,58,32,36,233
04981,58,285,59,169,747
04982,0,26,22,28,106
04983,8,124,101,50,523
04984,16,104,76,11,238
04985,1,7,2,8,85
04986,23,478,139,192,861
04987,47,103,44,18,324
04988,36,180,40,559,1071
04989,119,672,117,209,1305
04992,0,0,0,0,0
05001,251,1198,235,737,3652
05009,0,0,0,0,0
05030,0,0,0,0,0
05031,0,0,0,0,0
05032,16,397,131,176,1061
05033,45,306,194,114,1136
05034,7,0,0,0,11
05035,1,45,16,17,235
05036,42,104,24,52,319
05037,18,18,92,2,219
05038,54,240,70,62,472
05039,20,19,16,69,362
05040,31,96,8,3,175
05041,0,50,0,7,82
05042,7,48,33,18,188
05043,9,139,67,129,437
05045,75,115,28,109,488
05046,8,93,81,189,548
05048,0,384,154,78,758
05050,0,6,0,10,39
05051,46,69,31,117,414
05052,6,54,0,28,87
05053,3,48,16,7,92
05055,109,347,214,339,1268
05056,2,47,6,15,182
05058,0,10,0,3,14
05059,109,17,0,0,64
05060,73,333,123,399,1380
05061,11,209,42,396,831
05062,2,45,13,11,156
05065,12,153,67,53,369
05067,0,0,0,7,36
05068,68,241,16,174,848
05069,11,77,17,27,163
05070,3,61,32,49,97
05071,0,0,0,0,24
05072,7,116,30,15,149
05073,0,0,0,0,0
05075,10,159,19,89,370
05076,10,51,9,48,169
05077,23,159,34,47,390
05079,5,92,21,77,295
05081,16,88,31,29,168
05083,0,24,17,18,68
05084,0,34,0,9,18
05086,7,84,16,7,220
05088,41,34,30,134,278
05089,229,389,163,274,1546
05091,133,230,199,188,816
05101,136,448,103,365,1312
05141,0,0,0,13,13
05142,7,131,14,54,286
05143,102,549,144,455,1655
05146,9,55,16,65,200
05148,35,139,31,89,347
05149,68,317,41,218,686
05150,14,0,0,0,9
05151,14,161,119,178,455
05152,12,19,25,13,191
05153,10,79,43,29,205
05154,8,59,3,24,152
05155,7,48,0,29,174
05156,167,828,196,903,3432
05158,6,170,89,52,372
05161,22,49,62,48,230
05201,600,1650,467,1343,5041
05250,62,431,143,226,1253
05251,57,146,65,113,397
05252,4,105,52,81,308
05253,28,42,0,0,201
05254,12,19,0,78,111
05255,115,367,135,368,1127
05257,197,264,123,630,1245
05260,73,12,15,16,44
05261,28,344,128,153,834
05262,15,362,9,114,485
05301,522,1566,587,1185,5646
05340,16,100,46,47,237
05341,22,96,31,30,157
05342,35,51,46,41,182
05343,4,139,43,63,334
05344,0,0,0,470,511
05345,36,167,22,118,536
05346,73,686,135,585,1771
05350,10,39,10,141,283
05351,2,7,0,3,55
05352,22,90,49,85,275
05353,54,45,34,76,326
05354,108,200,50,338,1146
05355,2,66,53,45,183
05356,11,30,0,62,236
05358,3,65,22,53,173
05359,3,62,42,52,274
05360,0,18,50,16,241
05361,10,218,31,36,338
05362,13,8,0,4,31
05363,38,111,62,119,574
05401,311,1530,608,12280,22062
05403,432,2145,755,2153,8681
05404,191,689,157,1444,4637
05405,0,0,3,2572,2575
05408,382,966,344,516,3596
05439,0,0,9,1331,1340
05440,3,112,71,165,607
05441,4,21,6,63,206
05442,4,50,19,10,151
05443,139,653,191,397,2073
05444,4,215,57,70,606
05445,73,333,244,225,1083
05446,162,1957,477,1492,6746
05447,0,22,5,6,42
05448,8,76,41,87,318
05450,68,650,217,440,1846
05452,302,2942,779,1771,8302
05454,48,871,212,220,2129
05455,5,167,77,100,547
05456,0,96,19,33,339
05457,27,252,68,40,558
05458,31,269,92,121,835
05459,73,211,8,274,846
05461,17,522,196,147,1573
05462,20,197,49,70,565
05463,24,108,0,28,149
05464,4,499,45,278,1195
05465,27,616,222,420,1768
05468,62,1703,308,1040,5061
05471,6,86,17,13,254
05472,23,145,84,125,651
05473,34,170,26,181,516
05474,10,95,7,38,241
05476,72,451,195,321,1346
05477,150,490,188,295,1523
05478,633,1578,583,1649,6264
05481,0,0,0,0,0
05482,380,887,425,258,2481
05483,28,313,47,137,521
05485,0,0,0,0,0
05486,47,125,68,112,488
05487,10,243,110,189,758
05488,145,786,349,575,2864
05489,63,457,207,192,1201
05491,100,529,196,524,2063
05492,20,87,24,45,230
05494,13,155,26,111,542
05495,297,1397,585,429,3842
05602,363,1305,524,722,4361
05640,0,71,59,0,79
05641,392,1810,652,1131,5846
05647,26,194,100,94,406
05648,14,55,13,78,246
05649,5,34,12,0,131
05650,8,169,26,47,267
05651,28,222,44,176,534
05652,3,46,22,78,266
05653,0,92,18,49,252
05654,0,123,4,109,580
05655,19,348,116,167,1063
05656,22,429,86,690,1721
05658,15,234,68,68,522
05660,25,194,71,134,577
05661,100,563,247,556,2512
05663,248,450,41,1764,3152
05664,0,0,0,0,0
05666,0,0,0,0,11
05667,20,247,97,212,799
05669,7,168,3,33,260
05670,0,0,0,0,31
05672,175,622,253,152,1472
05673,176,188,30,216,773
05674,41,85,50,85,529
05675,9,45,8,50,235
05676,168,543,129,276,1894
05677,25,212,59,185,753
05678,0,22,0,0,21
05679,54,409,126,229,1165
05680,15,279,92,123,720
05681,0,4,14,10,38
05682,21,133,30,68,437
05701,762,1750,563,1440,6603
05730,17,57,7,0,41
05731,0,0,0,0,0
05732,56,204,3,110,271
05733,106,727,226,272,1592
05734,22,86,11,166,436
05735,120,254,159,842,1681
05736,0,36,53,39,213
05737,5,51,19,46,189
05738,2,222,20,69,383
05739,92,152,54,70,393
05742,12,105,1,13,231
05743,63,449,232,394,1632
05744,10,0,40,62,181
05746,0,0,0,0,0
05747,12,37,6,3,127
05748,5,58,13,93,209
05751,0,120,6,34,244
05753,405,862,251,3259,5223
05757,25,62,33,25,149
05758,6,120,4,49,194
05759,10,198,46,174,707
05760,34,62,32,29,160
05761,59,137,28,39,287
05762,0,39,23,4,119
05763,18,215,216,128,959
05764,59,258,42,554,1211
05765,38,277,39,177,624
05766,8,56,19,35,138
05767,67,68,27,54,231
05768,0,4,5,0,8
05769,39,137,24,54,365
05770,16,85,46,56,362
05772,5,76,23,15,230
05773,31,276,117,155,864
05774,14,25,4,84,336
05775,20,35,28,99,210
05776,1,41,31,11,89
05777,39,407,123,282,1060
05778,9,85,43,100,491
05819,189,1244,383,662,3025
05820,0,74,0,40,134
05821,41,133,45,54,276
05822,67,187,32,68,522
05824,13,104,29,98,370
05825,0,15,0,5,24
05826,20,95,89,33,279
05827,14,50,60,77,224
05828,41,225,87,55,591
05829,35,166,86,106,414
05830,20,199,44,59,343
05832,0,181,81,86,477
05833,0,0,0,5,5
05836,23,186,14,105,517
05837,2,24,27,22,125
05839,27,84,37,8,169
05840,0,0,0,7,7
05841,22,0,3,17,83
05842,2,58,40,31,193
05843,24,235,31,199,736
05845,20,234,55,22,350
05846,84,120,6,109,335
05847,13,204,17,62,368
05850,0,24,33,66,139
05851,106,473,177,921,2433
05853,0,64,19,42,255
05855,253,643,230,726,2867
05857,23,77,65,237,602
05858,0,26,10,13,95
05859,43,227,77,193,780
05860,26,442,92,223,986
05862,35,36,8,34,80
05866,25,67,62,47,315
05867,7,68,46,24,250
05868,0,0,0,0,10
05871,52,111,54,89,417
05872,17,87,12,44,277
05873,19,26,16,28,193
05874,22,98,28,29,201
05875,7,42,20,34,152
05901,0,0,0,0,0
05902,0,14,11,2,40
05903,20,38,15,52,136
05904,6,29,0,15,63
05905,9,83,22,64,224
05906,16,163,67,65,403
05907,0,13,3,5,28
06001,799,2637,863,950,5719
06002,1013,2131,564,1341,7452
06010,1453,7628,2452,5384,25496
06013,149,1526,613,603,3710
06016,135,726,308,616,2652
06018,142,348,174,193,1020
06019,337,1327,341,526,2900
06020,0,0,0,0,0
06021,32,134,64,109,453
06022,0,0,0,0,25
06023,22,185,44,132,500
06024,29,0,27,0,159
06026,154,790,180,261,1712
06027,34,98,49,77,371
06029,281,2311,491,1146,5655
06031,44,125,47,133,450
06032,644,2046,713,1354,6684
06033,1094,3319,1042,2160,9951
06035,161,701,170,628,2524
06037,636,1899,885,1354,5777
06039,39,145,76,108,534
06040,874,4089,1442,3361,15140
06042,309,1896,694,1312,10112
06043,71,565,190,345,1651
06051,346,4541,1302,3961,13871
06052,231,1074,361,751,3400
06053,624,4099,1151,5873,16594
06057,45,632,267,451,1877
06058,19,271,54,53,608
06059,0,76,0,0,74
06060,14,440,51,81,575
06061,0,71,25,0,226
06062,581,1869,623,1623,6991
06063,7,340,205,196,1176
06065,9,71,52,75,202
06066,663,2675,851,2449,12159
06067,1246,2111,518,1502,7647
06068,103,364,89,109,522
06069,88,220,47,107,871
06070,695,2112,891,645,4509
06071,252,1499,341,510,3317
06072,0,0,0,0,0
06073,25,885,376,494,1842
06074,567,3762,993,2185,9946
06076,143,1390,468,664,3689
06078,492,1236,337,956,3585
06079,0,0,0,0,0
06080,0,0,0,137,813
06081,12,198,80,146,822
06082,904,4244,1271,3139,15885
06084,229,1940,770,1112,5206
06085,64,1099,263,645,2797
06088,202,160,5,328,1442
06089,161,348,81,128,1312
06090,0,102,77,29,232
06091,13,10,8,8,63
06092,17,1014,193,355,1193
06093,47,486,159,472,1473
06095,549,3154,1243,2559,10843
06096,407,1173,412,1041,4777
06098,607,899,378,564,3580
06103,0,95,0,353,1683
06105,259,2053,461,1521,8164
06106,694,5517,1152,6122,18441
06107,654,2746,1181,1043,7664
06108,350,2860,939,2234,10235
06109,888,2822,1176,1893,9772
06110,369,1567,520,813,5071
06111,1002,2925,1068,2218,11080
06112,368,2896,695,4917,10515
06114,335,3829,1546,2711,11753
06117,875,1827,716,1375,5114
06118,595,2681,1383,2912,11777
06119,399,1619,610,1482,7067
06120,106,2310,811,1367,6364
06226,329,1869,902,5258,10370
06231,46,404,97,184,1176
06232,30,235,161,299,1080
06234,289,859,348,613,2961
06235,20,185,76,323,843
06237,138,414,84,217,1662
06238,196,1478,539,847,3912
06239,136,1535,493,700,4694
06241,193,1081,149,268,2403
06242,21,160,30,101,422
06243,0,29,0,0,41
06247,45,231,86,247,749
06248,157,678,407,346,1754
06249,27,793,318,565,2472
06250,95,690,420,682,2671
06254,51,212,107,110,629
06255,59,312,140,368,1413
06256,55,145,139,42,884
06258,0,0,15,53,95
06259,61,598,253,373,1376
06260,372,1124,274,578,3362
06262,95,22,0,17,188
06263,0,84,0,0,70
06264,1,25,8,28,113
06266,0,4,4,11,79
06268,341,785,310,7039,8819
06269,0,0,114,8530,8732
06277,92,365,171,289,1682
06278,14,654,162,321,1845
06279,74,350,188,1014,2615
06280,198,369,4,236,1071
06281,45,1102,323,673,2620
06282,0,70,11,0,180
06320,402,2544,590,5349,13337
06330,42,467,85,263,1197
06331,119,552,172,246,1500
06332,41,34,11,139,334
06333,84,1055,457,506,2341
06334,39,224,155,185,790
06335,10,1155,201,188,2044
06336,0,24,4,0,18
06338,0,3,0,8,18
06339,211,1322,396,746,3585
06340,1084,2915,881,3940,13676
06350,0,1,5,0,25
06351,214,2007,678,1034,4618
06353,0,0,0,0,23
06354,10,383,256,530,2517
06355,619,1156,420,648,3277
06357,612,904,302,655,3375
06359,201,444,248,344,1524
06360,886,4418,1252,2818,14502
06365,67,592,176,448,1652
06370,196,1011,390,799,2771
06371,215,1031,409,658,2754
06373,0,11,0,0,48
06374,153,874,233,774,3122
06375,93,364,111,387,1288
06376,0,9,0,0,8
06377,0,183,272,452,1395
06378,120,363,161,260,1232
06379,147,1204,314,423,2927
06380,30,281,26,372,963
06382,213,746,379,971,4448
06384,34,302,88,348,928
06385,580,1567,595,937,5077
06387,0,24,0,7,54
06389,18,0,0,0,35
06390,0,6,0,6,33
06401,363,2144,641,1241,7547
06403,92,446,265,458,1929
06405,949,2545,859,1426,7580
06409,0,161,35,69,225
06410,787,3924,1436,2503,10149
06412,136,315,151,326,1182
06413,337,1289,577,1041,4279
06414,18,66,24,0,106
06415,308,1725,733,840,5463
06416,665,1582,401,882,5041
06417,42,274,398,190,1631
06418,226,1173,502,588,4162
06419,159,647,186,389,1651
06420,23,688,232,259,1598
06422,83,641,230,407,2502
06423,76,646,79,285,1336
06424,306,1283,594,767,4353
06426,306,160,132,133,654
06437,672,3003,1079,1232,5871
06438,148,401,125,211,1063
06439,0,0,0,0,4
06441,9,878,246,262,1559
06442,10,210,86,525,1045
06443,531,2247,734,1129,4495
06444,0,74,0,0,68
06447,131,755,368,432,2197
06450,1013,4530,1142,3056,13465
06451,651,2905,769,2078,9427
06455,54,255,75,126,748
06456,4,0,0,13,46
06457,1139,3925,1253,6618,21116
06459,0,0,49,1060,1118
06460,829,3097,1490,2475,12983
06461,422,1451,684,1240,5444
06467,21,22,0,1,154
06468,330,2541,904,1629,6035
06469,88,452,30,240,1088
06470,342,1843,859,1340,5310
06471,291,611,340,596,2285
06472,198,666,282,810,2283
06473,563,3086,981,1391,7862
06475,525,746,424,700,2727
06477,527,1970,529,1052,4171
06478,271,1592,504,760,4074
06479,246,1063,581,612,3310
06480,193,1247,449,549,3523
06481,8,121,61,134,475
06482,281,1814,571,1036,3724
06483,241,1980,822,1304,6697
06484,1361,3594,1222,2777,14520
06488,1124,2258,700,1215,5383
06489,849,4148,1254,2514,11472
06492,1763,4145,1492,3171,16002
06498,261,464,221,379,2100
06510,14,349,2,1099,2693
06511,371,5627,1745,11781,33711
06512,1049,2618,1261,2509,10706
06513,674,5169,2088,2426,14988
06514,493,3105,1102,2600,10629
06515,285,2233,613,4089,10295
06516,805,6694,1760,8340,24156
06517,761,1671,501,949,4830
06518,713,1085,464,6488,11650
06519,175,2724,815,1450,6987
06524,226,663,102,526,1857
06525,285,1405,492,211,2389
06604,1241,2646,876,3252,11924
06605,255,2676,979,3150,12252
06606,1056,6391,2167,6526,23496
06607,48,1317,203,589,3137
06608,86,1730,432,1163,4672
06610,354,2371,682,1947,9116
06611,1032,5781,2155,2109,11587
06612,274,1096,457,467,2096
06614,1239,3649,1290,2749,12005
06615,199,1961,436,1208,5529
06702,118,194,161,142,1093
06704,480,4123,1273,3290,12703
06705,522,3257,829,2357,9594
06706,164,2074,543,1254,6286
06708,632,3124,859,4003,12791
06710,108,1802,531,1023,4444
06712,263,1248,495,335,2831
06716,617,2098,648,1385,5611
06750,49,125,7,129,462
06751,7,367,242,235,1253
06752,52,151,37,92,428
06753,0,0,0,0,2
06754,40,136,133,488,834
06755,0,76,60,29,244
06756,67,341,72,232,902
06757,183,120,38,93,489
06758,5,0,0,0,0
06759,186,596,219,236,1674
06762,236,959,306,588,2644
06763,44,273,37,154,611
06770,582,2881,1586,3029,13970
06776,427,3192,1169,2369,9801
06777,42,178,72,23,403
06778,116,158,0,207,466
06779,232,976,225,474,2744
06782,59,222,125,223,715
06783,13,133,77,60,592
06784,154,313,73,160,681
06785,61,81,33,130,265
06786,131,1099,395,1032,3716
06787,101,945,243,650,2638
06790,976,3660,1244,3225,13676
06791,103,801,137,464,1765
06793,67,50,83,193,583
06794,17,142,28,30,321
06795,572,1602,391,957,5007
06796,38,54,14,66,205
06798,283,848,319,504,2806
06801,439,2790,813,1722,7147
06804,504,2021,1151,1229,6014
06807,135,1088,536,454,2622
06810,862,7430,1809,6108,23647
06811,581,2815,1012,4033,12182
06812,150,1710,678,1455,4540
06820,489,4095,1274,1374,7063
06824,883,5500,1955,5474,14039
06825,643,2358,1010,2540,7047
06830,597,3225,1196,2127,8285
06831,322,1821,660,817,4515
06840,553,3342,1267,1866,6450
06850,328,1791,665,1756,7910
06851,660,2792,878,1998,11223
06853,69,328,177,163,1013
06854,842,3427,1603,2977,14341
06855,191,721,199,436,3094
06870,184,1692,368,548,2540
06877,1034,4155,1087,1266,6842
06878,109,1537,688,503,2648
06880,618,4498,1375,1743,7303
06883,164,1592,790,701,2961
06890,182,758,160,325,1353
06896,529,970,346,560,2467
06897,240,2858,1180,1443,5851
06901,138,786,137,948,5498
06902,1817,7807,2236,7160,33326
06903,396,1314,500,1430,4130
06905,455,2322,483,1860,8264
06906,141,1213,462,700,4322
06907,60,978,191,805,3734
07001,313,1903,459,1176,6703
07002,1316,8631,2505,5067,28656
07003,820,5792,1564,5172,23127
07004,379,949,214,357,2058
07005,310,1945,757,1213,5414
07006,888,3133,875,1953,8881
07008,646,2769,1350,2496,10503
07009,810,1323,396,1088,4320
07010,470,2707,1179,1833,10456
07011,1011,4839,1167,3820,16761
07012,237,2411,474,1001,5906
07013,744,2493,875,1963,10832
07014,111,377,39,292,1283
07016,1130,2841,1184,1606,8357
07017,764,4892,1348,2599,16232
07018,419,4158,1088,2740,12893
07020,207,1116,305,606,6617
07021,54,546,75,113,561
07022,347,1331,344,1790,6583
07023,288,1141,315,486,2548
07024,1715,3597,1117,1730,13161
07026,606,3465,983,3307,13980
07027,210,410,155,314,1859
07028,45,1566,295,683,2562
07029,270,2326,709,1481,11124
07030,600,3828,689,5901,37775
07031,258,1575,337,1217,6832
07032,496,4330,1396,3331,17468
07033,108,1826,85,579,2772
07034,144,1062,454,766,4342
07035,346,697,376,879,3955
07036,738,5379,1640,3723,17878
07039,796,5008,1776,1782,9595
07040,360,4163,990,2078,9263
07041,102,1269,403,307,2740
07042,459,3636,1544,1484,10634
07043,113,2037,692,1292,4482
07044,643,2071,602,638,4637
07045,158,1022,395,766,3080
07046,44,1025,340,282,1215
07047,1620,6536,2379,4585,24588
07050,658,4623,1550,3159,14331
07052,1438,5892,1667,4052,17597
07054,750,3266,1069,2654,12424
07055,869,12279,3835,8337,30784
07057,209,1219,405,728,5031
07058,91,656,311,376,2499
07059,299,2158,927,1166,5189
07060,559,6445,1869,5428,20928
07062,185,1978,707,1280,6039
07063,168,2585,592,1251,6008
07064,121,572,163,290,1458
07065,615,3033,837,2451,11534
07066,590,2095,419,1052,5468
07067,445,2206,860,1112,6624
07068,465,699,48,218,1853
07069,351,957,108,424,1984
07070,595,2032,898,2143,7864
07071,434,2454,638,2008,8858
07072,76,460,144,849,2610
07073,199,600,153,976,4837
07074,16,538,55,240,1091
07075,190,823,245,960,4298
07076,355,3854,1297,1367,8216
07077,51,397,44,101,733
07078,154,2857,1008,814,4463
07079,278,2267,567,3450,8477
07080,558,2366,823,1662,9281
07081,315,1913,704,1466,6523
07082,369,789,231,541,1806
07083,1302,5361,2164,5583,23062
07086,307,1456,408,478,7872
07087,1004,8339,2707,7086,29970
07088,10,289,165,376,1252
07090,446,5101,1432,1988,9716
07092,337,670,392,281,1846
07093,1264,7719,1780,5294,29641
07094,355,2407,641,1001,9151
07095,301,2492,930,1354,8698
07102,157,1300,289,2356,6880
07103,560,4867,1665,5106,16345
07104,721,7462,2217,6235,24177
07105,506,7863,1663,5598,27326
07106,692,5030,1295,3192,14925
07107,677,5908,1421,4389,17030
07108,289,4915,1375,2513,12541
07109,825,3974,1384,3557,14985
07110,611,3455,1119,2084,11644
07111,705,7571,2649,6151,26161
07112,425,3260,1230,2946,11442
07114,11,1270,437,987,5888
07201,171,4358,786,2137,11789
07202,760,5824,1590,4433,18539
07203,679,2381,984,2507,9879
07204,256,1705,469,868,5726
07205,269,2821,731,2306,8957
07206,305,4638,1705,3304,13479
07208,425,4210,1202,3369,13794
07302,487,3222,471,1913,33344
07304,367,7301,1837,4326,23333
07305,955,9130,2476,6155,29166
07306,866,5933,1707,4850,25847
07307,582,4573,969,3240,20048
07310,6,202,141,1457,10780
07311,0,0,0,74,1251
07401,183,1120,427,334,1741
07403,241,704,455,911,3056
07405,294,2042,673,1816,6882
07407,434,2257,911,1947,8525
07410,892,5379,1500,2292,11884
07416,228,555,155,376,1630
07417,201,1851,608,810,3030
07418,14,338,143,176,894
07419,294,1292,292,725,3394
07420,218,527,55,369,1798
07421,43,738,227,495,2407
07422,36,428,200,411,1935
07423,63,726,206,383,1338
07424,579,2058,992,3801,10360
07430,443,2458,1223,4015,9422
07432,555,657,240,552,2586
07435,54,178,90,201,765
07436,227,1434,727,944,4650
07438,255,1361,500,806,3583
07439,76,242,42,178,871
07440,58,615,173,361,1766
07442,273,1432,552,789,4423
07444,1460,969,350,999,3041
07446,122,2443,1019,1141,5337
07450,690,4468,1529,1833,8382
07452,246,2366,745,892,3738
07456,156,1394,396,892,4167
07457,53,361,190,251,1310
07458,320,1443,634,932,3992
07460,64,265,214,291,1181
07461,242,2027,647,1842,6500
07462,281,449,353,573,2584
07463,311,1571,248,517,3398
07465,122,680,91,569,1904
07470,1605,6522,2143,6087,19440
07480,585,1208,543,1308,4778
07481,563,2650,661,1016,4643
07501,307,5606,1521,3852,14780
07502,110,2961,701,2047,7487
07503,235,2752,846,2474,8838
07504,132,1620,551,1513,5418
07505,90,452,162,359,1847
07506,531,2213,651,977,7451
07508,540,2651,1023,1693,9141
07512,357,1751,364,584,3643
07513,93,1832,367,757,4820
07514,486,3005,881,1201,7238
07522,92,3526,1068,2385,9888
07524,132,2347,728,1449,6601
07601,872,3734,1158,2836,19882
07603,178,1120,167,754,3474
07604,190,1302,722,974,4505
07605,188,1054,450,637,3029
07606,79,434,78,259,1188
07607,316,941,308,869,3636
07608,3,20,8,1,33
07620,61,178,93,92,408
07621,673,3197,956,2831,10859
07624,112,1354,414,572,2969
07626,498,1425,472,651,2793
07627,94,960,120,292,1186
07628,508,1979,693,1859,6645
07630,276,834,255,551,2212
07631,557,3606,1038,2241,10200
07632,214,712,222,288,1483
07640,318,630,230,296,1287
07641,99,639,229,194,834
07642,219,1134,437,1163,3888
07643,346,912,273,1103,4228
07644,630,3273,1015,2368,10762
07645,231,1112,326,641,2963
07646,412,2123,548,1131,6133
07647,248,598,311,421,1829
07648,257,757,298,495,1741
07649,236,1256,470,771,2522
07650,289,1312,378,2075,8632
07652,1349,2962,1005,2204,8387
07656,391,967,417,927,3011
07657,231,1245,505,979,4768
07660,199,1511,520,933,5361
07661,253,1608,443,1017,4462
07662,251,390,217,556,2089
07663,352,1470,235,1124,5321
07666,779,5216,2047,4795,16283
07670,496,3505,903,677,4866
07675,851,3813,1078,2324,8960
07676,278,1116,415,508,2851
07677,323,669,624,250,2060
07701,850,2703,888,1245,9257
07702,164,482,284,252,1426
07703,0,0,0,0,0
07704,119,1108,327,342,2020
07711,43,242,25,104,562
07712,727,3983,1109,2677,15209
07716,203,860,327,434,2432
07717,98,145,67,133,490
07718,88,897,290,348,2498
07719,402,2109,786,1876,7523
07720,144,432,158,218,1725
07721,27,662,225,442,2140
07722,129,1465,459,914,2867
07723,32,82,15,146,279
07724,483,2299,914,2146,8257
07726,899,5815,2067,2975,15024
07727,41,987,153,526,2287
07728,1284,8189,2553,5127,20335
07730,761,1391,707,1300,5682
07731,516,5130,1872,3895,15065
07732,27,381,76,106,1596
07733,619,2547,794,1335,4897
07734,183,1743,519,1230,5110
07735,216,1683,519,1409,6868
07737,33,590,175,478,1682
07738,269,848,371,381,2157
07739,166,848,218,379,1714
07740,632,3727,1106,4083,13613
07746,439,2562,1078,1581,5575
07747,495,3667,1144,1819,12137
07748,632,3455,1509,2310,9495
07750,99,271,24,214,646
07751,213,2839,1541,1876,8049
07753,2013,3733,1202,3698,13335
07755,75,895,294,786,2450
07756,230,9,16,46,812
07757,145,502,211,666,1934
07758,40,467,275,491,1636
07760,103,1430,581,1009,3000
07762,346,674,154,533,2169
07764,294,715,281,1919,3891
07801,394,3528,1105,2467,10956
07803,39,450,78,425,1438
07820,0,0,0,0,0
07821,123,960,525,1163,3912
07822,11,150,35,114,232
07823,329,541,236,528,2135
07825,362,1003,254,959,3278
07826,107,445,187,433,1882
07827,9,426,161,239,1502
07828,163,1505,462,914,6097
07830,293,897,258,414,2010
07831,0,0,0,0,0
07832,73,384,86,184,912
07833,5,0,0,0,51
07834,626,2045,497,1536,6184
07836,201,1575,438,1003,4295
07838,89,237,96,406,1110
07840,946,3913,1480,3115,11866
07842,0,0,0,0,0
07843,70,1256,341,706,4372
07844,0,0,0,47,55
07846,0,0,0,6,6
07847,0,192,48,41,559
07848,197,380,97,115,1078
07849,447,1043,200,731,2740
07850,61,889,324,1028,3119
07851,5,75,0,22,102
07852,186,418,313,574,1516
07853,109,1477,923,1046,4177
07856,162,398,106,390,1500
07857,34,247,86,254,1380
07860,524,2727,1151,1834,8679
07863,105,181,236,228,1289
07865,0,337,261,208,884
07866,490,2796,858,1987,7636
07869,292,3685,1322,2052,9907
07870,0,0,0,0,0
07871,370,2887,928,1651,7151
07874,55,950,330,846,3287
07876,271,857,403,712,3308
07878,43,69,27,63,281
07880,0,60,20,29,159
07881,0,0,0,0,0
07882,169,1995,712,1163,5096
07885,151,1116,414,656,4159
07901,504,3439,1316,1835,8827
07920,1257,3840,1958,2244,8891
07921,115,506,170,517,2532
07922,350,1561,494,863,3639
07924,71,1150,509,380,2536
07926,0,10,0,0,39
07927,102,504,25,358,1479
07928,463,3532,1224,1218,6505
07930,166,1118,512,795,2586
07931,88,392,184,280,1149
07932,576,1052,507,816,3696
07933,26,297,109,107,883
07934,32,266,58,77,421
07935,12,48,16,25,101
07936,477,986,305,1101,3977
07939,33,0,0,8,50
07940,293,2196,636,3506,7772
07945,401,1272,452,900,2870
07946,42,248,92,196,1049
07950,308,2609,782,1272,7136
07960,1124,4543,1657,3935,18936
07961,15,0,0,313,318
07970,0,42,63,0,113
07974,382,2144,588,716,3933
07976,12,29,11,0,47
07977,16,96,33,140,271
07979,0,1,0,53,75
07980,27,412,101,119,989
07981,414,1008,415,712,2607
08001,0,46,84,90,232
08002,577,2330,859,1746,9417
08003,964,3957,1247,1983,9892
08004,226,787,342,815,4247
08005,842,2255,1331,1570,7447
08006,22,63,12,9,37
08007,84,428,177,362,1953
08008,287,315,145,306,1199
08009,509,1861,640,1389,4972
08010,251,1010,368,976,4426
08011,0,0,0,24,35
08012,631,4836,1577,3602,15673
08014,0,33,34,0,89
08015,309,1979,888,2050,7290
08016,1121,4084,1382,2738,12791
08019,2,112,67,38,320
08020,70,558,0,21,554
08021,672,6127,1178,3389,19333
08022,467,737,455,629,2521
08023,0,0,35,26,168
08026,64,238,182,144,830
08027,158,516,204,259,1686
08028,406,1867,510,7389,13029
08029,90,623,208,564,2477
08030,379,2057,452,1157,5293
08031,234,1380,380,826,4229
08032,0,13,12,24,79
08033,316,2689,881,670,6045
08034,763,2512,372,1330,6615
08035,302,1009,279,455,2783
08036,53,739,331,452,1837
08037,635,2316,1151,1688,7777
08038,0,50,14,40,184
08039,7,0,0,0,0
08041,30,60,29,60,272
08042,10,4,0,0,4
08043,1011,4101,1113,2644,11489
08045,95,361,112,170,1083
08046,707,3419,1086,2698,12349
08048,306,1281,629,1033,4806
08049,24,415,263,418,2216
08050,729,2931,889,2084,8940
08051,149,1434,658,879,5015
08052,280,2249,804,1372,8962
08053,1406,5689,1918,3421,17222
08054,1012,5341,1539,3298,16114
08055,961,3129,1534,1938,9258
08056,80,1180,241,354,1687
08057,597,3103,1258,1284,6127
08059,90,460,205,357,2153
08060,278,2929,781,2284,11320
08061,1,552,118,199,1337
08062,295,2732,1019,1502,6506
08063,41,306,161,323,1334
08064,0,0,0,0,0
08065,41,805,282,730,2890
08066,450,689,205,568,3035
08067,17,205,47,136,579
08068,210,654,188,622,2606
08069,450,1871,697,1139,5211
08070,338,1686,314,999,4185
08071,339,1047,311,726,3496
08072,0,42,18,0,95
08073,0,0,0,0,0
08074,0,0,0,0,0
08075,600,3700,1018,3060,11814
08077,661,2571,595,1637,7179
08078,145,944,241,819,3586
08079,327,1425,288,682,3502
08080,1027,4705,1602,2917,13551
08081,441,6590,2731,4599,20817
08083,169,1040,372,675,3517
08084,151,862,342,406,2808
08085,186,3539,1254,1901,8478
08086,296,1009,281,647,2924
08087,971,2549,831,1578,7446
08088,761,2718,706,1922,6872
08089,61,390,217,360,1605
08090,171,1345,438,850,3650
08091,117,618,122,472,2183
08092,42,275,86,282,1028
08093,105,936,229,945,3970
08094,667,4980,1854,3714,16222
08095,0,0,0,0,0
08096,746,3892,1311,3259,14057
08097,62,268,68,311,1077
08098,334,1082,394,745,3303
08102,173,943,336,1779,4087
08103,169,1574,1071,1107,5937
08104,100,4329,793,1673,8597
08105,200,4428,1392,3472,11711
08106,134,1190,298,622,3647
08107,190,1604,459,1281,5906
08108,619,2088,679,1179,7546
08109,458,2672,1215,2044,9562
08110,173,2943,572,2275,8012
08201,263,1133,313,600,3965
08202,117,54,73,80,250
08203,203,482,90,481,2045
08204,549,1878,552,1239,5595
08205,913,3474,1095,2367,10565
08210,440,1806,491,1413,6280
08212,33,0,0,0,0
08215,303,1722,419,1245,4701
08217,0,0,0,0,0
08221,280,872,240,477,2020
08223,90,519,139,83,1199
08224,0,23,17,11,77
08225,205,1081,422,663,2984
08226,520,929,595,559,2755
08230,83,871,260,445,1866
08232,166,2654,827,1804,8398
08234,395,6701,1791,3634,16588
08240,3,0,23,2688,2835
08241,67,69,25,42,227
08242,44,437,123,146,1014
08243,104,59,20,83,222
08244,174,973,324,835,3568
08245,0,0,0,0,0
08246,0,0,0,0,0
08247,65,3,28,66,192
08248,0,0,0,0,0
08251,279,1180,280,666,3364
08260,269,864,336,831,2888
08270,150,1033,172,729,2991
08302,673,7550,2245,4008,20693
08310,20,0,9,97,187
08311,23,220,42,114,490
08312,138,1237,345,694,3177
08314,0,50,90,5,220
08316,9,12,0,7,7
08317,17,98,70,29,342
08318,204,1316,461,1322,4674
08319,10,158,93,130,504
08320,8,0,0,21,713
08321,3,0,0,0,4
08322,69,1328,418,933,3922
08323,13,58,27,62,213
08324,0,40,49,18,169
08326,0,122,53,80,451
08327,11,2,15,120,2412
08328,11,184,29,207,641
08329,0,67,0,0,18
08330,482,3512,1022,2807,11437
08332,617,4405,1090,2928,12201
08340,15,202,24,39,303
08341,41,283,48,415,1011
08343,105,673,331,427,1575
08344,167,255,223,557,1762
08345,25,74,6,37,163
08346,0,34,0,29,152
08348,0,11,0,10,20
08349,129,357,282,191,1097
08350,14,62,0,34,159
08352,0,100,68,0,143
08353,3,39,2,25,86
08360,899,6409,1435,3988,17355
08361,644,2609,799,1665,6101
08401,535,5122,1671,3773,13675
08402,238,538,172,398,992
08403,52,31,27,22,99
08406,516,620,286,602,2737
08501,243,610,335,677,2028
08502,215,1845,620,866,4081
08505,271,2196,822,1198,6792
08510,116,561,249,846,1921
08511,4,53,10,74,316
08512,299,1345,486,1062,4681
08514,113,720,220,506,1952
08515,59,1145,379,689,3251
08518,47,812,248,380,2264
08520,553,3517,1086,2487,11519
08525,30,483,133,350,1442
08527,919,7336,2304,4444,20249
08528,0,0,0,0,0
08530,159,590,242,524,2559
08533,105,743,239,622,2249
08534,307,1934,775,770,4228
08535,54,550,222,511,1583
08536,155,2913,829,1197,9464
08540,1095,6800,2144,5065,18038
08542,0,189,28,100,1297
08544,0,0,10,4227,4504
08550,371,3169,865,1124,6218
08551,111,481,348,788,2082
08553,15,83,22,91,271
08554,64,652,247,430,1729
08555,28,195,24,83,331
08558,410,1010,460,593,2059
08559,144,270,215,430,1436
08560,68,305,163,431,1032
08561,16,44,0,67,112
08562,51,611,118,271,1393
08608,0,82,0,4,389
08609,128,1618,608,959,4989
08610,508,4072,1315,2563,13147
08611,298,5495,608,2635,12775
08618,781,4823,1526,6643,16878
08619,566,2048,883,1787,9237
08620,292,989,245,1495,5231
08628,338,610,349,460,3345
08629,295,1553,595,1129,5733
08638,512,2600,957,3440,10972
08640,0,858,49,936,4882
08641,61,1089,127,659,2654
08648,930,3358,1156,4647,13372
08690,524,1561,586,1332,6522
08691,506,2528,1056,858,5531
08701,2501,36043,7926,11759,49290
08720,53,52,22,74,199
08721,395,3210,643,1666,7821
08722,154,1150,430,999,4053
08723,735,3029,1429,2762,12016
08724,1243,4426,1228,3306,14215
08730,205,785,206,410,1370
08731,573,1814,857,1974,7331
08732,27,140,58,66,374
08733,19,316,127,279,1181
08734,40,620,115,991,2961
08735,166,143,31,165,565
08736,215,1457,726,947,4115
08738,27,134,21,134,328
08740,64,274,0,177,535
08741,32,250,118,195,750
08742,508,2527,1010,1849,8827
08750,119,383,110,243,783
08751,84,261,62,222,854
08752,93,60,37,86,509
08753,1175,7016,2648,5493,23754
08755,1512,4028,1212,1950,9262
08757,2692,1730,642,1758,7529
08758,285,629,376,490,2479
08759,4110,998,171,586,4000
08801,231,630,322,977,3156
08802,41,394,155,441,1358
08804,80,212,146,338,1112
08805,379,1619,459,1144,6365
08807,1026,4742,1948,3020,13213
08809,75,811,252,753,2760
08810,71,1172,538,695,3127
08812,256,1760,961,1539,5793
08816,792,6700,2132,3320,16542
08817,692,6748,1353,3166,19726
08820,907,5829,1983,2642,13918
08821,0,108,16,27,202
08822,575,4240,1134,2493,11359
08823,51,952,186,830,3872
08824,208,1660,664,1157,4111
08825,130,593,213,260,1355
08826,74,559,147,496,1734
08827,55,317,231,185,1223
08828,16,175,72,161,899
08829,80,382,219,379,1429
08830,192,2104,419,1669,7414
08831,3044,6557,1800,2273,13170
08832,0,365,260,482,1417
08833,429,905,386,544,2686
08835,400,1096,380,1112,4297
08836,83,636,148,214,1378
08837,503,2765,616,876,8520
08840,335,2589,782,939,6671
08844,753,5563,1536,3138,15968
08846,222,1724,562,845,4888
08848,190,1212,487,442,2677
08850,193,984,268,338,2886
08852,255,2343,717,1323,7218
08853,46,574,468,539,1782
08854,635,6059,2110,12847,30573
08857,1024,4067,1837,2903,15539
08858,0,0,0,0,0
08859,231,2845,1054,1951,10008
08861,1027,6961,2294,6238,24561
08863,156,1116,678,1056,5478
08865,954,3422,805,2050,10929
08867,109,772,186,739,1936
08869,49,748,197,928,3276
08872,389,2571,769,1424,7956
08873,1519,6681,1901,4464,21198
08876,263,2202,728,2026,9375
08879,157,2476,498,1457,8515
08880,76,621,146,433,2102
08882,483,2000,655,1049,6554
08884,289,677,246,579,2843
08886,54,884,471,606,2544
08887,37,150,46,178,633
08889,453,776,442,805,2762
08890,0,0,0,59,59
08901,412,6768,1942,18201,34613
08902,666,5997,1394,2516,17287
08904,245,1550,513,1455,6918
10001,576,1726,224,3107,14951
10002,2794,6244,1642,5538,30565
10003,1056,1987,439,12918,33012
10004,0,343,64,153,2273
10005,0,433,7,1035,6420
10006,20,171,20,480,2744
10007,35,741,188,414,3691
10009,1177,3493,755,5459,29042
10010,592,2540,452,4109,16425
10011,686,2564,1020,3973,23598
10012,149,568,332,2894,12350
10013,876,2484,412,3200,13592
10014,507,1157,308,1761,14848
10016,1060,2671,390,6010,32502
10017,242,409,45,1010,7770
10018,157,342,73,551,5543
10019,863,1170,497,2196,20887
10020,0,0,0,0,0
10021,1594,3468,1159,1633,15866
10022,1975,2007,306,1366,12633
10023,1830,4631,1078,3832,26571
10024,2256,5769,1033,1945,22674
10025,2886,7118,2643,9800,42008
10026,413,4124,1114,3115,18149
10027,907,6626,1673,11291,35372
10028,1844,3849,749,1803,19165
10029,1799,7340,2336,6887,33362
10030,491,3020,901,2325,14193
10031,800,5108,1723,4387,32159
10032,1273,4559,1612,5977,29542
10033,849,5111,1694,5047,27642
10034,772,4145,1292,2801,18475
10035,983,4315,1509,3085,17406
10036,703,1184,290,2779,16391
10037,758,1872,585,1225,7897
10038,1016,1902,498,3342,12396
10039,386,3506,1160,2484,12749
10040,939,4464,1224,3662,18135
10044,417,1033,206,596,5200
10065,1325,2271,635,1559,13271
10069,79,813,55,18,2353
10075,1066,1592,825,1539,9143
10103,0,0,0,0,0
10110,0,0,0,0,0
10111,0,0,0,0,0
10112,0,0,0,0,0
10115,0,0,0,0,0
10119,0,0,0,0,0
10128,1708,3597,1296,3526,24334
10152,0,0,0,0,0
10153,0,0,0,0,0
10154,0,0,0,0,0
10162,77,35,36,32,285
10165,0,0,0,0,0
10167,0,0,0,0,0
10168,0,0,0,0,0
10169,0,0,0,0,0
10170,0,0,0,0,0
10171,0,0,0,0,0
10172,0,0,0,0,0
10173,0,0,0,0,0
10174,0,0,0,0,0
10177,0,0,0,0,0
10199,0,0,0,0,0
10271,0,0,0,0,0
10278,0,0,0,0,0
10279,0,0,0,0,51
10280,149,387,325,552,3638
10282,216,1156,251,145,2675
10301,729,4174,1395,3691,17077
10302,277,2508,561,1901,7953
10303,216,3927,1277,2760,11661
10304,892,5898,1645,4214,17471
10305,1001,4500,1477,3104,15703
10306,1432,6963,2415,4411,20541
10307,123,1497,742,1317,5337
10308,416,3565,1279,2051,11458
10309,454,4510,1494,2691,12563
10310,389,3330,1242,2136,10370
10311,0,0,0,0,0
10312,944,7789,2574,5577,23723
10314,2272,11577,3291,7686,35011
10451,1184,7173,1975,5137,22878
10452,907,12664,3370,8016,33762
10453,497,12857,3340,8142,34412
10454,411,6461,1584,4377,18489
10455,296,7394,2575,4559,20220
10456,687,13144,4104,9557,37618
10457,473,13253,3487,8325,35228
10458,770,12530,3134,12148,38652
10459,450,7489,2209,5675,22490
10460,774,8701,3016,5752,25880
10461,1258,6498,1779,3814,20693
10462,964,10016,2666,7091,34003
10463,2040,8082,2732,4958,25357
10464,127,520,48,181,1307
10465,1369,5152,1866,4836,18795
10466,1209,9773,2700,6590,28069
10467,1438,13489,3509,9104,41563
10468,990,11440,3401,7532,35444
10469,2140,8184,3281,6098,28190
10470,431,1020,295,1185,6733
10471,1487,1962,879,2608,8208
10472,1173,8845,2840,7198,28714
10473,1125,7725,2135,5946,23101
10474,106,1900,379,1213,5243
10475,1177,4046,1401,3776,15211
10501,30,159,40,156,398
10502,193,897,355,275,1787
10503,0,0,0,0,0
10504,191,1199,427,496,2489
10505,50,152,55,73,377
10506,69,1035,368,625,2073
10507,82,763,200,593,2665
10509,289,2339,721,1251,7154
10510,529,1308,455,894,3261
10511,114,242,84,216,829
10512,726,2314,1057,1809,8771
10514,317,2145,916,917,4159
10516,115,549,279,294,1724
10517,0,7,8,102,181
10518,0,51,71,94,236
10519,0,39,40,0,83
10520,463,1569,511,903,3847
10522,250,1526,663,1300,4531
10523,185,1142,238,826,4303
10524,67,522,163,302,1307
10526,0,225,150,177,766
10527,13,82,53,8,179
10528,256,2020,743,854,4803
10530,600,1092,250,785,4225
10532,297,537,135,454,1562
10533,70,1442,262,409,2141
10535,26,6,0,0,11
10536,256,1758,486,608,3092
10537,0,445,120,325,1339
10538,230,3277,740,727,5883
10540,0,22,57,26,83
10541,341,3147,1035,2692,9383
10542,0,0,0,0,0
10543,645,3046,643,1615,7947
10545,0,8,0,5,36
10546,25,106,34,162,335
10547,148,890,329,672,2960
10548,165,360,134,783,1660
10549,320,1632,501,977,5328
10550,1140,5292,1198,3020,15602
10552,934,1865,796,1790,8388
10553,304,926,383,878,4220
10560,169,605,162,141,1514
10562,1087,2932,1643,2324,12653
10566,583,2539,650,2400,10217
10567,568,2445,589,2114,6875
10570,186,1592,843,1649,4973
10573,1033,4578,1779,4346,16838
10576,254,469,225,572,1439
10577,106,230,260,3416,4310
10578,27,454,68,106,797
10579,138,993,412,754,2505
10580,717,3324,1159,1403,5913
10583,1346,6943,2032,2454,12978
10588,102,353,148,256,1197
10589,754,663,162,316,1371
10590,171,917,459,595,2152
10591,509,2241,1096,1942,8965
10594,220,723,172,468,1864
10595,473,561,201,904,2993
10596,8,64,0,79,328
10597,0,135,19,49,237
10598,644,3635,1006,2442,9349
10601,255,851,385,1024,4802
10603,280,2213,447,1478,7801
10604,208,2034,549,823,4710
10605,1005,1970,545,1628,6492
10606,318,1733,702,1421,7386
10607,136,665,242,570,2553
10701,1158,8802,2496,5878,29737
10703,808,2450,1217,2353,8943
10704,967,3127,1303,3134,13172
10705,813,4992,1549,3703,15500
10706,365,1069,437,662,2833
10707,417,859,427,556,3499
10708,641,2219,683,2826,8489
10709,373,1498,393,1140,3283
10710,759,2787,860,1911,9213
10801,949,4618,1930,5667,18125
10803,260,2609,751,853,4831
10804,347,2652,660,1028,4309
10805,845,1580,531,2081,8338
10901,860,3504,1414,2458,8785
10910,0,0,0,0,0
10911,0,0,0,0,12
10913,204,611,221,864,2059
10914,0,132,53,0,125
10915,0,0,0,0,0
10916,87,675,207,515,1527
10917,28,207,90,263,741
10918,182,1327,492,1271,4978
10919,105,116,77,25,272
10920,128,963,508,949,2981
10921,17,491,176,438,1790
10922,0,14,55,121,444
10923,110,1273,261,361,2479
10924,443,1531,505,1426,4905
10925,49,525,172,319,1818
10926,104,446,334,192,1463
10927,102,1527,426,1103,4747
10928,128,697,157,411,1757
10930,160,1351,527,1644,4299
10931,11,176,61,92,439
10932,0,0,0,0,0
10933,0,122,11,18,144
10940,927,6953,2070,4648,19449
10941,260,1469,690,1716,6107
10950,515,14776,3967,7879,24827
10952,624,11249,3334,5577,18265
10953,0,0,0,0,0
10954,569,2853,1240,2362,10233
10956,865,3705,1255,2317,10525
10958,28,345,171,233,1160
10960,276,1434,344,1286,5270
10962,170,519,196,313,1829
10963,37,490,132,234,1797
10964,154,136,65,157,526
10965,673,2287,468,1384,5405
10968,29,104,62,83,779
10969,0,174,53,25,406
10970,229,1417,292,869,4347
10973,26,427,125,243,976
10974,54,363,138,299,1137
10975,0,76,0,0,107
10976,191,196,40,593,868
10977,785,16464,4104,6918,28829
10979,0,0,0,0,0
10980,233,1513,512,1174,4526
10983,250,587,237,497,1973
10984,76,299,19,227,1133
10985,0,0,0,0,36
10986,54,140,33,194,550
10987,139,349,114,273,1100
10988,26,96,10,91,264
10989,277,768,265,573,2815
10990,513,2216,1069,1393,6704
10992,197,1370,666,1133,4331
10993,186,331,255,588,1922
10994,157,604,448,381,1934
10996,0,1044,155,2790,4218
10998,20,498,148,403,1432
11001,789,3415,940,2149,9487
11003,1083,4819,1575,4379,19748
11004,779,1490,402,864,5440
11005,1020,0,0,0,11
11010,673,2990,897,2188,9913
11020,125,815,269,809,2150
11021,998,2193,779,1139,6498
11023,369,2038,394,565,2830
11024,193,1637,549,1087,3598
11030,576,2726,1022,883,4966
11040,1156,4474,1755,3883,15382
11042,170,0,0,0,0
11050,1193,4834,1103,2006,9717
11096,225,1373,321,914,3923
11101,454,2453,489,2353,20575
11102,479,1761,638,1927,14722
11103,470,2043,756,2439,19439
11104,182,2205,708,1408,13294
11105,583,3217,677,2689,19759
11106,792,3194,822,3247,20239
11109,119,549,57,195,4222
11201,1081,6071,1279,5485,36374
11203,1873,7966,2666,5776,30258
11204,1853,13443,3493,6292,29495
11205,572,8397,2339,5935,25149
11206,1025,13552,3901,9457,44519
11207,2028,12382,3048,9662,42395
11208,1347,15619,4821,9858,45933
11209,1870,7257,2706,4965,29088
11210,1440,8680,2681,5594,24969
11211,923,7030,1930,6287,37089
11212,1185,10950,2548,6755,33549
11213,1054,8733,2648,7004,31155
11214,2667,11092,3130,6894,34005
11215,653,8602,1861,2637,32937
11216,845,5297,1276,4499,34603
11217,719,3210,1231,1781,21996
11218,906,11114,3180,5448,29551
11219,1642,18985,4737,8988,35589
11220,1153,14490,3385,6576,38756
11221,1107,8717,2436,10338,50213
11222,612,2240,416,2257,24649
11223,2247,11477,3390,6013,29636
11224,2101,5438,1698,3412,14481
11225,1103,5182,1555,4708,27508
11226,1490,10064,3314,8498,48672
11228,1072,4547,1319,3364,16187
11229,2179,10521,2602,5266,27912
11230,2310,12941,3772,6421,33814
11231,267,4705,1108,1962,17146
11232,166,3401,677,2222,13849
11233,1219,9141,2509,7523,37662
11234,2148,11173,3488,6932,31800
11235,3454,7535,2328,5335,27921
11236,1876,12213,3865,8381,38728
11237,246,4074,1408,4733,27698
11238,858,4479,906,2448,30126
11239,1086,1906,782,1445,5860
11249,336,6386,1795,3501,24139
11354,1893,3762,1037,3064,18327
11355,2348,7029,1666,4195,27626
11356,373,3085,1217,2119,11242
11357,1649,5122,1293,2407,12771
11358,896,3946,1019,2308,13318
11359,0,0,0,0,0
11360,1196,1391,590,1150,5945
11361,1100,2994,800,1906,10568
11362,720,1521,636,895,5654
11363,197,985,245,343,2248
11364,989,4680,1367,2439,12580
11365,762,5621,1532,3495,16095
11366,327,1348,355,1335,4881
11367,1170,5433,1368,4325,16289
11368,1408,15382,4689,9459,51739
11369,605,3524,1409,2682,13233
11370,838,2484,734,2413,12988
11371,0,0,0,0,0
11372,862,7255,1776,3955,26884
11373,1145,12369,4075,8015,45148
11374,1341,4810,1335,2747,18697
11375,2042,7603,1609,2906,25961
11377,1547,9024,2309,4894,37165
11378,639,4512,1751,3673,15214
11379,1407,4600,1212,2143,12882
11385,1717,11710,3174,10133,48398
11411,598,1973,601,1703,7320
11412,781,4121,1715,3671,16284
11413,1063,5268,1635,4308,18274
11414,1518,3584,848,1338,9097
11415,435,1986,490,1252,8057
11416,380,3580,1026,2874,11533
11417,484,4368,1037,2678,12119
11418,623,4610,1407,3563,14894
11419,424,4705,1564,4702,19560
11420,450,4813,1880,4725,20593
11421,565,4448,1740,3835,17123
11422,548,3632,1207,2313,12291
11423,762,3060,1001,2580,11001
11424,0,0,0,0,0
11426,519,1777,450,1617,6743
11427,521,2330,818,1436,8571
11428,366,1606,618,1794,6896
11429,913,2711,1177,3198,11010
11430,0,75,0,57,164
11432,1299,6978,2284,6127,25349
11433,666,5136,1608,4002,16652
11434,1408,8518,2724,5801,25748
11435,818,6723,1776,4730,25120
11436,325,2581,807,2167,9167
11439,0,0,98,2035,2140
11451,0,0,0,0,0
11501,442,2273,487,1021,8534
11507,202,763,299,686,2478
11509,66,210,25,57,401
11510,602,3884,1603,3051,13571
11514,40,922,248,208,1996
11516,334,1506,447,987,3108
11518,239,1185,435,739,4108
11520,781,5468,1478,4015,18257
11530,850,4103,1401,3065,9829
11542,903,2971,1068,2859,10838
11545,182,1708,683,852,3434
11547,39,90,17,56,189
11548,17,130,53,1034,1387
11549,0,0,64,2397,2506
11550,777,7921,2088,6394,25945
11552,511,3749,1292,2518,10185
11553,497,3205,959,3363,11940
11554,1748,4231,1156,3095,12883
11556,0,0,0,0,0
11557,155,1102,630,511,3117
11558,267,713,207,502,3323
11559,257,1473,408,1325,3063
11560,171,955,339,588,1960
11561,1181,2828,962,2606,14518
11563,1037,2285,834,1457,7653
11565,284,887,279,601,3152
11566,776,4220,1247,2247,11669
11568,129,390,157,1523,2292
11569,88,64,60,125,263
11570,860,3582,1280,1804,9760
11572,1057,3658,1189,2171,9791
11575,229,2548,519,2269,8562
11576,362,1476,503,948,3672
11577,394,2125,479,836,4037
11579,119,854,152,246,1419
11580,1096,4201,1935,4620,17510
11581,596,3359,1184,1842,8844
11590,1069,5664,1764,4207,18143
11596,393,1489,541,905,3645
11598,317,3061,786,1315,5329
11691,1401,11819,3066,6131,25939
11692,283,4418,902,2066,9074
11693,273,1530,597,1067,4644
11694,600,2908,570,1221,6834
11697,101,378,104,318,1227
11701,1064,3022,1311,2666,9956
11702,259,1180,497,829,4955
11703,389,2403,424,1830,6133
11704,1276,4024,1400,3418,14665
11705,132,910,321,825,3180
11706,1043,9165,2397,5536,26979
11709,177,681,266,517,1841
11710,605,5010,1354,2150,12026
11713,176,902,316,1114,3736
11714,838,2616,885,1606,7107
11715,31,485,120,190,1320
11716,235,1066,496,715,3627
11717,1038,8143,2551,6233,28566
11718,62,583,182,213,1106
11719,73,443,94,354,1150
11720,683,3314,1756,2882,11912
11721,120,537,500,355,2117
11722,261,4724,1841,4390,17205
11724,35,456,163,216,914
11725,1074,3418,1348,2619,10081
11726,342,2906,734,2339,8878
11727,388,3079,816,3031,11240
11729,567,2830,1215,2245,10240
11730,388,1411,772,1113,5455
11731,810,3514,1149,2656,9711
11732,291,477,110,89,918
11733,532,2223,831,1626,5552
11735,1094,3167,1015,3446,12886
11738,300,2318,962,2314,8263
11739,86,116,57,189,456
11740,431,1445,574,997,3868
11741,237,3357,1103,2239,10841
11742,125,1486,566,1007,5413
11743,989,5068,1674,3222,13312
11746,1069,8259,2658,5624,24432
11747,1108,2085,585,979,5710
11749,74,411,90,225,1476
11751,419,1210,418,879,4768
11752,223,1194,237,653,3176
11753,592,2108,831,930,4036
11754,1024,1954,809,1446,6747
11755,191,1823,466,1230,4310
11756,711,3873,1517,4296,16287
11757,1083,4881,1477,3740,17152
11758,1484,5202,2269,4267,18725
11762,471,2419,767,1739,7967
11763,788,3923,1360,2243,10994
11764,121,1662,850,1279,4722
11765,9,112,36,48,172
11766,242,1578,643,726,3426
11767,232,1804,588,1557,5001
11768,463,2241,1105,1667,6295
11769,248,736,192,747,3013
11770,2,17,0,9,29
11771,281,876,422,788,3610
11772,809,4729,1469,4012,18529
11776,622,3299,1071,2238,9416
11777,274,1098,289,802,3087
11778,109,1665,432,1134,4481
11779,606,4424,1332,4017,15420
11780,603,1837,731,1480,5239
11782,656,2057,540,990,4841
11783,516,2471,1148,2169,8535
11784,495,2944,1047,2564,10015
11786,42,1079,341,676,2307
11787,1425,3699,1836,3304,11302
11788,348,1598,671,1795,6290
11789,65,1086,472,627,2888
11790,369,1361,651,7551,10955
11791,457,4580,1539,1440,7822
11792,54,915,289,905,3186
11793,836,4016,1382,2481,11224
11794,0,0,38,1330,1418
11795,336,2729,1166,2808,9987
11796,55,413,130,304,1271
11797,681,997,279,447,2313
11798,234,2887,520,2145,7438
11801,1368,4446,1114,4680,16191
11803,1230,4233,1215,2339,9539
11804,209,688,204,213,1474
11901,920,2451,1454,2579,11783
11930,0,48,0,73,100
11931,0,0,0,0,0
11932,49,193,17,36,264
11933,163,669,361,295,2009
11934,154,1100,271,725,2656
11935,205,290,30,59,699
11937,438,2214,505,1547,6985
11939,142,65,50,109,328
11940,96,745,191,417,1576
11941,0,281,58,139,839
11942,43,520,311,413,1575
11944,381,407,117,257,1273
11946,325,1684,761,1781,6303
11947,0,0,0,0,0
11948,42,60,0,49,161
11949,225,1419,541,920,3866
11950,51,2259,857,1892,7376
11951,328,2301,624,1064,5835
11952,136,477,216,357,1647
11953,433,1533,363,1002,4722
11954,93,422,64,330,1392
11955,121,109,29,188,951
11956,16,7,11,31,60
11957,59,0,0,85,198
11958,20,121,54,0,267
11959,14,69,37,48,155
11960,8,93,42,43,228
11961,552,1478,414,923,4055
11962,16,45,8,22,79
11963,229,1047,309,455,2267
11964,190,308,83,253,1035
11965,36,0,0,150,151
11967,370,3553,997,2403,10269
11968,486,1494,224,844,3528
11970,0,0,0,0,143
11971,198,1005,114,95,1482
11972,0,93,41,0,97
11973,0,0,0,35,37
11975,31,17,11,13,106
11976,160,139,38,118,686
11977,190,354,175,112,684
11978,110,432,172,454,1391
11980,108,324,118,403,2315
12007,18,86,0,0,66
12008,25,63,26,14,126
12009,150,1011,260,706,2910
12010,751,3477,1116,1824,9709
12015,76,443,69,248,1232
12017,7,21,15,29,103
12018,31,771,204,345,2229
12019,375,1881,666,766,4712
12020,784,4395,1198,3145,13123
12022,10,160,39,87,365
12023,30,316,107,304,858
12024,0,2,5,0,19
12025,97,338,124,538,1847
12027,120,612,100,397,1361
12028,23,187,17,107,315
12029,89,57,57,64,302
12031,12,3,3,0,65
12032,63,32,28,67,250
12033,115,727,226,519,2404
12035,31,60,30,25,138
12036,0,20,0,31,98
12037,85,392,128,312,1314
12040,0,0,0,0,11
12041,21,9,0,0,147
12042,0,31,0,38,99
12043,246,689,246,1638,3409
12045,0,65,68,68,243
12046,21,53,16,0,138
12047,671,3264,794,2524,9450
12051,162,412,226,642,2782
12052,41,151,152,167,656
12053,62,514,180,364,1525
12054,570,2115,626,1323,5822
12056,55,222,68,173,844
12057,90,136,46,331,817
12058,0,127,27,120,327
12059,40,169,11,117,482
12060,30,155,35,43,360
12061,265,1156,348,545,3692
12062,10,114,23,211,599
12063,77,36,0,38,120
12064,9,7,0,35,78
12065,776,5382,2132,2981,17074
12066,39,172,52,73,603
12067,8,223,93,41,437
12068,112,418,86,205,674
12069,0,25,0,135,155
12070,34,224,69,520,1066
12071,0,23,8,3,80
12072,28,439,112,341,1233
12074,5,279,129,214,1056
12075,184,188,200,336,1051
12076,50,134,45,49,332
12077,163,625,309,561,2386
12078,515,2921,778,1950,8452
12082,0,0,0,0,0
12083,100,653,208,286,1355
12084,102,669,149,499,2592
12085,56,22,0,14,58
12086,38,102,33,222,546
12087,26,122,21,219,428
12090,252,818,149,314,1486
12092,0,172,102,100,665
12093,30,81,60,91,364
12094,54,360,142,142,908
12095,427,1400,584,611,4641
12106,80,201,139,114,542
12108,19,14,10,37,160
12110,551,2005,806,2654,8431
12115,0,0,0,0,12
12116,15,185,21,55,372
12117,44,218,50,133,717
12118,177,1644,625,1355,5869
12120,33,50,22,76,250
12121,31,270,96,248,730
12122,98,258,66,286,1097
12123,25,481,211,355,1954
12124,0,0,0,0,3
12125,12,82,25,87,430
12130,14,148,33,21,233
12131,3,21,8,18,57
12132,0,11,12,0,44
12134,59,406,156,206,1245
12136,39,20,47,26,169
12137,18,313,45,225,778
12138,80,296,166,294,1104
12139,2,19,1,4,45
12140,61,74,44,126,388
12143,46,474,155,842,2029
12144,462,2120,595,1467,8893
12147,7,39,11,9,76
12148,273,431,196,245,1027
12149,41,287,93,110,701
12150,14,0,10,93,167
12151,3,97,11,31,262
12153,45,137,12,4,134
12154,77,259,74,206,1185
12155,38,244,58,189,528
12156,0,161,61,44,244
12157,97,552,179,302,1442
12158,141,773,97,231,1690
12159,426,799,424,534,2389
12160,12,52,14,35,270
12161,0,0,0,0,18
12164,34,26,5,35,107
12165,40,8,4,23,52
12166,28,103,73,91,547
12167,117,183,74,170,693
12168,12,182,37,130,500
12169,29,118,0,0,64
12170,45,498,210,336,1992
12172,0,31,0,74,125
12173,7,380,182,126,678
12174,0,47,19,38,180
12175,17,133,6,25,191
12176,6,24,30,66,96
12177,33,15,47,40,157
12180,1116,4562,1861,9621,27076
12182,429,2345,348,1014,5225
12183,60,198,95,419,1114
12184,329,841,211,370,2266
12185,13,149,53,234,654
12186,136,568,265,719,2357
12187,0,36,35,131,257
12188,351,1272,331,631,4245
12189,377,2350,479,1830,7457
12190,0,53,59,34,189
12192,40,97,93,111,483
12193,27,141,36,90,507
12194,0,36,6,13,65
12195,0,0,0,0,112
12196,28,793,282,260,1249
12197,41,137,36,211,602
12198,140,862,378,376,2275
12202,73,814,317,1121,4934
12203,1013,1954,632,7094,15295
12204,192,987,179,807,4101
12205,732,2988,1117,1888,9054
12206,222,2275,705,1999,6979
12207,15,116,0,320,1271
12208,686,1431,477,5337,12230
12209,145,1249,192,1239,4737
12210,121,691,203,1166,4967
12211,469,1214,445,2987,5883
12222,4,0,172,6128,6332
12226,0,0,0,0,0
12302,1139,3551,1130,2170,10021
12303,507,3998,1022,3076,11247
12304,514,2557,905,1956,7976
12305,49,228,64,1689,4035
12306,382,2807,1191,2254,11000
12307,58,1227,114,1379,3422
12308,192,1167,466,2547,6712
12309,868,4280,1410,2067,11521
12401,761,4111,902,2461,13267
12404,162,430,333,124,1167
12405,10,9,14,83,192
12406,0,9,49,2,177
12407,4,12,2,0,52
12409,0,78,12,0,274
12410,0,0,20,0,67
12411,8,24,0,20,83
12412,58,45,0,0,28
12413,117,465,54,270,1303
12414,323,596,249,868,3840
12416,48,0,0,0,65
12417,17,34,61,11,286
12418,13,10,8,6,100
12419,0,82,9,83,218
12420,0,0,0,41,148
12421,0,13,0,0,25
12422,7,11,30,39,86
12423,0,146,222,129,606
12424,7,22,0,0,0
12427,0,108,8,29,400
12428,159,852,331,750,2487
12429,0,0,0,0,104
12430,35,210,53,55,278
12431,11,181,54,110,576
12432,0,65,45,26,199
12433,24,93,37,26,162
12434,19,120,7,48,332
12435,9,36,0,0,61
12436,11,9,0,0,19
12438,0,9,0,0,16
12439,21,7,19,9,125
12440,36,119,8,35,336
12441,6,0,0,0,11
12442,8,8,6,56,141
12443,132,261,137,173,1098
12444,19,11,3,95,266
12446,79,428,271,562,1832
12448,8,0,0,0,56
12449,168,220,187,195,1051
12450,0,26,0,19,92
12451,30,42,0,81,345
12452,13,0,0,0,0
12453,0,0,0,0,33
12454,15,73,40,29,131
12455,64,266,8,145,374
12456,0,149,35,54,306
12457,92,82,55,177,540
12458,19,151,22,204,1348
12459,0,0,0,8,13
12460,8,13,0,0,35
12461,14,59,71,198,494
12463,143,130,52,8,483
12464,7,45,8,69,217
12465,7,8,0,0,110
12466,20,254,153,101,687
12468,104,76,23,62,359
12469,9,32,25,6,153
12470,0,59,21,123,253
12471,0,0,0,0,0
12472,22,85,48,51,423
12473,50,97,0,8,170
12474,17,51,37,14,149
12475,53,41,10,0,161
12477,514,1901,677,1313,6177
12480,6,42,0,3,101
12481,54,65,19,97,492
12482,151,10,0,130,262
12483,0,14,0,8,8
12484,140,406,60,208,1116
12485,145,243,5,0,117
12486,18,222,18,11,437
12487,37,402,213,145,1402
12489,0,0,0,0,24
12490,0,0,0,0,0
12491,51,214,137,177,782
12492,2,0,7,15,51
12493,29,4,9,4,66
12494,0,65,85,123,317
12495,24,0,0,0,0
12496,24,127,8,111,362
12498,161,360,64,156,750
12501,127,256,81,178,776
12502,11,113,19,25,363
12503,15,85,26,112,254
12504,0,0,10,1129,1152
12507,0,34,18,76,137
12508,477,1869,798,1234,8044
12512,0,0,0,30,65
12513,15,0,0,0,0
12514,65,198,89,145,561
12515,24,144,14,89,477
12516,33,82,51,70,500
12517,0,38,0,0,131
12518,140,608,250,437,2115
12520,131,346,187,279,988
12521,70,146,41,26,418
12522,135,393,155,360,1964
12523,84,272,56,34,656
12524,430,1631,405,807,5282
12525,0,218,185,105,692
12526,85,196,57,278,1194
12527,0,0,0,0,0
12528,381,1217,495,1201,4856
12529,105,137,73,87,565
12530,0,0,0,0,63
12531,69,225,103,239,808
12533,289,3616,1244,2084,9080
12534,449,1522,648,1450,6539
12538,414,1147,472,2449,5576
12540,127,1397,335,962,3440
12542,99,640,154,261,1734
12543,121,310,78,266,1105
12544,0,0,0,0,0
12545,349,353,180,280,1050
12546,62,287,85,191,764
12547,87,508,66,113,1019
12548,44,152,0,57,281
12549,211,1845,292,981,4012
12550,1074,7038,1727,6104,22212
12553,404,3269,1492,2889,11622
12561,649,1341,381,5336,8992
12563,156,722,180,804,3242
12564,216,1051,307,530,2206
12565,69,78,71,161,493
12566,191,1325,507,1014,4851
12567,76,140,95,155,617
12569,220,1094,247,1061,3440
12570,92,828,335,601,2465
12571,206,1121,459,837,3196
12572,400,874,268,357,2309
12574,98,0,0,0,68
12575,14,87,123,200,725
12577,46,96,89,71,710
12578,24,179,94,113,776
12580,147,416,187,303,1575
12581,37,153,97,104,711
12582,48,550,201,422,2440
12583,25,210,92,271,681
12585,16,36,0,82,230
12586,231,1718,677,1224,5165
12589,246,2053,530,1602,9284
12590,849,3394,1502,2869,13566
12592,11,230,135,64,627
12594,33,290,242,420,1447
12601,884,4681,1177,6659,20622
12603,1085,4159,1679,3756,15352
12604,0,0,30,1903,1978
12701,256,1295,429,1329,4978
12719,11,21,16,105,396
12720,0,47,25,30,118
12721,37,1130,324,787,3102
12722,0,0,0,0,0
12723,33,131,53,117,539
12724,0,0,0,0,0
12725,14,51,13,39,109
12726,8,132,29,13,350
12729,27,121,10,51,382
12732,98,58,3,7,95
12733,6,189,94,212,1035
12734,24,163,0,8,350
12736,0,0,0,0,5
12737,45,198,110,197,583
12738,0,71,21,9,122
12740,35,187,67,97,519
12741,4,15,0,0,52
12742,12,0,31,18,92
12743,5,24,7,0,44
12745,0,0,0,0,0
12746,22,23,30,29,257
12747,73,346,88,82,799
12748,24,192,38,130,580
12749,0,77,60,0,291
12750,0,0,0,0,7
12751,24,200,42,157,377
12752,11,7,0,7,95
12754,114,1357,184,737,2994
12758,102,374,65,154,1087
12759,0,534,103,598,966
12760,0,23,0,23,106
12762,0,23,28,75,176
12763,3,12,5,37,120
12764,26,170,19,106,468
12765,13,119,4,59,261
12766,13,95,27,0,186
12767,0,0,0,16,110
12768,0,26,50,152,331
12769,0,0,0,0,74
12770,0,25,0,11,42
12771,410,1624,756,1583,5746
12775,51,181,130,67,693
12776,54,201,124,104,512
12777,29,35,23,46,284
12778,0,99,0,0,20
12779,34,312,179,169,980
12780,12,260,130,188,805
12781,12,0,10,10,20
12783,32,121,70,146,484
12784,0,0,0,0,0
12785,0,334,12,17,384
12786,1,11,61,7,83
12787,20,0,0,0,0
12788,73,265,42,167,1065
12789,21,263,87,426,1103
12790,8,412,174,168,1489
12791,19,187,69,53,222
12792,0,6,8,22,56
12801,288,1741,423,1485,6102
12803,192,987,212,1139,3489
12804,1027,2674,1088,1927,9126
12808,0,0,0,0,18
12809,114,409,152,164,1113
12810,15,43,16,18,123
12811,4,36,11,0,64
12812,0,0,0,5,5
12814,80,47,23,38,306
12815,46,123,13,87,376
12816,180,531,319,368,1488
12817,27,142,24,184,516
12819,3,24,14,41,104
12820,0,44,0,0,58
12821,21,35,5,307,1377
12822,101,629,264,563,2267
12823,0,133,6,6,47
12824,35,46,63,41,269
12827,87,286,161,275,1450
12828,212,956,251,914,2967
12831,349,2211,781,1434,7040
12832,254,740,162,342,2004
12833,122,576,75,517,1868
12834,168,674,158,568,2268
12835,49,149,56,87,551
12836,16,11,0,2,85
12837,0,136,28,52,318
12838,15,84,12,32,223
12839,446,1586,402,993,5414
12841,12,0,0,0,0
12842,27,55,19,23,135
12843,0,130,0,48,219
12844,17,30,2,21,59
12845,120,399,80,388,1413
12846,20,271,20,77,866
12847,10,51,8,70,186
12849,0,16,48,38,123
12850,0,252,166,135,875
12851,4,32,12,3,98
12852,8,29,0,41,63
12853,92,237,17,49,262
12854,0,18,0,0,32
12855,10,15,0,10,40
12856,0,25,9,0,155
12857,18,43,36,8,186
12858,21,5,1,12,13
12859,0,331,90,115,615
12860,6,25,4,27,96
12861,2,80,25,37,166
12862,0,48,12,0,114
12863,0,242,21,55,352
12864,0,0,0,0,0
12865,60,316,97,311,1241
12866,1099,3311,933,4696,14953
12870,42,160,51,121,457
12871,40,495,144,276,1600
12872,0,0,0,0,0
12873,2,41,19,30,304
12874,2,8,2,30,36
12878,13,121,51,69,230
12883,170,219,238,254,1653
12884,32,84,15,58,217
12885,172,564,191,285,1390
12886,10,14,0,0,22
12887,127,558,236,501,1786
12901,855,2722,936,6619,14587
12903,76,225,49,192,558
12910,5,195,36,219,825
12911,0,0,0,0,0
12912,69,247,38,121,632
12913,19,152,70,109,332
12914,17,113,15,75,365
12915,0,0,0,1,1
12916,6,376,73,219,855
12917,16,187,91,89,443
12918,10,411,65,108,881
12919,22,185,115,438,1075
12920,35,316,149,149,795
12921,12,373,92,95,1041
12922,0,2,0,5,9
12923,19,49,11,47,184
12924,0,65,7,107,134
12926,30,246,105,91,895
12927,12,4,7,7,17
12928,26,190,35,103,613
12929,13,159,11,248,2065
12930,10,66,59,52,312
12932,55,93,15,48,299
12933,12,0,0,0,0
12934,20,145,35,90,420
12935,29,191,27,69,282
12936,20,67,24,41,160
12937,41,238,74,87,532
12939,2,14,0,9,38
12941,68,171,50,47,466
12942,12,18,0,0,155
12943,27,9,3,39,91
12944,167,552,165,339,1356
12945,0,84,3,43,200
12946,166,629,186,386,1707
12950,2,67,15,43,243
12952,0,65,0,0,85
12953,238,1011,433,1080,5540
12955,13,20,0,13,84
12956,55,90,0,93,476
12957,124,277,42,52,487
12958,121,264,46,240,645
12959,37,157,97,179,667
12960,0,15,6,0,198
12961,0,0,0,0,0
12962,86,648,327,204,1602
12964,0,0,9,0,38
12965,7,39,7,11,63
12966,18,526,164,176,1092
12967,8,157,30,158,501
12969,0,16,3,0,34
12970,2,24,7,622,705
12972,120,866,244,499,2799
12973,0,36,0,8,56
12974,80,63,71,170,589
12975,19,13,14,0,47
12976,11,6,0,11,23
12977,0,0,17,96,1049
12978,0,14,0,0,74
12979,78,362,68,178,762
12980,29,71,79,58,335
12981,25,402,129,180,840
12983,108,712,223,670,2672
12985,0,94,3,89,230
12986,118,682,193,291,1736
12987,14,0,4,21,48
12989,13,112,32,57,294
12992,8,271,134,295,1321
12993,123,163,73,131,434
12996,63,172,69,82,424
12997,38,74,43,92,455
12998,18,111,0,0,38
13020,4,15,4,0,18
13021,1027,3762,1245,2856,13741
13024,0,0,0,82,1036
13026,22,166,38,440,831
13027,826,4920,1456,2440,12236
13028,13,92,65,34,244
13029,247,1193,257,339,2333
13030,25,726,156,121,1183
13031,776,1752,522,945,4850
13032,264,1442,437,913,4321
13033,57,516,168,386,1280
13034,59,206,98,146,692
13035,122,817,329,1573,3304
13036,162,1005,260,688,3286
13037,168,1316,464,680,3553
13039,201,2019,772,1207,5959
13040,25,286,146,216,944
13041,98,1837,497,421,4425
13042,11,207,162,100,644
13044,8,350,29,314,947
13045,452,2435,876,7046,13857
13051,0,0,0,0,0
13052,23,190,37,143,685
13053,58,354,191,802,1958
13054,34,235,78,47,325
13057,410,1392,521,915,5231
13060,67,298,74,206,859
13061,22,59,4,40,175
13062,0,0,6,0,96
13063,114,119,64,81,470
13065,0,58,17,0,116
13066,600,1270,574,798,4125
13068,62,524,231,341,1720
13069,440,2882,627,1994,8545
13071,12,117,35,64,340
13072,18,79,10,36,217
13073,199,778,236,399,2141
13074,57,543,162,415,1691
13076,50,397,73,93,943
13077,174,759,365,403,1950
13078,529,1554,413,565,3349
13080,81,300,113,242,1098
13081,19,126,42,28,317
13082,64,349,136,245,1215
13083,21,201,60,117,696
13084,192,411,177,285,1325
13087,0,7,4,33,53
13088,610,2034,721,1795,8115
13090,416,3550,1251,2895,12418
13092,42,567,93,143,856
13101,55,514,93,176,906
13102,0,0,0,0,42
13103,0,19,0,29,56
13104,559,2086,898,1192,5549
13108,269,644,372,319,1952
13110,95,200,106,129,788
13111,17,361,88,141,591
13112,17,273,28,159,615
13113,0,0,2,6,26
13114,159,971,286,549,2430
13115,0,51,0,11,62
13116,104,482,117,213,1462
13117,2,60,0,19,81
13118,87,637,267,389,2108
13119,0,0,0,0,0
13120,47,193,93,159,748
13121,0,0,0,0,0
13122,141,65,39,92,319
13123,0,0,0,0,0
13124,0,12,2,6,20
13126,866,3879,1520,7084,16017
13131,43,288,99,223,1192
13132,102,347,218,229,1066
13134,0,1,0,0,92
13135,85,763,270,395,2150
13136,4,67,14,3,78
13138,0,23,0,0,41
13140,138,535,206,318,1445
13141,7,60,9,23,193
13142,68,638,303,472,2241
13143,3,414,71,98,726
13144,12,218,62,87,381
13145,19,202,25,81,481
13146,31,290,116,187,930
13147,24,81,24,92,362
13148,439,1132,310,857,3865
13152,282,872,280,328,2004
13153,0,100,9,0,112
13154,11,0,0,12,12
13155,15,62,34,35,205
13156,148,151,23,190,538
13157,16,38,26,27,123
13158,24,79,39,157,418
13159,98,605,267,445,1869
13160,72,359,109,191,724
13162,45,43,44,44,202
13163,26,26,11,33,131
13164,32,488,260,155,930
13165,320,944,341,675,2999
13166,137,599,259,342,2057
13167,16,361,203,157,1060
13202,46,815,191,943,3976
13203,596,1908,717,1666,7117
13204,217,3335,546,1864,8572
13205,785,2353,1057,1633,6709
13206,256,1928,307,1147,6609
13207,141,1408,681,861,5363
13208,231,3836,853,1611,8610
13209,436,1214,331,766,4518
13210,180,986,259,6781,12760
13211,39,817,181,721,2465
13212,782,2092,835,1359,7409
13214,311,1080,271,1813,3721
13215,620,1538,433,1323,4726
13219,696,1746,473,1119,5327
13224,40,1275,211,771,3100
13244,0,0,121,8235,8384
13290,0,0,0,0,0
13301,0,24,0,7,36
13302,4,133,47,89,528
13303,8,116,60,58,357
13304,11,191,163,92,834
13305,17,0,0,42,50
13308,43,630,185,207,1485
13309,190,540,280,390,1993
13310,0,0,120,123,483
13312,8,13,6,6,63
13313,14,66,27,42,237
13314,0,63,0,11,34
13315,18,177,47,143,434
13316,270,723,191,341,1621
13317,63,725,274,216,1490
13318,0,111,51,115,397
13319,21,15,0,72,246
13320,29,168,82,330,801
13321,9,163,0,22,144
13322,5,133,36,35,360
13323,436,832,196,2360,4645
13324,9,107,80,86,483
13325,12,99,23,52,300
13326,207,300,103,485,1473
13327,39,390,106,138,792
13328,40,188,40,70,585
13329,138,468,134,318,1111
13331,0,0,0,0,0
13332,50,490,105,116,1004
13333,0,2,0,11,21
13334,21,69,23,72,327
13335,29,128,34,196,472
13337,30,42,28,33,182
13338,60,200,21,87,314
13339,85,833,233,564,2216
13340,169,1011,268,612,2575
13342,0,47,9,29,78
13343,27,196,46,132,487
13345,0,12,0,17,62
13346,89,460,122,2563,3561
13348,28,175,61,299,655
13350,407,693,313,1116,3358
13352,0,24,0,0,5
13353,0,5,0,2,12
13354,99,445,85,217,939
13355,0,51,37,85,443
13357,395,1589,245,489,3147
13360,2,16,0,49,49
13361,7,29,26,98,254
13363,41,320,115,169,777
13364,7,5,11,11,48
13365,200,1368,315,871,2995
13367,344,897,372,860,3147
13368,14,119,57,94,338
13402,18,105,41,140,340
13403,84,464,160,1066,3288
13404,0,20,14,5,46
13406,3,84,21,31,196
13407,97,579,359,424,1715
13408,103,235,110,1425,1936
13409,39,158,55,119,618
13410,19,10,33,24,126
13411,59,228,115,238,955
13413,1223,2082,359,1288,5205
13415,0,0,3,0,14
13416,24,282,77,176,742
13417,49,163,101,180,1100
13418,7,0,0,70,90
13420,31,0,24,25,370
13421,453,1512,443,931,4011
13424,92,189,78,165,1056
13425,37,190,49,90,554
13428,129,143,52,82,463
13431,23,239,159,127,747
13433,5,321,77,109,540
13435,7,79,20,7,60
13436,4,4,0,17,35
13437,2,9,12,26,100
13438,28,311,106,159,907
13439,82,415,173,311,1432
13440,1023,4730,1391,2972,14594
13441,0,0,25,43,171
13450,0,4,0,115,131
13452,191,610,175,359,1654
13454,16,45,0,41,311
13455,0,17,8,0,27
13456,19,656,203,269,1440
13457,0,2,0,0,0
13459,40,299,53,219,698
13460,78,668,158,266,1534
13461,56,306,133,288,905
13464,2,208,21,78,309
13468,5,31,7,48,130
13469,16,132,91,216,622
13470,5,71,26,64,210
13471,71,385,44,93,713
13472,0,16,22,0,107
13473,13,212,11,50,342
13475,0,0,0,0,7
13476,28,334,95,275,1097
13477,3,215,104,186,647
13478,177,115,185,392,1097
13480,108,468,189,197,1159
13482,0,8,0,0,16
13483,0,44,13,72,177
13484,29,0,0,0,0
13485,5,277,91,159,652
13486,31,60,24,47,192
13488,0,0,6,7,61
13489,7,57,27,104,214
13490,0,116,66,70,474
13491,41,411,224,467,1586
13492,275,1286,497,941,4070
13493,5,297,120,205,806
13494,4,5,11,18,67
13495,38,257,132,106,961
13501,989,6336,1759,4209,15871
13502,629,4057,1113,4268,14051
13601,712,4731,1301,4043,16557
13602,0,0,3,2394,2798
13603,0,2587,280,2360,8267
13605,86,1046,265,302,2103
13606,0,346,61,82,705
13607,92,125,42,69,547
13608,14,187,120,183,773
13611,0,71,0,0,57
13612,47,297,125,135,1019
13613,99,226,143,218,914
13614,0,49,14,39,175
13615,30,34,18,15,180
13616,18,94,21,512,1007
13617,169,953,301,3812,6343
13618,21,205,80,106,542
13619,196,1324,548,1351,4608
13620,75,368,71,98,728
13621,3,77,0,82,223
13622,39,343,73,169,617
13623,0,0,0,0,9
13624,72,275,143,466,2008
13625,32,132,80,89,576
13626,17,225,122,169,795
13628,0,56,7,21,118
13630,53,189,108,202,632
13632,0,0,0,0,0
13633,0,70,25,31,108
13634,93,585,192,167,1266
13635,19,208,83,101,491
13636,2,43,16,3,59
13637,57,531,125,825,2619
13638,0,124,0,74,127
13639,0,0,0,0,0
13640,21,20,0,31,45
13641,12,0,0,0,0
13642,109,751,260,786,3130
13643,0,9,0,0,24
13645,0,0,0,0,0
13646,31,293,90,257,696
13647,0,19,0,55,55
13648,30,269,102,154,718
13649,0,0,7,0,7
13650,24,166,26,72,339
13651,3,4,0,0,0
13652,23,317,38,138,571
13654,39,372,109,324,826
13655,6,534,139,423,1062
13656,55,696,139,316,1192
13658,41,310,84,51,730
13659,0,34,20,39,152
13660,24,268,98,124,594
13661,49,243,160,162,746
13662,431,1936,593,1239,5851
13664,25,32,6,16,110
13665,0,115,17,22,220
13666,6,42,26,23,100
13667,74,460,120,181,1002
13668,59,404,134,116,868
13669,415,2292,737,1336,5976
13670,55,22,14,33,109
13672,0,47,23,10,80
13673,23,265,109,323,965
13674,33,46,0,0,54
13675,0,14,14,0,26
13676,514,1442,432,3384,7092
13678,0,0,0,47,47
13679,17,124,20,130,418
13680,4,272,66,169,554
13681,22,193,20,52,325
13682,4,82,39,113,301
13683,0,0,17,22,39
13684,12,150,33,86,372
13685,34,187,44,171,876
13687,10,25,8,18,152
13690,2,91,36,29,176
13691,6,364,136,300,1549
13692,17,20,0,0,48
13693,0,0,10,0,71
13694,53,115,8,47,340
13695,0,0,18,55,87
13696,0,0,0,0,104
13697,69,240,23,42,659
13699,0,0,25,1985,2021
13730,93,286,61,136,668
13731,27,42,22,4,309
13732,62,893,300,687,2766
13733,202,503,215,396,1526
13734,50,207,44,313,801
13736,62,226,85,109,644
13738,0,7,7,14,28
13739,24,33,11,52,281
13740,32,74,23,19,130
13743,108,379,135,316,1087
13744,21,212,18,163,553
13746,37,186,63,169,482
13747,0,0,0,0,0
13748,143,292,100,370,1349
13750,0,30,24,76,186
13751,0,40,0,11,64
13752,28,91,15,202,395
13753,123,424,152,1744,2721
13754,66,278,152,160,857
13755,37,88,20,37,272
13756,22,29,32,54,229
13757,6,168,5,16,347
13760,1900,4900,1671,3815,15592
13774,9,3,0,10,17
13775,28,137,57,163,620
13776,23,42,0,67,137
13777,7,42,44,13,143
13778,151,655,140,382,1815
13780,0,168,95,18,225
13782,26,47,20,46,196
13783,110,236,65,150,598
13784,0,41,0,8,78
13786,17,12,42,0,108
13787,27,431,83,167,661
13788,15,88,18,44,240
13790,576,1959,580,2169,7258
13795,35,229,164,127,1008
13796,14,71,15,29,224
13797,31,387,73,160,716
13801,19,103,57,160,496
13802,28,153,125,61,401
13803,97,749,152,341,1570
13804,15,17,12,34,77
13806,0,24,7,15,63
13807,30,164,19,96,444
13808,11,188,50,193,499
13809,19,137,83,289,909
13810,112,61,48,140,396
13811,41,444,208,293,1412
13812,78,302,166,136,850
13813,22,380,158,20,453
13814,0,7,0,0,5
13815,414,1358,495,1059,4672
13820,532,1566,498,6846,11887
13825,137,242,46,429,1041
13826,0,0,0,0,60
13827,394,1409,476,884,3911
13830,86,715,157,373,1659
13832,11,43,16,50,169
13833,15,759,232,351,1580
13834,0,0,0,0,0
13835,23,165,57,69,355
13838,90,513,171,352,1255
13839,25,261,27,37,242
13841,4,95,12,20,174
13842,25,12,55,67,207
13843,69,234,95,145,693
13844,4,71,20,37,195
13846,93,26,3,0,56
13847,0,0,3,0,3
13849,192,295,154,395,1663
13850,917,2692,561,3254,8369
13856,130,653,208,365,1963
13859,0,20,8,0,53
13860,0,50,0,0,105
13861,5,58,0,17,156
13862,117,538,113,477,1405
13863,4,56,14,31,147
13864,16,34,0,152,393
13865,279,534,291,473,1806
13901,477,2318,667,2060,7486
13902,0,0,78,6297,6405
13903,336,2077,696,1993,6941
13904,217,1415,429,675,3241
13905,1222,1870,589,6537,13480
14001,192,1360,222,620,2834
14004,327,1284,368,720,4203
14005,17,279,95,222,817
14006,214,1024,450,549,2802
14008,9,213,130,109,589
14009,169,563,254,524,1933
14011,201,639,305,504,3349
14012,20,447,130,127,988
14013,47,304,42,115,539
14020,841,2508,821,1810,8086
14024,26,326,88,55,507
14025,95,305,123,226,1172
14026,46,0,0,21,171
14027,0,0,0,0,0
14028,32,155,75,70,475
14029,0,0,3,0,3
14030,5,245,72,81,738
14031,473,1143,287,579,2751
14032,297,1584,491,815,3114
14033,18,143,11,68,367
14034,139,223,64,155,1022
14035,0,17,0,6,31
14036,140,361,149,361,1867
14037,31,83,27,79,283
14039,0,7,0,0,10
14040,23,248,60,148,636
14041,4,17,0,0,34
14042,129,525,192,319,1586
14043,577,2873,513,2093,8938
14047,106,400,77,387,2027
14048,375,1297,511,1450,5224
14051,298,2432,844,1189,6286
14052,568,1779,541,938,5120
14054,12,253,44,56,459
14055,154,104,63,141,459
14056,0,59,0,0,53
14057,225,912,345,458,2435
14058,10,432,77,151,773
14059,201,1169,377,618,3371
14060,3,28,5,28,85
14061,2,6,5,11,31
14062,77,446,135,193,1081
14063,554,1003,318,3155,5893
14065,44,269,93,246,607
14066,9,114,47,44,302
14067,84,457,196,403,1498
14068,610,1173,218,598,2402
14069,39,49,22,13,163
14070,150,910,246,546,2041
14072,346,2173,880,1570,7355
14075,1536,4785,1806,3579,14712
14080,139,457,161,352,1382
14081,108,355,94,290,823
14082,0,158,44,40,218
14083,0,0,0,0,0
14085,144,1284,519,434,2890
14086,905,3689,1336,2577,11872
14091,35,279,84,43,574
14092,734,772,691,572,3700
14094,1020,6078,1596,3991,18068
14098,48,451,105,267,1205
14101,105,214,84,112,511
14102,15,178,100,74,534
14103,184,1292,393,857,4013
14105,77,598,95,418,1764
14108,129,653,71,413,1624
14109,0,0,54,1164,1218
14111,31,416,186,174,1105
14112,0,0,0,14,28
14113,7,54,29,49,256
14120,1269,4189,1494,3338,15460
14125,67,333,256,246,1300
14126,0,33,49,49,202
14127,1018,3603,885,1847,9591
14129,28,147,78,93,434
14130,0,32,12,2,39
14131,193,490,181,364,1497
14132,88,1089,179,625,2172
14134,5,5,7,0,24
14135,12,19,0,28,33
14136,252,476,222,392,1908
14138,12,232,91,129,724
14139,40,455,138,92,692
14141,154,938,225,512,2384
14143,17,177,27,72,391
14145,11,58,29,96,392
14150,1389,3925,1387,3006,16466
14166,0,0,0,36,36
14167,15,153,64,205,705
14168,3,0,8,13,32
14169,0,0,0,0,47
14170,16,372,62,63,534
14171,40,131,17,81,378
14172,97,350,122,184,1000
14173,0,29,42,0,59
14174,72,673,218,310,1642
14201,101,1790,449,1221,6097
14202,46,274,19,298,1696
14203,78,102,41,310,1435
14204,340,728,181,597,2866
14206,287,2717,847,1681,8791
14207,265,4688,1265,2610,11515
14208,442,981,525,2517,5904
14209,253,464,150,1704,4649
14210,327,1705,470,1090,5591
14211,198,4425,1095,1927,8993
14212,148,2216,585,938,4799
14213,213,3441,1158,2361,11396
14214,286,2290,571,5018,11753
14215,808,6032,1670,5993,19197
14216,318,1697,502,2110,11655
14217,540,2515,661,1771,8542
14218,377,2223,667,1619,7900
14219,196,911,345,714,3720
14220,399,2656,872,1736,9069
14221,3421,5611,1965,3784,17621
14222,171,788,309,2789,9322
14223,491,1945,1064,1141,8883
14224,1138,3725,1673,2994,14480
14225,964,3791,1200,2559,14152
14226,766,3557,1023,3127,11855
14227,906,1725,363,1728,7266
14228,443,2679,981,3984,12676
14260,0,0,16,795,812
14261,0,0,218,4529,4818
14301,271,1148,537,818,4601
14302,51,0,0,0,0
14303,310,1040,203,575,2290
14304,996,3239,929,1693,10344
14305,158,2028,603,2206,6758
14411,290,1135,533,985,4929
14413,0,0,41,0,124
14414,169,789,310,467,2245
14415,5,30,0,15,57
14416,107,347,192,413,1465
14418,5,132,13,8,224
14420,347,1952,553,4768,9587
14422,40,201,79,73,594
14423,78,566,143,435,1699
14424,808,2663,1226,2448,10364
14425,124,1907,439,899,5246
14427,57,200,48,93,476
14428,191,573,392,518,2142
14432,205,985,171,447,1811
14433,61,640,115,409,1369
14435,36,200,86,86,595
14437,174,898,443,1007,3283
14441,6,69,25,29,204
14445,142,765,214,860,3278
14450,1047,5543,1376,2347,13672
14453,0,0,0,0,0
14454,214,744,221,4927,6753
14456,404,1851,513,3670,8014
14462,4,151,19,50,258
14463,0,43,7,17,145
14464,66,589,245,470,2390
14466,10,119,71,80,510
14467,251,1164,346,621,3583
14468,292,2601,1059,1342,6911
14469,131,579,233,334,1652
14470,164,770,301,601,2516
14471,134,239,37,158,643
14472,194,1211,474,517,2965
14475,0,36,9,16,87
14476,20,359,92,143,859
14477,14,73,74,184,537
14478,0,33,21,765,964
14479,0,0,11,0,28
14480,0,11,0,174,306
14481,70,242,75,83,556
14482,183,1049,171,748,2996
14485,93,393,159,556,1620
14486,0,22,21,14,63
14487,143,623,268,317,1763
14489,198,803,221,636,2478
14502,162,1298,396,868,3566
14504,38,155,59,98,625
14505,79,687,81,363,1565
14506,48,48,24,9,119
14507,61,77,21,73,259
14510,172,578,93,330,1605
14511,13,81,20,65,209
14512,95,477,234,501,1568
14513,367,1574,517,1062,4928
14514,314,543,341,436,2184
14515,0,0,0,0,25
14516,43,324,119,404,1059
14517,41,360,105,145,1127
14519,208,1679,584,632,4093
14521,55,393,119,271,1399
14522,490,985,207,754,3040
14525,60,314,88,195,866
14526,831,2527,607,1265,5866
14527,415,1443,492,982,4022
14529,17,0,0,0,0
14530,239,1122,311,423,2454
14532,83,561,81,265,1276
14533,40,207,50,117,670
14534,1387,4661,1519,1644,9507
14536,9,51,21,50,247
14537,0,0,0,36,54
14539,0,0,38,40,78
14541,21,494,86,354,1705
14542,0,0,0,0,0
14543,154,301,174,156,823
14544,41,396,57,186,729
14545,0,9,0,0,31
14546,71,304,102,312,1958
14548,81,422,77,327,1397
14549,0,0,13,15,92
14550,31,210,34,87,362
14551,224,393,107,276,1255
14555,23,81,4,48,291
14556,0,0,0,79,714
14557,0,5,0,14,42
14559,563,2338,683,1335,6201
14560,36,241,69,209,691
14561,52,287,93,122,726
14564,435,2014,834,881,5081
14568,55,832,368,427,2089
14569,164,470,189,536,2332
14571,9,29,25,107,425
14572,85,958,231,333,1710
14580,1556,6696,1961,2861,17687
14585,12,0,0,0,9
14586,65,1846,295,1809,5660
14588,0,0,0,0,0
14589,113,870,304,650,2931
14590,265,647,287,338,1773
14591,12,130,24,80,570
14592,0,0,10,0,29
14604,23,36,0,405,1633
14605,186,1830,438,1562,4655
14606,386,3638,1137,2081,10553
14607,249,452,106,3127,11535
14608,66,1526,537,1324,5707
14609,782,4632,1505,3382,18326
14610,1060,1158,370,966,5814
14611,175,2562,860,2276,7284
14612,936,4034,1379,2304,12682
14613,38,2824,1042,1780,6698
14614,0,0,13,153,766
14615,225,2432,844,1630,8119
14616,820,3930,1391,1999,10495
14617,612,2840,929,1057,7601
14618,657,3157,1022,3602,9120
14619,105,1905,414,1258,5430
14620,888,1207,343,3855,13769
14621,840,5064,1149,3146,13249
14622,307,1291,326,706,4135
14623,423,1482,495,9652,16467
14624,939,4326,1479,2606,13952
14625,321,1007,339,576,3217
14626,1403,2334,1159,2038,10246
14627,0,0,75,2801,2892
14642,0,0,0,0,0
14701,1094,5097,1273,3165,14343
14706,159,734,202,555,1871
14707,0,9,2,3,27
14708,12,8,12,1,75
14709,15,134,53,108,438
14710,59,518,109,238,917
14711,6,297,93,212,743
14712,120,187,134,222,878
14714,89,77,16,49,171
14715,59,277,78,216,944
14716,79,257,69,224,1197
14717,9,32,7,21,94
14718,34,204,157,221,723
14719,78,415,132,291,1136
14720,8,72,110,51,344
14721,0,13,0,23,40
14722,50,0,14,78,98
14723,50,106,33,49,320
14724,43,711,186,251,1066
14726,37,719,169,237,979
14727,70,645,237,258,1559
14728,15,154,38,69,369
14729,5,90,35,104,374
14731,46,55,53,52,312
14732,0,5,0,0,0
14733,32,367,100,202,1016
14735,89,505,128,187,790
14736,8,3,0,0,35
14737,106,579,85,219,1203
14738,3,386,150,220,1350
14739,21,379,92,167,829
14740,85,104,66,81,299
14741,44,303,95,116,678
14742,0,0,0,0,0
14743,23,219,129,211,773
14744,70,217,100,894,1279
14747,58,262,72,135,680
14748,20,48,33,34,157
14750,267,399,294,272,1342
14752,26,64,0,0,0
14753,18,106,49,55,337
14754,38,49,2,51,152
14755,88,333,106,214,1078
14756,0,0,0,0,0
14757,135,291,100,392,1097
14760,376,2219,704,1282,6223
14767,25,387,121,187,864
14769,0,6,20,126,199
14770,41,420,144,221,1030
14772,58,477,168,296,1320
14774,0,72,24,12,82
14775,37,406,118,268,1053
14777,9,91,56,71,251
14778,2,0,17,1350,1369
14779,183,963,264,504,2461
14781,38,210,93,70,548
14782,31,225,64,63,571
14783,0,26,0,0,34
14784,15,44,13,54,230
14785,0,0,0,0,65
14787,79,776,42,156,1083
14788,21,1,3,1,15
14801,95,837,297,329,1941
14802,37,72,57,3735,4023
14803,32,248,34,89,653
14804,17,243,72,157,514
14805,10,45,15,51,174
14806,52,265,96,122,678
14807,61,397,149,212,1072
14808,16,61,54,13,172
14809,68,506,68,233,1052
14810,467,1048,263,727,3488
14812,50,397,142,305,1177
14813,56,227,119,184,763
14814,49,227,124,103,652
14815,14,86,29,26,189
14816,17,75,13,0,137
14817,33,381,126,169,1213
14818,26,118,44,85,377
14819,14,140,24,18,236
14820,5,51,16,38,188
14821,78,516,128,290,1111
14822,24,103,14,47,202
14823,158,497,166,299,1231
14824,9,104,7,93,303
14825,20,87,59,97,256
14826,25,243,96,141,654
14827,0,0,0,0,0
14830,331,2333,655,1607,7345
14836,38,51,13,56,243
14837,59,924,228,411,1863
14838,101,241,136,166,703
14839,4,56,19,51,195
14840,34,208,43,88,505
14841,15,107,0,0,220
14842,0,61,25,95,354
14843,507,1188,525,920,4464
14845,1196,2050,727,1610,6860
14846,8,213,17,80,327
14847,44,317,76,198,746
14850,1433,4341,1452,21816,38487
14853,0,0,4,2175,2202
14854,0,0,0,0,0
14855,12,140,41,90,322
14856,0,0,0,0,0
14858,33,176,49,89,470
14859,5,139,68,96,397
14860,16,110,42,39,261
14861,33,99,32,57,261
14864,32,125,40,26,328
14865,135,273,123,168,872
14867,6,584,241,273,1796
14869,12,158,53,63,541
14870,192,1101,422,720,3674
14871,224,397,184,225,1314
14872,0,86,13,13,156
14873,23,287,78,117,630
14874,0,42,0,12,23
14877,9,68,21,136,269
14878,3,172,89,37,279
14879,33,296,48,128,801
14880,25,115,31,169,469
14881,0,0,0,8,64
14882,1,634,145,154,1193
14883,120,657,137,407,1641
14884,9,40,1,28,94
14885,9,123,14,52,159
14886,134,769,235,432,1881
14889,28,161,60,66,414
14891,243,381,111,342,1509
14892,218,875,247,549,2600
14893,0,21,0,0,13
14894,9,173,18,92,638
14895,406,780,249,959,2980
14897,10,100,16,39,284
14898,31,144,105,256,595
14901,211,2094,474,1930,6215
14903,94,687,390,598,2544
14904,273,2106,376,1289,5879
14905,82,1059,413,544,3180
15001,743,3493,903,1859,10732
15003,227,1488,379,809,4124
15004,0,0,22,36,160
15005,324,748,338,737,3053
15006,0,50,15,29,98
15007,86,32,0,0,56
15009,515,2027,618,689,4998
15010,1011,2999,1276,2933,10790
15012,551,1421,417,1111,4877
15014,36,260,51,309,1095
15015,26,187,84,53,378
15017,820,2123,469,912,6125
15018,7,38,38,55,258
15019,92,150,38,93,504
15020,0,0,0,52,248
15021,213,647,274,633,2256
15022,464,1089,455,789,3479
15024,252,828,239,587,2953
15025,732,2126,577,1032,5677
15026,48,555,51,448,1405
15027,85,210,83,110,744
15028,15,8,2,15,45
15030,15,184,10,59,328
15031,0,27,14,48,230
15033,78,723,152,118,1341
15034,88,46,41,167,601
15035,78,174,72,120,730
15037,428,1240,214,683,3271
15038,0,20,28,0,68
15042,309,830,186,474,2229
15043,7,223,70,224,657
15044,771,2886,1387,1981,8939
15045,49,437,168,336,1796
15046,89,274,86,136,723
15047,18,0,0,21,51
15049,24,56,11,40,200
15050,5,308,84,143,825
15051,0,47,13,8,120
15052,44,329,128,215,1111
15053,0,0,0,0,14
15054,27,0,15,25,260
15055,24,32,0,27,350
15056,6,130,43,61,402
15057,332,2762,802,1007,6081
15059,125,562,232,283,1492
15060,13,80,59,98,345
15061,264,1620,327,826,4538
15062,252,716,217,492,2174
15063,526,862,371,860,3568
15064,0,13,2,18,127
15065,284,940,475,766,3921
15066,246,1137,456,998,4311
15067,55,210,20,164,752
15068,1247,3428,1352,2724,11783
15071,124,1486,452,756,4538
15072,0,0,0,0,6
15074,272,720,283,777,3040
15075,0,0,0,0,19
15076,69,49,0,36,254
15077,21,17,10,26,101
15078,30,89,0,10,58
15081,10,5,6,34,103
15082,0,51,0,0,78
15083,18,72,40,4,180
15084,394,987,368,737,3324
15085,202,762,279,551,2568
15086,0,110,19,0,170
15087,0,2,1,21,49
15088,11,40,31,49,149
15089,165,454,150,273,1812
15090,278,3644,1144,1592,9366
15101,646,2853,1042,1485,9008
15102,961,3444,1012,1426,9762
15104,195,711,351,781,3211
15106,665,1817,287,1042,6992
15108,932,5129,1379,4164,16759
15110,105,748,313,592,2109
15112,37,467,85,202,1164
15116,438,1684,426,548,4632
15120,837,1660,413,1613,6540
15122,520,2324,707,1279,6154
15123,0,1,0,1,2
15126,146,742,166,448,2686
15129,149,1049,383,607,3393
15131,612,925,266,559,2606
15132,795,2372,762,1082,6747
15133,105,666,258,245,2118
15135,158,506,239,420,1659
15136,371,2451,1157,1220,8550
15137,347,871,321,647,3270
15139,249,724,143,198,2113
15140,69,401,79,254,1097
15142,0,203,24,155,558
15143,1150,3017,868,1222,6350
15144,90,333,172,179,1239
15145,185,713,248,611,2181
15146,833,2658,917,2233,10113
15147,1106,1436,492,825,5121
15148,42,338,70,146,941
15201,408,490,242,781,7519
15202,510,1728,478,1256,8944
15203,160,404,102,2528,7444
15204,172,687,247,660,3620
15205,420,2266,752,1638,10121
15206,895,2479,557,2417,14700
15207,392,1095,267,697,3778
15208,177,1370,253,627,3459
15209,204,954,429,771,4657
15210,284,3391,1206,2227,11299
15211,170,322,167,1079,5618
15212,572,1997,570,1866,12042
15213,496,392,285,20052,24004
15214,350,1752,397,1568,5879
15215,389,1592,707,644,4553
15216,675,2296,875,1341,9577
15217,513,2831,897,3004,12168
15218,182,1434,489,906,6053
15219,160,1257,312,1312,4884
15220,427,1670,308,807,8092
15221,741,2803,561,2180,11449
15222,15,73,14,1627,3893
15223,131,546,108,487,2650
15224,258,478,295,974,6409
15225,21,52,28,103,376
15226,572,769,426,924,5373
15227,819,3064,994,1693,11241
15228,323,2902,1010,747,6460
15229,348,1539,383,1019,6168
15232,313,474,94,2954,8395
15233,25,216,41,294,1428
15234,326,1763,216,990,5739
15235,946,4007,1098,2349,11984
15236,1122,2916,1199,1852,11565
15237,1420,5101,1424,2582,15726
15238,510,1630,519,538,3575
15239,654,2692,683,1079,7084
15241,1096,3120,1003,1408,6683
15243,791,1659,346,500,3530
15260,0,0,0,0,0
15275,0,0,0,1,3
15282,0,0,44,4043,5352
15290,0,0,0,0,0
15301,1606,5174,1482,4313,17397
15310,4,16,2,6,64
15311,6,47,19,76,253
15312,48,443,228,279,1493
15313,11,49,32,27,137
15314,95,434,146,274,1185
15315,0,136,41,100,290
15316,0,58,0,5,51
15317,1059,5587,1604,2537,15811
15320,79,666,150,331,1525
15321,20,259,91,234,800
15322,31,141,153,122,691
15323,81,390,100,358,1295
15324,7,81,32,63,276
15325,0,0,0,0,94
15327,7,111,56,116,473
15329,11,168,49,146,509
15330,26,520,89,382,1517
15331,3,108,47,31,235
15332,104,639,194,1037,3124
15333,4,158,46,192,565
15334,0,77,61,54,189
15337,8,54,26,36,189
15338,0,215,51,103,575
15340,23,97,54,55,348
15341,6,103,42,27,244
15342,96,635,159,181,1729
15344,41,252,24,150,553
15345,38,146,23,153,450
15346,8,45,34,10,159
15347,0,0,0,22,22
15348,0,0,20,0,35
15349,32,134,52,158,575
15350,83,40,25,93,186
15351,0,157,59,21,430
15352,19,79,15,115,272
15353,0,3,3,4,13
15357,68,64,31,78,492
15358,8,121,25,215,445
15359,1,24,29,6,128
15360,30,146,57,178,651
15361,0,0,12,0,32
15362,8,56,37,49,282
15363,17,39,0,33,225
15364,11,70,29,72,240
15365,5,33,11,16,70
15366,0,0,12,12,24
15367,31,1738,527,634,2856
15368,20,25,38,14,141
15370,316,1216,382,1772,5490
15376,53,136,67,132,489
15377,12,87,31,32,158
15378,0,0,0,0,0
15379,0,7,12,3,30
15380,14,110,14,42,221
15401,925,3266,1045,1939,10281
15410,18,133,0,97,440
15411,1,93,21,55,225
15412,8,11,0,26,69
15413,0,32,8,27,60
15416,0,19,0,63,240
15417,179,686,243,953,2770
15419,221,208,85,1875,2426
15420,0,56,32,0,88
15421,9,0,0,0,12
15422,0,65,13,29,142
15423,17,314,124,181,639
15424,55,176,55,139,544
15425,558,1872,761,1507,6333
15427,16,96,17,47,303
15428,50,240,121,73,609
15429,0,91,12,0,129
15430,11,36,12,17,105
15431,115,426,130,270,1214
15432,28,39,8,16,132
15433,19,0,0,19,19
15434,6,11,25,23,123
15435,8,0,0,0,0
15436,71,318,29,99,723
15437,44,236,33,342,1269
15438,34,253,104,91,733
15440,0,23,27,0,74
15442,87,128,86,155,775
15443,0,81,0,8,123
15444,0,108,111,137,600
15445,201,270,118,99,950
15446,0,0,0,17,17
15447,0,146,0,0,54
15448,8,9,0,19,45
15449,54,190,21,23,92
15450,0,14,0,75,1364
15451,55,175,0,29,134
15454,0,39,39,42,81
15455,37,58,42,12,131
15456,16,111,18,276,622
15458,99,518,26,80,532
15459,68,245,143,130,725
15460,6,29,8,7,57
15461,126,504,135,200,1337
15462,0,42,23,36,100
15463,0,0,56,22,78
15464,77,114,38,147,549
15465,0,87,0,6,45
15466,20,103,49,36,172
15467,0,9,0,12,25
15468,47,117,156,211,1008
15469,244,352,85,48,579
15470,8,64,33,22,146
15472,0,0,0,9,14
15473,70,321,42,262,979
15474,40,456,167,203,1022
15475,17,48,42,175,366
15476,0,0,0,0,8
15477,15,77,26,54,346
15478,43,622,173,553,2154
15479,23,213,40,112,613
15480,41,138,36,47,389
15482,4,19,10,0,108
15483,3,9,0,9,106
15484,0,93,18,218,584
15486,82,149,62,147,548
15488,58,11,0,0,11
15489,17,34,16,32,127
15490,0,43,18,8,126
15492,0,96,0,0,32
15501,532,1422,593,1141,5973
15502,11,0,0,0,18
15510,0,0,0,162,1484
15520,0,0,0,93,122
15521,68,190,52,169,595
15522,410,838,469,745,3616
15530,354,597,165,256,1366
15531,97,350,128,282,1210
15532,0,23,2,6,52
15533,22,213,47,109,451
15534,30,92,34,102,272
15535,29,225,100,202,636
15536,8,13,4,30,96
15537,343,802,339,583,2584
15538,26,81,5,48,179
15539,0,42,0,0,29
15540,10,35,13,4,107
15541,71,383,73,221,985
15542,4,135,32,47,257
15544,0,15,23,29,73
15545,80,276,58,183,822
15546,89,186,19,23,240
15547,51,16,68,15,448
15550,73,210,41,130,563
15551,10,84,20,42,156
15552,114,647,202,513,1900
15554,78,148,16,173,709
15555,0,4,3,12,29
15557,139,411,153,300,1157
15558,37,286,155,280,874
15559,25,231,56,220,765
15560,8,28,3,10,51
15561,0,17,0,10,47
15562,4,39,12,23,79
15563,62,287,35,205,732
15564,0,9,5,0,29
15565,0,0,0,0,0
15601,2353,5374,2147,5409,20023
15610,147,217,47,369,1123
15611,2,15,2,20,80
15612,8,30,0,49,173
15613,307,1258,315,845,3938
15615,0,0,0,0,20
15616,9,72,0,0,33
15617,4,21,9,21,71
15618,74,123,111,359,798
15619,0,16,12,0,38
15620,0,93,17,25,180
15622,41,81,52,128,366
15623,32,76,0,0,264
15624,3,0,0,106,133
15625,0,0,0,0,0
15626,147,352,252,293,1609
15627,154,597,133,372,1853
15628,14,6,0,14,132
15629,25,57,19,85,234
15631,9,46,28,69,321
15632,203,1198,288,584,2921
15633,0,104,34,0,215
15634,6,16,0,20,89
15635,0,0,0,0,62
15636,43,397,76,399,1307
15637,43,169,72,49,589
15638,0,0,0,0,0
15639,64,186,47,114,680
15640,8,48,0,57,165
15641,14,64,15,58,186
15642,1525,5944,1777,2872,15024
15644,472,2019,606,894,6092
15646,0,32,9,22,59
15647,0,19,0,0,18
15650,1021,2912,850,3784,9604
15655,0,2,7,7,34
15656,255,852,540,712,3204
15658,230,789,226,309,2171
15660,7,16,0,0,29
15661,17,199,0,50,464
15662,0,31,0,47,532
15663,3,69,5,4,155
15665,0,145,25,83,483
15666,551,1664,526,1012,4790
15668,634,1611,842,766,4219
15670,119,193,79,346,985
15671,21,154,0,46,248
15672,71,414,180,205,1207
15673,23,128,39,80,389
15674,14,38,0,0,62
15675,22,266,50,56,564
15676,0,74,12,30,292
15677,11,24,8,34,94
15678,0,69,0,87,174
15679,24,41,46,111,744
15680,4,16,16,11,117
15681,102,489,153,446,1650
15682,5,33,12,8,49
15683,251,908,196,543,2530
15684,0,52,0,26,90
15686,106,94,20,115,348
15687,9,98,48,41,308
15688,13,89,35,73,290
15689,0,1,0,9,19
15690,261,1281,532,688,3277
15691,0,105,89,0,134
15692,31,0,0,50,422
15693,28,29,0,0,30
15695,0,33,0,0,92
15696,6,10,2,27,90
15697,50,376,93,322,1059
15698,155,80,0,11,129
15701,1067,2468,1004,6428,14584
15705,0,0,29,3178,3218
15710,9,21,10,0,58
15711,10,40,16,21,112
15712,0,19,0,0,16
15713,0,56,0,0,77
15714,132,788,139,425,1468
15715,6,78,10,34,200
15716,12,19,12,29,122
15717,318,754,192,605,2987
15720,5,47,42,29,112
15721,7,11,1,5,43
15722,49,359,81,245,766
15723,0,0,0,0,11
15724,64,182,146,152,785
15725,49,88,31,127,338
15727,12,18,3,34,85
15728,46,651,174,151,1130
15729,37,49,27,34,296
15730,2,15,13,0,33
15731,11,0,0,73,99
15732,29,153,75,128,439
15733,18,35,7,10,31
15734,13,0,14,0,67
15736,14,35,1,6,83
15737,4,4,0,0,30
15738,0,13,14,9,54
15739,0,51,14,23,171
15741,4,3,0,0,27
15742,41,180,35,158,373
15744,0,4,0,5,28
15745,0,16,0,15,70
15746,4,10,0,19,40
15747,35,153,84,169,596
15748,113,665,195,859,2452
15750,16,42,10,21,76
15752,0,19,0,0,23
15753,2,64,17,18,133
15754,0,127,24,23,246
15756,2,36,10,1,64
15757,50,143,22,84,360
15759,50,314,129,350,988
15760,3,15,12,10,38
15761,0,26,5,35,74
15762,28,119,97,67,305
15763,0,0,0,0,0
15764,6,30,18,7,37
15765,43,209,42,153,422
15767,321,1676,542,1278,4703
15770,5,6,10,4,62
15771,19,78,48,125,303
15772,59,176,80,323,698
15773,7,32,37,9,121
15774,34,305,69,223,835
15775,0,4,24,49,280
15776,0,0,0,0,11
15777,0,0,0,0,0
15778,3,51,12,67,125
15779,0,56,2,33,262
15780,0,4,0,9,25
15781,3,3,3,0,22
15783,0,0,0,5,16
15784,0,4,2,0,7
15801,742,2336,710,1713,7054
15821,0,0,0,0,20
15823,32,160,55,56,366
15824,161,662,175,282,1648
15825,364,1112,321,693,3434
15827,0,0,0,100,118
15828,3,19,5,6,27
15829,17,152,63,73,426
15831,0,0,0,0,13
15832,1,5,4,3,43
15834,177,450,120,272,1177
15840,18,139,86,139,627
15841,19,86,16,0,50
15845,91,294,129,255,991
15846,100,379,131,326,1025
15847,0,6,7,24,52
15848,8,119,44,78,300
15849,38,163,92,77,429
15851,105,942,301,496,2252
15853,210,890,339,422,2148
15856,20,72,12,35,206
15857,326,1315,331,834,3832
15860,26,94,45,85,388
15861,1,0,0,3,21
15863,10,12,7,10,56
15864,118,220,89,120,660
15865,42,89,20,61,292
15866,0,55,13,19,74
15868,35,194,35,138,533
15870,23,98,31,59,395
15901,103,379,208,182,1221
15902,211,1271,425,951,3980
15904,907,1201,425,2632,6043
15905,624,2227,778,973,6193
15906,303,1482,323,599,2751
15909,281,499,198,278,1636
15920,37,43,8,46,138
15921,0,25,25,2,68
15922,0,25,0,0,25
15923,30,244,72,62,455
15924,14,103,73,26,365
15925,2,14,4,13,36
15926,75,240,137,175,782
15927,35,0,28,56,208
15928,221,76,63,49,425
15929,0,20,17,26,78
15930,0,37,0,40,104
15931,449,829,334,814,3033
15934,0,0,0,0,0
15935,105,252,157,269,860
15936,52,73,60,98,352
15937,29,99,0,62,193
15938,47,228,119,174,756
15940,32,209,52,1353,2241
15942,22,271,58,73,608
15943,53,509,142,261,1047
15944,55,376,116,186,1018
15945,5,0,50,41,101
15946,274,686,222,396,2121
15948,14,130,66,14,247
15949,36,126,48,23,229
15951,0,0,16,29,228
15952,36,146,37,39,382
15953,0,63,0,0,57
15954,69,249,63,140,584
15955,10,179,118,127,720
15956,62,319,82,84,800
15957,8,61,17,44,139
15958,68,362,62,238,758
15960,10,10,0,6,43
15961,10,106,29,49,295
15962,0,53,13,29,149
15963,424,1137,340,647,3423
16001,1054,3822,1325,3016,13588
16002,304,1689,590,1138,4996
16020,6,124,65,109,413
16022,5,28,9,18,89
16023,517,380,160,358,1232
16024,3,21,4,34,133
16025,134,491,183,315,1528
16027,7,118,14,9,136
16028,66,245,101,105,704
16029,2,130,80,80,390
16030,2,49,8,27,115
16033,43,654,168,490,2296
16034,9,174,68,172,652
16035,3,11,0,6,60
16036,6,37,3,3,76
16037,76,490,169,308,1463
16038,65,259,102,309,1117
16040,7,153,81,129,498
16041,42,155,136,214,747
16045,9,142,26,67,373
16046,321,3201,805,800,6696
16048,5,32,0,10,62
16049,92,421,66,203,877
16050,16,118,32,32,307
16051,52,270,210,241,1134
16052,55,183,68,226,715
16053,54,223,145,170,1183
16054,11,16,17,34,98
16055,415,1074,280,302,2191
16056,186,603,158,229,1538
16057,128,1265,292,5734,8766
16059,238,1298,229,353,2784
16061,37,276,136,291,980
16063,442,954,452,502,3138
16066,508,4111,1070,1744,12353
16101,756,3685,1144,2110,10430
16102,141,644,90,333,1598
16105,637,1707,617,1163,5363
16110,7,44,0,31,117
16111,31,173,25,73,389
16112,50,206,90,139,557
16113,11,40,5,20,110
16114,19,55,53,29,159
16115,57,416,149,313,1147
16116,108,138,181,87,925
16117,447,1502,424,1247,5126
16120,48,283,62,127,591
16121,227,652,248,377,1393
16123,44,326,71,133,845
16124,34,252,48,142,532
16125,735,1722,587,1868,5979
16127,519,1563,643,3603,6906
16130,43,271,75,169,659
16131,20,117,15,46,274
16132,5,32,41,0,106
16133,19,191,130,85,564
16134,106,421,91,241,1048
16136,25,97,38,39,275
16137,300,1267,445,986,4803
16140,0,100,0,48,118
16141,30,300,79,61,534
16142,215,678,254,598,1926
16143,9,106,53,133,621
16145,53,254,122,167,915
16146,176,1370,329,1086,4516
16148,871,1657,677,878,5166
16150,290,706,261,457,2317
16151,0,9,0,8,27
16153,24,322,100,178,760
16154,11,120,36,89,530
16155,34,15,0,0,0
16156,44,586,201,170,1085
16157,91,173,97,240,948
16159,235,457,145,182,1213
16160,52,197,11,87,269
16161,6,23,1,26,190
16172,0,0,0,830,830
16201,626,1556,572,1018,5615
16210,12,117,20,18,197
16211,7,20,0,6,26
16212,3,8,5,0,60
16213,4,15,5,10,61
16214,116,760,157,2797,4986
16217,19,0,0,0,14
16218,19,162,73,140,461
16220,0,0,0,0,37
16222,75,523,41,299,871
16223,8,0,0,0,24
16224,8,84,31,44,248
16226,258,971,348,672,2674
16228,7,24,13,19,125
16229,93,651,282,412,1812
16230,8,52,18,20,153
16232,51,528,229,377,1563
16233,5,110,38,42,346
16235,12,227,40,75,482
16236,0,35,0,0,36
16238,3,58,23,31,133
16239,98,94,73,258,2078
16240,8,202,66,98,509
16242,181,572,112,292,1317
16244,6,34,5,16,81
16245,4,23,0,0,29
16246,0,45,2,15,49
16248,114,272,83,259,956
16249,48,201,82,135,593
16250,6,74,0,0,80
16253,3,8,3,14,54
16254,92,361,185,323,1310
16255,53,204,62,109,600
16256,29,556,155,318,776
16258,21,137,52,154,563
16259,49,221,71,152,701
16260,15,4,0,0,27
16262,101,290,63,111,794
16263,0,95,7,0,97
16301,386,1732,586,1218,5106
16311,2,47,7,27,115
16312,0,0,0,0,0
16313,40,130,65,158,552
16314,93,698,223,355,1681
16316,113,406,146,374,1488
16317,29,163,69,107,422
16319,56,124,35,54,260
16321,0,1,0,0,1
16322,0,1,5,6,21
16323,584,1511,487,972,4819
16326,0,84,0,7,63
16327,47,320,173,208,917
16328,4,27,8,4,73
16329,5,52,9,34,118
16331,0,0,0,27,45
16332,0,2,0,4,15
16333,11,8,4,24,53
16334,8,41,29,37,132
16335,776,2991,815,3553,9961
16340,23,213,85,97,613
16341,31,220,84,87,483
16342,28,199,58,156,577
16343,0,98,22,0,208
16344,5,72,29,36,214
16345,93,368,111,234,1082
16346,121,330,91,164,907
16347,41,178,81,192,598
16350,87,318,71,135,733
16351,62,178,26,195,530
16352,0,17,18,38,98
16353,103,128,30,168,553
16354,292,1183,461,902,3379
16360,27,199,44,137,467
16361,0,0,0,0,0
16362,29,57,40,53,259
16364,37,121,52,101,399
16365,560,1623,589,1182,5620
16370,0,99,3,17,70
16371,145,532,122,208,852
16372,0,59,20,28,178
16373,80,304,150,242,1047
16374,20,154,48,81,415
16401,75,494,136,311,1207
16402,7,38,72,59,261
16403,105,807,240,456,2767
16404,55,444,166,246,1085
16405,8,80,22,31,164
16406,118,371,88,188,1225
16407,304,1403,388,654,3635
16410,18,269,84,220,672
16411,20,135,52,104,470
16412,293,853,291,1209,4119
16415,249,1475,411,580,3253
16416,0,22,0,0,15
16417,140,709,526,701,2958
16420,8,36,7,14,111
16421,76,296,69,91,595
16422,0,41,21,4,41
16423,94,522,167,257,1193
16424,131,444,200,280,1306
16426,105,292,115,313,1112
16427,7,22,7,21,71
16428,235,1830,396,1075,4431
16430,0,29,9,0,9
16433,149,457,143,408,1753
16434,34,578,239,330,1180
16435,23,134,53,76,523
16436,13,122,14,39,231
16438,126,714,331,588,2325
16440,11,48,31,72,236
16441,67,1131,318,530,2773
16442,47,551,181,133,1095
16443,0,188,46,95,346
16444,0,0,0,998,1002
16475,6,0,0,70,1226
16501,54,32,0,345,642
16502,370,1966,600,2344,7070
16503,160,2158,923,2053,7735
16504,393,1718,405,2002,6740
16505,590,1303,706,691,5213
16506,696,2757,1012,1613,8170
16507,196,904,224,1878,4323
16508,347,1951,463,926,5810
16509,804,3172,940,2023,10435
16510,345,3683,1151,2176,9102
16511,353,1810,515,814,4042
16546,0,0,0,1120,1120
16550,0,0,0,0,0
16563,0,0,10,1520,1543
16601,629,3981,1057,3525,12585
16602,735,3399,936,2468,10069
16611,57,361,163,324,1042
16613,21,183,31,76,469
16616,4,24,3,6,23
16617,25,302,134,165,951
16619,0,84,24,19,114
16620,12,42,14,12,112
16621,12,87,15,77,226
16622,0,3,10,7,19
16623,45,43,31,38,152
16624,4,21,2,6,57
16625,48,456,190,229,1318
16627,107,167,62,202,727
16630,211,442,150,812,1933
16631,0,0,0,12,12
16633,0,80,13,26,147
16634,4,36,1,20,70
16635,481,1369,557,1000,4280
16636,21,192,57,43,343
16637,15,296,29,118,531
16638,1,33,0,0,18
16639,59,125,9,96,437
16640,31,89,14,30,246
16641,58,285,65,173,783
16645,5,4,1,45,67
16646,125,165,42,185,731
16647,16,174,48,39,280
16648,540,1471,412,764,4388
16650,8,239,95,48,585
16651,116,329,154,343,2507
16652,417,1259,376,2096,6357
16654,0,0,0,124,1293
16655,42,125,51,97,389
16656,19,111,33,143,438
16657,56,123,70,110,434
16659,4,48,0,4,43
16661,10,89,38,43,273
16662,285,726,213,366,1761
16664,10,394,99,220,770
16665,1,56,41,4,148
16666,87,232,118,164,784
16667,0,209,41,82,392
16668,62,391,139,233,1207
16669,39,348,75,169,641
16670,6,0,6,8,38
16671,12,27,13,36,142
16672,0,14,7,16,43
16673,86,569,236,447,1901
16674,17,72,22,27,213
16675,2,8,7,5,24
16677,0,19,9,65,122
16678,65,263,56,231,796
16679,30,58,2,18,133
16680,17,73,20,12,105
16682,8,0,0,63,117
16683,5,29,13,24,97
16684,0,0,0,0,30
16685,8,62,0,3,93
16686,391,1560,424,1190,4970
16689,6,31,13,52,129
16691,5,25,11,4,87
16692,26,196,17,75,321
16693,51,426,183,334,1632
16694,4,65,53,34,145
16695,22,147,16,72,342
16699,0,0,0,0,0
16701,370,1822,719,1729,6427
16720,59,178,54,52,334
16724,0,4,0,11,32
16725,0,33,0,0,17
16726,6,52,5,23,154
16727,3,27,0,0,97
16729,14,72,35,70,222
16730,0,0,0,0,4
16731,82,189,89,228,707
16732,0,4,6,6,23
16733,8,6,0,0,12
16734,5,4,15,10,52
16735,166,810,252,583,2174
16738,10,125,22,168,1131
16740,9,100,37,38,291
16743,43,612,141,311,1254
16744,0,20,0,28,105
16745,6,57,37,25,160
16746,19,94,37,52,366
16748,95,278,70,249,837
16749,141,545,146,350,1250
16750,11,30,46,34,141
16801,951,2710,1040,15598,26529
16802,0,0,307,12328,12700
16803,426,1727,505,6288,13785
16820,6,384,94,128,505
16821,0,42,0,35,91
16822,60,184,63,172,642
16823,832,2404,600,1303,10946
16825,0,15,14,24,149
16826,8,29,3,1,113
16827,59,540,79,291,1591
16828,86,655,137,151,1370
16829,3,66,47,49,219
16830,462,1633,524,969,5105
16832,7,36,10,14,90
16833,118,643,169,345,1774
16834,4,24,41,122,323
16835,3,16,16,24,92
16836,25,74,36,92,319
16837,0,0,0,9,32
16838,54,199,92,138,599
16839,0,63,4,28,188
16840,13,0,52,0,96
16841,103,1011,246,464,2444
16843,17,25,0,16,65
16844,17,186,92,220,936
16845,25,80,58,64,487
16847,0,4,0,17,186
16848,5,50,0,9,80
16849,0,0,0,0,0
16851,0,79,28,33,607
16852,0,40,10,3,38
16853,0,22,11,29,129
16854,32,90,24,72,276
16855,0,0,12,17,56
16856,0,0,0,0,0
16858,90,428,135,315,1140
16859,12,45,28,40,155
16860,0,20,18,0,23
16861,31,30,4,8,67
16863,18,51,5,31,147
16864,9,5,8,1,26
16865,44,64,42,151,535
16866,290,731,227,475,3487
16868,61,70,0,11,391
16870,53,1319,342,233,2351
16871,0,0,0,3,35
16872,18,321,116,146,520
16874,16,120,32,87,404
16875,79,589,160,137,1035
16876,4,3,2,16,91
16877,70,104,99,101,605
16878,29,242,79,61,571
16879,0,10,0,0,129
16881,16,156,79,169,812
16882,0,50,16,21,158
16901,443,1198,292,694,3427
16910,3,4,6,5,27
16911,39,11,11,23,56
16912,44,455,148,305,1123
16914,78,422,121,142,719
16915,225,608,226,432,1844
16917,35,122,55,100,375
16920,32,153,75,130,633
16921,13,66,11,15,145
16922,54,159,79,126,528
16923,30,136,41,59,324
16925,58,430,118,192,970
16926,21,149,18,76,270
16927,14,139,21,20,216
16928,53,162,73,179,555
16929,45,289,129,156,835
16930,10,130,58,110,386
16932,0,68,18,65,278
16933,156,579,174,904,2426
16935,14,98,44,83,377
16936,57,247,69,141,636
16937,0,6,5,18,35
16938,14,84,5,57,198
16939,0,13,0,42,79
16940,0,11,0,7,7
16941,9,14,1,9,22
16942,5,111,26,73,285
16943,15,11,9,34,87
16946,60,270,61,185,907
16947,217,499,101,313,1589
16948,26,295,90,135,556
16950,73,395,147,238,1024
17002,14,95,12,48,207
17003,350,1340,311,2623,5321
17004,260,887,346,287,1509
17005,6,29,9,17,78
17006,19,187,39,84,349
17007,34,970,234,523,2105
17009,17,176,87,50,624
17010,0,94,0,35,150
17011,1362,4365,1461,3250,16301
17013,947,3814,1381,5140,15702
17014,6,8,10,4,93
17015,565,2918,924,1794,8187
17016,246,15,0,0,358
17017,59,138,96,97,471
17018,163,387,114,108,1205
17019,459,2612,915,1213,6262
17020,169,908,208,435,2829
17021,61,63,31,26,231
17022,1755,3363,1157,3655,12236
17023,56,476,139,363,1242
17024,15,248,152,154,594
17025,235,2072,481,1341,6741
17026,40,438,208,199,1160
17027,0,65,0,2246,2377
17028,59,153,51,350,1360
17029,16,0,0,60,60
17030,22,76,23,16,123
17032,140,815,255,511,2182
17033,517,1795,822,1595,6127
17034,41,445,120,335,1012
17035,17,70,23,57,196
17036,314,3062,670,1421,7899
17037,15,184,59,128,413
17038,101,974,350,588,3393
17039,0,0,0,0,0
17040,41,345,96,149,827
17041,0,34,0,56,145
17042,1171,4720,1282,2838,13007
17043,49,328,65,525,2388
17044,540,2452,601,1479,6909
17045,94,508,230,273,1420
17046,417,3989,1554,2464,12182
17047,37,542,178,185,1089
17048,92,471,196,290,1367
17049,90,522,175,186,1030
17050,1069,5634,1554,2303,14836
17051,125,590,120,283,1267
17052,60,139,79,139,528
17053,95,597,161,422,1828
17054,0,90,16,24,83
17055,2062,4616,1399,2414,14383
17056,0,0,0,11,24
17057,755,1863,914,2796,9349
17058,72,165,146,179,636
17059,173,848,289,426,2597
17060,42,175,51,80,402
17061,253,796,319,458,2557
17062,54,492,209,365,1495
17063,18,355,140,371,1274
17064,16,92,11,43,254
17065,35,294,173,411,1543
17066,118,654,162,300,1782
17067,664,2534,786,1233,5337
17068,147,447,86,306,1388
17069,5,26,3,17,99
17070,282,1716,629,911,6093
17071,0,20,11,8,47
17073,108,1220,377,303,1914
17074,102,895,172,583,2495
17075,1,9,1,24,75
17076,0,0,0,0,43
17077,0,0,0,5,13
17078,1016,3383,1101,1881,8044
17080,8,42,16,26,104
17081,4,0,29,21,112
17082,43,375,156,338,1111
17084,81,510,264,452,1744
17086,75,225,76,220,724
17087,81,426,90,195,1047
17088,0,21,0,0,120
17090,0,498,107,453,1762
17093,10,38,20,445,523
17094,42,372,66,215,867
17097,14,117,56,52,254
17098,34,300,164,203,919
17099,8,6,40,82,345
17101,78,25,0,516,1560
17102,139,595,110,799,4280
17103,109,2676,603,1031,5293
17104,54,3988,733,1949,7366
17109,861,3216,1195,2659,10997
17110,762,3028,717,1546,9412
17111,756,4473,1065,3302,14377
17112,819,4499,1511,2238,13191
17113,248,1388,454,1191,4600
17120,0,0,0,0,0
17201,1211,3191,856,2242,10069
17202,843,3892,1013,2423,11617
17210,14,11,6,0,30
17211,12,28,21,25,110
17212,0,118,22,33,192
17213,4,59,36,52,207
17214,28,188,58,139,397
17215,0,11,9,13,45
17217,0,15,5,4,38
17219,5,74,7,21,144
17220,7,24,0,14,124
17221,14,54,8,26,134
17222,454,1214,297,674,2949
17223,11,34,11,52,102
17224,2,40,68,491,891
17225,444,2963,789,1114,7157
17228,24,164,44,73,429
17229,26,154,56,116,536
17232,0,0,0,0,16
17233,141,461,244,386,1700
17235,15,96,56,204,424
17236,151,883,241,517,2681
17237,42,95,36,433,856
17238,44,175,57,138,556
17239,9,33,17,3,56
17240,43,499,82,340,1166
17241,219,1458,449,1026,3803
17243,107,141,14,114,338
17244,25,268,83,151,681
17246,0,76,46,87,254
17247,178,0,0,0,0
17249,21,49,19,18,87
17250,0,0,0,0,0
17251,0,2,0,3,9
17252,76,628,259,232,1417
17253,7,48,23,43,185
17254,134,39,49,26,127
17255,17,92,33,108,351
17257,572,3473,1114,5356,12937
17260,34,98,23,55,268
17261,0,6,31,10,41
17262,0,67,37,93,294
17263,0,46,40,18,444
17264,54,243,71,176,706
17265,0,51,15,40,107
17266,11,26,7,56,149
17267,46,412,94,190,932
17268,841,4236,1506,1750,10427
17271,0,32,8,38,232
17301,36,539,189,455,1517
17302,101,176,9,265,929
17303,8,63,12,62,181
17304,21,428,81,226,1016
17306,13,52,12,69,227
17307,179,559,237,273,1819
17309,62,415,58,156,526
17311,25,6,0,2,35
17313,287,1766,195,710,3648
17314,84,921,286,350,2186
17315,697,2944,900,1527,8310
17316,90,1154,392,498,2653
17317,6,114,11,17,171
17318,0,33,0,43,94
17319,141,1256,252,705,4021
17320,203,851,318,474,2652
17321,62,235,76,202,717
17322,36,685,236,356,2300
17323,0,3,0,15,49
17324,115,498,85,132,1004
17325,815,2527,801,4636,11001
17327,82,1073,337,361,2609
17329,0,570,122,298,933
17331,1558,6471,2323,4535,19776
17339,122,723,246,737,2305
17340,235,1653,497,928,4219
17342,17,111,70,78,268
17343,0,0,0,0,23
17344,92,540,220,381,1561
17345,126,1015,104,600,2776
17347,167,911,315,328,2139
17349,344,856,342,556,2501
17350,298,1637,473,1293,4640
17352,15,157,44,211,496
17353,24,271,179,175,876
17355,4,17,30,48,142
17356,413,3030,764,1954,8586
17360,18,898,292,295,2239
17361,368,636,256,387,1760
17362,235,1479,732,754,4790
17363,176,906,410,728,2917
17364,82,368,269,246,1572
17365,85,299,36,149,790
17366,42,845,436,358,2524
17368,97,776,227,403,2229
17370,76,633,317,580,2261
17371,4,21,6,29,189
17372,40,463,170,291,1272
17401,162,2088,531,2970,8185
17402,997,5652,1366,2923,14584
17403,1293,5099,1622,5069,16527
17404,741,5293,1760,3011,15477
17406,497,2511,1061,1918,9245
17407,32,350,114,235,1066
17408,673,2459,996,1738,8282
17501,41,573,178,188,1570
17502,46,208,32,234,852
17504,0,19,0,30,39
17505,12,485,102,190,778
17506,0,0,0,77,285
17507,0,0,0,37,37
17508,0,233,130,31,328
17509,77,928,259,521,1944
17512,875,1930,707,1223,6678
17516,38,555,110,501,1559
17517,290,2152,675,1157,5411
17518,35,279,78,168,532
17519,103,928,299,572,2451
17520,121,713,229,63,1799
17522,1363,4224,1241,2901,13176
17527,45,882,278,629,2532
17529,41,896,347,775,2066
17532,0,501,61,228,1170
17534,0,0,0,0,0
17535,19,715,154,258,962
17536,19,666,254,210,1123
17538,63,828,232,312,2181
17540,171,1870,637,860,4179
17543,1628,5658,1830,3757,15390
17545,387,2472,762,1791,7706
17547,87,879,181,819,3611
17550,0,0,18,0,60
17551,249,898,394,3938,6129
17552,425,2542,339,1085,6608
17554,245,943,199,633,3150
17555,146,1107,465,653,2487
17557,646,2046,730,1411,5144
17560,80,795,242,801,1904
17562,24,796,311,392,1761
17563,47,675,138,329,1378
17565,52,375,53,162,554
17566,505,1716,563,1035,4436
17568,0,0,0,0,0
17569,105,1096,259,469,2405
17570,17,0,29,16,58
17572,122,589,174,417,1402
17576,0,60,0,0,0
17578,515,1536,607,493,2730
17579,205,1060,207,321,1965
17581,0,0,0,10,19
17582,25,168,68,103,575
17584,668,1106,687,825,4079
17601,1562,6710,2325,3592,19393
17602,1475,6411,1887,4703,21129
17603,1056,8785,2064,7373,29692
17606,151,0,0,0,0
17701,1408,4720,1356,6257,18169
17702,225,1082,537,813,3986
17720,7,21,10,3,42
17721,15,237,61,112,557
17723,1,7,6,0,19
17724,186,629,178,434,1558
17727,3,0,0,0,0
17728,110,479,100,212,1303
17729,3,5,0,0,13
17730,0,0,0,0,0
17731,0,3,2,9,26
17737,123,881,304,299,2120
17739,1,0,0,0,3
17740,300,1705,473,796,3816
17742,0,0,0,12,12
17744,55,289,161,110,910
17745,608,1393,452,3434,7875
17747,47,738,190,383,1209
17748,10,19,9,6,63
17749,8,26,12,20,91
17750,0,33,0,2,47
17751,198,968,340,641,2535
17752,52,694,170,300,1621
17754,468,1338,536,774,3912
17756,190,1479,395,684,4906
17758,9,67,21,37,322
17760,5,66,23,19,172
17762,3,41,11,29,134
17763,3,0,14,15,94
17764,51,230,76,196,687
17765,5,169,50,142,438
17768,14,89,29,31,122
17769,0,0,0,0,2
17771,59,403,120,159,918
17772,37,274,63,160,763
17774,24,151,31,64,337
17776,2,2,3,17,57
17777,116,982,280,408,2349
17778,2,21,0,0,35
17779,0,0,0,69,123
17801,416,2164,477,1407,5476
17810,37,431,63,276,2994
17812,48,195,43,62,419
17813,58,335,70,119,675
17814,63,408,180,464,1687
17815,706,2601,984,6936,14014
17820,179,583,196,324,1686
17821,618,2081,731,1302,6762
17822,0,0,0,0,3
17823,26,163,72,117,397
17824,115,258,287,121,1140
17827,65,106,31,86,243
17829,11,31,14,11,88
17830,40,188,66,187,645
17832,10,66,36,21,232
17834,128,213,157,254,1147
17835,0,55,30,0,67
17836,2,37,11,31,94
17837,974,1421,652,4373,8856
17840,28,15,0,0,164
17841,60,734,122,331,1352
17842,202,927,362,698,2827
17844,285,1459,422,920,3550
17845,89,355,131,170,679
17846,197,402,126,348,1254
17847,354,1395,344,1084,3971
17850,18,89,0,19,295
17851,239,656,316,558,2709
17853,44,458,158,252,1078
17855,14,99,31,32,291
17856,38,211,104,339,1069
17857,383,976,176,284,1987
17858,0,0,0,21,21
17859,85,279,87,175,868
17860,17,313,51,95,793
17861,0,9,0,0,47
17862,0,46,34,127,251
17864,32,365,126,281,943
17865,2,0,0,7,22
17866,189,525,245,680,4261
17867,8,41,10,8,59
17868,21,102,39,62,353
17870,456,1161,418,2823,6265
17872,226,1160,348,787,3199
17876,55,274,87,133,704
17878,76,160,37,108,438
17880,0,0,0,11,11
17881,17,126,37,94,558
17884,0,16,8,32,115
17885,3,26,12,2,58
17886,74,37,0,20,38
17887,0,320,0,0,328
17888,5,37,43,76,182
17889,32,368,181,307,1068
17901,916,2438,1077,1438,8011
17920,2,16,10,10,54
17921,152,487,52,412,2548
17922,26,582,307,326,1677
17923,0,0,5,8,37
17925,5,37,18,18,132
17929,34,150,40,130,566
17930,7,33,13,16,66
17931,205,645,247,468,4320
17933,0,0,0,0,20
17934,12,66,26,14,113
17935,57,228,42,43,531
17936,12,179,68,28,393
17938,0,186,63,142,1091
17941,24,106,26,40,268
17943,0,0,0,0,6
17944,0,0,5,15,106
17945,11,9,0,0,48
17946,0,20,32,7,91
17948,132,681,180,156,1376
17949,2,0,0,10,22
17951,0,28,14,72,189
17952,6,30,4,23,79
17953,1,33,12,30,98
17954,100,492,151,549,1645
17957,9,53,23,14,186
17959,18,203,85,112,493
17960,187,471,183,263,1227
17961,176,848,196,398,1905
17963,380,1062,404,566,2898
17964,31,191,31,40,255
17965,59,163,52,103,584
17967,46,239,87,164,724
17968,2,47,16,16,79
17970,101,288,98,243,1152
17972,286,1141,333,1260,4104
17974,0,35,9,71,203
17976,253,1062,177,609,1999
17978,15,177,52,73,268
17979,0,0,0,0,14
17980,68,297,116,341,1177
17981,109,309,81,184,882
17982,10,28,0,23,98
17983,76,241,61,200,579
17985,41,144,50,61,387
18011,17,869,149,449,2039
18012,0,0,0,0,0
18013,338,2392,843,1418,6717
18014,434,1724,506,1210,4341
18015,675,3075,1152,7580,17137
18017,1847,5022,1305,2793,13106
18018,995,2767,898,4165,14227
18020,705,1989,804,2428,7854
18030,6,41,26,46,283
18031,214,1918,624,373,4496
18032,183,885,508,957,4034
18034,199,958,333,1367,3439
18035,0,0,8,0,8
18036,443,1551,688,698,4656
18037,125,929,381,529,2370
18038,159,88,125,676,1176
18040,446,1807,715,1472,5865
18041,14,643,159,488,2020
18042,713,5122,1918,6047,20025
18045,1037,3079,1044,2012,10087
18046,0,45,0,0,97
18049,443,2029,680,1583,7038
18051,22,364,129,212,926
18052,721,3330,1219,2593,12154
18053,103,298,127,287,1047
18054,65,829,229,405,1913
18055,578,1276,530,573,3703
18056,5,148,121,335,801
18058,303,1074,298,723,3197
18059,0,31,22,44,123
18062,603,4392,1188,1728,8778
18063,0,12,0,0,36
18064,1198,3413,1264,1385,8905
18065,0,17,0,18,34
18066,97,521,134,494,1962
18067,437,2347,583,1034,6553
18069,233,1132,528,535,2664
18070,5,46,6,0,22
18071,151,1216,439,723,3847
18072,390,638,156,738,2568
18073,97,1331,460,1061,4042
18074,65,685,212,348,1719
18076,86,393,161,275,1138
18077,40,204,58,216,808
18078,151,1093,490,547,2526
18079,0,138,0,37,249
18080,135,1507,221,686,3914
18081,0,79,0,0,41
18083,6,49,36,77,254
18085,2,131,41,81,349
18086,0,112,38,0,104
18087,0,74,42,193,358
18088,223,901,323,565,2608
18091,121,448,259,462,2038
18092,95,418,84,125,802
18101,36,581,196,819,3207
18102,549,9281,2597,5719,22833
18103,1248,5290,1736,4502,19169
18104,1842,5016,1436,5549,18580
18106,247,970,199,280,1909
18109,312,2101,694,1941,8001
18195,0,0,0,0,0
18201,525,4277,1345,3385,12278
18202,371,1776,412,1383,4536
18210,55,567,279,456,2168
18211,38,121,17,18,219
18212,10,0,0,0,0
18214,49,176,58,162,678
18216,44,174,51,119,504
18218,115,275,92,222,871
18219,10,93,31,49,303
18220,14,38,2,29,101
18221,0,115,0,0,131
18222,229,1229,414,1140,3416
18223,0,0,0,0,75
18224,230,580,340,490,2109
18225,0,0,0,0,0
18229,133,834,376,567,2911
18230,9,13,11,41,52
18231,4,85,19,35,147
18232,119,557,114,540,1535
18234,0,0,0,0,138
18235,773,2107,634,1433,5877
18237,97,434,105,424,1370
18239,51,0,0,0,0
18240,47,538,187,228,1454
18241,53,0,17,15,54
18242,3,98,0,0,191
18244,4,25,6,9,107
18245,0,0,0,0,0
18246,3,21,18,17,104
18248,18,160,7,15,146
18249,86,399,102,147,1210
18250,69,440,55,168,1147
18252,282,1366,603,832,3743
18254,17,63,63,98,372
18255,157,629,138,221,1458
18256,0,0,0,0,60
18301,536,3278,1241,3972,11690
18302,226,2100,602,2100,6511
18321,0,217,90,174,666
18322,51,429,62,255,788
18323,0,0,0,0,0
18324,92,1106,701,579,3362
18325,13,369,94,139,1204
18326,55,168,124,415,1206
18327,5,44,18,100,216
18328,205,891,263,459,2386
18330,0,1139,449,626,2846
18331,31,16,15,11,145
18332,25,418,144,471,1330
18333,0,0,0,0,0
18334,30,338,350,357,2315
18335,8,77,120,121,485
18336,177,424,83,278,1374
18337,378,1662,540,1547,5491
18340,0,25,0,0,27
18342,9,143,0,178,331
18343,45,300,136,185,943
18344,23,400,196,241,1336
18346,60,343,113,180,800
18347,51,88,22,419,1247
18349,18,45,0,0,53
18350,0,11,0,0,63
18351,3,89,21,53,227
18353,236,968,246,726,3293
18354,74,86,12,0,345
18355,0,303,17,0,442
18356,0,0,0,0,0
18357,45,0,0,2,5
18360,846,3308,1320,1999,9953
18370,26,115,15,39,425
18371,24,44,0,18,203
18372,0,281,84,361,1182
18403,109,979,264,423,2174
18405,63,215,141,199,828
18407,424,1798,401,1105,5267
18411,705,2970,989,1761,7652
18413,0,0,0,0,0
18414,62,659,208,369,1809
18415,42,37,2,44,203
18417,22,44,36,36,210
18419,152,487,122,618,1572
18420,6,23,10,0,46
18421,206,445,162,252,1397
18424,46,616,206,198,1491
18425,34,55,23,44,338
18426,157,223,206,274,1011
18428,433,1048,345,1134,3568
18430,0,4,4,13,28
18431,490,1383,341,1074,4414
18433,230,613,369,344,2381
18434,51,536,122,177,1239
18435,0,20,0,54,149
18436,481,1118,436,1082,3986
18437,2,12,1,0,25
18438,57,111,10,56,267
18439,3,36,16,29,106
18440,8,0,0,0,12
18441,19,17,0,33,139
18443,8,57,22,0,133
18444,368,1800,649,788,4540
18445,53,278,67,115,698
18446,49,363,125,153,1051
18447,295,1055,282,765,3433
18451,17,16,31,34,150
18452,520,588,81,260,1339
18453,11,124,42,67,294
18454,3,0,4,0,8
18455,0,8,6,0,17
18456,3,18,9,22,104
18457,0,0,13,0,13
18458,45,407,179,179,1071
18460,3,0,0,3,16
18461,11,8,1,17,46
18462,15,66,24,50,175
18463,2,9,4,11,103
18464,85,76,88,56,455
18465,24,144,23,66,360
18466,280,2032,705,2337,7030
18469,0,18,0,10,88
18470,57,170,51,156,729
18471,10,39,13,68,159
18472,182,516,158,436,3183
18473,14,68,4,76,203
18503,106,0,18,269,732
18504,476,2489,822,1782,7321
18505,500,2686,1086,2208,8593
18507,273,337,141,288,2034
18508,335,1512,260,1102,4344
18509,517,1330,509,1781,6156
18510,399,1457,604,4188,7483
18512,363,1565,379,893,4773
18517,150,645,237,333,2016
18518,297,850,62,271,2660
18519,140,795,132,103,1554
18602,7,95,12,4,93
18603,741,1831,492,1767,6505
18610,37,552,139,666,1801
18612,614,1972,471,2209,7170
18614,55,122,18,81,459
18615,43,139,68,93,498
18616,42,52,21,9,214
18617,32,65,22,34,517
18618,19,270,74,157,1268
18619,4,7,0,5,29
18621,98,410,169,410,1940
18622,0,32,19,6,89
18623,31,241,86,131,684
18624,0,11,12,0,28
18625,0,0,0,24,64
18626,46,19,0,32,89
18627,0,0,0,0,0
18628,11,16,7,4,38
18629,61,199,56,131,557
18630,42,394,90,161,889
18631,55,120,35,97,383
18632,5,17,16,38,193
18634,352,1673,492,1355,4956
18635,190,389,94,232,1104
18636,36,143,55,118,470
18640,590,1958,453,958,5762
18641,95,1026,327,541,2610
18642,129,316,60,243,1125
18643,496,1341,466,849,4300
18644,249,781,278,274,2452
18651,184,1146,298,586,2650
18655,169,688,156,374,1551
18656,98,273,92,131,627
18657,351,1199,461,756,3735
18660,42,339,108,154,1099
18661,174,564,184,286,1553
18701,223,54,16,2090,2480
18702,968,4909,1977,3829,18113
18704,742,3111,980,2529,11805
18705,441,1632,487,1015,6153
18706,452,1901,717,1400,6031
18707,182,1947,1024,1286,5696
18708,153,789,248,648,2810
18709,52,177,163,235,969
18801,202,807,360,558,2465
18810,207,595,276,380,1820
18812,7,169,21,148,407
18814,9,16,7,17,62
18816,0,8,0,0,35
18817,0,26,0,18,35
18818,32,72,41,147,418
18820,0,5,0,7,44
18821,31,113,65,55,366
18822,66,327,94,206,891
18823,12,4,0,5,25
18824,13,130,20,61,306
18825,0,3,10,1,35
18826,73,123,67,158,535
18828,9,28,7,4,60
18829,11,61,37,54,201
18830,17,39,27,14,132
18831,29,94,68,51,289
18832,46,278,110,97,665
18833,110,162,69,166,614
18834,91,372,140,233,1024
18837,44,357,128,214,1047
18840,186,1681,442,1188,4388
18842,0,37,17,6,60
18843,0,3,0,52,126
18844,55,170,43,150,559
18845,25,60,5,3,123
18846,2,110,24,36,183
18847,183,748,167,328,1679
18848,374,1020,242,492,2644
18850,21,189,101,161,599
18851,10,57,15,29,144
18853,87,551,121,248,1208
18854,28,172,17,102,414
18901,1256,3222,1409,2839,9604
18902,207,3251,1313,1715,7299
18912,0,0,0,0,63
18913,0,42,12,0,39
18914,446,2584,1057,1958,7513
18915,13,218,92,52,448
18917,40,332,88,180,788
18920,0,56,0,21,122
18921,0,9,0,0,27
18923,0,153,165,10,587
18925,52,966,451,462,2235
18927,0,0,0,0,241
18929,123,1118,450,764,3567
18930,83,139,45,160,493
18932,0,37,0,0,50
18933,0,0,0,0,0
18935,0,0,0,17,135
18936,0,76,49,0,104
18938,384,1184,453,560,2781
18940,678,3821,1185,1699,9201
18942,87,144,47,142,580
18944,340,3385,1008,3262,10693
18946,36,21,8,63,169
18947,112,700,327,689,1919
18950,0,0,0,0,14
18951,745,4561,1855,2632,12597
18954,272,1184,539,832,3061
18955,89,167,35,115,474
18960,355,1351,429,719,3775
18962,0,78,6,4,86
18964,361,1655,697,808,5104
18966,1185,3960,1258,2744,11283
18969,451,1690,426,1328,5344
18970,0,47,26,45,255
18972,98,254,17,131,739
18974,2654,4426,1191,3198,14053
18976,708,2675,1052,1253,7091
18977,68,412,181,364,1113
18980,0,0,0,16,17
19001,330,2641,596,1058,6421
19002,871,4061,1384,2099,9994
19003,242,1741,419,1307,6352
19004,618,1831,256,307,2873
19006,1088,2797,1160,2234,7993
19007,479,2680,563,1704,9029
19008,632,2266,847,1480,6763
19009,56,76,53,231,463
19010,721,2625,897,3323,8767
19012,129,762,259,928,2793
19013,612,4506,1211,5166,15408
19014,380,1974,809,2493,8424
19015,444,2053,739,1392,6489
19017,11,0,12,0,134
19018,318,2588,824,1682,9625
19020,831,6132,1900,5656,23338
19021,72,957,565,876,3913
19022,11,370,90,408,1476
19023,448,4213,1148,2329,9285
19025,271,890,146,250,1983
19026,476,3541,1073,2661,13623
19027,478,2757,868,1890,7702
19029,132,424,110,332,1509
19030,175,1188,389,1118,4619
19031,204,447,235,447,1595
19032,144,1095,119,639,2551
19033,106,1021,251,513,3046
19034,192,1045,284,399,2431
19035,190,699,229,247,1167
19036,225,1305,332,1079,5377
19038,629,4113,1205,3420,12350
19040,613,2540,877,1662,8738
19041,488,483,241,1087,2107
19043,18,309,62,305,932
19044,100,2556,703,1949,7692
19046,1166,2433,596,1494,6086
19047,1252,3032,1289,3173,12206
19050,516,3239,631,2298,11116
19052,0,7,21,10,122
19053,308,3079,925,2290,9973
19054,265,2329,550,1377,7041
19055,246,1780,564,889,5503
19056,547,2090,761,1132,6245
19057,348,1637,944,2367,8622
19060,336,1555,491,903,3375
19061,473,2947,699,1676,7841
19063,1858,3769,1211,2990,13117
19064,653,3462,1015,1810,8671
19066,58,764,325,774,1976
19067,737,6806,2044,3398,18093
19070,113,795,148,464,2428
19072,131,1575,512,560,3166
19073,1125,2503,964,1324,6640
19074,69,652,293,531,2513
19075,164,1121,257,521,2713
19076,141,608,190,523,2714
19078,255,1390,404,782,4455
19079,240,1283,666,1028,3966
19081,315,1131,361,1815,4812
19082,267,6088,1574,4257,19434
19083,863,4896,1465,2127,13368
19085,65,731,301,5673,6861
19086,317,1760,553,825,4335
19087,464,4176,1655,4036,12928
19090,504,2202,687,1973,8066
19094,24,538,357,329,2059
19095,211,454,292,1220,3159
19096,715,2685,467,677,4575
19102,81,91,7,727,4083
19103,1157,775,148,2293,14494
19104,568,4450,947,22801,37382
19106,432,214,62,752,7136
19107,304,655,112,2826,10170
19108,0,0,0,0,86
19109,0,0,0,0,0
19111,1553,9124,3468,4481,26671
19112,0,0,0,0,0
19113,0,0,0,0,0
19114,652,3440,938,1613,12088
19115,1292,3188,882,2221,12100
19116,860,3834,969,1548,11247
19118,403,806,306,1025,3680
19119,811,3209,857,1890,10491
19120,311,11372,3337,6127,27842
19121,405,4575,1532,8786,20544
19122,137,1765,666,6906,14466
19123,290,600,458,1443,11843
19124,604,12084,3402,6147,30826
19125,99,1542,351,1376,15148
19126,511,2089,832,1446,7114
19127,42,81,1,834,4352
19128,1034,2447,952,2606,19447
19129,88,538,151,1133,6231
19130,539,1258,470,2345,17945
19131,766,5286,1201,6054,19642
19132,584,4252,900,2641,11973
19133,321,3448,1410,3159,11441
19134,250,10042,3495,5647,25324
19135,317,6232,1149,2050,13670
19136,745,4816,1824,3229,15587
19137,78,1187,229,434,2838
19138,664,4943,1613,2672,12966
19139,646,6321,1441,4788,20274
19140,757,7578,1712,5053,20651
19141,640,4550,1425,3232,13384
19142,134,4713,1828,2824,14107
19143,1335,8503,1394,6810,28187
19144,781,5578,1493,5839,21865
19145,914,4417,1428,3113,19512
19146,454,3775,513,2829,23252
19147,663,3238,408,1975,20568
19148,942,6183,1487,2557,22263
19149,365,9048,2655,4828,25283
19150,574,2443,481,1729,8373
19151,325,5236,1221,3345,14200
19152,1044,4114,1302,1936,13077
19153,133,1748,562,934,4888
19154,1030,4728,951,1607,12890
19301,335,1063,316,394,2465
19310,52,474,154,263,1105
19311,131,1956,421,1004,4214
19312,117,1579,951,964,3895
19316,0,0,0,0,18
19317,239,1504,524,976,3593
19319,0,128,56,210,351
19320,808,7557,2177,4271,20982
19330,59,732,343,415,1658
19333,214,1130,437,322,2748
19335,787,6986,2162,3237,18834
19341,387,2465,776,1200,8006
19342,1462,2535,1119,1318,6605
19343,163,1163,404,688,2780
19344,524,1884,453,1453,4464
19345,105,0,0,462,491
19348,888,3022,973,2309,7891
19350,108,1376,734,725,3460
19352,31,1526,449,2756,5068
19355,440,3990,1355,1643,10683
19358,0,120,14,12,146
19362,40,674,366,598,2318
19363,380,2756,865,1279,6080
19365,86,992,252,775,2951
19367,0,50,7,0,33
19369,0,0,34,0,105
19372,34,201,95,81,692
19373,20,170,102,192,587
19374,23,75,32,124,327
19375,0,0,0,0,30
19380,1692,5662,1843,4382,18401
19382,868,5168,2232,6510,21729
19383,0,0,14,5186,5270
19390,485,1799,446,823,4020
19401,796,5151,1752,4577,19375
19403,1317,3527,1496,2933,16051
19405,35,613,58,693,2490
19406,595,2405,911,2035,13223
19422,660,2824,929,1423,6505
19425,63,3179,978,828,6049
19426,525,4230,2282,4321,17778
19428,308,1585,394,1573,11069
19435,0,0,0,8,72
19436,161,0,0,0,0
19437,33,129,32,275,379
19438,922,3183,959,1744,7829
19440,270,2522,797,1620,7834
19442,0,0,0,0,0
19444,545,1429,323,757,3592
19446,2300,7405,1915,4132,21092
19453,27,100,0,50,649
19454,1013,3198,1164,2034,9359
19456,0,49,0,0,28
19457,25,21,0,0,8
19460,567,4579,1253,3668,17930
19462,442,2195,377,933,5689
19464,1374,6058,2106,4069,19235
19465,684,2551,866,1247,6356
19468,421,3446,1086,2587,11140
19472,0,9,0,0,0
19473,291,2873,1147,1201,6296
19474,0,0,24,0,78
19475,249,1347,463,860,4146
19477,0,0,0,0,0
19490,0,41,49,0,49
19492,220,45,0,0,32
19501,10,88,67,110,532
19503,47,151,49,68,434
19504,214,428,207,381,1609
19505,68,239,72,90,806
19506,90,760,307,650,2311
19507,37,616,165,551,1432
19508,245,1878,536,945,5193
19510,171,1045,365,480,2793
19511,5,23,0,0,58
19512,421,1684,541,1024,5300
19516,4,18,1,4,55
19518,317,2280,711,1208,5983
19520,360,577,188,445,1883
19522,376,1609,464,910,4701
19523,0,0,0,0,0
19525,183,2866,710,1371,5886
19526,266,1168,424,582,3840
19529,250,440,86,218,933
19530,309,797,344,5444,8458
19533,375,654,187,798,2900
19534,18,199,101,113,569
19535,0,20,0,0,0
19536,8,19,21,54,192
19538,0,0,0,17,17
19539,18,336,159,212,1382
19540,189,1574,483,947,4029
19541,45,421,215,391,1584
19543,76,916,305,451,2299
19544,0,20,0,19,42
19545,0,108,77,115,514
19547,59,477,204,220,1577
19549,8,37,27,43,156
19550,0,26,16,76,306
19551,147,594,152,409,1567
19554,19,17,0,41,84
19555,56,279,138,271,1148
19559,13,30,3,23,98
19560,342,1369,359,769,3316
19562,223,283,81,149,1027
19564,0,0,0,42,69
19565,523,789,175,627,2794
19567,140,907,242,525,2157
19601,447,5822,1732,3897,15336
19602,136,2675,922,2030,7561
19604,384,5105,1758,4694,14331
19605,687,2244,812,1465,7434
19606,747,4710,2003,2669,13641
19607,824,2658,758,2141,9625
19608,444,3083,943,2083,8429
19609,246,1381,236,795,3687
19610,1112,1823,419,1623,5519
19611,319,1477,282,1223,4411
19701,680,4750,1385,3520,17640
19702,410,7131,2166,5049,24564
19703,263,1964,375,1353,6728
19706,45,334,73,206,795
19707,534,2313,625,991,5355
19709,632,7760,2739,2915,17010
19710,0,0,0,0,0
19711,1071,4674,1518,9458,23081
19713,726,3193,797,2926,12554
19716,0,0,0,0,0
19717,0,0,101,6010,6129
19720,770,7565,1984,5433,23956
19730,10,101,29,10,162
19731,0,23,0,0,24
19732,26,0,25,18,54
19733,0,0,0,28,59
19734,150,2116,865,879,5188
19735,0,0,0,0,0
19736,0,0,0,0,0
19801,41,2181,663,1446,7619
19802,399,2980,1061,1794,10988
19803,758,2587,959,1239,6585
19804,396,1982,923,1415,7633
19805,472,6024,1662,2791,16271
19806,349,606,134,701,4235
19807,386,732,332,401,1919
19808,766,4347,1325,2713,14036
19809,239,1862,617,774,5864
19810,1236,2739,1165,1278,7963
19901,711,4683,1438,6274,17343
19902,0,0,0,58,64
19904,888,4647,1814,3681,14748
19930,171,35,31,155,319
19931,10,25,15,6,81
19933,161,2052,227,810,3397
19934,199,2038,477,1364,5635
19936,15,21,11,18,72
19938,91,1557,428,612,3202
19939,242,815,178,343,2105
19940,82,1142,117,516,2045
19941,24,500,112,96,968
19943,240,1448,404,570,4139
19944,41,10,4,3,54
19945,290,650,287,193,2213
19946,66,810,288,365,1600
19947,176,2577,886,1752,7587
19950,212,662,278,638,2606
19951,87,210,7,56,616
19952,190,1608,282,1120,3986
19953,158,608,139,639,1953
19954,16,292,119,158,732
19955,0,229,7,7,89
19956,167,2645,738,1116,5757
19958,935,2014,588,1010,6247
19960,11,699,505,821,2971
19962,96,1619,448,977,4679
19963,641,2231,980,1302,7363
19964,40,258,64,56,548
19966,566,2911,1042,2338,8944
19967,32,27,30,45,275
19968,245,1339,679,928,4081
19970,258,546,86,125,1121
19971,657,810,150,559,2897
19973,605,3123,816,2312,8811
19975,332,596,111,549,2023
19977,430,3053,929,1633,10823
19979,0,92,4,26,186
19980,7,4,8,1,35
20001,223,1863,374,5256,29013
20002,497,6454,1563,6047,40357
20003,267,1661,647,2284,21703
20004,0,21,0,43,896
20005,101,395,0,1085,8438
20006,0,14,0,576,1097
20007,357,1723,493,2543,10775
20008,991,1913,321,1951,14485
20009,304,2369,460,3312,31752
20010,204,3331,763,1848,18070
20011,1474,9172,1727,3809,29298
20012,503,2918,732,1099,6555
20015,533,2156,424,475,4090
20016,917,4046,911,4495,11951
20017,463,2464,381,1845,8984
20018,384,2317,210,1377,8217
20019,870,9772,2811,5302,27837
20020,922,7908,1951,3423,20602
20024,279,724,171,1008,8331
20032,526,5581,1570,3727,17696
20036,0,62,6,568,2983
20037,336,0,13,3486,8315
20045,0,0,0,0,0
20052,0,0,13,1875,1915
20057,0,0,27,2279,2340
20059,0,0,19,754,780
20064,0,0,10,992,1028
20105,291,6794,1636,1662,14968
20106,48,525,63,255,1052
20109,508,6604,1674,3848,20945
20110,542,7075,1879,4344,21061
20111,465,5720,1364,3692,16817
20112,140,3826,1550,1937,10449
20115,67,1008,191,727,2964
20117,49,309,122,151,783
20119,39,368,210,556,1425
20120,225,6194,2019,4467,18591
20121,169,3729,976,2403,12707
20124,175,2077,674,1345,4489
20129,0,0,15,100,198
20130,5,42,0,0,64
20132,264,2949,1147,1501,6572
20135,114,287,154,205,1152
20136,183,5831,2234,2485,12755
20137,74,167,61,49,522
20141,86,1220,848,690,3475
20143,6,39,12,0,149
20144,19,107,16,138,296
20147,1581,9585,2790,5796,26330
20148,200,12858,3410,3498,26032
20151,91,3027,1194,2196,8493
20152,65,6749,1829,2167,14696
20155,633,5195,1981,3264,14231
20158,132,796,116,697,1853
20164,404,5479,1823,4869,19579
20165,461,4852,1700,2625,13391
20166,94,1463,407,1624,6977
20169,228,4834,1690,2439,10348
20170,336,5854,1621,3822,18616
20171,449,7302,2037,4606,23286
20175,225,5118,1538,2726,13539
20176,903,7303,2627,4123,19757
20180,139,1046,354,572,2565
20181,111,1735,574,931,3797
20184,10,62,0,0,150
20186,430,1906,499,1353,5299
20187,284,2579,1019,1446,6872
20190,328,2253,405,1262,8549
20191,437,3251,975,2322,12099
20194,90,1178,483,961,4946
20197,12,298,104,61,629
20198,56,249,175,178,783
20204,0,0,0,0,0
20220,0,0,0,0,0
20230,0,0,0,0,0
20240,0,0,0,0,0
20245,0,0,0,0,0
20250,0,0,0,0,0
20260,0,0,0,0,0
20317,0,0,0,0,0
20319,0,0,0,29,43
20373,0,73,0,167,194
20388,0,0,0,0,0
20390,0,0,0,280,331
20408,0,0,0,0,0
20415,0,0,0,0,0
20418,0,0,0,0,0
20422,16,0,0,0,0
20427,0,0,0,0,0
20431,0,0,0,0,0
20510,0,0,0,0,0
20515,0,0,0,0,0
20520,0,0,0,0,0
20530,0,0,0,0,0
20535,0,0,0,0,0
20540,0,0,0,0,0
20542,0,0,0,0,0
20551,0,0,0,0,0
20560,0,0,0,0,0
20565,0,0,0,0,0
20566,0,0,0,0,0
20591,0,0,0,0,0
20601,248,3651,1101,2612,11126
20602,315,3977,1145,2567,12691
20603,259,5322,1432,2869,12980
20606,0,32,19,8,62
20607,83,1488,337,856,4078
20608,29,54,11,27,144
20609,58,135,19,95,340
20611,22,67,39,125,404
20612,97,0,0,0,0
20613,243,1906,584,928,5130
20615,0,14,19,49,222
20616,72,1058,490,604,2847
20617,72,88,33,0,221
20618,150,69,0,21,281
20619,138,2264,962,1045,6070
20620,15,90,14,54,470
20621,24,1,18,102,159
20622,183,717,322,424,1715
20623,44,148,93,302,838
20624,30,173,25,87,328
20625,0,74,59,148,479
20626,0,36,0,20,49
20628,0,60,22,13,185
20629,46,87,18,64,292
20630,0,13,18,14,62
20632,10,164,19,27,318
20634,16,1269,291,671,3772
20636,212,1403,464,956,4166
20637,26,544,248,520,2168
20639,167,2347,908,1115,5349
20640,210,1429,562,1390,4530
20645,60,58,76,56,232
20646,454,2712,952,1694,7394
20650,218,2734,756,1323,5853
20653,215,2947,951,2810,12374
20656,40,0,74,0,100
20657,187,2675,806,1830,8827
20658,27,60,47,103,399
20659,338,3560,916,1916,8563
20660,0,0,0,0,0
20661,0,0,0,0,0
20662,57,356,108,163,721
20664,0,445,138,23,896
20667,0,0,0,0,30
20670,0,355,19,207,708
20674,70,158,12,6,265
20675,90,133,52,201,644
20676,41,251,85,268,964
20677,22,201,35,145,600
20678,201,1454,423,1482,5407
20680,35,65,57,14,214
20684,3,33,0,27,135
20685,43,987,211,517,2137
20686,0,0,13,941,959
20687,19,13,0,0,161
20688,237,0,0,0,134
20689,35,229,69,198,574
20690,0,56,62,16,233
20692,65,75,8,0,154
20693,14,111,110,221,539
20695,109,1219,446,867,4291
20701,0,0,0,178,719
20705,348,4158,1459,2515,11839
20706,854,5946,2090,3156,17388
20707,439,4351,1131,2755,14692
20708,198,4298,935,2308,11801
20710,111,2025,323,658,3736
20711,190,784,208,649,2515
20712,128,1040,433,671,4283
20714,39,826,352,381,2167
20715,633,2925,951,2634,9648
20716,356,2503,1128,1493,8485
20720,412,3835,921,2376,9015
20721,651,2856,1090,2432,10021
20722,46,663,189,702,2574
20723,202,4947,1421,3271,14644
20724,290,2390,586,1966,8273
20732,218,1557,451,766,3605
20733,45,359,87,146,740
20735,531,4549,1345,3428,13848
20736,169,1260,450,516,2932
20737,169,3800,1251,2478,11034
20740,345,2192,497,13949,23746
20742,0,0,46,4217,4263
20743,724,4927,1250,2571,14711
20744,900,6164,2031,3546,19242
20745,272,3317,785,2248,11951
20746,405,2487,756,1932,11663
20747,589,4315,1258,3376,15694
20748,774,5275,1559,3135,16334
20751,0,229,51,128,649
20754,124,1139,508,487,2664
20755,7,1837,310,1370,5405
20758,0,11,19,11,129
20759,73,907,361,351,2371
20762,5,623,11,257,1488
20763,21,401,47,84,1136
20764,91,235,152,258,1079
20765,11,66,7,5,125
20769,34,810,171,442,2288
20770,272,3214,995,2670,12247
20771,0,0,0,0,0
20772,569,5480,1904,4313,19259
20774,927,5575,2004,3054,19100
20776,218,293,212,213,872
20777,36,411,162,250,1056
20778,0,335,90,297,846
20779,31,133,9,0,205
20781,58,1739,368,1101,5815
20782,470,4042,876,2764,14834
20783,617,8158,2180,4573,22971
20784,259,4769,1257,1893,13804
20785,509,5944,1425,3404,17508
20794,129,1292,479,1154,8388
20812,6,43,12,17,64
20814,874,3259,821,2155,11473
20815,1566,4209,1270,2033,9508
20816,328,2981,977,1137,4924
20817,1028,5956,1944,2144,10902
20818,70,281,70,158,469
20832,286,4037,1189,1788,8604
20833,155,947,816,628,2635
20837,111,837,214,506,2076
20838,15,65,38,27,115
20839,0,0,0,0,62
20841,86,1371,397,670,2863
20842,21,218,82,144,568
20850,1529,5843,1641,3962,20061
20851,179,1667,460,1512,6484
20852,1358,5276,1459,4215,21500
20853,867,4478,1504,2632,11535
20854,1242,6736,2944,3367,13586
20855,284,1900,548,1260,5975
20860,178,221,115,116,710
20861,51,275,217,284,892
20862,26,0,13,15,51
20866,90,2408,557,1409,6819
20868,0,151,17,50,263
20871,140,4785,1138,1347,10623
20872,213,1578,525,1302,4976
20874,485,8367,2522,5190,26241
20876,73,3236,1469,2824,11242
20877,1125,4743,1442,3515,16240
20878,748,8441,2939,5690,25448
20879,128,3810,812,2810,11266
20880,14,25,16,43,178
20882,265,1571,723,1155,4589
20886,533,3712,1291,2942,13658
20889,0,0,0,98,144
20892,0,0,0,0,0
20894,0,0,0,0,0
20895,607,2984,915,1032,6452
20896,27,85,29,77,242
20899,18,0,0,0,44
20901,555,4760,1571,2506,14793
20902,1133,7923,2042,4097,21953
20903,105,4529,929,2503,10573
20904,3212,7079,2038,4605,20250
20905,250,1972,768,1536,6382
20906,2857,8032,2779,6681,27428
20910,607,4003,862,3610,22198
20912,173,3985,1052,1683,10450
21001,464,3257,937,2221,10541
21005,0,461,189,311,1381
21009,223,3582,1051,2520,13854
21010,0,69,40,24,108
21012,347,3620,1190,1813,8671
21013,67,561,287,421,1716
21014,992,4298,1708,2625,13857
21015,483,4902,1292,2441,10843
21017,110,595,256,575,2935
21023,0,20,0,0,0
21028,52,327,95,367,953
21029,88,2443,960,1104,4478
21030,607,2831,719,2305,11142
21031,0,0,0,0,18
21032,225,815,265,510,2351
21034,97,347,71,128,735
21035,68,1083,440,598,2815
21036,118,192,74,186,651
21037,464,2108,1021,1466,7936
21040,225,3684,798,2523,10171
21042,988,6593,2448,2551,13123
21043,718,7372,2364,3593,18611
21044,1418,5149,1442,4118,18557
21045,989,5110,1536,3202,16502
21046,128,1514,727,1928,7274
21047,180,1624,525,1127,4363
21048,275,993,469,815,3273
21050,481,2894,798,1416,5965
21051,0,9,0,11,44
21052,0,75,32,0,195
21053,20,585,104,111,1015
21054,146,2833,697,1508,6042
21056,22,0,0,13,13
21057,110,653,193,257,1306
21060,647,3591,1182,3740,18221
21061,919,7483,2055,4696,23491
21071,0,23,12,60,162
21074,274,1767,624,1017,5403
21075,271,5688,1259,3174,16288
21076,135,2424,533,1981,11121
21077,0,0,0,0,62
21078,305,2213,925,1497,6774
21082,0,16,18,50,225
21084,98,862,328,488,2211
21085,630,1529,466,1139,6050
21087,81,601,177,329,1504
21090,314,1177,537,581,4217
21093,1791,4445,1933,2185,12531
21102,195,1262,571,935,4174
21104,99,769,256,588,1956
21105,0,0,0,0,0
21108,174,2320,1024,1770,6795
21111,98,668,199,126,1166
21113,510,5406,1185,2836,16022
21114,112,4397,984,1426,9701
21117,722,6937,1947,5698,23843
21120,109,1153,321,255,2128
21122,874,6970,2170,4194,23184
21128,450,2489,610,1223,5936
21130,0,0,0,10,10
21131,87,958,430,440,2263
21132,0,520,139,127,998
21133,584,3655,1052,2885,10984
21136,691,3912,1731,2917,13052
21140,70,776,94,181,1152
21144,196,5092,1135,3175,14535
21146,714,4319,1393,1839,9665
21152,18,775,173,660,2287
21153,35,100,12,23,178
21154,94,843,474,594,2288
21155,36,418,146,200,1163
21156,0,15,12,28,148
21157,1180,4810,1392,4855,15351
21158,668,2832,1026,1747,8202
21160,31,247,200,153,1017
21161,90,640,248,701,1879
21162,84,667,158,345,1694
21163,172,910,435,671,2353
21201,325,1583,352,2167,9942
21202,82,1018,225,2096,12587
21204,1014,1935,701,3893,9410
21205,238,2322,473,1218,5885
21206,773,6103,2125,4362,21960
21207,922,6375,1847,4873,19996
21208,1742,3921,1581,2785,12699
21209,595,4864,1275,1603,10985
21210,332,1555,334,4273,7234
21211,361,765,194,688,8483
21212,633,4536,1489,2543,12979
21213,291,4492,1158,2333,11628
21214,474,2801,834,1433,8299
21215,1307,6166,1633,3992,18357
21216,522,3301,776,2543,11775
21217,715,3702,821,2940,12315
21218,696,4530,1143,8379,23138
21219,309,1090,227,710,3167
21220,422,4941,1420,3812,17365
21221,758,5349,1655,3505,15927
21222,788,9137,2102,4978,24476
21223,325,2708,727,1485,7787
21224,561,4256,1647,2322,23918
21225,568,5449,1590,3306,14220
21226,21,946,188,495,2450
21227,647,3738,1007,2929,14931
21228,2524,5568,1997,4185,18227
21229,866,5891,1783,3304,17922
21230,441,3250,768,2371,17467
21231,141,992,282,1123,8668
21233,0,0,0,0,0
21234,2542,7788,2309,4487,24868
21236,895,4751,1361,3011,14861
21237,737,2948,805,2584,12650
21239,452,2761,1025,3199,11214
21240,0,0,0,0,0
21244,152,6100,1841,3189,16602
21250,0,0,6,2896,2959
21251,0,0,0,299,314
21252,0,0,11,4334,4413
21285,0,0,0,0,0
21286,1033,2245,663,2544,8324
21287,0,0,0,0,0
21401,1679,3693,1388,2990,14393
21402,0,350,71,1384,2177
21403,869,3580,951,2087,10772
21405,27,49,0,0,49
21409,486,2790,1105,1197,6776
21502,1342,3976,1240,3935,15644
21520,51,261,85,81,677
21521,102,45,102,51,384
21523,0,14,0,24,47
21524,31,62,0,78,240
21529,40,61,6,65,172
21530,11,173,107,152,604
21531,28,132,63,72,593
21532,228,1339,347,3225,6343
21536,214,407,254,510,1420
21538,18,31,22,39,192
21539,70,270,88,244,796
21540,0,15,14,5,41
21541,9,103,45,211,652
21542,0,36,3,34,85
21543,0,0,0,16,125
21545,30,94,24,101,527
21550,354,1370,451,899,4460
21555,21,241,37,49,424
21557,17,274,79,81,637
21560,0,0,0,0,0
21561,9,244,56,222,720
21562,58,414,140,342,1166
21601,1509,2824,697,1248,6937
21607,3,57,22,42,147
21610,22,28,12,20,103
21612,19,32,15,27,52
21613,260,2126,821,1294,6403
21617,132,1674,303,927,3610
21619,90,390,147,370,1794
21620,476,1414,545,1970,5246
21622,32,16,11,18,68
21623,6,179,104,185,1014
21624,0,0,0,1,40
21625,16,276,62,177,737
21626,0,4,7,0,12
21627,0,0,0,0,0
21628,0,66,38,0,73
21629,233,1273,513,904,3664
21631,18,405,121,121,797
21632,163,723,159,531,2244
21634,8,11,0,0,41
21635,41,193,49,158,556
21636,17,44,21,40,256
21638,91,752,187,227,1430
21639,65,759,169,394,1803
21640,65,219,53,113,524
21641,6,8,3,8,60
21643,74,578,199,471,1837
21644,0,0,0,0,0
21645,17,160,20,50,359
21647,5,53,41,0,117
21648,0,12,2,21,71
21649,2,279,86,229,882
21650,0,64,31,0,118
21651,72,160,107,185,805
21652,0,0,10,0,10
21653,0,0,0,7,13
21654,26,59,18,79,208
21655,95,663,183,337,1722
21657,27,173,26,158,456
21658,110,379,140,228,1050
21659,48,114,55,46,268
21660,96,507,242,242,1646
21661,114,203,62,174,718
21662,18,51,13,44,170
21663,98,308,129,230,835
21664,8,167,32,38,275
21665,4,33,0,0,21
21666,431,1649,719,1044,4915
21667,0,16,0,9,48
21668,43,175,37,213,638
21669,5,10,0,7,18
21671,40,60,51,57,215
21672,0,0,0,22,22
21673,37,317,166,230,970
21675,0,0,0,0,6
21676,74,0,0,16,78
21677,9,63,64,27,196
21678,32,121,81,42,422
21679,47,0,0,0,50
21701,992,4229,1160,3475,16522
21702,956,6495,2067,3601,18781
21703,399,5180,1253,3590,17736
21704,303,3611,1282,979,7015
21705,0,1,0,0,3
21710,250,560,206,404,1618
21711,0,68,0,20,178
21713,322,1235,488,628,3135
21714,10,12,23,37,114
21715,0,0,0,0,0
21716,44,796,388,526,2862
21717,28,0,12,16,47
21718,2,11,7,7,31
21719,24,162,38,101,425
21722,42,952,566,470,2548
21723,0,49,23,54,242
21727,177,525,206,2150,3386
21733,0,106,0,148,457
21734,19,9,29,68,214
21737,55,276,163,236,907
21738,52,606,247,403,1127
21740,1146,7814,2252,5754,24647
21742,864,4358,1432,2637,12396
21746,0,0,0,320,1884
21750,41,375,107,252,1146
21754,139,1001,504,720,2717
21755,109,648,244,498,1936
21756,45,367,183,224,995
21757,25,329,38,267,849
21758,104,583,128,323,1623
21762,0,0,0,0,86
21766,22,8,0,36,157
21767,65,127,60,32,251
21769,193,1825,504,984,3999
21770,119,1088,302,626,3086
21771,361,4296,1336,2570,10849
21773,111,885,184,464,1809
21774,92,2548,704,1179,5857
21776,154,600,226,482,2324
21777,28,279,83,189,838
21778,17,38,17,119,199
21779,16,296,82,266,882
21780,50,267,53,179,622
21781,0,0,17,13,41
21782,68,527,116,131,1560
21783,95,1394,303,520,3293
21784,831,5007,1688,2815,13963
21787,62,1491,496,955,3695
21788,384,1210,458,905,3769
21790,0,0,0,0,0
21791,202,425,278,396,1880
21793,277,1292,550,763,4069
21794,45,315,113,210,768
21795,394,1124,349,1165,3894
21797,75,1168,426,831,2780
21798,30,273,137,297,964
21801,669,4833,1007,4130,11874
21804,635,4110,1444,7131,17796
21810,0,0,0,0,0
21811,1010,2520,701,1170,5972
21813,58,346,42,261,963
21814,0,0,0,0,0
21817,99,473,134,252,1402
21821,16,28,29,35,341
21822,9,470,79,75,932
21824,0,59,0,7,40
21826,33,619,100,1145,2608
21829,0,14,14,19,80
21830,157,641,236,713,1887
21835,0,34,0,43,95
21837,96,392,122,301,1203
21838,16,143,151,233,847
21840,0,39,34,48,150
21841,33,113,49,112,412
21842,369,780,240,887,3402
21849,37,332,59,254,1162
21850,67,332,163,350,1186
21851,189,608,189,648,2376
21853,210,1306,309,2507,5054
21856,112,36,15,110,376
21861,16,104,33,62,316
21862,0,0,0,0,0
21863,183,709,310,381,2013
21864,32,129,157,38,323
21865,13,0,0,0,43
21866,0,0,0,0,5
21867,0,0,0,0,0
21869,39,46,40,101,370
21871,14,79,14,148,457
21872,0,17,20,0,239
21874,22,385,152,254,910
21875,40,753,542,684,3119
21890,0,0,0,327,2231
21901,196,2833,951,1777,7693
21902,24,0,0,0,11
21903,96,571,60,356,1710
21904,119,685,280,590,2102
21911,235,1664,416,846,3796
21912,90,111,22,97,292
21913,12,92,12,95,413
21914,22,55,55,10,267
21915,69,223,128,77,603
21917,21,270,76,67,570
21918,84,619,122,285,1499
21919,15,433,61,315,909
21920,7,210,0,131,354
21921,768,5370,2014,3861,17679
21930,0,0,0,0,0
22003,1374,8475,2067,4848,22636
22015,360,6390,1887,4091,17260
22025,244,2414,718,1450,7341
22026,75,3884,840,1404,8579
22027,28,295,76,58,543
22030,1069,6822,1968,10355,29892
22031,454,4081,1292,3060,16955
22032,404,4010,1236,2700,10733
22033,406,4761,1563,3802,17420
22035,0,0,0,0,0
22039,163,2251,813,1154,4982
22041,706,3381,836,2391,12087
22042,469,3643,1104,3288,15035
22043,512,3469,1239,1907,10999
22044,226,1771,487,1071,5718
22046,366,2764,939,1295,6739
22060,303,2598,405,873,4504
22066,268,2298,815,1083,4756
22079,410,5208,2119,3452,14343
22101,906,4942,1892,1903,8156
22102,660,2816,1110,2632,12647
22124,411,2141,1250,1121,6564
22125,7,12,7,68,311
22134,9,732,43,3291,5642
22150,1301,2757,964,2828,10593
22151,209,2234,480,1302,5813
22152,415,4459,1793,2055,11604
22153,337,4486,1321,2632,12391
22172,143,1373,825,1250,5569
22180,512,3820,1102,1903,10537
22181,286,2379,790,1208,5780
22182,428,3639,1330,1942,9110
22191,429,10485,3063,7357,32388
22192,548,9013,2477,5214,24221
22193,418,12676,3773,7692,34807
22201,180,2353,617,4303,24366
22202,318,1697,235,2405,16386
22203,531,2246,706,2866,14614
22204,710,5741,1415,3391,25200
22205,557,2757,877,692,6125
22206,74,1997,519,1007,10810
22207,643,5717,1643,2439,11026
22209,46,641,101,1662,8163
22211,0,11,5,1021,1143
22213,39,346,283,248,1793
22214,0,0,0,0,0
22301,53,1276,415,543,6441
22302,213,1698,328,831,8092
22303,103,1175,314,1270,8309
22304,694,4424,1161,3715,23422
22305,105,2012,527,1076,8566
22306,271,4157,1798,3291,13788
22307,516,1030,181,460,3072
22308,265,2101,538,617,3745
22309,451,5376,1444,2560,13497
22310,425,3614,1000,1906,12254
22311,477,2396,532,1287,9494
22312,234,2921,737,1983,12224
22314,542,1805,520,1574,16602
22315,272,3819,992,1521,10841
22401,367,3438,743,5457,13686
22405,321,5166,1728,3320,14510
22406,351,3398,1127,2023,9192
22407,722,8818,3180,4886,24165
22408,385,4410,1040,2573,12515
22427,97,400,82,1066,2030
22432,0,0,0,13,13
22433,0,64,36,0,102
22435,78,414,20,236,931
22436,26,60,120,66,221
22437,40,0,0,247,331
22438,0,71,13,0,129
22443,390,1084,306,734,3402
22448,0,82,18,185,446
22454,21,159,52,190,579
22460,25,294,0,58,340
22469,46,179,191,90,676
22472,3,0,0,27,555
22473,147,285,371,502,1571
22476,9,0,0,5,5
22480,238,38,7,42,117
22482,161,214,53,82,649
22485,390,3913,1080,2162,9986
22488,0,26,0,0,69
22503,125,373,112,160,975
22504,0,7,0,0,35
22508,331,1681,732,1217,5406
22509,0,4,0,0,12
22511,82,71,8,24,119
22514,38,397,34,135,625
22520,158,468,104,238,1332
22529,0,0,15,140,155
22534,24,592,191,227,1286
22535,36,11,7,2,130
22538,7,0,0,0,0
22539,100,153,45,186,299
22542,33,238,81,37,445
22546,122,2652,865,1052,6644
22548,0,0,0,0,0
22551,353,3030,949,2066,8051
22553,246,2342,771,1713,6692
22554,391,9446,3348,5803,27289
22556,148,5690,1482,2654,12856
22560,235,717,167,535,1994
22567,17,311,149,174,1102
22572,139,693,153,478,2120
22576,27,74,155,133,412
22578,120,228,43,150,483
22580,94,738,59,287,1732
22601,614,3478,1198,3201,12289
22602,356,4592,1423,2504,12378
22603,949,1544,645,1453,5756
22610,2,233,92,67,522
22611,222,1002,502,872,3112
22620,72,345,70,150,680
22623,11,115,17,131,453
22624,26,385,99,573,1365
22625,39,312,210,233,934
22627,30,103,11,0,159
22630,472,4504,1106,2829,12479
22637,39,154,149,168,894
22639,28,65,40,24,142
22640,0,30,35,89,202
22641,0,14,16,0,16
22642,17,336,248,250,1667
22643,0,9,0,0,0
22644,67,261,103,154,634
22645,67,492,277,310,1482
22646,0,0,0,0,0
22650,87,84,61,26,244
22652,8,194,209,38,564
22654,7,224,0,36,219
22655,220,3505,826,1491,8243
22656,115,692,119,187,1758
22657,245,1269,517,865,4356
22660,17,197,50,79,563
22663,7,112,3,61,274
22664,344,1306,326,944,3613
22701,537,5476,1467,3091,13786
22709,29,100,0,53,383
22711,0,0,0,0,16
22712,131,1594,578,658,3955
22713,70,299,130,131,697
22714,2,147,113,70,380
22715,6,204,26,114,670
22716,26,59,34,43,175
22718,10,87,27,0,226
22719,0,0,9,7,20
22720,0,250,61,90,426
22722,0,24,0,109,188
22723,0,0,0,0,0
22724,0,224,133,197,836
22725,0,0,0,6,6
22726,0,123,1,69,272
22727,175,586,301,369,1950
22728,40,342,114,294,991
22729,0,11,48,100,577
22730,0,27,5,60,74
22731,0,128,0,0,170
22732,0,0,32,12,68
22733,65,218,92,104,372
22734,14,557,131,266,1818
22735,32,264,25,159,590
22736,12,109,137,70,429
22737,175,457,152,171,990
22738,0,97,0,122,416
22740,61,109,29,23,207
22741,13,24,0,0,102
22742,14,139,90,114,493
22743,83,0,0,0,0
22746,0,123,0,255,375
22747,18,210,0,70,179
22749,0,31,0,0,116
22801,874,3846,1050,11385,21187
22802,560,3895,856,2541,12244
22807,0,0,42,5559,5601
22810,50,0,0,27,142
22811,29,15,51,14,105
22812,483,1238,242,2000,4674
22815,116,1167,360,815,3459
22820,0,66,0,0,69
22821,91,652,271,325,2066
22824,63,845,269,417,2135
22827,201,1421,571,671,3569
22830,33,435,54,116,804
22831,37,62,6,17,235
22832,33,201,31,75,307
22834,32,165,135,56,440
22835,345,1011,250,826,3549
22840,70,484,220,301,1520
22841,2,437,163,204,1138
22842,130,679,206,380,1777
22843,77,337,199,214,1064
22844,147,317,82,392,1467
22845,0,0,0,0,0
22846,35,257,74,35,378
22847,10,143,0,13,128
22849,71,634,288,313,2052
22850,24,107,36,116,415
22851,71,844,285,494,1978
22853,115,463,223,451,1778
22901,1197,4276,926,2202,12603
22902,396,2514,703,1407,10708
22903,575,3392,698,11232,23874
22904,0,10,59,5995,6228
22908,0,0,0,0,0
22911,606,2390,741,814,6720
22920,0,136,54,292,950
22922,31,397,97,159,771
22923,19,613,169,601,2800
22931,0,29,12,28,116
22932,192,1135,518,375,2841
22935,62,92,28,30,310
22936,78,793,326,439,1891
22937,34,132,5,110,452
22938,36,51,22,11,112
22939,187,588,247,766,2702
22940,0,176,6,53,255
22942,87,923,366,1070,3734
22943,0,84,119,92,341
22946,0,16,15,23,79
22947,92,583,250,74,1334
22948,0,0,0,0,0
22949,0,55,0,0,289
22952,13,191,49,146,518
22957,0,0,0,0,0
22958,81,80,0,66,276
22959,84,211,69,34,513
22960,262,1340,314,929,3793
22963,289,1846,696,1197,6032
22964,0,0,15,27,109
22967,48,597,129,227,1002
22968,99,1551,597,813,3680
22969,10,314,112,189,705
22971,16,210,46,329,914
22972,39,0,0,0,0
22973,152,911,287,303,1904
22974,57,402,130,212,1952
22976,20,0,11,20,31
22980,901,3943,933,2186,11421
22989,0,37,0,0,16
23002,354,1454,353,515,3597
23004,37,122,13,0,283
23005,531,2027,704,2750,7827
23009,99,1039,442,498,3145
23011,42,72,47,96,653
23015,13,261,199,429,1389
23021,0,0,0,0,0
23022,97,162,58,50,523
23023,0,160,10,70,164
23024,221,909,352,681,3241
23025,115,38,51,64,165
23027,34,155,26,167,531
23030,93,334,68,253,1249
23032,0,35,0,0,19
23035,27,16,230,110,474
23038,174,55,117,74,382
23039,13,83,40,136,395
23040,109,373,196,212,1430
23043,8,262,35,34,417
23045,0,0,0,0,0
23047,56,152,0,96,334
23050,0,8,12,50,111
23055,23,62,32,116,221
23056,0,0,0,0,31
23059,465,7295,2274,2282,15469
23060,455,5390,1441,2873,14146
23061,513,2554,1001,1433,7937
23062,7,268,82,232,576
23063,228,676,226,458,1787
23065,0,53,56,105,799
23066,0,0,0,141,205
23068,0,0,0,0,73
23069,12,197,46,102,1204
23070,48,20,8,35,71
23071,13,277,57,79,513
23072,227,1647,270,1048,4420
23075,319,1089,203,1113,3538
23076,84,0,2,19,86
23079,4,49,6,10,83
23081,0,0,0,0,0
23083,68,86,208,266,875
23084,71,82,0,18,268
23085,0,223,8,0,154
23086,22,469,124,356,1317
23089,88,577,104,266,1440
23091,0,104,0,0,158
23092,129,16,44,59,204
23093,205,1954,573,710,4892
23102,0,221,149,257,1219
23103,136,552,250,459,1493
23106,8,120,0,99,416
23108,0,0,0,0,18
23109,0,381,70,354,904
23110,19,11,0,22,187
23111,1073,4582,1439,2793,13050
23112,487,8494,2084,4685,22011
23113,656,4011,1084,1211,7768
23114,523,3050,1153,1061,7882
23116,402,5065,1766,2826,12093
23117,146,1141,401,698,3581
23119,0,5,9,9,51
23120,198,3078,1041,1295,5880
23123,49,204,78,140,711
23124,0,624,184,437,2090
23126,6,17,47,16,140
23128,0,0,0,4,25
23129,0,30,0,0,174
23130,0,0,0,0,14
23138,15,168,25,23,173
23139,292,2774,1051,1853,9039
23140,72,725,288,300,2015
23141,142,966,192,490,2728
23146,23,291,160,146,886
23147,0,0,0,0,0
23148,16,67,24,53,333
23149,99,133,18,383,1008
23150,281,1255,356,879,4157
23153,0,378,42,0,315
23156,13,70,123,91,430
23160,0,0,0,64,895
23161,0,0,0,0,30
23163,0,9,0,0,19
23168,36,1095,243,789,3050
23169,71,112,39,18,282
23173,0,0,7,2175,2201
23175,124,123,19,148,367
23176,5,16,0,3,77
23177,16,31,0,0,293
23180,8,84,55,25,222
23181,248,743,149,448,2037
23185,1782,5083,1991,9101,21787
23188,1219,5015,1469,3155,13697
23192,100,909,255,427,2429
23219,13,309,34,531,2776
23220,309,2069,319,9816,21867
23221,151,1002,206,1001,7899
23222,488,3597,738,2036,11601
23223,726,5604,2019,4348,23919
23224,464,4883,1112,3622,17670
23225,568,4396,1531,2827,19639
23226,414,1254,596,898,6699
23227,1418,2095,716,2310,9810
23228,714,3356,917,3415,15944
23229,845,4577,1720,2530,13108
23230,223,441,124,818,4023
23231,721,3590,1144,2873,14620
23233,896,4245,1268,1668,11818
23234,645,5330,1589,4359,18834
23235,1058,3422,1358,2134,11801
23236,390,3198,805,1918,9432
23237,253,3757,1045,3049,12530
23238,1292,3226,1385,2087,9707
23250,0,0,0,0,0
23284,0,0,0,1899,1924
23294,257,2271,503,1853,9712
23298,0,0,0,264,267
23301,24,460,103,52,722
23302,0,0,0,0,0
23303,0,47,44,64,145
23304,0,0,0,0,0
23306,20,86,0,63,263
23307,13,57,24,13,175
23308,52,415,49,131,625
23310,187,485,120,333,1365
23314,180,1612,330,924,3719
23315,8,146,118,78,577
23316,0,3,6,0,26
23320,819,6425,1800,4566,26020
23321,456,5800,2189,3485,15733
23322,903,9777,3221,5305,25606
23323,450,6691,2221,3862,17044
23324,298,3215,802,2187,10027
23325,368,2181,633,1644,8165
23336,56,178,161,145,896
23337,50,121,0,53,336
23347,28,34,22,99,298
23350,173,244,155,199,930
23354,6,61,12,0,20
23356,0,167,21,11,273
23357,0,134,19,147,309
23358,0,22,13,0,13
23359,13,89,88,92,594
23389,0,0,0,0,0
23395,1,0,0,0,23
23398,0,0,0,0,0
23401,0,113,3,7,42
23405,13,294,14,42,307
23407,0,183,31,0,167
23408,0,0,0,0,0
23409,0,44,20,0,82
23410,38,365,166,89,841
23413,39,191,53,20,293
23414,0,0,0,0,52
23415,47,251,86,187,662
23416,0,0,0,0,0
23417,205,383,58,267,1101
23418,24,65,5,110,320
23420,68,230,139,375,1142
23421,112,375,60,197,939
23422,0,0,0,0,0
23423,30,8,26,34,130
23426,0,0,0,0,0
23427,3,7,5,34,84
23430,386,1906,689,1118,5858
23432,23,68,42,0,349
23433,21,136,33,59,272
23434,621,6873,2201,4164,20036
23435,463,4765,1163,3040,13427
23436,6,127,53,39,268
23437,143,504,142,399,1663
23438,0,181,33,101,622
23440,24,21,10,25,75
23441,0,0,0,0,0
23442,14,91,73,10,262
23451,1489,3879,1101,4003,18186
23452,859,6536,2578,4249,24040
23453,227,5055,1117,3428,15370
23454,1043,7379,1931,4330,23416
23455,1330,6250,1409,4679,20723
23456,682,8207,2945,3894,22651
23457,75,1003,187,129,1437
23459,0,0,0,1062,1403
23460,0,0,0,1277,1474
23461,0,0,0,701,840
23462,825,9205,2496,7123,32446
23464,954,8947,3072,5971,31569
23480,11,1,25,43,91
23486,7,0,0,0,22
23487,123,800,220,468,2126
23488,11,0,0,0,38
23502,355,2161,595,1756,8826
23503,319,3530,913,2341,14152
23504,283,3357,990,4262,11522
23505,442,4073,870,3257,12944
23507,173,505,111,440,3206
23508,103,1373,544,7735,13087
23509,257,1434,311,1099,5215
23510,224,796,194,797,5190
23511,0,163,3,8236,10548
23513,410,3680,935,2481,13298
23517,54,234,22,419,2149
23518,461,3434,750,2035,11967
23523,113,1123,451,543,3029
23551,0,0,0,1208,1599
23601,576,3274,1144,1499,10212
23602,556,5376,1373,3997,18922
23603,36,455,180,320,1645
23604,0,737,59,2058,3555
23605,194,1540,445,1589,6062
23606,515,3184,944,5360,14045
23607,274,3637,660,3071,10118
23608,445,5339,1737,4646,19649
23651,55,14,13,11,82
23661,350,1756,424,935,4693
23662,319,1632,609,912,4399
23663,213,1653,389,1179,5045
23664,187,1562,476,460,4039
23665,0,1385,239,1231,3695
23666,848,5793,1982,6164,24324
23667,0,0,0,61,61
23668,0,0,13,742,760
23669,610,4989,1364,4574,16255
23681,0,0,0,0,0
23690,152,857,197,1019,2454
23691,0,6,5,348,386
23692,616,2185,822,1264,6452
23693,231,3213,1046,1961,9160
23696,87,608,201,389,1569
23701,535,2774,736,2041,10244
23702,51,1593,495,1200,5757
23703,472,4147,814,2442,10839
23704,357,2054,719,1663,7679
23707,217,1795,406,1211,5348
23708,0,0,0,327,353
23709,0,0,0,476,568
23801,0,1237,230,2411,5267
23803,646,5199,1514,5378,17385
23805,449,2062,554,2260,8331
23821,45,120,52,88,774
23824,211,874,297,843,2426
23827,8,198,64,65,375
23828,46,66,14,73,156
23829,19,150,87,68,771
23830,65,253,54,238,674
23831,683,4022,1638,3114,13434
23832,313,6209,1884,3462,16708
23833,41,185,70,152,732
23834,629,3499,1226,2040,10483
23836,85,1580,570,1293,5458
23837,196,389,132,410,1275
23838,227,1686,934,1872,5571
23839,50,72,75,88,407
23840,85,181,35,70,255
23841,47,232,78,86,1053
23842,167,889,211,443,2523
23843,7,0,3,0,106
23844,0,130,0,0,143
23845,0,0,0,97,97
23846,0,10,0,23,75
23847,329,1862,614,1212,4770
23850,41,97,25,31,279
23851,247,1557,753,696,4514
23856,39,36,0,87,258
23857,0,54,11,6,116
23860,609,3870,1035,2918,13447
23866,16,159,35,172,578
23867,9,177,42,283,2439
23868,131,809,116,653,2958
23870,0,0,0,0,0
23872,21,344,104,156,800
23874,14,44,3,58,236
23875,69,1608,651,2220,6443
23876,0,15,0,0,29
23878,59,239,17,176,591
23879,0,49,0,23,159
23881,45,143,105,245,886
23882,26,245,96,70,433
23883,15,229,12,68,468
23884,0,0,0,5,14
23885,21,231,75,63,846
23887,6,0,35,0,35
23888,41,228,39,435,975
23889,22,109,53,0,128
23890,169,568,192,507,1993
23891,0,0,0,67,936
23893,0,37,0,92,233
23894,7,41,0,25,167
23897,0,124,0,49,309
23898,20,368,162,237,900
23899,7,20,6,14,85
23901,489,1397,435,3386,7464
23909,0,0,0,1239,1239
23915,26,148,40,178,779
23917,62,239,103,127,878
23919,23,132,37,164,451
23920,183,251,91,186,801
23921,65,268,31,112,770
23922,9,173,50,324,2015
23923,10,282,214,149,764
23924,152,507,85,549,1802
23927,251,504,115,108,907
23930,119,848,266,226,2018
23934,18,46,0,16,241
23936,143,508,287,557,2940
23937,36,229,69,209,550
23938,18,13,0,24,53
23942,33,75,27,0,364
23943,0,0,6,1032,1052
23944,85,641,117,384,1225
23947,75,384,103,245,896
23950,37,487,139,247,1156
23952,0,0,0,81,103
23954,0,285,92,368,981
23955,0,0,0,0,0
23958,196,510,146,115,772
23959,27,150,94,100,535
23960,0,306,33,85,665
23962,0,0,20,54,186
23963,1,35,44,0,114
23964,22,81,24,29,325
23966,59,185,62,146,593
23967,33,362,0,165,516
23968,0,59,15,14,205
23970,334,874,430,631,3018
23974,168,473,179,247,1886
23976,0,0,0,0,0
24011,5,0,0,198,526
24012,1257,3338,971,2138,11055
24013,65,1454,380,834,3295
24014,491,1194,594,886,5206
24015,348,2574,524,941,6175
24016,362,1152,439,730,4344
24017,827,3057,928,2348,9425
24018,1020,4389,1467,2644,13552
24019,503,3144,739,2039,10033
24020,0,0,0,588,588
24022,0,0,0,0,0
24053,55,187,93,118,551
24054,89,684,273,279,2263
24055,542,1008,288,848,3479
24058,0,0,32,51,190
24059,51,87,0,0,143
24060,837,3892,1015,16314,28672
24061,0,0,123,9064,9269
24064,210,657,253,366,1809
24065,132,838,143,329,1954
24066,152,607,160,393,1396
24067,45,377,62,104,666
24069,41,82,17,131,481
24070,15,199,29,64,450
24072,21,78,52,67,539
24073,268,3436,941,2140,11468
24076,37,229,0,5,361
24077,0,226,116,120,515
24078,179,981,504,678,2930
24079,12,466,22,190,416
24082,6,103,23,38,233
24083,281,363,333,170,1496
24084,243,1093,341,653,3412
24085,44,225,17,66,527
24086,0,22,0,11,38
24087,48,556,127,518,1637
24088,74,332,247,1330,2261
24089,30,262,60,93,587
24090,141,479,147,458,1611
24091,314,585,366,444,2254
24092,79,456,79,440,1359
24093,15,9,2,7,41
24095,59,300,152,167,1283
24101,169,648,174,205,1723
24102,42,209,9,83,448
24104,57,181,34,117,339
24105,0,16,18,31,98
24112,882,3706,1030,2357,9640
24120,111,177,29,73,406
24121,256,918,377,693,2711
24122,0,121,38,122,396
24124,121,837,149,376,1479
24127,130,616,169,191,1142
24128,10,132,61,73,531
24129,0,0,0,0,0
24131,0,0,0,0,0
24132,8,80,0,42,102
24133,18,264,174,151,803
24134,166,678,234,459,1991
24136,56,206,38,178,919
24137,28,99,39,451,678
24138,11,283,58,14,497
24139,0,0,0,14,81
24141,286,2037,624,5426,10815
24142,0,0,15,2260,2292
24147,60,67,139,101,535
24148,318,1283,457,486,2636
24149,34,327,103,71,1139
24150,11,56,34,29,170
24151,478,2244,744,1401,6061
24153,1222,4233,1358,4244,14494
24161,0,62,12,54,116
24162,0,55,89,94,834
24165,61,181,34,111,416
24167,0,12,0,0,12
24168,0,0,0,0,0
24171,228,686,178,551,2052
24174,14,290,80,250,1303
24175,139,767,270,716,2319
24176,44,39,8,63,230
24179,542,2234,859,1373,6585
24184,9,462,312,266,1175
24185,26,59,0,34,99
24201,534,1642,646,1321,5671
24202,360,1411,346,815,3769
24210,463,1545,674,1359,6316
24211,200,894,285,473,3043
24216,29,364,104,156,744
24217,0,0,0,0,13
24219,152,1205,289,863,4063
24220,48,67,25,73,379
24221,0,60,20,27,136
24224,44,452,346,517,2197
24225,5,236,75,111,507
24226,10,282,90,56,579
24228,145,691,163,441,1910
24230,80,855,343,389,2610
24236,104,247,158,240,1224
24237,34,13,13,0,162
24239,0,0,0,56,103
24243,0,142,37,91,497
24244,146,708,246,271,2099
24245,52,85,16,82,296
24246,0,8,0,33,115
24248,20,190,103,316,892
24250,29,95,0,97,240
24251,211,746,332,632,2705
24256,57,209,116,335,1073
24258,16,160,23,61,259
24260,88,776,173,231,1578
24263,164,607,104,399,1696
24265,12,14,26,43,254
24266,275,909,211,733,2911
24269,0,73,12,40,186
24270,0,23,9,1,33
24271,70,232,122,151,691
24272,34,24,30,9,74
24273,162,616,316,453,2242
24277,108,651,194,438,2759
24279,85,447,230,336,1949
24280,8,131,51,3,360
24281,44,329,225,108,779
24282,0,149,28,40,172
24283,65,189,83,135,602
24290,137,300,58,153,820
24292,0,30,20,35,115
24293,202,1047,198,1366,3919
24301,234,1260,485,1181,5168
24311,28,94,26,129,388
24312,13,76,89,111,505
24313,0,116,21,12,280
24314,73,79,5,39,247
24315,101,325,81,192,1644
24316,0,0,15,0,15
24317,66,516,171,290,1379
24318,4,96,15,18,145
24319,158,689,207,518,2062
24322,0,0,0,0,0
24323,9,201,58,0,440
24324,38,231,24,110,496
24325,14,73,0,104,337
24326,53,58,0,16,82
24327,0,0,0,582,594
24328,75,166,50,36,254
24330,32,268,86,188,1172
24333,414,2055,809,1528,5981
24340,97,845,179,446,1760
24343,446,861,269,564,2374
24347,27,59,26,119,406
24348,98,510,142,369,1630
24350,0,84,91,116,415
24351,6,0,30,0,46
24352,84,146,73,190,601
24354,435,1488,454,1072,4682
24360,126,708,300,254,1723
24361,38,622,145,526,1737
24363,23,62,0,73,330
24366,5,12,14,15,142
24368,78,680,209,523,1962
24370,120,677,253,375,2034
24374,27,55,0,0,87
24375,18,174,105,142,532
24377,9,68,0,124,227
24378,14,106,8,22,221
24380,101,236,6,278,784
24381,13,272,64,102,930
24382,527,1364,513,1182,4944
24401,1292,3701,931,3077,12974
24411,0,0,0,0,0
24412,0,0,0,0,141
24413,0,37,17,23,79
24415,0,0,0,0,0
24416,199,1216,353,1385,3612
24421,40,178,214,298,1237
24422,245,744,136,406,1700
24426,218,1652,404,1058,4452
24430,34,190,79,273,1900
24431,64,175,70,178,839
24432,0,0,0,64,181
24433,0,6,0,2,19
24435,35,125,40,70,423
24437,209,128,158,105,470
24439,72,66,7,54,174
24440,112,316,57,256,1125
24441,71,664,223,621,2186
24442,0,10,0,0,16
24445,136,271,0,242,685
24448,20,57,19,12,147
24450,393,1397,491,4082,7963
24457,40,34,0,34,136
24458,0,20,0,0,36
24459,0,45,0,54,167
24460,8,108,18,17,289
24464,75,0,0,0,11
24465,92,46,31,197,354
24467,28,163,111,318,1114
24469,0,0,0,0,0
24471,7,77,60,97,584
24472,161,33,132,192,714
24473,13,48,0,93,247
24474,18,63,57,75,218
24476,49,16,15,0,31
24477,359,1607,661,545,4053
24479,121,376,71,82,745
24482,112,881,63,420,2122
24483,22,6,6,142,286
24484,63,41,12,39,125
24485,0,17,4,12,59
24486,21,440,226,417,1589
24487,0,43,2,41,112
24501,522,3024,821,5409,13310
24502,1223,4392,1299,7911,20211
24503,754,2592,876,2257,6844
24504,157,986,236,808,3488
24515,0,1,56,5708,5810
24517,145,413,189,258,1543
24520,0,240,128,222,542
24521,284,1104,403,643,3206
24522,197,1132,312,727,3385
24523,592,2825,708,1569,6623
24526,15,213,68,38,538
24527,17,357,191,241,1225
24528,181,270,104,163,910
24529,58,166,30,82,338
24530,7,14,1,43,163
24531,154,816,309,552,3250
24534,43,256,49,18,346
24536,0,3,39,6,104
24538,143,462,168,332,1392
24539,0,0,0,66,128
24540,924,3557,1358,2516,10763
24541,645,3706,775,2526,10034
24549,34,566,218,331,1442
24550,90,1109,391,504,3029
24551,388,3090,1136,2605,9822
24553,22,66,60,117,614
24554,74,419,113,260,1068
24555,102,204,99,188,766
24556,20,218,79,154,660
24557,322,689,226,541,2165
24558,239,498,232,416,2130
24562,0,8,0,25,46
24563,79,557,171,259,1289
24565,12,90,27,45,248
24566,75,100,9,268,498
24569,14,44,69,69,273
24570,0,0,0,0,0
24571,44,170,78,110,514
24572,403,1747,539,1210,5298
24574,57,572,57,330,1286
24577,69,520,187,481,1539
24578,59,86,25,21,197
24579,24,114,101,122,369
24580,0,29,0,45,156
24581,0,0,0,0,0
24586,46,610,248,425,1625
24588,80,911,368,926,3871
24589,105,234,95,100,778
24590,181,912,293,408,2453
24592,532,1828,560,963,4443
24593,20,381,39,258,1032
24594,9,303,100,226,575
24595,0,0,0,464,525
24597,12,82,64,104,286
24598,24,109,20,81,471
24599,23,66,32,64,188
24601,0,0,0,0,0
24602,0,65,35,0,191
24603,9,51,18,33,67
24604,0,22,0,42,57
24605,286,939,191,928,2753
24606,0,16,23,0,70
24607,10,7,0,0,15
24609,62,764,159,596,2230
24612,20,14,0,6,52
24613,0,13,0,15,153
24614,294,650,195,729,2539
24620,50,298,123,107,1006
24622,69,27,0,43,96
24630,75,703,243,469,2378
24631,8,110,44,132,936
24634,16,19,29,29,79
24635,9,22,6,79,418
24637,55,529,86,288,1246
24639,25,490,265,284,1365
24641,133,383,275,469,2022
24646,14,20,43,50,113
24649,14,96,13,76,431
24651,126,817,261,371,1891
24656,42,317,60,119,759
24657,0,100,28,0,96
24701,757,1970,466,1719,5782
24712,17,473,86,802,1458
24714,0,0,0,4,28
24715,5,8,0,14,43
24716,0,0,0,0,25
24719,0,48,0,0,41
24724,9,5,5,0,36
24726,10,43,22,35,155
24729,0,15,0,0,0
24731,0,0,0,0,0
24733,0,0,0,0,12
24736,15,69,16,20,90
24737,0,281,108,37,461
24738,0,0,0,0,0
24739,205,1731,419,1099,4369
24740,636,1901,628,1106,6243
24747,0,400,128,168,985
24801,187,485,144,375,2382
24808,4,97,38,17,179
24811,0,0,50,26,110
24813,0,0,0,0,0
24815,0,0,0,8,25
24816,0,0,0,0,0
24817,8,402,108,56,392
24818,29,52,0,41,176
24822,0,40,91,34,590
24823,0,210,0,41,186
24826,0,0,0,0,50
24827,80,101,28,0,209
24828,0,198,57,12,217
24830,2,0,0,20,23
24831,0,114,71,14,217
24834,0,78,0,104,514
24836,7,177,0,146,265
24839,56,46,46,67,214
24843,0,0,0,0,0
24844,11,180,49,91,394
24845,0,91,77,52,348
24846,0,71,0,0,185
24847,0,0,0,24,47
24848,18,0,0,36,36
24849,0,0,16,15,31
24850,0,0,0,0,0
24851,0,0,0,49,49
24853,54,14,0,0,65
24854,43,238,43,42,250
24855,14,0,0,0,0
24857,0,44,21,100,319
24860,0,0,0,0,0
24861,0,0,8,5,96
24862,0,71,32,66,234
24866,0,84,31,0,103
24867,21,0,0,0,0
24868,46,86,20,44,224
24869,0,80,0,0,53
24870,56,19,0,140,493
24871,0,40,0,15,163
24872,0,20,0,71,124
24873,35,101,0,6,123
24874,229,328,19,341,811
24878,19,0,0,0,0
24879,0,49,0,105,187
24880,0,119,0,0,238
24881,0,39,20,36,88
24882,0,186,19,91,223
24884,0,0,0,0,0
24887,0,0,0,0,0
24888,0,3,5,0,5
24892,12,213,54,56,530
24894,9,31,8,6,50
24895,0,0,0,0,0
24898,0,0,0,0,0
24901,263,1030,304,661,3131
24910,195,210,79,442,1473
24915,0,33,12,125,244
24916,0,45,46,0,121
24918,30,203,45,120,373
24920,0,80,15,34,143
24924,76,0,0,0,140
24925,21,37,34,9,113
24927,5,97,6,0,116
24931,19,212,12,33,321
24934,35,8,5,13,36
24935,0,54,17,0,96
24938,28,152,187,58,695
24941,22,256,67,67,357
24943,0,0,0,4,9
24944,0,67,13,0,80
24945,34,0,0,64,64
24946,18,42,49,62,419
24951,33,101,4,0,183
24954,163,270,109,300,975
24957,13,29,44,41,156
24962,0,0,0,0,0
24963,71,386,231,275,1425
24966,11,74,21,52,263
24970,145,360,137,397,1340
24974,0,60,14,49,179
24976,11,138,0,0,265
24977,0,0,0,43,166
24981,0,15,34,21,131
24983,106,171,79,109,395
24984,0,0,0,0,29
24985,0,8,14,4,124
24986,183,693,132,160,1726
24991,0,0,0,0,104
24993,0,36,0,0,27
25002,0,0,0,0,0
25003,65,64,8,70,330
25005,0,60,63,0,175
25007,0,155,0,0,95
25008,0,29,8,40,89
25009,0,174,37,51,355
25011,0,30,13,12,255
25015,108,341,99,356,1156
25019,7,71,27,36,163
25021,102,18,0,0,43
25022,0,37,27,0,50
25024,5,83,6,43,195
25025,0,47,25,0,70
25028,21,13,19,4,62
25030,0,31,14,0,124
25031,21,98,33,0,188
25033,42,140,51,125,564
25035,16,13,60,111,316
25036,0,0,0,0,30
25039,8,63,38,65,254
25040,0,275,49,68,234
25043,13,296,7,43,462
25044,0,35,6,41,109
25045,54,647,214,363,1622
25047,8,14,0,14,60
25048,0,11,0,39,39
25049,16,80,34,50,191
25051,27,46,0,0,76
25053,90,435,193,262,1176
25054,0,62,23,0,91
25057,0,28,30,21,108
25059,32,118,11,76,133
25060,0,32,42,0,121
25061,14,16,13,98,239
25062,0,0,0,0,6
25063,82,74,64,298,502
25064,465,808,170,1203,3556
25067,26,37,55,41,354
25070,57,211,25,118,652
25071,288,1402,385,659,3174
25075,14,294,0,0,212
25076,0,0,0,0,36
25081,43,82,92,50,388
25082,13,73,155,104,468
25083,15,74,46,25,108
25085,7,20,49,21,196
25086,33,83,13,68,204
25088,0,0,0,0,0
25090,10,0,0,0,113
25093,0,18,0,13,13
25102,5,18,2,110,170
25103,24,26,12,0,31
25106,5,11,0,29,135
25107,30,52,0,32,55
25108,7,85,0,11,199
25109,88,39,38,0,159
25110,0,71,0,36,111
25111,20,12,8,27,72
25112,0,0,0,123,123
25113,27,21,0,1,6
25114,0,34,0,8,28
25115,12,0,0,0,16
25118,20,86,0,40,176
25119,15,134,28,38,96
25121,18,108,131,157,385
25123,23,485,97,287,986
25124,155,90,65,84,328
25125,21,147,69,150,410
25126,13,0,0,0,85
25130,106,247,66,199,1142
25132,0,13,83,0,268
25133,21,187,10,0,206
25134,0,55,84,148,370
25136,37,166,33,370,764
25139,41,29,0,135,264
25140,56,205,11,23,568
25141,34,31,0,0,0
25142,0,0,14,64,105
25143,82,1275,274,778,2746
25148,0,0,39,44,221
25149,0,26,27,0,99
25152,19,47,0,0,29
25154,16,137,27,192,330
25156,0,0,0,0,0
25159,76,787,182,253,1716
25160,0,35,45,54,246
25161,18,0,0,42,135
25162,18,51,17,32,136
25164,0,116,23,130,195
25165,19,39,0,80,207
25168,41,422,127,168,929
25169,8,61,20,0,146
25173,37,0,0,50,50
25174,14,6,6,5,81
25177,761,3071,872,1616,8368
25180,0,0,0,0,92
25181,11,200,79,90,535
25183,0,0,0,37,37
25185,0,0,0,37,417
25186,16,79,0,25,171
25187,42,58,19,12,228
25193,1,54,7,61,129
25201,0,0,0,40,76
25202,9,177,93,142,616
25203,0,0,28,31,155
25204,0,6,0,0,26
25205,0,0,0,54,135
25206,0,22,20,0,38
25208,5,251,17,12,171
25209,49,9,31,25,181
25211,13,12,0,0,37
25213,3,869,294,466,2468
25214,0,175,155,75,261
25231,0,0,0,0,0
25234,23,55,0,31,103
25235,7,260,160,152,567
25239,38,489,257,32,606
25241,11,260,55,157,829
25243,5,85,9,20,149
25244,21,24,51,35,138
25245,0,0,37,89,230
25247,19,81,22,27,145
25248,165,302,236,455,1112
25251,0,87,72,111,372
25252,0,173,58,23,260
25253,39,350,132,162,1014
25259,16,54,138,10,276
25260,54,139,38,97,505
25261,0,0,5,38,43
25262,0,97,35,125,466
25264,24,64,13,0,99
25265,8,137,30,138,594
25266,0,68,0,148,323
25267,11,0,0,0,150
25268,0,18,0,6,74
25270,7,120,21,45,248
25271,280,1224,163,401,2587
25275,121,275,23,21,628
25276,164,877,234,525,2286
25285,9,78,53,30,375
25286,0,164,77,35,423
25287,14,11,30,39,546
25301,40,92,26,168,879
25302,502,1044,493,1268,4917
25303,57,857,311,752,3051
25304,201,766,319,1035,3070
25305,0,0,0,0,0
25306,152,599,131,384,2300
25309,578,1329,487,828,4708
25311,438,796,261,547,3749
25312,49,1683,306,511,3009
25313,111,1017,363,758,4386
25314,339,1961,659,492,5244
25315,99,364,93,232,1231
25320,55,875,163,334,1294
25387,113,638,178,701,2132
25401,268,2183,704,1521,5775
25403,210,1856,675,975,6056
25404,297,2703,729,2161,9930
25405,166,1968,527,1065,6335
25411,270,1204,387,890,3673
25413,148,1055,344,604,3431
25414,384,2470,757,1233,7270
25419,141,1336,626,1097,4444
25420,44,567,182,157,1380
25421,0,0,0,0,0
25422,0,161,102,121,562
25425,204,1548,557,1145,4851
25427,269,1957,583,699,5309
25428,75,2127,548,1361,6025
25430,145,1159,265,560,2596
25431,0,81,94,0,182
25432,3,9,0,2,29
25434,28,265,104,104,1639
25437,0,17,0,0,19
25438,118,997,259,697,2960
25442,17,543,163,189,831
25443,107,758,316,1377,3378
25444,0,14,26,0,146
25446,11,99,145,88,396
25501,76,107,58,108,317
25502,15,0,171,77,436
25503,13,254,51,15,420
25504,285,1513,559,1393,5838
25505,0,0,19,26,72
25506,0,635,369,228,1479
25507,56,55,65,95,369
25508,125,1336,286,667,2728
25510,93,749,219,527,2071
25511,7,32,19,21,178
25512,25,125,41,73,363
25514,72,455,220,201,1366
25515,29,261,81,130,692
25517,42,106,127,173,517
25520,49,157,33,32,310
25521,0,119,62,58,500
25523,148,417,51,203,859
25524,0,334,63,177,773
25526,575,2685,907,1808,8489
25529,8,186,48,219,405
25530,82,849,163,579,2386
25534,0,0,0,0,16
25535,26,395,175,172,1092
25537,16,100,0,126,380
25540,0,29,0,75,158
25541,281,834,432,1048,3392
25544,0,37,0,17,55
25545,123,764,146,274,1465
25547,0,57,36,56,218
25550,329,1190,269,325,2525
25555,11,260,39,245,836
25557,21,4,36,152,473
25559,89,258,83,27,503
25560,174,927,461,688,2845
25564,0,224,81,55,747
25565,10,84,0,23,236
25567,0,69,0,31,211
25570,108,745,208,385,1550
25571,47,424,94,231,934
25573,25,107,0,39,145
25601,115,548,182,372,2110
25606,3,69,12,37,251
25607,10,39,40,34,204
25608,0,42,0,84,172
25611,0,157,12,118,202
25612,17,0,9,76,101
25617,0,63,15,28,89
25621,30,241,54,127,544
25624,105,75,0,46,117
25625,0,126,10,41,593
25628,20,37,7,84,131
25630,0,98,3,9,176
25632,0,136,5,0,396
25634,0,249,102,100,576
25635,24,197,89,116,606
25637,26,70,27,32,275
25638,0,99,33,12,172
25639,0,51,26,0,169
25644,6,81,0,91,262
25646,26,62,189,141,452
25647,0,17,0,0,46
25649,0,161,0,52,582
25650,0,0,0,37,69
25651,0,17,29,55,156
25652,39,78,80,124,363
25653,0,58,0,0,29
25654,0,0,0,54,54
25661,113,604,282,138,1719
25666,0,0,28,0,109
25667,0,92,31,49,208
25669,2,54,0,6,249
25670,69,364,155,217,1216
25671,0,460,109,47,636
25672,0,42,0,0,9
25674,47,288,74,114,571
25676,0,76,17,260,399
25678,20,68,56,86,334
25685,0,201,34,22,210
25688,0,19,41,18,96
25690,0,19,130,68,482
25692,0,159,0,182,477
25696,59,188,29,62,408
25699,0,8,0,0,16
25701,542,2289,576,3085,8680
25702,137,628,264,882,2682
25703,5,292,26,2587,3853
25704,272,1805,542,1262,4918
25705,475,2558,804,1763,8290
25755,0,0,0,1423,1440
25801,726,3563,1260,2657,11133
25810,0,0,0,0,0
25811,0,0,0,0,0
25812,24,126,72,207,548
25813,53,652,269,817,3679
25817,0,0,0,19,85
25818,0,0,0,145,259
25820,9,55,33,0,188
25823,55,0,0,0,130
25825,20,383,199,63,783
25826,82,0,0,78,78
25827,0,338,101,106,723
25831,28,201,44,67,435
25832,78,598,139,357,1369
25836,0,227,51,37,584
25837,50,0,16,25,96
25839,65,83,0,0,96
25840,101,1173,259,388,2450
25841,0,128,21,31,220
25843,37,112,0,0,216
25844,15,169,27,51,356
25845,0,19,74,31,213
25846,0,0,0,0,0
25848,0,29,0,0,22
25849,0,0,0,0,100
25851,0,0,0,0,0
25853,0,0,0,0,0
25854,0,252,46,21,314
25855,62,0,11,37,98
25857,0,0,0,0,0
25862,22,0,0,0,0
25864,0,43,0,0,0
25865,5,96,106,38,305
25866,0,40,58,7,135
25868,0,34,0,0,103
25870,0,0,0,0,36
25871,22,152,23,46,378
25873,11,12,0,0,45
25875,0,321,101,37,294
25876,0,17,0,0,0
25878,106,182,47,0,178
25879,0,0,0,0,30
25880,55,895,64,663,1862
25882,33,267,108,222,1147
25901,197,1076,357,647,3699
25902,10,0,0,72,72
25904,13,65,4,79,172
25907,0,28,78,0,78
25908,0,0,0,0,0
25909,0,182,39,42,256
25911,0,0,0,81,81
25913,0,0,0,0,0
25915,31,0,0,40,47
25916,15,0,89,0,89
25917,39,102,23,30,347
25918,13,707,88,258,1616
25920,0,22,65,37,305
25921,129,302,174,279,1182
25922,0,0,0,77,77
25928,53,18,0,0,39
25932,0,70,20,72,179
25936,0,0,0,0,4
25938,62,179,117,67,526
25942,0,0,0,0,26
25943,0,0,0,0,0
25951,192,512,204,449,1741
25958,0,176,10,56,278
25962,86,384,139,456,1407
25966,0,0,0,0,7
25969,39,159,70,55,533
25971,36,211,0,21,470
25972,0,0,0,0,0
25976,36,213,89,43,657
25977,0,0,0,0,0
25978,0,67,0,35,86
25979,31,71,0,10,218
25981,5,156,10,24,225
25984,37,211,28,189,654
25985,0,55,0,40,114
25986,0,20,23,17,68
25989,0,44,0,109,183
26003,1524,4120,1230,3166,13934
26030,23,70,20,47,194
26031,57,130,22,105,484
26032,2,32,5,778,863
26033,36,175,2,76,375
26034,202,496,62,216,1049
26035,25,448,106,28,452
26036,0,129,0,68,209
26037,137,523,195,482,1883
26038,66,504,210,160,1072
26039,0,0,0,47,56
26040,31,307,114,130,760
26041,293,1633,647,1120,5549
26047,161,588,215,566,1852
26050,42,125,96,26,313
26055,98,100,14,96,284
26056,10,19,39,51,113
26058,0,0,24,0,60
26059,67,314,134,89,775
26060,48,331,132,180,685
26062,761,2226,680,1301,7309
26070,197,815,285,622,2556
26074,17,83,10,1118,1278
26075,12,31,17,68,190
26101,576,3594,1040,2310,10891
26104,479,1635,588,1210,5137
26105,368,1386,531,1183,4315
26133,0,158,12,45,445
26134,41,51,16,64,245
26136,18,32,8,42,101
26137,7,189,0,0,307
26138,0,0,7,0,39
26141,21,22,0,11,79
26142,51,289,75,127,875
26143,47,464,129,254,1135
26146,7,37,2,34,105
26147,69,103,27,101,510
26148,14,28,0,29,42
26149,33,256,145,140,668
26150,57,680,348,377,2033
26151,12,71,8,22,118
26152,0,0,0,0,0
26155,168,957,304,675,2710
26159,31,191,123,206,1074
26160,8,74,69,0,298
26161,0,78,0,0,44
26162,0,0,0,0,0
26164,225,675,203,663,2606
26167,17,31,24,21,84
26169,28,95,0,67,294
26170,156,661,316,658,2519
26175,78,402,51,200,888
26178,16,0,0,29,46
26180,9,234,87,116,536
26181,133,942,227,382,1954
26184,38,410,46,188,764
26187,234,635,164,363,1789
26201,355,2090,728,2315,7446
26202,23,0,22,40,62
26203,19,109,21,63,130
26205,28,217,83,443,1138
26206,73,297,75,158,773
26208,5,122,19,34,177
26209,0,0,11,0,60
26210,0,0,0,0,0
26215,0,0,0,0,26
26217,0,50,95,45,165
26218,35,547,90,267,906
26222,18,0,0,11,53
26224,0,27,11,0,24
26228,0,0,0,0,0
26230,37,0,8,0,27
26234,53,83,26,0,114
26236,0,0,0,0,0
26237,9,49,58,7,118
26238,0,57,27,39,334
26241,436,1174,643,1438,5018
26250,84,787,132,697,2338
26253,30,427,51,265,1186
26254,0,0,0,0,14
26257,9,97,6,9,115
26259,0,0,0,0,0
26260,34,94,55,102,431
26261,99,396,54,96,914
26263,0,10,0,0,40
26264,9,163,20,9,225
26266,0,28,0,0,164
26267,0,128,82,41,403
26268,0,0,0,0,0
26269,15,46,36,66,325
26270,0,61,9,21,107
26271,13,28,18,21,84
26273,13,264,17,115,1019
26275,30,113,56,33,207
26276,7,34,23,106,447
26278,4,89,0,103,200
26280,17,240,25,69,341
26282,0,0,0,0,22
26283,30,158,69,71,358
26285,29,0,0,0,42
26287,68,267,55,191,965
26288,78,331,89,199,926
26289,0,0,0,0,4
26291,0,0,0,0,0
26292,40,67,18,19,202
26293,0,48,12,76,244
26294,0,79,0,0,103
26296,0,0,0,0,0
26298,18,0,21,0,21
26301,761,3757,1271,2495,10436
26320,5,79,29,51,249
26321,0,17,12,11,102
26323,14,44,18,12,178
26325,2,3,0,1,26
26327,0,11,0,0,0
26330,564,1823,542,774,5350
26335,10,163,38,21,387
26337,6,125,55,136,370
26338,8,79,13,54,237
26339,0,0,20,0,66
26342,5,145,44,14,187
26343,13,24,9,19,74
26346,1,119,3,59,255
26347,44,429,155,218,905
26348,0,49,9,23,73
26349,0,34,0,56,124
26351,40,440,65,753,1388
26354,233,1057,317,739,3613
26361,0,0,0,0,23
26362,101,380,113,197,823
26366,0,0,0,0,55
26369,10,69,0,42,223
26372,18,71,41,70,253
26374,8,219,116,161,664
26376,11,101,34,0,87
26377,20,28,27,137,192
26378,136,404,146,276,1421
26384,27,56,16,0,126
26385,47,298,94,246,1122
26386,26,202,61,296,923
26404,0,0,0,0,0
26405,18,145,76,21,316
26408,14,347,118,191,921
26410,2,75,37,9,227
26411,22,65,0,66,335
26412,0,18,23,52,207
26415,70,230,158,132,1671
26416,124,738,273,886,2740
26419,18,67,6,5,164
26421,2,23,11,17,91
26422,0,54,15,24,92
26424,0,37,0,0,54
26425,56,65,19,54,267
26426,281,673,291,701,2696
26430,2,31,19,42,1068
26431,92,604,126,369,1910
26435,0,22,0,0,26
26436,0,14,20,0,34
26437,0,107,14,49,290
26438,40,0,0,0,0
26440,7,127,72,44,309
26443,0,0,17,78,153
26444,154,523,110,202,1042
26447,41,184,47,22,297
26448,39,267,75,10,502
26451,2,102,10,92,220
26452,152,1368,280,722,3306
26456,55,274,106,385,1019
26463,0,18,14,12,41
26501,306,1494,530,2817,9141
26505,566,2388,627,14329,25251
26506,0,0,31,1399,1452
26508,283,4517,1372,4757,17531
26519,13,194,29,257,914
26520,0,6,0,71,105
26521,0,0,0,3,25
26524,0,12,9,0,23
26525,159,538,179,386,3928
26534,10,73,22,203,481
26537,127,650,162,423,1805
26541,0,364,109,304,1431
26542,38,248,20,69,636
26543,0,0,0,0,0
26544,0,0,0,0,0
26546,0,0,0,0,75
26547,40,306,60,251,1125
26554,988,4652,1322,4976,17073
26559,58,192,146,110,633
26560,0,33,0,67,67
26562,0,182,25,69,161
26563,0,41,0,40,94
26568,0,153,47,15,187
26570,83,478,66,358,1252
26571,32,151,31,129,532
26572,0,159,25,61,207
26574,4,65,12,23,138
26575,9,60,0,41,154
26576,0,11,55,21,195
26581,12,108,17,19,149
26582,71,381,220,264,1056
26585,0,42,15,67,204
26586,11,0,0,0,0
26587,0,38,0,64,130
26588,29,363,27,376,946
26590,0,0,15,28,91
26591,0,252,57,136,523
26601,111,360,185,87,1201
26610,10,23,41,12,164
26611,10,29,0,0,30
26615,0,38,0,0,15
26617,8,47,23,0,66
26619,6,61,8,72,124
26621,16,113,74,194,448
26623,22,217,5,137,445
26624,134,299,33,147,678
26627,0,12,55,14,307
26629,0,0,0,0,104
26631,9,0,0,0,33
26636,0,6,0,66,99
26638,0,19,22,30,80
26651,190,970,709,477,3315
26656,23,41,25,0,121
26660,0,0,24,40,153
26662,0,14,0,0,49
26667,0,0,0,10,10
26671,0,17,0,54,85
26676,0,0,0,77,125
26678,0,263,69,157,468
26679,13,272,12,44,426
26680,0,69,42,36,157
26681,19,159,98,120,463
26684,0,101,0,0,170
26690,10,216,0,51,368
26691,7,283,0,36,299
26704,71,316,138,195,1046
26705,12,82,16,26,192
26707,7,23,10,25,122
26710,37,308,109,246,848
26711,53,468,142,218,681
26714,57,55,0,0,25
26716,7,49,29,205,482
26717,0,173,130,29,438
26719,46,124,30,196,692
26720,0,107,0,0,23
26722,38,0,0,44,63
26726,383,1518,389,1066,4714
26731,0,0,0,43,101
26739,7,0,21,74,226
26743,46,155,97,72,386
26750,6,98,45,186,385
26753,64,705,204,379,1783
26755,0,98,81,17,226
26757,232,911,264,281,2250
26761,0,13,0,90,133
26763,61,353,19,57,333
26764,139,607,202,268,1480
26767,5,107,16,68,151
26801,66,102,56,40,226
26802,32,25,0,76,206
26804,6,41,35,39,185
26807,95,218,63,101,630
26808,0,9,0,179,339
26810,19,0,26,59,158
26812,24,290,29,50,527
26814,3,10,33,54,163
26815,32,56,34,8,128
26817,0,133,80,334,529
26818,53,219,2,129,374
26823,0,0,0,0,0
26833,13,219,71,134,670
26836,139,711,211,411,2284
26838,0,22,0,20,51
26845,0,46,55,101,381
26847,165,556,204,457,1936
26851,24,62,37,85,386
26852,9,97,14,34,185
26855,43,43,0,18,165
26865,0,42,0,58,127
26866,10,257,17,60,206
26884,13,25,8,22,134
26886,9,0,0,36,36
27006,652,1716,812,1083,4556
27007,0,137,96,101,682
27009,23,390,136,280,1084
27011,124,492,227,419,1567
27012,566,3362,990,2098,9200
27013,47,1034,280,533,2698
27014,6,123,29,70,332
27016,97,159,17,154,587
27017,139,1282,487,900,3862
27018,130,1104,206,796,2545
27019,61,205,35,257,845
27020,143,669,385,276,1882
27021,575,1721,703,1068,6008
27022,0,66,6,162,408
27023,166,2451,539,758,4544
27024,12,138,66,161,566
27025,417,1637,381,851,3823
27027,118,356,125,239,1117
27028,441,3306,852,2080,9149
27030,1200,4345,1226,2878,12330
27040,244,1709,498,915,4371
27041,133,925,278,722,2415
27042,0,0,0,10,49
27043,72,776,387,587,2191
27045,358,1164,349,606,3669
27046,0,373,9,66,436
27047,21,288,10,147,473
27048,115,836,242,631,2807
27050,57,407,150,340,1200
27051,150,1066,194,837,3058
27052,289,1190,582,1017,3526
27053,96,240,119,229,867
27054,68,132,90,191,530
27055,441,1782,547,1115,5141
27101,202,2269,399,2933,9704
27103,834,3429,1101,2979,15368
27104,840,3177,1166,2111,10733
27105,761,5630,2269,4130,16097
27106,1125,6372,1950,5198,19325
27107,702,8450,2598,4160,18875
27109,0,0,0,2547,2547
27110,0,0,0,2420,2421
27127,513,6080,1798,3857,16780
27201,7,34,0,0,22
27202,0,0,0,54,54
27203,441,3588,981,1922,9199
27205,864,4515,1292,2715,12327
27207,161,260,102,339,1177
27208,0,155,73,51,455
27209,65,954,336,702,1756
27212,0,38,27,125,926
27213,25,0,0,22,22
27214,156,1701,639,1234,6114
27215,1034,6440,959,3499,15551
27217,620,6241,2025,3317,15425
27229,95,504,86,370,1174
27231,11,177,133,102,780
27233,21,286,256,300,1210
27235,523,660,103,192,1076
27239,94,751,374,490,2136
27242,25,193,42,112,417
27243,9,628,163,280,1534
27244,487,1245,607,5601,8544
27247,0,0,23,21,65
27248,39,483,247,701,1733
27249,146,1288,560,911,3781
27252,14,187,11,10,487
27253,730,3248,1132,2356,11607
27256,0,0,0,0,58
27258,104,863,319,765,2906
27259,0,18,0,0,33
27260,336,3812,1235,2344,9521
27262,433,2758,782,4499,11320
27263,468,2995,792,1533,7828
27265,731,6053,1927,5064,19110
27268,0,0,6,987,995
27278,394,3004,1015,1611,9012
27281,82,345,167,258,955
27282,325,1799,734,1365,5938
27283,76,355,192,308,1310
27284,1152,6794,2474,4767,20966
27288,544,2680,879,1964,8336
27291,0,51,80,15,288
27292,705,4700,1545,3416,15211
27295,938,4391,1646,2555,13123
27298,189,1368,445,933,4058
27299,0,666,187,603,2275
27301,248,1412,527,920,3386
27302,464,4497,1484,2596,14105
27305,95,249,50,77,463
27306,172,396,258,223,1694
27310,88,1392,505,503,2485
27311,29,783,98,345,1077
27312,902,1890,768,1580,6987
27313,78,804,345,349,2231
27314,0,54,22,141,334
27315,7,178,86,38,437
27316,141,818,248,580,2503
27317,387,1884,720,1371,6129
27320,779,4143,1620,2589,12477
27325,186,938,476,847,2825
27326,72,440,210,296,1346
27330,761,5503,1916,3570,15958
27332,552,4993,1226,2199,13376
27340,0,0,0,0,0
27341,58,357,233,214,1480
27342,3,23,24,0,79
27343,0,189,63,207,489
27344,492,2421,1121,1540,7231
27349,160,654,369,613,2284
27350,49,609,250,607,1950
27351,0,24,0,64,147
27355,46,268,116,328,1194
27356,47,736,21,114,771
27357,114,1523,435,725,3433
27358,160,1937,725,1282,5021
27360,1156,6219,1929,4042,17268
27370,251,1684,728,1335,5100
27371,76,538,212,445,2949
27374,0,72,0,0,45
27376,112,658,547,701,2696
27377,97,1170,463,696,3648
27379,185,451,180,237,1381
27401,500,1598,264,6489,11652
27403,318,1666,530,5180,11073
27405,856,8402,1743,4915,21324
27406,1578,8708,3400,5851,26552
27407,718,6940,1899,5770,24472
27408,430,2162,605,1114,5752
27409,287,1497,671,1746,8143
27410,1699,6251,1945,5281,21400
27411,0,0,3,1691,1697
27412,0,0,29,3065,3101
27455,526,3467,1158,2179,10392
27501,248,2781,1024,1685,8391
27502,523,8484,2497,3079,19213
27503,67,249,29,187,2438
27504,234,1332,454,1156,5610
27505,69,1418,228,578,3613
27506,0,0,13,956,990
27507,12,121,71,266,501
27508,42,195,23,123,863
27509,88,440,122,656,3338
27510,319,1383,243,2027,7880
27511,908,3955,1283,2230,12462
27513,513,5765,1832,3494,19387
27514,541,2501,1301,12189,19558
27516,394,5877,1951,7839,19290
27517,1023,3229,852,2027,9861
27518,381,1841,755,1321,6599
27519,394,11516,4374,4530,26214
27520,512,6563,1881,4794,18851
27521,46,1037,257,395,2675
27522,179,1487,537,773,4179
27523,637,2399,1012,844,6851
27524,116,1977,590,920,5563
27525,158,1930,493,1048,5796
27526,732,8509,2552,3946,21513
27527,321,5153,2233,2855,14032
27529,713,6267,2159,5739,21418
27530,516,4993,1561,2810,14495
27531,0,0,0,586,642
27533,0,0,0,5,140
27534,550,3292,848,3312,11815
27536,298,1971,546,1888,6239
27537,321,3386,1166,1539,7767
27539,131,4941,1330,1618,10464
27540,251,8898,2760,2502,17408
27541,39,434,135,187,1104
27542,268,1293,280,522,3371
27544,58,395,178,240,1408
27545,296,4612,1802,2777,14626
27546,331,2895,696,2590,9144
27549,399,2930,1077,2437,9592
27551,49,188,14,91,552
27553,24,191,56,87,510
27555,14,61,7,28,188
27556,36,27,3,7,66
27557,175,1021,716,693,3776
27559,14,152,32,89,492
27560,530,4749,1144,3392,20718
27562,63,594,373,501,1799
27563,185,551,259,457,2331
27565,702,3334,1108,2469,9068
27568,8,242,75,95,576
27569,217,1185,449,569,3195
27570,0,0,0,0,0
27571,42,1603,320,341,2854
27572,111,720,324,391,2283
27573,376,1492,394,734,4198
27574,300,1312,499,1612,4901
27576,289,2913,1037,1622,7813
27577,345,3899,1071,2147,9975
27581,81,444,158,473,1610
27582,0,25,1,72,180
27583,198,1136,288,362,2335
27584,0,0,0,10,10
27587,723,11645,4159,4965,28663
27589,274,749,263,552,2073
27591,673,3363,978,2051,9679
27592,90,3200,712,1636,6682
27593,0,0,0,0,0
27594,0,0,0,0,0
27596,138,2390,770,1639,6600
27597,440,4324,946,1510,10515
27599,0,0,0,0,0
27601,135,902,189,1757,6415
27603,425,5569,1499,5987,25327
27604,430,4843,1289,3601,20569
27605,84,117,52,1251,3830
27606,339,3649,830,8899,26151
27607,238,1709,418,10107,16844
27608,267,1870,408,412,4084
27609,808,3312,1155,2535,15087
27610,903,12088,4130,7435,36507
27612,987,3846,1519,3001,17983
27613,500,5978,1443,2699,16968
27614,564,4762,1720,2058,11233
27615,1069,4615,1671,3191,17824
27616,437,8086,2181,5453,26306
27617,208,1909,631,1375,8672
27695,0,0,0,2136,2164
27697,0,0,0,0,0
27701,125,2194,590,2470,12603
27703,329,6899,2193,4337,25717
27704,458,5821,1474,3878,18244
27705,1439,4337,1325,6933,22546
27707,803,5361,1415,6982,24092
27708,0,0,4,3184,3209
27709,0,0,0,0,0
27712,456,3288,733,1314,7315
27713,534,6850,2340,4105,26578
27801,373,2721,884,1955,7422
27803,675,2290,620,1266,5639
27804,849,3751,956,3105,11212
27805,58,364,146,272,1065
27806,25,378,49,180,704
27807,114,676,333,591,2250
27808,47,195,94,60,752
27809,81,308,137,233,1362
27810,63,361,88,293,971
27812,27,316,56,117,805
27813,0,74,25,111,302
27814,14,129,94,102,550
27815,0,0,0,0,0
27816,69,373,186,220,851
27817,153,704,295,485,2366
27818,11,103,94,106,354
27819,6,200,56,63,314
27820,0,381,74,99,736
27821,0,9,0,0,0
27822,179,669,371,777,2806
27823,171,999,208,553,2572
27824,0,412,71,2,348
27825,0,6,0,31,46
27826,9,195,28,10,409
27827,0,0,0,0,0
27828,220,1524,254,345,2837
27829,68,50,27,109,302
27830,82,651,50,175,1109
27831,35,277,85,120,644
27832,104,143,62,303,671
27834,906,7523,1650,6921,24788
27837,16,1026,198,300,2036
27839,27,317,58,359,1476
27840,7,5,0,0,32
27841,0,0,0,0,2
27842,55,93,19,66,241
27843,40,115,35,39,363
27844,114,364,116,239,1207
27845,128,313,67,180,958
27846,50,347,75,181,936
27847,5,162,9,54,477
27849,60,156,30,56,313
27850,170,618,226,412,1673
27851,52,860,207,296,1655
27852,24,165,130,182,1021
27853,0,70,25,68,237
27855,106,537,165,1181,2535
27856,380,2171,574,1216,6251
27857,24,63,10,10,272
27858,682,4821,1699,18626,32724
27860,59,285,23,96,308
27861,0,13,6,6,16
27862,17,31,5,64,150
27863,167,2080,626,1092,5362
27864,89,518,181,217,1388
27865,17,381,88,107,780
27866,0,89,52,111,375
27869,140,99,39,106,387
27870,500,3369,1110,1853,8687
27871,59,244,178,185,1041
27872,5,63,8,56,196
27873,15,8,14,44,101
27874,222,174,46,136,707
27875,0,0,0,0,1
27876,12,56,26,46,224
27877,0,0,0,0,0
27878,45,105,64,56,346
27879,2,31,8,16,88
27880,2,466,99,346,1580
27881,2,0,0,0,2
27882,72,850,331,842,2962
27883,58,317,222,500,1592
27884,15,187,353,159,733
27885,0,0,4,1,270
27886,569,2351,699,1153,5721
27888,12,217,63,199,862
27889,698,2502,902,1857,7780
27890,54,270,163,305,955
27891,74,467,114,294,1871
27892,298,1814,516,1064,4670
27893,883,5655,1675,3595,14706
27896,331,2355,879,1454,6944
27897,27,112,92,18,485
27909,939,5003,1374,3887,16097
27910,232,1243,311,1033,3886
27915,0,0,0,0,84
27916,13,87,79,25,330
27917,29,167,8,37,210
27919,49,101,0,76,309
27920,0,156,47,201,541
27921,33,739,275,398,1832
27922,27,57,65,103,401
27923,0,40,3,33,229
27924,150,259,74,146,647
27925,100,362,36,94,962
27926,112,366,60,36,449
27927,0,16,29,0,252
27928,22,156,4,339,619
27929,80,684,49,217,916
27932,409,1612,487,463,3908
27935,29,329,109,142,566
27936,0,109,0,24,147
27937,64,350,101,238,1041
27938,19,116,46,175,554
27939,56,196,75,126,746
27941,28,0,28,7,83
27942,49,42,18,41,192
27943,0,2,33,21,165
27944,312,1140,348,684,3003
27946,51,139,16,73,273
27947,13,96,70,76,430
27948,114,1069,299,1095,3987
27949,137,821,225,362,2122
27950,17,152,52,106,716
27953,86,144,33,24,231
27954,97,969,474,327,2451
27956,0,13,2,3,88
27957,20,75,14,88,447
27958,47,1712,651,1053,4969
27959,102,294,40,168,610
27960,0,0,0,1,161
27962,249,940,392,560,2519
27964,10,46,45,8,338
27965,29,64,14,20,94
27966,0,319,39,62,334
27967,0,5,6,58,82
27968,0,0,0,40,65
27969,0,64,8,0,163
27970,145,467,83,166,659
27972,0,11,0,0,77
27973,6,109,42,55,481
27974,16,36,61,182,419
27976,45,652,112,167,1311
27978,6,9,12,34,112
27979,20,11,9,54,212
27980,0,161,51,44,488
27981,31,383,61,72,696
27982,26,0,0,0,9
27983,218,772,330,635,3131
27985,0,58,19,19,115
27986,17,57,71,144,921
28001,902,2951,996,2082,9211
28006,20,129,19,12,382
28007,11,73,20,103,295
28009,13,247,40,64,390
28012,506,2867,957,2271,10394
28016,175,1128,444,1611,4844
28017,0,0,13,467,483
28018,47,448,61,190,1126
28019,0,0,0,0,0
28020,14,372,85,221,1096
28021,254,1450,617,1295,5335
28023,204,1695,331,1277,5806
28024,0,0,0,0,0
28025,1414,7225,2298,4847,22694
28027,1113,12004,3832,6766,32277
28031,266,4021,1502,1904,9990
28032,31,396,87,144,994
28033,0,278,74,289,974
28034,159,2214,835,1288,7329
28036,259,3188,839,3139,8125
28037,366,3031,632,1351,7591
28039,0,0,0,0,0
28040,75,496,445,715,2431
28041,0,0,0,0,0
28042,0,15,2,5,115
28043,268,2962,802,1832,8066
28052,477,5135,1317,2975,13740
28054,964,5376,1282,3891,16191
28056,528,5195,1892,2075,12865
28071,28,403,71,259,950
28072,0,91,43,161,325
28073,55,1016,241,477,2459
28074,0,0,0,0,0
28075,226,3485,1377,1874,8191
28076,68,0,0,29,84
28077,7,84,23,32,164
28078,589,10190,3008,4580,26667
28079,408,6324,1927,3817,16271
28080,89,981,372,658,2361
28081,279,4156,1226,1783,10739
28083,399,3612,861,2091,9970
28086,727,3630,1063,2422,10338
28088,40,657,104,117,959
28089,5,18,6,79,92
28090,273,1058,311,578,2904
28091,26,191,37,100,534
28092,760,4434,1982,3912,15717
28097,82,779,366,518,2547
28098,27,491,88,332,1384
28101,5,162,24,21,455
28102,0,29,19,3,39
28103,214,1362,292,753,3232
28104,384,5550,1766,2819,12193
28105,1178,5083,1799,3698,17406
28107,107,1476,442,647,3647
28108,0,0,0,0,0
28109,134,15,0,437,452
28110,895,7673,3014,6130,22723
28112,491,3711,917,2322,10029
28114,59,1146,351,725,2623
28115,672,5985,1786,3553,15749
28117,635,5970,2315,3666,16699
28119,23,165,165,342,939
28120,401,2669,882,1683,8863
28124,252,653,354,590,2504
28125,45,265,119,106,954
28127,161,693,226,430,2265
28128,117,1056,288,552,2725
28129,72,603,227,530,2408
28133,5,143,63,221,840
28134,442,1395,669,788,5246
28135,21,422,171,433,2532
28136,0,2,6,3,13
28137,23,329,89,200,1037
28138,151,898,297,1197,3866
28139,608,1961,775,987,5843
28144,651,3318,962,3275,10465
28146,808,4270,1476,2445,11127
28147,338,2496,1352,2144,9734
28150,734,2671,1167,1653,8050
28152,349,3650,1047,2989,10266
28159,23,367,103,181,1110
28160,43,229,81,337,1489
28163,58,1111,301,324,2064
28164,337,2237,520,981,5029
28166,227,1292,338,869,4054
28167,0,87,120,175,676
28168,193,1410,480,674,3224
28169,4,20,0,0,64
28170,297,1523,310,925,3413
28173,505,11012,4700,4678,22343
28174,141,815,327,2240,4247
28202,81,579,46,3574,11102
28203,59,925,317,3480,12866
28204,54,656,183,818,6182
28205,482,5929,1131,4327,27489
28206,97,2176,326,989,6707
28207,256,1028,372,523,2962
28208,455,5729,1666,3933,18810
28209,457,2288,498,2086,12655
28210,1400,5504,1577,2688,20552
28211,721,4576,1273,1688,12370
28212,380,6097,1724,4409,20600
28213,330,5701,1640,6522,22404
28214,399,4947,1361,3728,17846
28215,653,9851,2748,5823,27230
28216,906,6224,2319,4147,24960
28217,451,4455,1486,3202,15973
28223,0,0,1,3744,3801
28226,700,5113,1934,2128,14533
28227,660,7797,2599,4943,23718
28244,0,0,0,0,0
28262,135,4857,1156,7479,25393
28269,557,10950,4075,7767,35115
28270,593,4880,1715,1794,12763
28273,147,5496,1527,4404,22317
28274,0,0,4,645,657
28277,1164,10355,3208,4406,26586
28278,265,5070,1163,2659,14848
28280,0,0,0,0,0
28282,0,0,0,0,0
28301,494,1676,457,2195,7240
28303,813,4036,969,3066,12963
28304,479,4478,1570,3728,15042
28305,128,577,209,403,2184
28306,400,7355,2487,3624,18200
28307,0,1928,164,3892,9718
28308,0,0,0,254,357
28310,0,0,0,6514,8830
28311,518,4850,1497,3792,15669
28312,481,2260,1090,1535,7204
28314,582,8379,1689,6869,27902
28315,305,2044,384,893,5294
28318,0,348,183,329,1671
28320,344,891,343,662,3016
28323,98,733,80,350,1802
28325,0,36,6,94,215
28326,148,5139,1099,1889,11522
28327,287,2632,860,1554,7008
28328,544,3927,1052,1932,9187
28330,0,0,56,139,195
28331,0,0,0,0,2
28332,29,107,25,112,278
28333,126,1747,390,1057,3619
28334,706,2845,959,2125,7924
28337,131,1121,299,895,2805
28338,94,505,126,267,1174
28339,159,578,276,593,2387
28340,101,1106,455,748,3336
28341,114,464,204,473,1345
28342,8,21,13,23,49
28343,27,306,80,151,687
28344,20,1110,207,257,1354
28345,201,1671,363,1261,4400
28347,0,91,202,343,1378
28348,457,6394,1843,3446,15966
28349,63,610,13,266,996
28350,0,0,0,0,37
28351,0,590,122,337,1741
28352,539,3164,963,2334,9470
28355,0,0,0,0,0
28356,89,892,181,338,1944
28357,3,444,89,68,890
28358,615,5066,1518,2666,12875
28359,0,0,0,40,666
28360,193,1984,668,1592,5596
28362,1,0,7,3,16
28363,14,44,63,135,362
28364,90,1654,599,1591,5027
28365,308,1706,952,1707,5853
28366,71,580,410,410,1785
28367,1,30,21,18,78
28368,8,0,0,33,33
28369,27,281,122,156,717
28371,25,1001,210,594,2313
28372,83,1573,409,2798,6054
28373,22,329,102,155,936
28374,816,1815,587,695,4277
28375,3,11,2,13,74
28376,469,6828,1701,3256,18660
28377,91,1742,511,1318,4790
28378,0,0,0,0,0
28379,380,3235,1054,1672,8661
28382,54,783,216,695,2565
28383,98,1010,255,581,2306
28384,111,1655,523,873,3558
28385,19,165,37,182,815
28386,59,597,211,445,2020
28387,859,1332,218,1101,5944
28390,125,3730,865,3268,11938
28391,58,717,167,807,2406
28392,20,137,12,118,493
28393,12,100,42,119,573
28394,53,714,78,329,1679
28395,25,350,101,228,903
28396,48,130,43,280,738
28398,186,818,370,578,2389
28399,50,153,41,64,524
28401,460,2167,492,1778,8708
28403,754,2414,874,11603,23021
28405,895,4331,1219,4161,13931
28409,838,4258,1575,2287,11656
28411,884,3695,1297,2939,13885
28412,637,4639,1274,4084,16662
28420,44,261,169,201,882
28421,57,230,40,189,509
28422,181,615,281,337,2074
28423,41,283,130,386,984
28424,6,0,0,2,2
28425,391,1053,273,858,3796
28428,57,612,160,432,2063
28429,139,832,312,794,3087
28430,95,153,64,180,815
28431,107,513,358,676,2122
28432,27,220,38,59,349
28433,64,759,159,430,1647
28434,0,27,6,14,88
28435,15,225,31,149,629
28436,4,321,44,115,794
28438,18,167,37,179,507
28439,16,50,25,45,289
28441,52,237,115,506,1288
28442,48,82,63,67,243
28443,382,4024,1131,1603,8629
28444,21,328,125,121,933
28445,105,1226,332,486,3972
28447,9,104,69,23,293
28448,0,230,26,0,288
28449,14,130,50,71,439
28450,62,280,76,139,506
28451,340,4300,1216,3156,15043
28452,13,18,19,167,325
28453,39,482,148,305,1382
28454,11,479,188,126,1363
28455,9,271,153,270,916
28456,87,356,66,332,1523
28457,182,1466,531,994,4831
28458,274,929,186,433,1804
28460,120,1567,231,826,5491
28461,595,1598,308,575,4093
28462,302,896,385,744,3307
28463,200,548,91,691,2440
28464,43,507,57,105,662
28465,162,455,186,282,1209
28466,138,1027,365,503,2547
28467,558,661,200,649,2064
28468,120,57,57,232,690
28469,133,470,83,384,1667
28470,379,1107,469,539,3146
28472,333,2614,819,1286,7058
28478,69,505,158,335,1292
28479,62,1059,159,397,2199
28480,25,297,26,348,836
28501,633,2777,944,1506,6647
28504,818,2218,730,1677,6757
28508,54,151,138,142,827
28509,0,0,0,0,0
28510,47,61,28,45,296
28511,14,87,17,29,204
28512,239,265,55,116,580
28513,107,1480,457,323,2910
28515,149,245,66,150,954
28516,286,777,371,859,3067
28518,250,1099,267,764,2929
28519,37,114,0,18,204
28520,0,3,0,0,14
28521,61,196,53,269,627
28523,94,259,88,308,622
28524,7,43,10,0,142
28525,87,266,46,207,782
28526,129,358,136,101,652
28527,24,136,46,45,353
28528,9,98,19,5,183
28529,103,71,37,173,547
28530,133,655,371,698,2454
28531,28,58,15,72,283
28532,124,2859,542,3163,9555
28533,0,0,0,2500,2729
28537,0,0,0,0,0
28538,19,239,43,426,949
28539,219,2113,715,3036,8490
28540,531,6486,1723,8586,24848
28542,0,150,31,2687,3040
28543,0,841,22,3387,5140
28544,0,817,152,1347,2940
28546,560,6697,1565,9044,24540
28547,0,1282,106,12732,16643
28551,317,1448,277,1363,4378
28552,0,37,35,14,49
28553,31,9,15,0,125
28554,0,0,13,0,13
28555,88,621,86,377,1862
28556,0,27,11,23,203
28557,512,1531,372,883,4410
28560,354,3917,1426,2340,10434
28562,1280,4031,1381,2174,12418
28570,263,2341,821,1796,7848
28571,107,255,11,144,495
28572,48,862,186,432,2203
28573,79,172,120,184,567
28574,165,3565,922,1278,9542
28575,8,29,0,32,48
28577,31,30,0,5,51
28578,31,1080,512,526,2279
28579,19,38,47,54,203
28580,257,1219,398,932,5278
28581,0,11,0,9,44
28582,20,222,122,172,622
28584,286,1875,679,615,4510
28585,84,286,123,308,1205
28586,169,968,215,737,3193
28587,6,18,9,3,39
28589,0,0,0,0,10
28590,236,3400,1247,2138,10654
28594,61,269,161,141,794
28601,1057,5906,2319,5728,20921
28602,365,3753,1263,2234,11100
28604,130,816,258,1080,2720
28605,81,132,51,492,1239
28606,47,102,45,103,489
28607,511,1905,670,15322,22440
28609,58,683,178,313,1789
28610,139,1515,379,935,3912
28611,0,0,0,0,0
28612,206,937,593,787,3926
28613,483,3325,1025,2217,8941
28615,34,197,17,85,483
28616,0,42,36,7,58
28617,25,187,54,91,687
28618,26,199,49,164,721
28619,21,0,0,35,96
28621,372,1129,416,603,3746
28622,16,242,114,57,725
28623,29,359,73,84,545
28624,0,125,33,53,317
28625,761,4185,1345,2994,14185
28626,71,219,114,191,1044
28627,53,84,36,28,423
28628,0,7,0,0,5
28629,0,0,0,0,0
28630,527,2580,824,1400,6634
28631,0,336,0,20,234
28634,41,607,128,335,1830
28635,105,355,81,241,786
28636,108,402,229,496,2145
28637,36,174,29,89,597
28638,170,1306,512,1152,4601
28640,146,493,206,364,1676
28641,0,0,0,0,8
28642,134,572,425,492,1992
28643,122,375,91,288,1271
28644,35,45,29,179,406
28645,1061,4943,1710,3822,15651
28646,4,24,0,59,125
28649,54,213,35,74,350
28650,195,1967,551,590,3827
28651,85,572,105,377,1613
28652,0,0,0,0,0
28653,0,0,0,0,0
28654,71,126,211,367,998
28655,1462,6026,1762,5051,19971
28657,280,735,247,425,2478
28658,862,2652,801,2011,9249
28659,409,2529,785,1995,7722
28660,40,262,190,197,864
28662,0,0,0,0,0
28663,81,0,16,19,137
28664,0,8,0,0,59
28665,15,62,38,138,979
28666,0,0,0,0,47
28667,3,35,20,12,101
28668,0,0,0,22,25
28669,45,257,31,126,697
28670,26,216,107,246,815
28671,40,14,0,57,79
28672,0,0,0,29,59
28673,39,493,196,414,1765
28675,189,542,174,449,1932
28676,78,160,248,176,922
28677,634,4723,1507,3162,13871
28678,67,736,307,411,1880
28679,26,273,71,223,815
28681,577,3152,781,2130,8824
28682,44,272,7,30,343
28683,27,176,38,86,454
28684,53,25,66,144,493
28685,52,277,72,77,662
28689,19,233,166,298,815
28690,304,882,348,554,2811
28692,57,494,88,209,1655
28693,0,226,12,67,360
28694,420,448,384,364,2072
28697,803,2103,537,1162,4806
28698,89,267,65,163,614
28701,43,752,154,416,2328
28702,66,64,17,0,184
28704,519,2874,810,1538,8760
28705,286,740,183,726,2187
28707,0,45,0,16,104
28708,0,22,6,2,81
28709,50,185,66,163,640
28710,0,0,0,0,0
28711,1038,880,291,329,3169
28712,967,1502,638,1702,6076
28713,185,1067,332,544,2819
28714,512,1805,561,1142,5236
28715,821,3604,1087,2287,10285
28716,577,1669,307,1038,5844
28717,77,101,46,12,346
28718,29,0,0,63,171
28719,140,903,365,827,2679
28720,4,9,0,0,31
28721,95,1058,400,895,3723
28722,271,587,150,557,1982
28723,136,418,205,5940,7731
28725,0,9,7,4,49
28726,35,848,178,425,1733
28729,75,200,132,360,1224
28730,179,667,234,601,2166
28731,194,748,124,543,2469
28732,415,1996,506,1283,6190
28733,8,7,0,0,4
28734,858,3132,1114,2312,8981
28735,0,0,0,7,74
28736,55,20,0,18,203
28739,626,2292,507,706,5185
28740,75,84,37,70,364
28741,124,282,31,157,890
28742,86,185,22,342,981
28743,88,256,43,169,683
28745,24,60,0,0,124
28746,45,400,37,74,534
28747,15,405,53,85,727
28748,252,1583,534,726,5012
28749,0,0,0,0,0
28751,133,360,181,298,1164
28752,631,3777,1323,2438,11577
28753,171,1022,456,521,3443
28754,190,815,324,1348,3913
28755,0,0,0,0,0
28756,23,492,235,287,1293
28757,0,0,3,349,442
28758,0,0,0,0,0
28759,91,934,508,507,2508
28761,201,633,151,629,2386
28762,198,633,163,208,1803
28763,69,207,155,63,989
28766,6,130,10,35,189
28768,209,630,147,282,1861
28770,0,0,0,0,0
28771,231,952,280,601,2472
28772,8,135,84,27,471
28773,55,301,45,125,643
28774,75,45,12,40,218
28775,9,37,0,0,132
28777,226,816,342,502,3914
28778,281,1235,156,1268,4453
28779,374,2216,731,1324,6595
28781,18,0,32,27,195
28782,410,423,77,217,1383
28783,18,223,68,81,396
28785,156,749,369,644,2689
28786,846,2458,761,1359,6557
28787,601,2458,661,1641,7366
28788,3,34,15,7,51
28789,29,800,280,200,2295
28790,61,307,143,371,947
28791,513,1340,600,1094,4678
28792,1547,4006,1357,2418,12196
28801,233,851,300,1085,5634
28803,1389,3301,1333,1820,13780
28804,566,1983,664,2974,9498
28805,776,1742,465,1396,7099
28806,845,4707,1815,4048,21414
28901,216,739,224,320,1691
28902,18,100,0,62,194
28904,130,921,397,692,2837
28905,110,266,172,258,1310
28906,405,1531,596,1252,4984
28909,8,10,0,7,28
29001,44,338,150,185,761
29003,225,601,126,473,1817
29006,263,1279,326,615,3407
29009,15,252,35,246,790
29010,168,1256,390,1325,4822
29014,0,102,62,136,467
29015,41,118,40,60,460
29016,320,4020,1110,1451,10782
29018,44,473,191,258,1283
29020,775,2301,1032,1530,7393
29030,41,227,1,220,753
29031,12,167,71,237,878
29032,11,669,106,390,1712
29033,311,1392,317,1458,5443
29036,445,3518,1017,1504,7756
29037,14,127,14,47,304
29038,89,279,215,265,1160
29039,24,341,24,284,1250
29040,63,1546,291,1186,4275
29042,78,431,207,1118,2317
29044,80,293,165,545,1649
29045,140,3988,1376,2891,12110
29046,20,0,0,0,0
29047,97,461,82,150,818
29048,105,539,138,268,1298
29051,0,20,8,5,66
29052,11,428,0,254,863
29053,119,3592,907,1370,8286
29054,94,1191,383,612,3041
29055,153,459,222,285,1287
29056,40,163,174,230,907
29058,178,974,362,477,2328
29059,55,703,280,718,1711
29061,127,1706,381,713,4222
29062,0,0,0,0,0
29063,549,6198,2094,2819,14889
29065,0,68,6,36,250
29067,324,1475,287,954,4196
29069,58,607,229,387,1614
29070,149,2442,596,1558,5579
29072,1396,10116,3162,4782,25697
29073,470,7249,2003,3765,19579
29074,0,0,0,0,0
29075,150,295,31,80,877
29078,202,2362,530,1375,5485
29079,0,0,0,0,0
29080,48,348,160,360,1139
29081,9,106,0,4,224
29082,18,53,30,46,127
29101,89,273,54,363,963
29102,502,1944,587,1097,4937
29104,15,239,62,85,482
29105,3,12,34,69,235
29107,37,407,111,247,853
29108,401,2495,741,2693,7808
29111,13,153,89,296,718
29112,20,481,53,229,998
29113,3,337,120,50,674
29114,21,115,98,133,528
29115,736,3360,1098,3184,10662
29117,0,0,0,552,555
29118,498,2057,467,1970,6244
29122,0,0,6,0,25
29123,55,857,298,632,3059
29125,72,357,43,188,850
29126,45,328,122,201,867
29127,113,1058,290,616,2442
29128,200,356,130,169,1457
29129,101,396,448,316,1749
29130,463,326,233,392,1722
29133,19,192,30,60,283
29135,169,810,379,448,2534
29137,35,326,120,134,757
29138,207,1451,441,764,3445
29142,135,560,194,653,1649
29145,9,226,91,82,410
29146,5,114,55,117,445
29148,148,431,127,513,1777
29150,1550,5635,1653,3607,14277
29152,0,284,20,910,1589
29153,210,1985,693,1236,6153
29154,370,3233,913,2703,10993
29160,268,804,469,490,2540
29161,202,1127,553,945,4150
29162,21,329,171,545,1830
29163,11,257,179,102,564
29164,78,830,87,200,1357
29166,0,43,33,149,316
29168,55,419,318,486,1574
29169,1120,1737,585,2242,9182
29170,303,2273,869,1348,8260
29172,96,1315,404,727,3497
29175,0,12,54,0,86
29177,47,0,0,0,0
29178,25,340,128,179,1246
29180,304,1573,382,1074,3877
29201,141,695,105,13274,18443
29203,542,5177,1865,5477,17579
29204,432,1573,432,3573,8056
29205,244,2143,853,4699,12403
29206,446,2461,650,1142,7133
29207,0,2,255,8274,9953
29208,0,0,10,2254,2281
29209,461,5124,1479,3806,16192
29210,401,3799,1197,5149,21122
29212,366,2561,1195,2348,10429
29223,881,6672,1922,4568,20765
29225,0,0,0,401,401
29229,161,8100,2728,3978,20234
29301,729,4271,1426,3647,14307
29302,471,1839,798,1674,6982
29303,514,3022,1117,5698,13942
29306,338,3023,842,1558,7379
29307,702,2278,638,1093,6842
29316,463,4270,1018,2681,12334
29320,0,66,0,0,106
29321,37,710,157,89,1068
29322,292,1590,428,757,3381
29323,255,2128,683,1345,5427
29324,0,42,0,0,0
29325,463,1456,561,2123,5691
29329,0,23,7,9,22
29330,196,622,334,641,3134
29331,0,0,0,0,0
29332,32,415,92,108,956
29333,0,0,0,84,95
29334,149,2362,780,1315,7434
29335,136,469,124,411,2119
29338,0,0,0,0,0
29340,444,2500,779,2610,7781
29341,258,2432,723,1793,7926
29346,5,34,18,45,149
29349,613,4968,1147,2957,12202
29351,30,126,11,179,521
29353,77,271,149,270,1106
29355,0,43,20,38,425
29356,410,998,257,372,2347
29360,359,3100,1020,1415,7818
29364,10,74,19,34,180
29365,253,2176,887,1208,6248
29368,0,10,11,85,117
29369,205,2184,647,799,5119
29370,17,42,0,38,217
29372,62,467,182,292,1238
29373,0,2,4,0,68
29374,98,325,137,214,921
29375,0,4,16,15,68
29376,60,1026,414,571,3720
29377,0,0,0,50,143
29378,0,0,0,0,0
29379,417,1850,536,1376,5719
29384,58,304,39,298,1035
29385,246,1527,328,377,2671
29388,281,1722,555,1230,6079
29401,187,449,136,2275,4055
29403,357,1818,292,4505,13141
29404,25,196,11,677,1537
29405,468,2815,640,2201,12076
29406,531,4934,812,3850,14723
29407,1153,3426,717,2481,15725
29409,0,23,37,2486,2551
29410,175,3076,797,1606,8452
29412,1430,4224,1118,2485,16237
29414,595,3956,1719,2902,19897
29418,230,2897,1035,1364,9826
29420,236,3057,1126,2563,10832
29424,0,0,57,1138,1195
29425,0,0,0,0,0
29426,17,233,130,54,535
29429,50,380,194,372,1342
29431,69,1117,420,364,2201
29432,58,259,103,160,837
29434,0,63,26,45,186
29435,21,911,242,191,1560
29436,41,288,99,339,1217
29437,94,168,55,42,640
29438,138,144,49,35,363
29439,53,18,0,0,71
29440,467,3189,1040,2165,8906
29445,605,7945,1941,8406,27086
29446,7,90,30,143,355
29448,21,405,66,429,944
29449,150,912,201,253,2123
29450,20,330,159,254,1021
29451,171,486,80,114,990
29452,14,20,17,0,40
29453,23,137,105,36,391
29455,357,1621,449,1560,7885
29456,371,5407,1442,3373,16935
29458,55,343,109,57,636
29461,627,6124,2037,3251,17291
29464,1447,5138,1473,2292,19272
29466,734,6729,2560,1659,14755
29468,42,155,13,242,678
29469,35,16,0,15,32
29470,49,453,152,204,2163
29471,39,96,4,106,380
29472,211,1134,385,802,4547
29474,26,156,0,58,338
29475,4,359,8,132,894
29477,184,969,216,368,2506
29479,164,955,228,566,2238
29481,23,308,29,54,432
29482,48,215,125,121,620
29483,1001,7655,2277,5198,21765
29485,674,9444,2560,4217,23163
29486,479,5595,2071,3756,18595
29487,41,305,43,23,558
29488,532,2793,920,1981,8132
29492,166,1861,604,1302,8279
29493,2,28,21,13,74
29501,780,6705,2149,3323,17687
29505,424,3711,1055,1925,9282
29506,218,2229,586,3272,8338
29510,58,1486,512,891,4079
29511,76,755,372,692,2537
29512,272,2044,541,1576,7425
29516,27,81,10,100,387
29518,22,55,47,111,296
29519,36,64,34,0,100
29520,387,1219,610,851,3983
29525,35,103,68,132,654
29526,747,4613,1756,8053,20476
29527,258,3456,1158,2551,10118
29530,41,340,195,179,1009
29532,591,1982,848,1870,7321
29536,203,1998,562,1313,5725
29540,54,416,211,162,1639
29541,167,1485,349,700,3590
29543,58,37,14,9,104
29544,105,1203,398,513,2561
29545,42,281,34,131,529
29546,11,463,54,210,720
29547,4,205,204,336,1231
29550,373,4014,1221,3166,10589
29554,88,1046,165,605,3064
29555,28,1357,280,457,2087
29556,371,1599,351,642,3848
29560,169,1361,362,1043,4625
29563,71,210,43,183,528
29564,59,112,102,145,302
29565,96,1033,446,682,2688
29566,338,1501,401,786,4579
29567,0,58,19,10,150
29568,220,1413,562,961,4842
29569,332,2039,679,1072,5651
29570,46,561,206,371,1344
29571,167,1670,580,1075,5357
29572,406,717,248,539,2800
29574,199,1411,378,803,3310
29575,430,1316,489,1325,5256
29576,885,1930,746,1441,6641
29577,490,3035,941,2253,11637
29579,299,6139,1565,3908,18778
29580,30,182,27,53,324
29581,32,875,41,419,1496
29582,503,1224,291,772,4386
29583,113,655,201,355,1723
29584,1,219,121,80,816
29585,565,1001,608,862,3327
29588,1092,5856,1656,3607,17505
29589,0,0,0,0,0
29590,66,62,81,539,2093
29591,66,495,256,423,1699
29592,20,72,0,19,185
29593,16,429,12,193,733
29594,0,5,4,7,17
29596,19,211,93,78,441
29601,138,790,174,1322,6120
29605,634,5947,1424,3012,15388
29607,633,4481,1717,4942,20873
29609,461,3029,802,2205,11285
29611,342,4063,2046,2723,14295
29613,0,0,22,2248,2345
29614,0,0,29,1887,1952
29615,1450,3994,1340,3578,16385
29617,731,2927,826,2157,9751
29620,271,1810,259,750,3833
29621,867,5460,1952,4620,16286
29624,279,1998,579,1247,5762
29625,584,3345,913,2507,10230
29626,144,1884,619,1145,4934
29627,327,2387,380,1348,5593
29628,47,198,44,320,739
29630,229,1420,558,3703,8240
29631,275,1095,455,7276,10446
29634,0,0,65,5835,5910
29635,17,173,31,71,263
29638,259,466,155,180,1195
29639,47,134,43,699,924
29640,654,3990,890,2543,11916
29642,463,3913,1614,2483,12627
29643,64,361,128,182,857
29644,240,3376,724,1463,8412
29645,92,1267,336,692,3477
29646,936,4295,1108,2555,10407
29649,635,2900,751,3911,11162
29650,629,6214,1386,2216,13576
29651,791,7224,2406,4214,19914
29653,20,317,176,276,1142
29654,191,1235,255,705,3029
29655,215,619,605,814,2922
29657,120,2630,606,1112,6165
29658,14,35,28,46,106
29659,0,14,8,10,31
29661,94,602,168,450,1716
29662,219,1654,775,836,5611
29664,29,334,18,82,551
29665,0,19,19,26,65
29666,180,923,351,275,1899
29667,0,22,23,2,55
29669,90,2072,507,854,4612
29670,121,1033,651,999,4093
29671,265,2573,722,1907,7134
29672,333,1226,458,410,3388
29673,412,4789,981,1806,10895
29676,239,112,75,440,1060
29678,406,2819,598,2806,8961
29680,362,5088,914,2679,13259
29681,702,10854,3205,4044,24335
29682,75,521,181,198,1179
29683,0,72,28,11,125
29684,75,726,181,620,2191
29685,76,180,103,119,537
29686,0,93,31,128,324
29687,688,5214,1975,4282,17678
29689,64,294,104,182,1365
29690,341,3411,1099,3723,10211
29691,277,1492,746,744,4349
29692,82,423,178,286,1684
29693,452,1460,550,853,4323
29696,87,821,298,133,1653
29697,261,1467,664,1355,5612
29702,92,1573,404,419,3163
29704,10,288,260,185,1407
29706,355,2312,805,1573,7176
29707,903,4033,911,1042,9539
29708,336,6718,1702,2656,16660
29709,140,997,205,327,1826
29710,516,5654,1813,2824,14017
29712,0,199,21,172,511
29714,61,708,224,160,1080
29715,420,7278,2033,2526,16089
29717,49,148,22,112,539
29718,42,566,86,498,1469
29720,1304,6203,1966,3978,19325
29724,0,0,0,0,0
29726,10,287,58,196,802
29727,1,232,89,21,520
29728,168,1311,346,809,3750
29729,1,213,66,263,959
29730,646,7219,2289,5727,23268
29732,1083,7264,2283,4776,22197
29733,0,0,21,1671,1726
29741,16,184,33,159,530
29742,76,176,45,89,591
29743,0,123,30,198,901
29745,317,4444,1413,2994,12517
29801,1004,3546,1447,2922,11631
29803,1201,3818,1240,2722,12320
29805,74,611,150,350,1561
29809,63,258,35,258,1068
29810,71,584,190,210,978
29812,213,1454,383,1141,3706
29816,0,72,0,13,276
29817,99,505,140,475,1705
29819,21,143,51,71,496
29821,13,155,30,58,311
29824,174,579,244,638,3376
29826,7,5,0,79,94
29827,76,203,109,557,1843
29828,0,22,35,70,272
29829,232,2162,455,636,4602
29831,50,456,141,240,1519
29832,177,430,285,674,2145
29834,0,192,30,98,338
29835,259,420,117,280,1453
29836,0,20,0,11,25
29838,0,58,55,67,273
29840,0,15,0,18,101
29841,662,3658,1284,2530,12252
29842,169,869,318,1088,3485
29843,37,244,38,96,400
29844,14,4,1,4,10
29845,34,45,16,120,332
29847,129,464,78,601,2312
29848,17,125,36,67,174
29849,0,23,18,100,158
29851,143,1438,434,724,3057
29853,180,712,376,602,2346
29856,20,448,65,548,1118
29860,264,2343,457,1099,5727
29899,0,0,0,26,414
29902,200,1401,417,2600,7707
29904,0,0,15,1038,1164
29905,0,0,20,1005,1082
29906,246,4172,859,4151,12007
29907,192,1422,580,1529,5496
29909,885,920,366,985,3304
29910,796,6426,2176,4240,17785
29911,68,129,104,179,544
29912,0,0,0,0,0
29915,0,37,5,0,110
29916,13,197,68,96,632
29918,98,489,189,424,1873
29920,220,926,263,789,2465
29921,4,45,6,103,283
29922,0,157,36,89,362
29923,7,10,0,11,86
29924,111,489,149,565,1870
29926,1185,2042,648,1295,6497
29927,165,1257,319,677,3529
29928,904,632,170,278,2393
29929,3,164,46,40,345
29932,1,38,11,51,141
29934,24,72,58,6,207
29935,42,330,199,593,2089
29936,174,1457,397,1593,5721
29939,0,8,0,9,30
29940,63,321,109,356,1315
29941,20,0,0,0,9
29943,0,25,72,0,234
29944,136,708,153,262,1559
29945,31,377,172,354,1450
30002,116,515,123,160,2357
30004,253,10447,3260,3405,24784
30005,283,6856,2146,2604,15689
30008,471,5026,1290,3613,16074
30009,804,3197,662,1738,7218
30011,274,3518,963,1968,8707
30012,577,4817,1900,3732,13997
30013,304,3501,1100,1944,9458
30014,556,5432,2192,3997,16678
30016,524,8961,2932,5965,24917
30017,530,4070,914,2232,8414
30018,0,24,0,14,30
30019,261,7289,2727,3782,17137
30021,22,5901,1193,2362,12126
30022,750,10044,3991,4557,23385
30024,855,14415,4991,8050,32981
30025,111,1362,691,653,3817
30028,119,6820,1576,2433,13226
30030,694,5606,1257,1825,11340
30032,659,4439,1223,3604,19131
30033,711,2678,709,3481,13722
30034,636,4669,1419,2824,14752
30035,259,3317,956,2069,9793
30038,120,5011,2387,4132,17661
30039,373,6900,2078,5180,20005
30040,792,11444,3510,6240,30260
30041,856,11643,4427,5512,28198
30043,492,11406,4852,9724,38395
30044,661,17427,4714,9819,43302
30045,331,7315,2899,4985,20431
30046,440,5947,1736,4785,17888
30047,552,11420,3421,5974,24917
30052,876,12148,3493,7303,31306
30054,286,1590,389,1275,4296
30055,5,606,52,208,1201
30056,48,307,134,136,836
30058,883,9169,2626,7114,27292
30060,575,5967,1713,5768,17685
30062,600,9175,3024,4191,22346
30064,883,7797,1911,3465,17708
30066,786,8108,2417,5628,24287
30067,538,5664,1783,4693,23053
30068,720,4660,1739,1553,10693
30070,0,8,0,0,8
30071,181,4477,1496,2009,11848
30072,10,83,23,49,296
30075,801,8259,2524,3941,19157
30076,485,5935,3097,3034,18556
30078,599,6058,2326,3911,16902
30079,0,1011,124,287,1593
30080,670,5728,1274,4008,25980
30082,588,2948,966,1517,11318
30083,489,8776,2357,5472,26960
30084,1054,4210,1450,3062,15249
30087,836,3685,1467,3499,13904
30088,547,3950,1018,2617,12721
30090,0,0,0,0,0
30092,487,5066,1040,3484,15945
30093,378,7502,2339,6271,26181
30094,602,4504,1374,2904,11679
30096,905,7797,2635,5624,29809
30097,459,6196,2569,3379,16292
30101,749,9613,4086,4904,23453
30102,353,5776,1549,4888,19221
30103,75,1910,531,1079,5397
30104,17,681,312,376,1905
30105,42,179,119,138,790
30106,572,3177,826,2487,9957
30107,243,2558,787,1136,6327
30108,155,693,277,647,2460
30110,171,1866,564,973,5743
30111,0,0,0,0,0
30113,35,903,191,531,2392
30114,1195,9251,2122,4322,21027
30115,568,7238,2831,4902,20376
30116,414,3008,1050,2421,9734
30117,561,4087,1546,6014,17510
30118,0,0,4,1089,1093
30120,482,5456,1985,3649,16766
30121,342,3243,939,2841,10963
30122,163,4342,996,3019,11793
30124,81,315,151,214,938
30125,228,2946,1130,2481,9889
30126,474,5562,1562,2791,17557
30127,614,8471,3682,7137,27952
30132,471,6274,2235,4359,21096
30134,664,6569,2334,4247,19344
30135,803,10118,3463,5732,26067
30137,10,335,26,203,767
30139,48,665,245,438,1863
30141,225,4163,1298,2459,9790
30143,302,2438,848,1650,7838
30144,480,6729,2207,10037,28709
30145,64,1184,562,813,3651
30147,65,511,265,612,1978
30148,0,76,105,100,398
30149,0,7,59,1699,1783
30152,426,5684,2594,3511,16500
30153,307,2709,701,919,6163
30157,450,7409,2230,4263,21035
30161,796,4414,1353,3145,13258
30165,848,5913,1730,3853,16594
30168,57,3798,705,2852,11179
30170,88,655,140,154,1207
30171,54,382,97,301,896
30173,49,1015,159,600,2546
30175,15,536,268,532,2195
30176,78,1087,335,523,2365
30177,70,176,5,54,120
30178,214,252,272,324,1151
30179,141,2083,922,1544,6826
30180,248,7518,2060,3718,16748
30182,28,422,159,119,1204
30183,61,297,212,1254,2412
30184,9,1008,239,541,2191
30185,65,368,128,828,1758
30187,133,930,325,612,2534
30188,635,8113,2573,4600,24755
30189,376,4497,2710,3587,16567
30204,122,1572,458,2178,5539
30205,55,447,107,219,946
30206,16,354,121,178,1053
30213,193,7408,1947,4584,20837
30214,532,3365,1430,3103,11754
30215,699,5180,2113,3627,13612
30216,3,113,104,374,763
30217,105,1016,527,812,3340
30218,63,258,68,140,579
30220,76,618,82,522,1957
30222,55,714,118,285,1844
30223,780,5144,1399,2679,12905
30224,407,3615,1352,2999,12252
30228,469,8678,2662,4915,21015
30229,0,0,0,0,1
30230,95,990,308,846,3535
30233,312,3692,738,2176,10694
30234,40,260,100,41,404
30236,498,6480,2470,5845,22767
30238,155,6865,2873,4515,18943
30240,830,4409,1439,2642,11544
30241,447,3569,1057,2647,10899
30248,456,4675,2072,3202,13215
30250,0,0,0,63,349
30251,93,100,68,116,663
30252,689,7385,3103,4405,19160
30253,683,8834,3166,6448,26604
30256,66,353,194,163,825
30257,4,631,133,88,1276
30258,22,192,129,382,1040
30259,58,488,149,241,1570
30260,253,5676,1463,3069,11942
30263,761,7585,2284,4819,23841
30265,574,5662,1935,3562,14454
30268,212,1941,453,855,3539
30269,983,5880,2239,3099,13047
30272,0,0,0,0,0
30273,40,2871,405,1587,6698
30274,208,5403,1648,3468,14817
30275,0,15,41,141,346
30276,212,2509,1069,1114,7353
30277,158,2739,1022,1949,7345
30281,953,9195,2773,6549,28602
30284,0,0,0,0,0
30285,18,200,8,102,352
30286,476,3517,908,2034,9103
30288,77,973,224,621,2741
30289,1,0,0,0,0
30290,188,1177,326,772,2992
30291,259,3803,1246,2301,11580
30292,157,943,254,298,2230
30293,27,186,55,103,569
30294,313,5472,1912,2581,16304
30295,115,614,281,525,2279
30296,232,3581,1630,2298,10701
30297,319,5239,1094,2972,12683
30303,0,12,14,3467,4371
30305,457,1797,555,1856,11338
30306,139,2489,542,933,11098
30307,159,2097,641,1819,10146
30308,54,584,260,4153,15945
30309,127,900,457,4054,18618
30310,416,2316,552,2871,12452
30311,686,3832,1117,2619,12543
30312,167,3094,421,3007,14906
30313,14,470,501,5959,9295
30314,332,2365,618,5724,11610
30315,570,5103,1324,2347,16473
30316,407,2916,587,2078,17448
30317,250,1586,246,440,7560
30318,903,5603,1219,9476,35079
30319,1478,4536,919,3384,20164
30322,0,0,45,2275,2379
30324,158,2559,302,2639,17020
30326,207,470,7,986,4326
30327,767,2648,1251,1425,6995
30328,1572,3720,1149,2105,16167
30329,660,2688,698,3520,14166
30331,816,9057,2971,5657,25571
30332,0,0,24,2680,2743
30334,0,0,0,0,0
30336,0,0,0,0,219
30337,56,1729,243,1089,4475
30338,813,5265,1753,2251,16375
30339,167,1472,556,3741,20265
30340,294,4656,1391,2932,13381
30341,453,4288,1341,2954,16417
30342,291,4644,1043,2828,16387
30344,329,5150,1123,3009,15841
30345,561,2505,771,1637,10216
30346,0,109,0,381,2864
30349,487,10661,3187,8732,36024
30350,620,3310,1241,3140,17983
30354,59,2034,620,1159,6155
30360,161,2405,784,1113,6567
30363,0,119,25,319,2029
30401,128,2183,603,1299,5756
30410,14,198,84,126,444
30411,44,376,209,665,2731
30412,0,0,0,0,20
30413,20,133,6,43,352
30414,0,0,0,29,29
30415,131,629,283,252,1798
30417,226,1696,553,1044,4393
30420,72,129,27,238,514
30421,102,279,199,311,1182
30423,1,1,0,0,5
30425,64,258,166,73,764
30426,2,88,66,41,317
30427,179,1412,299,823,4612
30428,65,238,114,793,1306
30429,0,0,34,44,103
30434,161,772,197,546,2076
30436,277,1697,466,725,3977
30439,240,1492,391,923,3526
30441,14,302,52,128,648
30442,251,1033,67,496,2880
30445,62,438,109,761,1614
30446,29,350,73,92,707
30448,0,1,3,1,4
30449,0,14,0,0,10
30450,41,196,180,168,897
30451,0,0,0,12,12
30452,63,229,70,77,541
30453,96,1385,308,990,4745
30454,0,149,13,0,27
30455,0,33,16,22,138
30456,86,109,125,82,690
30457,184,756,253,409,1658
30458,464,5052,1182,16864,28567
30460,0,0,0,0,0
30461,98,1782,759,1384,7153
30464,0,101,5,45,92
30467,182,1381,295,776,4133
30470,8,124,58,80,513
30471,48,395,121,255,1566
30473,5,248,141,330,996
30474,278,2501,800,1841,7001
30477,44,384,104,294,950
30501,645,3886,1196,4206,14214
30504,395,4089,1469,3362,12405
30506,1071,5365,1522,3380,14328
30507,471,4630,1878,2902,13127
30510,92,1246,314,648,3558
30511,17,462,111,197,1218
30512,871,2057,666,1483,6255
30513,472,1000,225,767,3079
30516,6,328,110,55,668
30517,122,2840,1151,1495,7491
30518,832,9084,3480,4180,22806
30519,386,7467,2701,5061,22033
30520,5,995,135,516,1619
30521,50,588,333,335,2142
30522,30,35,16,0,173
30523,489,1385,416,1136,4047
30525,259,555,163,448,2251
30527,33,574,141,272,1273
30528,235,2731,1004,2422,8698
30529,239,1523,560,1037,5062
30530,148,1083,135,803,2832
30531,234,1284,702,957,4535
30533,443,2378,1029,5269,11862
30534,480,3779,1356,2974,11813
30535,137,1054,335,1298,3627
30536,123,1301,329,700,2945
30537,19,53,7,28,330
30538,158,217,215,349,1200
30539,28,7,0,0,39
30540,433,2005,643,1322,5844
30541,44,203,0,0,239
30542,261,5090,1410,3130,13922
30543,39,1125,370,291,2299
30545,39,62,19,126,270
30546,410,485,147,527,1871
30547,42,416,169,310,1257
30548,325,2985,1128,1725,7671
30549,313,4574,1524,2096,11875
30552,25,173,52,126,518
30553,134,1145,297,551,2681
30554,180,1114,266,1046,3371
30555,33,189,62,195,837
30557,56,420,223,359,1921
30558,139,459,264,346,1661
30559,118,490,237,350,1809
30560,41,322,227,245,885
30562,25,96,10,61,318
30563,97,857,216,862,2245
30564,59,637,215,382,1704
30565,27,637,171,297,1828
30566,81,1120,484,835,4272
30567,56,937,278,227,1829
30568,24,347,64,183,673
30571,81,207,57,244,751
30572,70,26,18,19,101
30573,49,0,0,47,47
30575,0,547,100,88,429
30576,72,195,166,240,1104
30577,703,2824,719,2295,7779
30581,2,11,0,0,2
30582,95,455,140,915,1824
30597,0,0,10,1151,1164
30598,0,0,0,70,70
30601,118,1969,529,7609,14548
30602,0,0,0,1415,1433
30605,255,3847,675,12821,25822
30606,856,4609,1519,8385,22528
30607,116,1558,610,754,4709
30609,0,0,0,3493,3529
30619,7,165,43,32,501
30620,53,3103,894,1121,6631
30621,133,888,258,544,2162
30622,51,2340,587,581,4213
30623,0,0,15,22,49
30624,75,437,132,361,1291
30625,41,144,59,89,511
30627,49,188,243,375,1396
30628,84,823,194,438,2530
30629,146,725,150,288,1504
30630,132,430,32,135,678
30631,109,141,30,99,592
30633,93,899,366,673,3304
30634,51,344,85,89,696
30635,380,1942,553,996,5032
30639,0,13,0,0,12
30641,9,202,63,116,460
30642,411,1360,355,1285,4121
30643,259,1931,338,924,5030
30646,48,1298,382,722,2673
30648,44,485,164,188,1064
30650,232,1856,701,751,4871
30655,552,4664,1495,2203,10600
30656,356,1865,518,2115,6678
30660,18,184,47,74,380
30662,136,910,211,1255,3259
30663,74,478,107,289,1010
30664,0,0,0,0,5
30665,0,23,0,14,52
30666,100,1455,375,742,3821
30667,6,77,47,80,216
30668,15,453,135,174,940
30669,79,492,90,177,973
30673,189,492,148,407,1875
30677,500,3080,1153,1691,7436
30678,29,161,99,59,358
30680,569,6304,2048,3934,19640
30683,75,660,535,557,3079
30701,594,5558,1843,4143,17514
30705,457,4507,1574,2831,13080
30707,202,2585,685,1501,6536
30708,0,26,66,13,103
30710,38,905,302,391,2564
30711,15,632,173,352,1429
30720,538,2829,1070,2709,10964
30721,882,8374,2928,5734,22053
30724,0,0,0,0,39
30725,40,670,222,457,1763
30726,0,0,0,0,0
30728,436,2509,654,1293,6678
30730,29,301,43,202,530
30731,30,427,27,168,729
30733,6,298,146,130,818
30734,42,414,12,213,875
30735,106,1207,259,228,2214
30736,514,5942,1925,3455,15458
30738,54,346,269,216,1250
30739,92,1042,405,685,3168
30740,84,1014,415,795,2806
30741,679,2550,1040,2190,10298
30742,716,941,225,607,3208
30746,0,234,0,91,223
30747,482,1626,561,1095,4906
30750,46,406,124,1301,2290
30751,0,55,0,0,35
30752,236,1088,238,452,2927
30753,118,1082,343,910,3916
30755,85,1781,434,775,4834
30756,0,4,0,5,5
30757,68,50,89,48,570
30802,309,1123,246,313,1736
30803,4,127,34,73,335
30805,20,435,175,259,1001
30807,6,5,57,28,130
30808,119,603,193,176,1588
30809,948,7216,2875,4424,19394
30810,31,271,85,198,750
30812,114,0,0,4,19
30813,188,8090,1811,4744,22771
30814,105,1385,392,826,4466
30815,215,5946,2276,4200,18312
30816,6,66,17,201,663
30817,188,845,324,528,2439
30818,0,25,14,34,288
30820,8,78,34,37,271
30821,24,137,39,22,197
30822,0,0,0,0,0
30823,50,133,67,199,615
30824,340,2466,691,1452,6106
30828,85,423,119,368,1297
30830,112,2562,600,1777,5332
30833,80,529,245,315,1520
30901,394,1863,352,1499,6026
30904,692,3286,718,2860,10684
30905,0,755,133,3362,5875
30906,619,9287,2755,6107,25956
30907,1417,5564,1732,3147,19327
30909,1044,4348,1576,4923,18599
30912,0,0,0,0,0
31001,53,482,85,401,1969
31002,81,271,56,209,1112
31003,25,11,0,0,12
31004,0,0,0,0,0
31005,124,3673,856,1974,9183
31006,165,564,130,463,1455
31007,27,74,54,50,285
31008,522,2801,1235,1417,7414
31009,9,189,130,144,630
31011,1,113,18,23,193
31012,0,137,24,192,1054
31014,251,1249,465,1942,5544
31015,569,2574,797,1750,7002
31016,63,253,17,215,534
31017,38,170,7,58,314
31018,39,191,3,245,1403
31019,7,469,173,246,1143
31020,13,224,0,62,528
31021,540,3451,947,2194,9662
31022,30,395,40,85,612
31023,252,1764,500,1347,5226
31024,200,2315,1040,1541,6601
31025,24,210,41,44,405
31027,159,1845,500,1201,4605
31028,81,1308,382,620,2527
31029,245,2174,732,1227,6360
31030,268,1772,643,3381,8021
31031,120,887,166,550,2597
31032,104,1957,749,1187,5817
31033,7,157,216,294,881
31034,0,36,0,15,40
31035,9,49,89,109,418
31036,129,1004,318,723,3677
31037,12,202,62,449,1662
31038,27,66,0,25,114
31039,0,0,0,0,0
31041,40,112,104,51,289
31042,17,104,130,111,546
31044,54,292,158,219,908
31045,0,0,0,0,23
31046,16,440,167,459,1473
31047,206,2878,995,1346,7349
31049,57,87,70,301,669
31050,0,47,11,57,174
31051,0,20,12,23,58
31052,137,1075,539,775,3149
31054,17,212,62,158,583
31055,180,1535,234,291,2246
31057,42,60,64,207,470
31058,31,317,41,18,529
31060,31,165,120,85,588
31061,701,4486,1396,7391,18366
31062,0,0,0,37,37
31063,78,666,89,402,1541
31064,210,1371,400,801,3334
31065,35,225,72,111,356
31066,4,12,27,194,450
31067,29,17,4,9,45
31068,0,453,116,459,2348
31069,295,2559,951,1962,8989
31070,43,37,0,39,241
31071,34,112,34,81,450
31072,0,118,47,131,421
31075,299,352,121,207,932
31076,86,242,145,301,1093
31077,21,65,14,13,502
31078,79,453,140,266,936
31079,56,257,115,176,964
31081,0,0,0,0,0
31082,121,1591,500,939,3741
31083,0,89,18,5,56
31084,0,0,0,0,0
31085,26,118,32,133,391
31087,254,731,233,831,3242
31088,713,8488,2256,5672,25254
31089,68,439,122,291,1465
31090,87,88,36,62,355
31091,78,204,65,343,1942
31092,21,710,186,414,1684
31093,413,3702,1025,2143,9836
31094,17,90,67,79,313
31096,125,825,325,659,3007
31097,35,107,10,175,359
31098,33,580,91,535,1788
31201,87,707,99,1056,3805
31204,689,4109,1180,3097,12982
31206,312,4432,1412,2474,10614
31207,0,0,0,1645,1645
31210,973,4793,1132,3443,12486
31211,341,1835,572,1395,5424
31213,0,0,0,0,0
31216,385,1991,568,869,6352
31217,296,2548,672,1031,5644
31220,258,2465,570,1233,5602
31301,13,643,271,462,1948
31302,75,866,141,563,2773
31303,23,107,84,85,477
31305,181,510,136,306,1542
31307,0,108,237,278,903
31308,51,1325,243,551,3495
31309,15,61,0,92,131
31312,84,4364,1333,1886,9861
31313,321,5968,1552,5467,20850
31314,0,0,0,1336,1855
31315,0,1794,155,1438,4177
31316,39,2359,613,928,5247
31318,6,174,0,4,96
31320,148,1066,279,1166,4002
31321,139,959,428,900,3191
31322,221,3511,1109,1865,11455
31323,38,200,38,116,431
31324,286,6043,1896,2321,14514
31326,467,3427,1015,1662,9755
31327,0,0,0,0,0
31328,254,140,124,91,608
31329,87,1373,340,1125,4014
31331,72,644,88,250,1640
31333,0,0,0,42,42
31401,267,1516,388,5522,11767
31404,601,3993,879,4378,13995
31405,646,4605,1141,4064,15745
31406,833,3697,1153,3265,14593
31407,33,3526,349,2362,9772
31408,30,1478,568,1014,5558
31409,0,0,0,577,630
31410,403,2519,959,1120,8330
31411,567,583,281,220,1393
31415,221,1696,366,1259,4720
31419,887,6289,2732,6275,27232
31421,0,0,0,0,0
31501,372,2048,389,968,5178
31503,307,2944,1094,1801,8611
31510,72,1192,435,704,3436
31512,98,146,11,256,936
31513,303,2080,750,1449,6060
31516,151,2173,702,1366,5464
31518,15,61,78,102,433
31519,10,259,236,336,1377
31520,650,2952,866,1755,8725
31522,691,1054,499,811,4014
31523,184,2029,699,1083,4793
31524,0,0,0,0,0
31525,509,4077,1103,2984,11804
31527,114,0,0,0,170
31532,33,76,15,6,156
31533,213,2685,797,1449,6856
31535,57,2015,436,1347,5037
31537,104,916,230,987,4479
31539,182,2216,810,1246,5581
31542,41,456,127,332,1078
31543,175,624,291,436,1673
31544,1,50,9,43,144
31545,306,2539,548,1365,5254
31546,96,1031,192,568,3435
31547,0,0,0,1408,1524
31548,215,3512,941,2027,10057
31549,44,233,63,190,533
31550,0,68,7,136,269
31551,49,135,9,81,365
31552,11,129,131,70,336
31553,50,689,233,270,1913
31554,47,1060,191,653,3462
31555,37,244,41,539,1204
31556,1,23,0,0,20
31557,29,601,72,269,1167
31558,218,2832,993,2368,10093
31560,10,498,196,149,1094
31561,28,0,0,0,0
31562,22,427,159,286,826
31563,5,293,20,61,425
31564,0,0,0,0,0
31565,11,215,59,153,707
31566,28,508,67,247,1467
31567,26,38,121,20,462
31568,0,24,0,0,79
31569,236,836,128,360,1574
31599,0,0,0,0,0
31601,445,4603,1021,5330,13947
31602,616,4515,1353,6525,18354
31605,403,3466,586,3446,10962
31606,63,631,140,414,1354
31620,276,1576,589,1134,4566
31622,36,133,58,159,619
31623,1,12,3,83,399
31624,16,251,65,155,636
31625,21,95,17,80,305
31626,168,343,67,234,917
31627,6,22,33,26,113
31629,2,114,24,75,542
31630,0,45,6,74,121
31631,10,66,3,10,225
31632,178,2034,1048,1777,6114
31634,79,735,390,378,2158
31635,172,932,202,855,3373
31636,91,1381,446,1203,4301
31637,17,350,114,387,1332
31638,26,89,38,121,414
31639,201,1273,405,744,3864
31641,22,275,114,98,444
31642,58,764,159,362,1937
31643,213,1140,359,799,3373
31645,61,898,363,443,1973
31647,16,595,158,269,1097
31648,0,128,15,41,285
31649,0,62,61,118,463
31650,17,241,183,364,1404
31698,0,0,2,819,821
31699,0,0,0,562,685
31701,635,1703,452,1311,5813
31704,0,0,0,119,159
31705,156,4171,1769,4466,13334
31707,567,4044,790,2715,10172
31709,352,2196,566,2950,6922
31711,6,68,65,85,300
31712,27,245,38,46,288
31714,109,957,205,512,2073
31716,27,414,98,146,762
31719,131,918,248,1080,3582
31720,4,81,5,8,67
31721,382,2454,781,1078,6570
31722,43,86,15,52,300
31727,0,0,0,0,0
31730,116,947,330,696,3020
31733,35,228,25,20,330
31735,0,52,0,13,135
31738,20,422,195,131,1014
31743,6,45,121,109,296
31744,16,430,127,176,1331
31747,2,62,25,9,111
31749,23,460,86,213,665
31750,270,2520,875,1605,6603
31753,0,9,0,0,35
31756,0,123,99,32,469
31757,157,1829,463,740,4445
31763,381,4122,1349,2857,11633
31764,16,165,25,36,224
31765,45,391,88,218,797
31768,357,3398,785,1886,8003
31771,129,1125,345,619,2951
31772,0,0,0,13,47
31773,64,541,62,320,1162
31774,102,867,268,527,2528
31775,0,547,213,231,1174
31778,14,289,124,237,916
31779,145,1220,397,1229,3884
31780,17,380,107,77,639
31781,4,384,183,256,1059
31783,15,129,108,142,590
31784,14,165,24,79,308
31787,48,241,21,54,454
31788,114,1316,559,1123,4399
31789,88,128,18,95,502
31790,31,290,116,153,946
31791,400,1410,333,932,3871
31792,396,2850,1066,2048,8511
31793,93,1029,380,1602,4535
31794,511,3998,1123,2193,10691
31795,14,231,107,110,681
31796,32,60,8,51,400
31798,7,104,22,117,637
31801,13,241,68,207,834
31803,85,682,146,446,1659
31804,49,602,396,679,2356
31805,12,384,134,6,487
31806,77,507,244,418,1677
31807,82,302,115,217,903
31808,20,1163,570,695,3363
31810,19,22,5,1,46
31811,52,914,259,634,2169
31812,41,49,10,63,189
31814,0,0,0,0,0
31815,34,156,14,277,1928
31816,33,608,279,593,1850
31820,139,2294,476,930,4185
31821,3,0,0,0,0
31822,189,594,135,516,1755
31823,8,14,17,51,142
31824,24,155,43,130,499
31825,112,300,63,191,1358
31826,85,354,104,116,813
31827,39,110,56,163,671
31829,11,374,23,56,561
31830,93,157,51,166,766
31831,55,530,96,201,1107
31832,4,28,0,0,0
31833,142,894,245,340,2396
31836,26,88,10,40,206
31901,45,322,82,860,3019
31903,301,3552,1094,2384,8062
31904,626,4341,1380,2295,13103
31905,0,2803,346,4247,11040
31906,423,3134,697,1497,7489
31907,1306,7339,2181,6113,27449
31909,1198,5373,1620,4019,17432
32003,577,3133,1406,2593,9910
32008,148,813,257,412,2170
32009,24,328,223,498,1489
32011,138,1713,658,1272,5599
32013,52,24,0,0,23
32024,354,2879,903,1234,6702
32025,648,2621,621,2948,9269
32026,1,0,0,132,1130
32033,42,191,169,331,1569
32034,944,4134,1141,1498,9827
32038,68,1102,345,517,2846
32040,36,1037,291,792,3145
32043,396,4366,1188,2745,11635
32044,6,423,162,60,673
32046,263,1687,203,818,3638
32052,116,814,156,534,3388
32053,39,639,170,188,1090
32054,167,1640,495,961,4763
32055,248,2325,742,1208,5877
32058,16,508,115,524,1996
32059,63,228,66,217,968
32060,274,2435,1065,1415,7745
32061,0,0,0,0,22
32062,141,350,44,287,550
32063,345,1978,755,1464,5744
32064,435,849,225,702,2991
32065,291,6638,2164,3210,16919
32066,85,621,221,743,3142
32068,711,8458,3011,4569,21883
32071,39,243,259,347,1288
32072,0,0,0,0,0
32073,1053,4397,1109,3278,16446
32079,143,0,0,0,51
32080,942,1488,391,1240,5107
32081,414,3716,606,1044,7626
32082,1061,3064,1249,1661,7688
32083,45,245,72,40,958
32084,887,3123,856,3759,14200
32086,1138,2548,1465,2056,11303
32087,41,719,128,311,2410
32091,285,1912,570,1302,6784
32092,356,6644,1844,3957,15506
32094,78,584,90,217,1502
32095,47,2478,691,1015,5352
32096,74,480,154,102,1092
32097,271,2504,882,1708,9038
32102,44,218,104,56,471
32110,175,871,231,882,3095
32112,121,836,415,770,2823
32113,155,713,240,480,1643
32114,765,2966,623,7651,17830
32117,827,3343,1003,2285,11333
32118,759,1130,289,732,4460
32119,538,2080,388,2150,7859
32124,117,368,162,413,2830
32127,1131,2284,807,1461,7393
32128,498,2749,777,1853,6623
32129,768,1682,778,2378,8990
32130,82,817,224,349,1789
32131,57,384,168,158,1578
32132,249,496,149,499,1842
32133,0,0,156,0,195
32134,134,485,189,485,1804
32136,412,480,147,343,1577
32137,1589,4037,1489,2703,12284
32139,9,48,27,0,79
32140,11,202,49,250,604
32141,670,1701,377,803,5409
32145,47,892,259,325,1969
32147,0,208,0,145,556
32148,240,1506,480,765,3427
32157,24,76,25,24,402
32159,2614,1342,462,894,4391
32162,4126,174,0,53,648
32163,607,0,0,477,984
32164,1727,6052,1604,3382,15810
32168,1249,2091,782,1745,8213
32169,496,400,106,220,1499
32174,2380,4480,1365,2976,12804
32176,799,810,390,707,3040
32177,556,3893,788,2007,8668
32179,313,620,137,684,2772
32180,67,1144,303,313,1644
32181,18,400,217,441,1334
32182,0,0,0,0,0
32187,90,0,0,163,366
32189,81,315,399,73,1340
32190,117,213,100,178,563
32192,0,0,0,0,0
32193,116,57,27,81,219
32195,29,208,55,296,829
32202,179,245,68,688,3398
32203,0,0,0,0,0
32204,420,410,169,664,4123
32205,536,2938,1081,1600,13002
32206,257,2112,681,1125,6235
32207,461,4060,943,2664,14011
32208,523,4921,1227,2252,10592
32209,836,4747,1266,3477,14406
32210,821,9238,2467,5346,27127
32211,644,5216,1080,3049,14812
32212,0,212,2,1064,1496
32214,0,0,0,0,0
32216,1147,4697,1353,3049,17250
32217,722,2198,335,1612,8199
32218,764,10473,3384,5365,27440
32219,184,2602,667,932,4727
32220,121,1575,261,723,4040
32221,493,4619,1159,2604,11339
32222,146,1976,471,1111,7733
32223,1075,2817,822,1615,7780
32224,852,3935,890,9149,21000
32225,808,6977,1952,4287,21357
32226,179,2037,1022,968,6951
32227,0,632,65,1365,2339
32228,0,0,0,179,218
32233,813,2352,899,2445,9233
32234,106,1498,263,661,3040
32244,738,9103,1995,4961,28543
32246,442,6919,2240,5446,28375
32250,609,2683,1463,1764,11223
32254,59,2294,741,1344,5928
32256,754,4858,1438,5592,25506
32257,891,4635,1318,3263,15443
32258,397,5402,1229,4072,19137
32259,1063,11743,3903,4671,25359
32266,111,571,212,480,2593
32277,505,4727,1611,4734,16211
32301,231,3072,739,7296,19294
32303,412,4985,1192,9883,25960
32304,208,1642,615,28798,39487
32305,227,2720,1109,2256,8278
32306,0,0,13,1534,1547
32307,0,0,3,1710,1713
32308,1260,2089,705,2143,8854
32309,672,5249,1567,2913,12218
32310,127,1762,580,2787,6623
32311,298,2757,513,1899,8824
32312,529,4320,1722,2416,10566
32313,0,0,0,0,0
32317,251,1634,530,1311,4591
32320,70,414,78,98,961
32321,91,639,285,525,2688
32322,88,333,103,254,1845
32323,20,0,0,0,0
32324,124,369,128,332,1965
32327,344,3753,1259,2364,11907
32328,41,414,135,258,1171
32330,0,147,34,64,345
32331,390,532,162,220,1405
32332,59,76,51,110,351
32333,202,1144,319,557,3058
32334,0,202,129,185,665
32336,34,210,18,154,327
32337,0,0,0,0,49
32340,210,1040,334,635,3675
32343,14,683,331,214,1438
32344,285,1127,397,963,4194
32346,0,230,0,102,473
32347,381,1147,292,525,2177
32348,132,1362,452,761,5306
32350,17,145,33,47,680
32351,295,2244,653,1668,6670
32352,42,803,132,561,1771
32355,0,4,0,20,80
32356,0,0,0,0,2
32358,23,62,46,39,453
32359,0,42,18,56,159
32360,0,0,0,0,0
32361,0,0,0,16,100
32399,0,0,0,0,0
32401,623,1619,460,1528,6227
32403,0,86,17,396,550
32404,727,4939,1613,3050,16513
32405,713,3967,1132,2532,11622
32407,160,1713,550,1078,5778
32408,322,1795,330,775,6299
32409,174,1586,390,700,3657
32410,6,7,0,0,47
32413,343,949,486,1043,4626
32420,39,286,63,121,723
32421,67,625,116,211,1196
32423,9,33,6,60,161
32424,335,730,310,688,3417
32425,469,1666,541,1042,5276
32426,32,69,58,52,293
32427,25,88,10,204,423
32428,271,2327,670,1180,6771
32430,17,92,28,15,176
32431,93,532,238,211,1388
32432,0,0,0,0,0
32433,190,2321,555,1013,6830
32435,193,947,132,574,2213
32437,0,52,15,27,249
32438,15,734,226,615,1650
32439,208,2192,610,859,5342
32440,236,733,103,1040,3760
32442,86,471,165,305,1477
32443,57,325,89,294,881
32444,399,3133,946,1918,8107
32445,31,227,46,124,1223
32446,505,1212,346,923,4013
32448,246,967,365,545,2636
32449,0,168,23,47,341
32455,97,413,173,242,1481
32456,182,688,152,379,1938
32459,119,2061,617,1451,6808
32460,42,287,107,384,2323
32461,77,178,50,0,485
32462,155,306,98,280,1288
32463,5,11,10,28,88
32464,93,430,120,194,1011
32465,152,611,216,563,3596
32466,30,851,226,317,2261
32501,305,1536,317,1074,4411
32502,135,256,106,419,1717
32503,1001,3462,1031,6593,15841
32504,463,2117,574,2080,8366
32505,674,4346,824,2261,10304
32506,385,4094,1583,3348,15437
32507,461,3843,1194,3310,11475
32508,0,254,80,3116,4387
32509,0,0,0,0,208
32511,0,0,0,1003,1145
32512,0,0,0,0,0
32514,1368,5110,1128,6132,19271
32526,670,4989,1275,2965,15129
32530,0,17,0,0,21
32531,334,1125,217,230,2023
32533,680,3991,1378,1788,10517
32534,225,1595,591,1026,6163
32535,69,460,183,558,2532
32536,122,3410,1347,2996,11577
32539,392,4703,999,2700,13149
32541,146,2017,554,835,6826
32542,0,572,94,1302,2723
32544,0,243,9,647,1569
32547,764,3474,1021,2803,14753
32548,372,2612,802,1834,9030
32550,495,429,336,502,2423
32561,359,1148,546,231,2470
32563,696,3016,1239,2143,10062
32564,23,149,128,238,791
32565,46,858,349,350,2041
32566,521,6733,1379,3424,16679
32567,40,857,308,386,1882
32568,93,440,149,275,1122
32569,122,1147,516,1210,6189
32570,518,3632,1187,3328,13426
32571,615,5896,1941,2763,15974
32577,9,470,307,223,1491
32578,500,4688,1227,2445,11733
32579,431,1164,296,879,3494
32580,84,721,89,328,1713
32583,382,2616,924,2373,13308
32601,203,1290,393,11459,16967
32603,19,104,32,5548,6410
32605,618,2521,678,2503,11064
32606,1497,2586,723,2593,8782
32607,376,2341,946,9017,18990
32608,915,4514,888,13418,30548
32609,198,2398,341,1977,8510
32610,0,0,7,1,16
32612,0,0,176,8603,8792
32615,343,2066,655,869,5368
32616,0,23,0,0,47
32617,13,298,202,229,1469
32618,57,984,145,515,2775
32619,55,442,148,633,1913
32621,94,519,187,405,1888
32622,9,264,16,132,630
32625,10,88,22,192,493
32626,251,1118,375,496,2347
32628,150,628,131,493,2264
32631,0,0,0,0,102
32634,0,0,0,0,0
32639,0,83,0,0,54
32640,260,1163,275,509,2951
32641,340,2318,1053,1220,7027
32643,307,1937,253,833,3821
32648,0,84,27,28,128
32653,276,2170,494,895,4943
32656,317,1756,660,1182,5272
32658,2,2,4,121,203
32664,7,40,0,0,68
32666,344,425,136,282,1471
32667,132,316,57,514,1404
32668,101,487,92,328,1753
32669,309,2476,970,1213,6098
32680,124,975,444,688,3400
32681,0,0,0,0,104
32683,0,60,7,47,83
32686,108,368,117,659,2350
32692,0,0,0,0,0
32693,359,1167,603,954,4251
32694,41,204,67,141,549
32696,229,1806,477,959,4645
32697,0,53,11,24,82
32701,419,2267,693,1722,10874
32702,289,202,104,172,453
32703,1098,7756,2553,3720,22742
32707,553,3968,1124,2745,15616
32708,1468,4950,1602,4415,18330
32709,43,179,64,90,611
32712,1122,6349,1999,4182,18235
32713,617,2296,653,1889,7394
32714,609,5085,1088,3101,17712
32720,973,3499,1024,3976,12870
32723,0,0,0,0,0
32724,1501,4602,1477,4279,15075
32725,1141,6684,2382,3448,19839
32726,687,2723,620,2112,8836
32730,104,649,139,293,2666
32732,37,615,169,427,1773
32735,161,654,243,221,1555
32736,196,1135,517,951,4025
32738,710,6235,1946,4074,19373
32744,27,553,61,163,1119
32746,1016,4828,2086,3358,16810
32750,666,2800,772,1288,9204
32751,374,2335,936,1848,9374
32754,156,1124,446,655,3185
32757,1148,3912,1096,1732,9874
32759,85,275,42,99,538
32763,701,2450,1118,1970,9188
32764,56,248,80,221,688
32765,1233,8358,2662,8731,28642
32766,170,2461,946,1407,6010
32767,31,372,170,123,947
32768,0,0,0,0,0
32771,933,7696,2596,5477,25119
32773,568,4256,1004,2321,13825
32775,0,0,0,0,0
32776,95,1327,438,396,4200
32778,1278,2040,820,1279,7030
32779,843,3557,1316,1644,9532
32780,1356,3583,1311,3219,13949
32784,144,865,305,900,3648
32789,896,2220,970,3178,10459
32792,1292,5383,1962,6912,25696
32796,748,2322,671,1276,6137
32798,109,102,9,25,281
32801,753,520,113,1286,8352
32803,368,1269,508,965,11477
32804,505,1559,903,1323,9456
32805,548,1375,632,1154,6888
32806,509,2654,932,1352,11395
32807,449,3947,1440,3210,16891
32808,622,10181,3194,5709,26486
32809,297,3801,823,2241,12117
32810,490,5214,1063,2953,16828
32811,440,4832,1563,3976,20683
32812,674,3785,1002,3070,15640
32814,76,1084,294,618,4484
32816,0,0,122,13590,13835
32817,512,2866,1305,8742,19391
32818,516,9096,2519,5991,26312
32819,609,2909,738,2460,12169
32820,106,1109,355,1312,4125
32821,227,2057,457,2505,11176
32822,1306,7104,2322,6489,30795
32824,671,8251,1468,4402,23691
32825,949,7081,2043,7979,28314
32826,287,1658,576,10365,17752
32827,135,3007,972,1437,7073
32828,879,8984,2779,8519,32107
32829,101,2557,1160,1263,8625
32830,0,1,0,0,35
32831,0,0,0,252,1699
32832,136,4813,1112,1806,13850
32833,253,1269,404,781,4074
32835,284,5813,2228,4962,24061
32836,269,2665,783,1753,10275
32837,765,5509,2180,4291,20002
32839,310,6204,1553,5862,25726
32899,0,0,0,0,0
32901,1358,1907,1242,3868,11130
32903,725,1624,367,898,4178
32904,1038,4510,1433,3425,13572
32905,603,2480,701,1571,8757
32907,1665,4904,1676,3696,16042
32908,224,2232,996,875,6005
32909,523,5499,1650,3092,14056
32920,287,365,169,247,2238
32922,211,2043,342,1063,5281
32925,0,211,64,336,832
32926,592,1445,360,1402,7241
32927,412,2869,697,2043,10202
32931,790,677,431,480,2634
32934,378,1720,463,1274,4922
32935,1069,4250,974,3352,15656
32937,492,3497,1050,2090,8578
32940,2087,6107,1448,2576,14111
32948,49,832,218,504,2295
32949,173,137,38,109,488
32950,123,354,102,422,1438
32951,699,599,221,286,1765
32952,379,2275,588,1478,5740
32953,936,2211,1295,1645,7748
32955,1084,3638,1485,3146,13739
32958,1240,2096,813,999,6429
32959,0,0,0,0,0
32960,1036,2323,523,1924,8703
32962,1147,2348,1171,2222,8998
32963,1575,636,117,282,1429
32966,1654,1261,371,813,3772
32967,985,2831,647,2225,6988
32968,266,1518,755,1411,5156
32970,0,0,0,0,91
32976,587,384,83,225,1155
33001,0,0,0,0,62
33004,315,1325,362,1013,6323
33009,1498,3324,1004,2847,15146
33010,2271,3646,1004,3242,14343
33012,3523,6710,1878,5618,23269
33013,1141,2089,920,3244,10587
33014,1056,4151,1217,3139,15625
33015,1069,8058,3303,6575,28573
33016,1092,4961,1478,4000,16153
33018,1090,6158,2156,4640,21083
33019,475,817,321,1023,3383
33020,681,4217,1300,3903,20036
33021,1867,6674,2034,4157,18838
33022,0,0,0,0,0
33023,1215,9808,2261,6312,29227
33024,1098,10478,2791,6115,30617
33025,924,8094,1651,6149,33464
33026,606,3619,789,1821,10033
33027,3105,6343,2150,4909,20783
33028,512,3849,1350,2662,10721
33029,527,6924,2334,4406,16588
33030,485,6397,1296,3104,16442
33031,170,577,459,965,3255
33032,407,8707,2470,5006,25161
33033,326,11535,3599,6663,29473
33034,183,4778,979,2218,9929
33035,195,2853,946,879,7771
33036,66,335,39,115,705
33037,506,1137,248,753,3729
33039,0,0,0,0,0
33040,622,3117,950,2440,14012
33042,95,572,212,318,1973
33043,82,514,40,233,1187
33050,98,962,465,597,3293
33051,36,9,6,0,52
33054,545,3784,1338,3291,13134
33055,1295,3750,1290,3125,13234
33056,551,5028,1522,3197,14772
33060,953,4476,1247,2733,14960
33062,1356,1074,645,987,5166
33063,1300,5232,1253,2892,18789
33064,905,6709,1703,4127,24061
33065,675,8800,3506,5370,25896
33066,1569,702,254,718,4082
33067,246,3559,1359,1754,9044
33068,340,6990,2474,5748,23211
33069,1448,2544,631,2322,12311
33070,70,408,130,479,1653
33071,304,5396,1649,3935,15922
33073,237,4252,2156,2866,14699
33076,693,7813,2829,3244,15292
33101,0,0,0,0,0
33109,35,30,0,0,155
33122,0,178,0,289,1094
33125,1520,4419,1450,4230,22092
33126,2308,3653,1489,3662,17484
33127,464,3541,1024,2712,11320
33128,342,926,239,476,3343
33129,301,1031,420,949,6470
33130,730,1927,584,2652,16190
33131,83,1060,229,1519,13566
33132,29,308,78,1408,11535
33133,757,3965,890,1346,13161
33134,1682,2941,1071,2525,13160
33135,908,2400,797,2820,13304
33136,201,1319,441,1182,8154
33137,413,2400,512,1592,14177
33138,625,2747,899,1953,10824
33139,948,2254,600,1931,15989
33140,601,2271,426,1123,6973
33141,521,2528,1055,2289,14603
33142,1380,7392,2253,5400,23106
33143,1040,3578,822,2550,11639
33144,1363,2260,715,1487,9746
33145,1243,2361,835,1922,10973
33146,473,1528,484,7162,10618
33147,742,6058,1179,4123,18096
33149,198,2881,1048,938,4263
33150,464,4620,1447,2201,12945
33154,408,2551,436,1002,4700
33155,1499,3997,1023,3448,16304
33156,727,5030,1342,2498,10800
33157,1764,8452,2724,5629,26135
33158,132,1019,471,385,1944
33160,1544,4103,875,2582,13047
33161,1092,6436,1890,5636,22164
33162,840,6964,2183,4328,19388
33165,1698,3806,1630,4473,17142
33166,827,2439,698,2602,11458
33167,336,3198,663,2654,9122
33168,316,2948,740,2468,9339
33169,635,6525,1661,3302,17893
33170,276,1940,565,1063,5360
33172,965,3699,996,3509,15982
33173,2009,3087,1112,2538,11792
33174,1461,2425,810,5832,15293
33175,1693,3562,1672,3979,17139
33176,1432,5820,2662,3867,20909
33177,1265,6858,2238,4630,22053
33178,600,10122,2964,5768,27854
33179,958,4715,1624,4169,20015
33180,1347,3761,1104,1912,9766
33181,280,1922,564,2543,9209
33182,182,1226,547,1219,4870
33183,1400,2781,1657,3286,12035
33184,655,1678,597,1903,7029
33185,563,3864,1180,2355,10369
33186,1612,8119,2549,5539,25671
33187,221,2681,583,1797,6992
33189,305,3214,1106,1605,8840
33190,243,2818,824,1203,7147
33193,957,4680,1992,4610,18464
33194,7,886,307,668,3531
33196,776,7038,2440,4765,21693
33301,507,399,198,1211,8296
33304,305,1030,529,901,7241
33305,192,600,201,375,4131
33306,174,102,12,59,633
33308,1424,1354,506,1302,7354
33309,620,4946,1271,3512,16462
33311,1452,13392,3530,6301,28704
33312,962,5364,2146,4514,21575
33313,988,9125,2536,5526,24563
33314,254,3388,667,4062,14619
33315,191,827,315,930,5797
33316,294,811,144,589,3132
33317,842,4447,1160,2608,13691
33319,1278,5344,1629,3590,18351
33321,3163,4765,1772,3056,15922
33322,2053,3475,775,2278,11597
33323,280,1920,1206,1832,8932
33324,1081,5772,1307,3801,20680
33325,330,4519,1324,3023,13130
33326,568,4339,1688,2202,11055
33327,139,5007,1872,1713,8215
33328,324,3492,1268,3343,12245
33330,241,1879,762,1082,4643
33331,479,3371,1332,2794,9322
33332,90,2076,910,994,3668
33334,430,2860,1211,2645,12868
33351,1006,4499,952,2409,14451
33388,0,0,0,0,0
33401,1188,1995,1085,3613,14845
33403,313,1268,537,1004,6062
33404,802,3688,1207,2403,10991
33405,389,1956,601,1605,7586
33406,204,3068,1500,2848,10976
33407,659,3963,932,2579,12941
33408,1420,1159,432,857,4121
33409,569,4010,1027,4135,15784
33410,1495,3389,1200,2054,12739
33411,1953,8467,3694,5246,27294
33412,399,1669,492,1014,4373
33413,190,2642,724,1889,7718
33414,1173,9527,2953,4684,20989
33415,1565,6796,2100,4362,20029
33417,2167,3053,813,2007,11801
33418,2258,3931,1813,1993,11841
33426,1067,1748,434,2012,9614
33428,1344,6270,1885,3950,16350
33430,407,3137,683,1763,8023
33431,516,2577,772,5620,9933
33432,1178,1043,402,1975,6571
33433,3775,5259,1351,2593,13059
33434,1769,1483,421,672,4049
33435,990,3350,1148,3370,14785
33436,2480,5298,1500,3086,16311
33437,4092,1843,268,2261,8261
33438,0,56,27,48,228
33440,395,2871,772,2240,7733
33441,766,2619,588,2715,10559
33442,2318,2712,481,1540,9661
33444,438,2091,666,1851,9364
33445,2176,1884,537,2250,9456
33446,2634,1719,555,889,4036
33449,216,1172,480,730,2805
33455,1242,1621,313,1109,4971
33458,1007,7390,2337,4849,21076
33460,800,5166,1358,3722,15994
33461,815,6345,1550,4541,20918
33462,1316,3315,916,2243,12544
33463,977,9006,2826,5947,26694
33467,2252,5685,1673,3700,16505
33469,1009,1171,444,724,3242
33470,425,3569,1417,2373,11408
33471,95,401,151,497,2481
33472,1407,1021,400,1075,4702
33473,334,1129,420,391,2739
33476,167,810,381,771,2971
33477,1017,331,65,471,1497
33478,196,1673,322,909,4695
33480,1272,309,105,128,824
33483,842,508,204,691,3273
33484,3599,1044,521,756,4818
33486,666,2991,897,1820,7693
33487,1122,1691,637,1484,6294
33493,24,438,96,204,2404
33496,1461,2094,877,1227,5955
33498,782,2562,724,1387,4687
33503,0,0,17,113,180
33510,491,3438,1176,2771,13254
33511,1422,7434,2327,4986,24488
33513,315,1383,390,974,4304
33514,71,436,23,190,837
33521,4,90,45,58,335
33523,358,2145,857,2128,7604
33525,680,2054,612,1519,6061
33527,188,1795,780,1844,6484
33530,0,0,0,0,0
33534,84,3467,773,1336,7987
33538,58,612,283,255,1831
33540,635,766,119,620,2577
33541,1080,1632,500,1240,5694
33542,952,2317,804,1564,7339
33543,339,4824,1821,2626,14092
33544,263,4865,1215,2110,11291
33545,330,4218,1134,2560,11446
33547,259,6034,1631,1789,11250
33548,52,1176,412,445,2698
33549,258,1948,644,1042,6101
33550,0,0,0,0,0
33556,179,4292,1356,1930,10245
33558,376,4522,1446,2284,10388
33559,136,2258,507,3588,9245
33563,473,3638,1050,2589,11740
33565,539,2335,691,1141,5932
33566,262,3253,1052,1805,9211
33567,139,1463,765,1336,5351
33569,313,3473,896,1897,9836
33570,655,5024,1439,2923,12994
33572,361,3055,891,1263,8024
33573,3503,1072,271,843,4530
33574,0,0,13,1584,1635
33576,152,559,151,271,1102
33578,345,7332,2196,4314,25780
33579,386,7093,1680,2948,18497
33584,312,3363,1081,2220,10694
33585,6,128,55,105,478
33592,97,1160,413,963,4314
33594,623,3794,1485,3384,12995
33596,277,3728,1434,2115,9868
33597,168,763,409,735,3258
33598,132,5350,1307,1728,10435
33602,266,1144,188,1612,9434
33603,251,1749,736,1387,9337
33604,299,5116,990,3207,17509
33605,308,1978,569,1197,7311
33606,253,1574,429,6786,13306
33607,688,1916,761,1860,10936
33609,279,1952,579,1201,8150
33610,682,7175,1826,4315,19606
33611,643,3650,1337,1845,14432
33612,606,7147,2069,5734,22938
33613,924,2939,731,9512,20983
33614,1171,3633,1245,4439,21142
33615,479,5423,1880,3132,21239
33616,155,1909,468,1151,6609
33617,570,5415,1702,7724,24186
33618,1090,2427,850,1732,10083
33619,240,5599,1431,3857,17973
33620,0,0,146,6280,6451
33621,0,562,56,539,1300
33624,760,4393,1607,2694,16309
33625,522,2675,1068,2564,11447
33626,498,4127,1325,2177,12120
33629,608,4091,1425,1153,8902
33634,447,2332,841,2113,9810
33635,39,2298,642,1398,8426
33637,202,2483,361,1859,8770
33647,793,10214,2665,6322,30497
33701,755,960,404,1248,7347
33702,768,2475,741,2314,12213
33703,563,2798,823,1613,9266
33704,267,1204,510,639,5640
33705,648,2279,886,2048,9999
33706,933,484,203,556,2632
33707,1545,918,639,1117,6078
33708,657,671,230,623,2815
33709,1157,1950,683,1388,6824
33710,1242,2803,857,2413,11217
33711,485,1904,459,3382,7402
33712,400,3251,873,2233,9871
33713,468,3015,895,2013,13618
33714,310,2307,499,1409,7722
33715,305,428,113,262,1276
33716,419,1358,373,2099,10826
33744,0,0,0,0,0
33755,438,3009,697,2092,10165
33756,1531,3257,702,2036,11331
33759,892,2093,436,1322,5736
33760,247,1717,572,2003,9747
33761,820,1750,467,835,4617
33762,115,306,149,145,1633
33763,1330,1851,367,1122,5761
33764,947,2389,966,1666,9155
33765,425,1565,401,1073,4819
33767,505,311,69,285,891
33770,978,1933,1318,2177,8836
33771,1439,2567,742,1715,8463
33772,1107,2314,768,1600,7494
33773,326,1233,416,1128,5525
33774,940,2345,624,1318,5466
33776,651,1587,444,902,3587
33777,604,1679,400,1112,5935
33778,637,1296,443,796,4641
33781,635,2707,696,1801,10356
33782,1049,2594,1221,1332,8287
33785,174,144,119,353,1095
33786,82,135,33,32,245
33801,604,3857,1089,6579,15287
33803,1100,3219,928,2796,11539
33805,794,3573,1060,2035,10222
33809,1129,3713,1455,2717,11406
33810,1679,6259,1744,4515,17765
33811,409,3403,1230,2018,10438
33812,82,1909,649,1593,6173
33813,558,5787,1577,2661,13002
33815,275,1785,675,974,4376
33823,677,4585,1474,2850,13722
33825,1303,2472,832,2360,8774
33827,42,242,59,521,981
33830,566,3770,1292,2853,12419
33834,72,879,234,686,2739
33835,0,12,0,0,0
33837,385,5413,1566,3128,16172
33838,45,650,87,399,2246
33839,11,534,109,366,1574
33840,0,0,0,0,0
33841,264,980,438,756,3200
33843,293,669,254,1054,3476
33844,1246,6195,1483,4203,17573
33847,11,40,14,42,135
33848,51,30,9,56,114
33849,22,49,50,101,312
33850,208,778,159,504,3491
33851,113,87,49,69,310
33852,916,2626,533,847,5432
33853,305,1964,383,782,4300
33854,0,0,8,25,68
33855,0,0,0,0,0
33856,0,0,0,0,0
33857,0,87,0,6,162
33858,0,117,0,0,0
33859,363,1049,244,1126,3543
33860,202,4252,1170,2551,11867
33865,0,76,108,53,439
33867,0,0,0,0,0
33868,216,1715,352,886,5190
33870,1054,2373,1014,1760,7618
33872,863,903,291,624,2541
33873,479,2096,514,1301,5201
33875,427,913,200,476,3351
33876,505,523,116,199,1339
33877,0,0,0,0,62
33880,806,6334,2251,3506,17107
33881,1554,4462,1366,2925,13674
33884,1466,3545,1234,3095,12022
33890,86,779,211,471,1951
33896,140,2192,991,2383,11227
33897,133,3511,1109,1971,12390
33898,357,2089,563,1019,4886
33901,1018,3117,1011,1766,9163
33903,1573,1592,405,1067,4289
33904,1550,2305,475,1139,8213
33905,1017,4593,1574,3592,15695
33907,1367,2538,610,2106,10316
33908,3483,1775,747,1661,7497
33909,344,4673,1647,2995,13979
33912,940,1197,761,806,4484
33913,870,2162,929,2741,8292
33914,1078,2751,1210,2117,11521
33916,188,2869,841,2622,12174
33917,2013,1625,611,1811,7031
33919,1889,1952,364,1515,6890
33920,53,1069,219,411,2026
33921,11,3,0,12,72
33922,150,239,110,221,963
33924,0,0,0,30,103
33928,1437,2125,805,910,5874
33930,0,20,73,150,418
33931,550,151,79,248,847
33935,417,3083,993,2080,9550
33936,480,3371,781,2637,9104
33944,0,0,0,0,0
33946,117,113,4,112,287
33947,448,427,139,283,1464
33948,911,968,433,677,4201
33950,1351,1535,639,1138,4347
33952,1543,2641,937,2594,10352
33953,279,407,106,658,1798
33954,258,1176,218,631,2987
33955,351,418,253,344,2081
33956,131,148,62,36,294
33957,245,110,19,143,526
33960,0,85,0,6,166
33965,0,0,10,3729,3771
33966,227,1185,187,537,3778
33967,242,2869,1122,3572,13189
33971,206,4788,1529,2942,12186
33972,197,2180,704,1361,5773
33973,78,2978,824,1526,7222
33974,155,3253,1035,1739,8436
33976,29,3055,988,1616,7202
33980,1140,1068,246,476,2495
33981,520,1102,303,372,3110
33982,318,830,269,289,3227
33983,551,1455,489,1155,4108
33990,1351,3200,900,2244,10642
33991,581,3026,840,1607,7740
33993,344,3967,1140,2609,10676
34101,0,0,0,0,0
34102,606,750,134,393,1445
34103,674,724,138,891,2495
34104,1124,2722,771,811,6587
34105,1187,1070,450,766,3960
34108,948,666,168,462,2285
34109,2344,2963,616,1363,5904
34110,1985,1605,759,929,4683
34112,1676,1185,647,1693,6461
34113,955,2032,854,1193,6548
34114,826,1586,269,1021,4072
34116,414,4477,1536,3843,15591
34117,340,2099,759,1595,7907
34119,1030,3247,1094,1664,8289
34120,193,4487,1351,3141,14428
34134,1234,418,164,327,1898
34135,1412,3532,1048,2452,12425
34137,0,95,0,0,107
34138,0,72,212,0,319
34139,0,11,0,0,18
34140,0,0,0,27,54
34141,0,31,2,7,20
34142,408,5121,1727,4867,16074
34145,1213,772,204,347,1716
34201,218,158,223,23,574
34202,794,2778,1098,1760,7137
34203,1492,3779,1250,2481,11743
34205,1296,2828,1347,2406,10974
34207,1124,3186,1087,3057,11612
34208,923,6786,1391,3185,15755
34209,2509,2533,990,1547,8270
34210,1079,741,323,1436,4813
34211,228,1838,204,1325,4832
34212,663,2718,757,1454,6368
34215,0,0,0,18,228
34216,67,1,1,10,34
34217,128,260,7,70,508
34219,369,3356,832,1898,9205
34221,1204,5735,1747,3569,18348
34222,562,1497,612,763,3539
34223,1526,888,191,678,2656
34224,1034,508,302,902,2637
34228,665,15,7,17,354
34229,581,446,199,236,1045
34231,2723,3270,1054,1480,9218
34232,1401,3217,1286,2370,11691
34233,1120,1892,747,984,5380
34234,742,2484,583,1974,7773
34235,1193,731,340,986,3730
34236,1566,276,108,380,2275
34237,608,1948,655,1539,7739
34238,1691,1309,529,853,4068
34239,560,1394,499,836,4134
34240,394,1862,405,898,3464
34241,655,1859,681,1030,4363
34242,530,292,230,117,885
34243,1022,1922,754,2540,9730
34250,28,44,0,0,44
34251,38,838,580,718,2680
34266,636,2790,1016,2614,11718
34267,29,0,0,0,0
34268,0,0,121,46,312
34269,174,530,114,315,1278
34275,959,948,582,740,3947
34285,1678,517,188,623,2297
34286,296,2129,1004,1553,6691
34287,1338,2613,432,1522,6576
34288,37,1199,403,1865,4464
34289,0,694,145,537,1972
34291,64,627,303,691,2444
34292,1342,854,202,659,2459
34293,1804,3257,799,1751,9469
34420,311,2535,559,1578,6484
34428,250,670,136,857,2546
34429,953,666,249,319,1859
34431,250,767,391,265,2023
34432,370,1216,428,499,3130
34433,226,728,291,881,2793
34434,188,1571,170,466,2681
34436,254,796,148,304,1678
34442,897,1143,467,502,2807
34445,0,0,0,0,0
34446,861,1321,527,918,3745
34448,177,648,339,741,2713
34449,49,208,36,214,989
34450,540,318,249,772,2391
34452,431,1887,469,459,4163
34453,256,783,344,441,3158
34461,657,1122,363,732,3526
34465,782,1684,485,1110,4625
34470,621,2556,843,1937,8065
34471,1415,3476,1073,2124,8945
34472,1157,4565,1507,2612,12296
34473,603,2860,957,1453,8023
34474,492,2502,560,1401,7079
34475,187,2227,599,1365,6745
34476,1282,2504,668,1311,5855
34479,340,1805,612,1028,4876
34480,450,2760,728,2685,8555
34481,1734,787,475,744,3048
34482,566,1944,638,1117,7285
34484,587,553,153,366,1670
34487,0,0,0,0,0
34488,249,1201,575,960,3714
34491,1289,3332,695,1167,7432
34498,4,56,15,39,119
34601,593,2421,741,1356,6617
34602,107,1251,292,501,2714
34604,203,1360,525,1042,5071
34606,1659,2404,775,1869,8444
34607,305,743,272,656,2465
34608,1066,4376,1234,2522,12629
34609,1173,4817,2129,2984,15292
34610,139,2218,418,1250,6303
34613,832,1415,197,697,3511
34614,97,1171,392,1022,3046
34637,84,1582,578,853,4406
34638,159,5762,1474,2424,13274
34639,636,4370,1151,2582,10684
34652,1150,1930,779,1943,7772
34653,1508,3178,991,2039,10890
34654,606,2179,875,1553,8169
34655,1192,5019,1593,3157,14396
34661,0,34,0,0,72
34667,1548,1909,603,1095,6383
34668,1309,5738,2243,3788,18199
34669,398,1617,620,875,4967
34677,569,2450,676,1519,7395
34679,0,0,0,0,0
34681,3,114,29,22,305
34683,759,3438,1424,2046,11004
34684,2477,2247,747,1490,7123
34685,419,2076,681,969,5107
34688,252,997,306,700,2731
34689,1074,1873,813,1591,7231
34690,220,937,351,620,4238
34691,536,2396,707,1085,6888
34695,553,1787,676,865,5275
34698,1899,2427,603,2133,9363
34705,39,328,300,360,1412
34711,1660,8562,2564,5529,23541
34714,633,3134,1038,2226,10573
34715,152,3526,909,1741,9654
34729,0,0,0,0,0
34731,324,1164,242,1014,3858
34734,18,766,320,219,1891
34736,344,3549,765,1897,8720
34737,119,274,171,163,1056
34739,0,106,0,144,223
34741,1235,7641,1894,5287,25027
34743,487,5976,1636,4921,19557
34744,1131,7915,2715,5684,26157
34746,957,6671,2790,4285,21343
34747,256,3887,786,2272,11025
34748,2322,3889,1159,2449,11387
34753,22,1025,555,473,3495
34756,53,434,152,491,1644
34758,452,6251,2296,4541,19773
34759,791,4825,1810,4186,14943
34760,9,47,101,44,358
34761,480,6679,1980,3881,19889
34762,18,0,24,40,134
34769,419,4384,1164,2550,11674
34771,120,4067,1155,2692,11402
34772,530,4084,1992,2397,13383
34773,21,840,156,282,1506
34785,498,1556,267,821,7613
34786,497,7791,1628,2506,18168
34787,1090,13993,4506,5930,36668
34788,886,1849,710,1147,5505
34797,429,165,0,0,235
34945,147,722,207,399,2150
34946,102,525,161,638,2531
34947,163,1999,733,1412,5337
34949,489,152,0,427,1235
34950,294,2018,750,1805,7008
34951,526,1247,409,1227,4574
34952,1765,3868,1486,2260,13485
34953,676,10424,3448,6907,29624
34956,152,1313,408,984,4237
34957,1224,1673,765,1017,5733
34972,305,2190,866,1602,7859
34974,758,2620,680,1471,7261
34981,139,1155,344,363,2626
34982,769,3300,754,2245,8334
34983,783,5942,1388,3024,16998
34984,133,2441,416,997,6335
34986,1325,2673,1327,1928,8043
34987,402,809,423,532,3355
34990,1281,3364,971,2058,8266
34994,784,1543,452,1114,5398
34996,648,430,284,353,1590
34997,1640,4017,1551,2865,12896
35004,154,1805,216,671,4279
35005,163,966,253,442,2638
35006,79,461,87,308,1204
35007,315,3866,1000,2243,10511
35010,463,2603,573,1637,6669
35013,0,3,0,0,86
35014,114,280,45,326,1023
35016,268,2282,629,1481,6217
35019,30,287,113,200,805
35020,484,3605,853,2034,9130
35022,586,2523,494,1988,8067
35023,510,3318,1050,1724,9639
35031,58,993,176,743,2930
35032,0,3,6,0,18
35033,0,473,141,162,1000
35034,50,839,236,354,2197
35035,0,47,44,80,286
35036,0,0,0,41,41
35040,212,2714,764,1487,8561
35042,129,375,144,386,2070
35043,141,2680,778,813,5406
35044,132,941,257,979,3106
35045,309,2058,403,1038,5223
35046,27,587,403,497,1924
35049,222,446,239,344,1541
35051,108,1379,338,752,3836
35052,94,0,0,0,12
35053,55,571,45,89,701
35054,33,623,109,500,1099
35055,525,2711,1041,1841,8342
35057,93,1910,508,1374,5735
35058,213,1229,312,782,4069
35060,0,49,0,27,58
35061,13,102,14,187,638
35062,212,1077,291,695,2754
35063,43,269,57,342,1443
35064,154,1475,251,1476,4105
35068,213,1326,166,556,3028
35070,0,7,0,0,2
35071,330,2247,710,1307,6134
35072,38,631,158,244,1300
35073,73,263,107,234,1045
35074,0,0,0,0,112
35077,361,1500,479,1147,4629
35078,25,330,36,131,674
35079,52,1199,391,849,3608
35080,53,3336,1128,1342,7909
35082,0,0,0,0,0
35083,40,513,133,306,1387
35085,115,1209,354,1105,3727
35087,18,409,194,225,1200
35089,80,56,98,127,525
35091,9,603,141,195,1268
35094,160,2055,883,719,5329
35096,120,1175,370,713,3245
35097,22,166,30,183,549
35098,52,153,49,129,469
35111,317,2356,923,1784,8425
35112,0,0,0,0,0
35114,48,1223,510,801,3307
35115,143,2089,528,3203,7902
35116,38,845,155,282,1972
35117,77,704,227,560,1941
35118,55,480,129,264,1242
35119,0,0,0,0,0
35120,41,2768,728,1362,7518
35121,447,2089,901,1060,5288
35124,367,3245,1032,1597,8977
35125,216,1489,435,1091,4300
35126,175,2618,1188,1567,8834
35127,88,954,510,1116,3675
35128,179,1070,228,789,3756
35130,91,369,148,229,930
35131,17,419,164,185,1119
35133,0,307,132,95,958
35135,16,216,53,134,754
35136,46,219,77,147,631
35143,142,284,192,202,915
35146,129,1431,981,843,5327
35147,60,776,305,627,2578
35148,87,165,44,221,962
35149,0,0,0,0,77
35150,175,2494,693,1119,6340
35151,95,898,252,354,2331
35160,450,2402,754,2774,9916
35171,42,395,127,272,1347
35172,5,290,130,209,1106
35173,437,4375,1452,2298,11221
35175,75,703,166,375,1410
35176,0,98,0,53,239
35178,97,277,111,148,790
35179,39,788,529,1055,3326
35180,184,2399,642,1271,5456
35181,0,35,0,0,35
35183,0,65,15,28,292
35184,119,1065,255,468,2681
35185,0,0,0,0,0
35186,59,604,203,325,1556
35188,32,441,93,248,889
35203,52,63,12,272,1555
35204,266,984,258,972,3179
35205,395,433,273,5413,12609
35206,217,1730,696,993,6437
35207,258,841,189,614,2278
35208,248,1908,552,1286,5460
35209,744,3729,1127,3688,14466
35210,310,925,272,767,4929
35211,419,3043,1150,2524,9630
35212,118,1748,251,500,3959
35213,430,2073,511,1192,6476
35214,569,1400,486,1510,6244
35215,723,8648,2539,3880,18560
35216,1057,5665,1385,3822,16519
35217,230,1562,398,1185,4982
35218,81,921,460,335,3010
35221,164,283,152,163,907
35222,86,991,189,534,3906
35223,209,1496,571,491,3370
35224,103,815,328,394,2115
35226,589,5228,1452,2448,15332
35228,158,1415,467,751,3698
35229,0,0,21,2488,2514
35233,10,26,10,1029,2445
35234,269,298,113,145,1546
35235,228,3034,496,1722,8002
35242,978,6061,2709,4800,20986
35243,704,1953,567,1359,7518
35244,714,4814,1193,2664,13940
35249,0,0,0,0,30
35254,0,0,7,1788,1795
35401,465,2568,1036,16699,25419
35404,209,2741,1041,5296,12704
35405,683,5848,1344,5972,21828
35406,440,2629,695,1786,6774
35441,23,108,28,58,321
35442,158,689,104,285,2297
35443,0,58,6,58,548
35444,15,376,214,348,1953
35446,39,298,104,153,971
35447,69,225,57,238,1112
35452,60,517,117,513,1494
35453,154,1389,415,1125,4765
35456,26,749,145,660,2212
35457,0,0,0,0,38
35458,0,148,86,227,485
35459,6,30,44,123,222
35460,55,59,32,115,354
35461,58,180,91,159,676
35462,122,578,67,111,1130
35463,64,192,82,252,1033
35464,9,79,93,74,255
35466,75,781,286,680,1998
35469,0,0,0,24,24
35470,12,613,56,1864,2753
35473,227,2586,522,2761,8535
35474,111,1088,189,1441,3581
35475,30,2552,885,1728,7399
35476,376,949,341,642,3521
35477,0,12,0,0,12
35480,23,254,160,361,903
35481,112,275,125,369,1108
35487,0,0,115,1191,1339
35490,7,588,137,854,2122
35491,0,0,0,0,0
35501,289,1376,475,945,4103
35503,144,1305,300,550,3633
35504,345,1899,680,804,4447
35540,22,285,76,106,677
35541,61,296,199,292,1380
35542,15,86,13,91,231
35543,3,135,18,169,427
35544,75,31,8,10,383
35545,0,13,16,5,60
35546,30,739,190,307,1431
35548,23,213,58,185,661
35549,17,374,91,300,873
35550,91,734,153,421,1564
35552,34,94,40,197,515
35553,74,547,229,636,1786
35554,31,175,50,125,456
35555,244,1146,375,884,3393
35559,0,0,6,7,74
35563,78,470,112,409,1365
35564,36,279,108,151,729
35565,231,1522,368,582,3243
35570,234,1144,543,939,3612
35571,3,145,8,78,250
35572,0,69,86,90,474
35573,0,0,0,0,0
35574,34,181,18,2,354
35575,7,147,34,51,334
35576,37,415,174,293,1166
35577,0,0,0,0,4
35578,77,469,285,639,1819
35579,69,350,126,191,1171
35580,20,476,51,208,1189
35581,112,942,328,501,2154
35582,143,526,97,259,1464
35584,0,0,6,24,87
35585,31,356,149,125,644
35586,48,586,228,300,1292
35587,26,54,0,0,219
35592,163,361,70,258,1302
35593,17,104,39,118,571
35594,249,837,292,385,2408
35601,663,4662,1718,2766,14030
35603,858,3854,1137,2812,10830
35610,31,84,19,298,691
35611,517,2996,993,2580,10873
35613,231,2401,712,1529,7824
35614,180,1101,382,425,2260
35615,0,0,0,0,0
35616,38,435,121,280,1173
35618,42,152,13,191,620
35619,19,592,199,346,1859
35620,49,1440,653,1286,5202
35621,20,760,134,103,1240
35622,330,727,148,484,2313
35630,847,3855,693,5553,15101
35632,0,0,0,813,837
35633,334,2202,925,1803,7270
35634,272,1134,391,619,3089
35640,387,3283,1267,2379,10039
35643,119,642,76,305,1358
35645,249,1830,467,1089,4216
35646,53,290,158,291,1155
35647,24,113,49,74,369
35648,61,302,154,321,1172
35649,0,4,5,7,22
35650,406,1492,485,1107,4407
35651,32,129,155,57,472
35652,209,824,402,749,3340
35653,262,1557,451,1001,4206
35654,200,876,313,810,3135
35660,245,1275,187,965,3394
35661,296,1937,768,1191,6914
35670,132,1119,243,435,2772
35671,0,124,20,54,408
35672,32,858,255,333,1828
35673,28,1186,245,457,2849
35674,420,2792,706,1692,7384
35677,10,127,208,306,836
35739,35,422,235,336,1690
35740,45,352,146,230,1133
35741,17,212,273,247,1389
35744,40,103,96,229,887
35745,3,0,0,0,19
35746,0,52,15,17,147
35747,63,656,225,576,1930
35748,64,550,235,409,2026
35749,495,3112,1040,2665,11731
35750,146,1630,565,1097,5413
35751,0,19,11,49,121
35752,50,240,169,130,918
35754,61,508,128,586,1983
35755,3,7,15,15,111
35756,55,4114,1197,1498,9935
35757,151,2842,574,1048,6561
35758,488,6768,2744,2935,18459
35759,151,1520,420,791,4229
35760,62,891,221,238,1918
35761,98,2240,719,654,4770
35763,250,3392,718,836,6563
35764,1,24,1,60,105
35765,125,760,76,284,1218
35766,0,29,5,8,82
35768,246,1389,505,1107,4684
35769,258,1246,296,735,3225
35771,43,340,137,307,1148
35772,36,809,78,293,1511
35773,153,1704,319,849,4469
35774,5,0,6,0,41
35775,0,113,0,41,84
35776,29,351,181,286,1300
35801,575,1943,763,1865,9962
35802,1014,2480,593,2022,9032
35803,879,2958,1108,2195,9680
35805,344,2795,578,3525,9663
35806,180,2870,873,4542,14196
35808,0,119,33,196,457
35810,616,4069,1234,3310,12317
35811,581,2760,952,4598,12402
35816,171,1833,371,3907,8517
35824,75,693,242,586,4413
35896,0,0,0,527,527
35901,370,2495,693,1563,6576
35903,199,1436,740,2116,7468
35904,466,1635,379,1098,4596
35905,108,835,342,412,2215
35906,124,1507,378,785,3595
35907,163,1341,230,476,3136
35950,290,3832,1012,1708,8646
35951,178,1895,684,1221,5362
35952,132,1072,320,609,3165
35953,146,452,199,446,2077
35954,158,1285,464,974,4321
35956,203,981,437,659,2850
35957,281,2180,1007,1314,6451
35958,48,376,64,159,1190
35959,37,434,147,255,1105
35960,486,891,316,602,2692
35961,114,939,405,556,2550
35962,119,1168,445,700,3646
35963,88,80,68,113,669
35966,98,230,188,278,1203
35967,283,2750,429,1522,5756
35968,49,754,163,485,1833
35971,217,399,278,464,2049
35972,9,213,87,46,381
35973,16,409,71,388,1391
35974,23,323,41,114,698
35975,110,207,31,120,447
35976,396,1835,408,1479,5506
35978,39,1073,282,204,2172
35979,0,102,37,58,239
35980,61,974,405,548,2494
35981,18,138,164,156,536
35983,37,506,166,202,1177
35984,33,57,6,25,349
35986,63,1021,482,745,2961
35987,21,446,134,120,849
35988,4,346,91,189,784
35989,61,487,154,348,1383
35990,0,0,0,0,0
36003,21,212,49,255,879
36005,56,135,52,181,555
36006,47,204,24,59,504
36008,0,0,0,0,0
36009,20,266,131,78,555
36010,86,759,134,373,1547
36013,0,30,39,20,123
36016,56,443,148,208,1946
36017,27,283,130,87,1289
36020,23,161,53,112,377
36022,128,2587,702,1131,6379
36024,74,298,158,279,1481
36025,59,802,100,542,3296
36026,57,46,19,120,430
36027,346,1895,599,1451,5245
36028,78,161,32,173,468
36029,5,88,18,45,144
36030,4,38,21,37,112
36031,0,0,0,0,11
36032,3,293,117,275,916
36033,115,418,128,178,1084
36034,16,127,29,37,278
36035,39,292,230,74,789
36036,55,102,67,277,843
36037,293,1688,492,1105,4898
36038,0,0,1,0,78
36039,0,0,0,31,129
36040,154,498,168,305,1499
36041,0,228,28,194,521
36042,21,210,85,137,508
36043,46,304,184,475,1509
36046,17,144,76,121,554
36047,34,3,25,61,335
36048,21,201,14,64,414
36049,265,809,153,360,1910
36051,26,419,21,194,1443
36052,9,20,0,85,117
36053,56,345,66,392,1056
36054,171,1972,674,1751,6534
36057,0,6,102,0,102
36064,129,2215,560,728,4917
36066,377,2494,1136,2435,9341
36067,354,3782,1261,2006,10328
36069,0,210,77,135,595
36071,0,32,31,16,180
36075,51,104,63,106,503
36078,272,1549,451,1396,5214
36079,285,987,260,932,3370
36080,40,514,16,96,696
36081,119,1615,417,5338,9082
36082,0,0,0,812,823
36083,142,736,300,2250,4109
36088,98,278,105,1458,2126
36089,209,1177,186,639,2813
36091,106,426,153,212,1451
36092,315,2685,899,1598,8226
36093,57,1176,945,1119,4697
36101,0,0,0,13,39
36104,150,1005,188,2233,4696
36105,198,1039,284,552,3182
36106,189,1496,251,2346,6527
36107,135,971,410,850,3060
36108,597,1610,465,970,5010
36109,774,2763,1046,2388,9769
36110,216,1677,468,754,4648
36111,442,1708,448,1382,5067
36112,0,0,0,55,194
36113,4,158,24,115,662
36114,0,0,0,0,0
36115,0,303,39,149,559
36116,601,6796,2132,4802,19314
36117,671,7428,2102,4734,21895
36130,0,0,0,0,0
36201,225,1420,635,1833,6365
36203,212,2117,1083,1192,7554
36205,27,121,15,141,465
36206,57,1692,376,873,4117
36207,403,2413,870,1647,7067
36250,0,478,70,312,1640
36251,116,637,237,645,2025
36255,17,55,79,94,349
36256,24,255,48,106,446
36258,14,169,29,81,466
36260,44,862,214,123,1479
36262,12,160,73,106,553
36263,0,99,10,69,189
36264,259,1131,327,483,2886
36265,167,1865,691,4911,10762
36266,175,823,197,454,1980
36267,0,65,0,0,73
36268,93,1147,309,435,2492
36269,12,361,0,33,379
36271,119,698,316,478,2100
36272,80,1349,354,1052,4396
36273,95,372,150,359,1308
36274,326,1009,439,740,3561
36276,6,430,100,498,1193
36277,83,711,184,619,2368
36278,58,410,107,173,917
36279,17,482,117,116,917
36280,18,556,125,397,1525
36301,827,5160,1471,2820,14228
36303,513,3872,1200,2752,11641
36305,383,2263,926,1378,6399
36310,213,452,205,380,1861
36311,30,384,73,314,1003
36312,94,712,198,508,2002
36313,0,0,0,0,42
36314,4,71,3,5,196
36316,44,206,82,150,906
36317,34,73,0,43,200
36318,45,199,48,84,395
36319,48,391,91,226,879
36320,65,284,90,221,1039
36321,11,269,53,148,761
36322,143,754,386,588,3028
36323,257,658,408,477,2593
36330,486,5391,1535,3430,15729
36340,83,565,255,324,1660
36343,20,68,28,104,430
36344,182,804,177,328,2075
36345,128,1475,367,593,3249
36346,19,193,65,127,472
36350,65,1145,225,666,2953
36351,62,543,188,232,1172
36352,56,636,323,619,2371
36353,24,143,66,199,565
36360,446,2378,810,1445,6623
36362,0,966,125,877,3327
36370,1,80,40,57,331
36371,3,17,14,59,159
36373,0,11,0,41,174
36374,11,73,22,6,141
36375,127,979,278,560,2498
36376,112,226,53,80,716
36401,98,1137,324,616,2470
36420,290,1313,347,769,3509
36421,247,1409,420,573,3600
36425,7,93,53,113,271
36426,407,2342,677,1401,5842
36432,56,87,25,143,527
36435,19,12,0,15,92
36436,3,88,17,178,293
36439,0,14,3,3,23
36441,71,681,76,244,1065
36442,72,388,202,255,1182
36444,27,87,19,6,198
36445,99,407,83,515,1883
36446,0,33,32,29,209
36451,107,448,201,419,1628
36453,45,253,67,275,750
36454,0,0,0,0,18
36455,28,25,23,4,89
36456,0,312,75,138,605
36460,182,1605,504,685,3053
36467,415,1143,342,879,3042
36470,0,0,0,0,0
36471,0,159,30,99,265
36473,0,11,0,9,51
36474,54,260,107,316,836
36475,43,225,58,343,948
36476,0,7,0,7,14
36477,132,658,106,230,1298
36480,43,203,91,185,593
36481,1,24,5,30,79
36482,43,0,15,92,243
36483,0,45,13,29,184
36502,273,1885,676,1272,6080
36503,6,0,0,58,767
36505,0,134,23,190,511
36507,219,2141,702,2814,8478
36509,92,187,40,95,434
36511,71,0,0,0,120
36512,20,0,0,0,0
36513,0,24,0,0,124
36518,26,119,55,99,646
36521,69,462,361,416,2496
36522,35,1202,417,496,2519
36523,28,386,228,259,1077
36524,50,114,47,84,376
36525,45,301,37,106,641
36526,584,5498,1319,2049,12692
36527,250,3519,720,2105,7060
36528,99,71,14,115,415
36529,5,9,15,9,56
36530,106,524,174,522,1917
36532,936,4537,1520,2253,11143
36535,921,3840,1440,2014,11940
36538,11,56,0,87,190
36539,1,78,41,57,167
36540,0,98,29,67,355
36541,197,2168,488,877,5259
36542,581,1450,758,1182,5772
36543,0,0,0,0,0
36544,178,1248,427,1002,4295
36545,281,892,288,861,3145
36547,0,0,0,0,0
36548,0,318,49,68,371
36549,241,339,170,441,1486
36550,0,66,28,0,109
36551,127,1341,577,943,5216
36553,9,404,308,767,1464
36555,32,165,68,78,348
36556,0,0,25,0,25
36558,39,417,60,427,1573
36559,0,0,19,0,19
36560,35,322,179,261,1282
36561,118,772,309,536,2144
36562,34,201,62,79,454
36564,0,0,0,0,0
36567,220,1989,479,1063,5317
36568,0,0,0,30,30
36569,10,12,15,0,228
36571,263,2398,570,859,5259
36572,95,882,294,397,2483
36574,105,235,73,172,522
36575,159,2784,967,1523,8584
36576,17,485,233,280,1944
36578,0,129,14,0,246
36579,39,139,81,116,426
36580,65,883,244,327,2538
36581,0,0,0,0,26
36582,358,3100,625,2055,8348
36583,12,83,30,8,91
36584,20,41,13,56,148
36585,0,142,47,96,350
36587,33,1725,574,1786,5323
36602,22,18,0,57,312
36603,278,1265,248,726,3358
36604,64,1014,422,608,3835
36605,374,3153,1172,2574,9951
36606,368,2852,377,1278,7908
36607,157,554,165,410,2009
36608,649,4608,1457,4526,16464
36609,425,2668,566,2711,10358
36610,247,1280,404,846,3645
36611,130,1003,293,586,2877
36612,53,665,171,320,1267
36613,146,1910,433,1667,5059
36615,0,0,0,0,0
36617,466,1092,421,1074,4182
36618,263,2182,1111,1935,7300
36619,202,1633,604,1225,5639
36652,0,0,0,0,0
36663,0,0,2,0,65
36688,0,0,24,1587,1649
36693,540,2422,922,1547,6299
36695,663,7684,2352,3724,20759
36701,298,2653,1003,2019,8355
36703,312,1262,494,1005,3613
36720,0,126,13,103,338
36722,0,0,8,0,40
36723,0,0,114,138,282
36726,87,692,209,199,1653
36727,0,8,7,0,133
36728,58,176,0,34,150
36732,186,1074,233,637,2856
36736,80,397,46,29,327
36738,16,55,42,74,291
36740,52,95,49,239,481
36741,0,0,0,0,0
36742,84,126,113,645,1341
36744,138,598,169,348,1987
36748,85,207,109,162,817
36749,61,39,16,47,170
36750,20,490,186,74,855
36751,0,43,0,186,214
36752,11,134,3,45,306
36753,0,0,0,0,0
36754,0,11,8,31,52
36756,114,541,174,1206,2204
36758,26,532,69,36,499
36759,19,274,30,116,554
36761,26,134,56,15,151
36763,4,4,0,9,25
36764,0,0,0,0,0
36765,134,121,106,52,261
36766,1,0,0,0,2
36767,20,374,21,133,311
36768,7,85,11,129,350
36769,113,225,103,101,544
36773,0,21,10,22,165
36775,38,143,29,64,225
36776,19,560,0,304,620
36782,64,353,144,186,666
36783,10,45,0,65,187
36784,156,1143,346,351,1994
36785,14,56,18,8,178
36786,83,339,99,73,727
36790,0,0,0,86,121
36792,8,109,0,0,336
36793,0,26,138,157,569
36801,347,2503,912,1968,9064
36804,284,2645,879,1778,7838
36830,741,5511,1661,8313,23221
36832,62,3068,524,10211,17708
36849,0,0,22,5343,5397
36850,25,299,171,143,820
36851,0,0,0,0,0
36852,0,528,88,105,1000
36853,232,611,182,746,2540
36854,292,1806,465,1690,6409
36855,0,119,2,91,340
36856,43,1494,283,470,3482
36858,13,52,0,0,89
36860,33,88,31,214,466
36861,22,240,25,175,740
36862,90,606,235,234,1691
36863,217,1435,496,1033,4055
36865,0,0,0,19,32
36866,103,591,232,251,1704
36867,309,2646,1189,2297,9451
36869,209,3337,635,1708,9105
36870,140,2545,631,1119,7272
36871,25,107,101,35,299
36874,522,1246,385,633,3228
36875,95,441,118,328,1140
36877,230,1870,857,1317,5934
36879,25,286,144,157,920
36901,0,0,0,0,0
36904,123,516,123,346,1314
36907,11,108,78,164,524
36908,24,188,130,184,668
36910,0,0,0,0,0
36912,48,136,15,138,405
36913,0,0,0,0,0
36915,28,58,3,43,194
36916,26,60,48,23,242
36919,17,204,44,177,514
36921,154,16,61,112,294
36922,33,203,53,64,237
36925,57,370,48,177,1062
37010,94,1096,284,643,1971
37012,15,323,104,127,927
37013,472,15627,4091,8849,47612
37014,149,375,132,235,914
37015,227,2455,857,1073,7084
37016,24,51,12,47,247
37018,12,365,229,259,950
37019,11,58,0,32,337
37020,7,694,78,436,1857
37022,43,1080,153,459,1880
37023,0,194,213,19,571
37025,70,748,375,581,2673
37026,39,377,61,196,742
37027,609,8471,4276,5154,21818
37028,26,28,0,3,110
37029,48,940,171,747,2733
37030,185,739,358,503,2680
37031,84,298,133,241,1469
37032,34,854,233,516,2416
37033,288,708,483,574,2810
37034,73,1074,195,714,2819
37035,21,286,109,322,1428
37036,109,981,319,557,2228
37037,84,1503,369,818,3785
37040,407,8792,2314,7491,30220
37042,366,12069,2972,9213,41683
37043,982,7982,2502,4982,23204
37046,86,935,368,409,2116
37047,57,343,65,381,975
37048,30,993,353,387,2224
37049,73,590,115,314,1436
37050,40,237,47,103,524
37051,70,396,356,325,1627
37052,67,262,67,108,592
37055,390,3503,1058,2315,11156
37057,1,0,8,4,180
37058,157,1029,158,642,2399
37059,10,191,111,136,605
37060,69,547,69,128,822
37061,140,758,190,475,1925
37062,205,1535,616,1216,5076
37064,1148,8916,2788,5269,23210
37066,999,7669,1929,5402,22234
37067,521,4059,1254,2509,13796
37069,263,2788,1282,1490,6202
37072,738,3880,1252,2522,12190
37073,123,2087,728,912,5314
37074,35,1121,363,1261,5560
37075,1234,9504,2932,5046,27471
37076,631,4033,1456,2796,16774
37078,0,112,0,42,172
37079,0,327,76,229,934
37080,111,498,243,482,1925
37082,88,722,181,482,1980
37083,236,2300,390,1329,5630
37085,68,776,204,434,2150
37086,153,6248,1777,3502,16151
37087,1129,6562,1537,4760,20798
37090,211,2209,645,1182,6646
37091,264,3281,1066,1944,9016
37095,61,210,84,116,835
37096,267,722,224,571,2224
37097,31,198,46,127,493
37098,12,1086,110,400,2189
37101,174,1059,394,429,2319
37110,612,4416,1277,2695,12173
37115,559,5463,1441,3798,17364
37118,0,47,30,200,406
37122,487,9138,3018,5041,24560
37127,156,3069,616,2213,8482
37128,685,12103,3789,7414,34543
37129,924,8205,2835,6557,26329
37130,618,5120,2070,10951,29422
37132,0,0,20,2705,2757
37134,41,667,93,279,919
37135,88,3675,1164,2206,8968
37137,34,286,92,193,637
37138,366,2855,983,1301,7834
37140,0,22,20,103,1061
37141,79,158,100,137,529
37142,15,85,26,134,414
37143,57,498,241,279,1589
37144,21,326,99,280,1027
37145,6,414,107,101,822
37146,56,934,312,611,2870
37148,176,3412,1361,2097,10271
37149,49,150,64,216,643
37150,65,766,191,343,1450
37151,0,16,6,88,119
37153,150,918,199,330,1795
37160,555,5581,1757,2746,14002
37165,0,8,0,0,6
37166,352,1552,544,920,5113
37167,408,8550,2593,6054,27235
37171,20,319,41,108,546
37172,398,3877,1414,2485,11957
37174,213,8279,1506,3163,19551
37175,15,91,0,0,222
37178,25,203,106,191,716
37179,17,3473,787,1724,6991
37180,32,410,163,432,1845
37181,73,111,26,58,397
37183,31,299,119,239,1029
37184,47,806,310,758,2775
37185,122,811,306,723,3182
37186,149,1331,756,1034,4708
37187,80,1158,237,335,3156
37188,174,2268,780,1489,7312
37189,67,575,152,282,1549
37190,205,950,460,702,3533
37191,88,472,182,394,1603
37201,0,69,0,27,823
37203,79,825,98,2961,12886
37204,142,1909,328,2756,9680
37205,1085,2405,868,1848,8008
37206,159,3422,783,1792,15877
37207,392,5531,1222,3212,17210
37208,198,1269,806,3884,12271
37209,444,2307,699,4111,22783
37210,201,1659,344,2446,8436
37211,736,8082,2083,7133,36570
37212,136,1073,483,8366,14862
37213,0,3,16,0,16
37214,451,3152,1009,2065,14385
37215,1021,2293,529,1548,7839
37216,274,1452,373,773,9835
37217,176,3743,1043,2904,14628
37218,175,1752,644,627,5799
37219,0,0,0,299,1208
37220,119,657,87,109,1790
37221,847,5166,1335,2915,16290
37228,53,17,70,418,1743
37232,0,0,0,0,0
37238,0,0,0,0,0
37301,25,104,75,36,334
37302,45,621,148,523,1790
37303,485,2651,756,2708,9511
37305,28,46,19,77,261
37306,41,184,144,157,636
37307,11,707,156,283,1748
37308,40,434,77,102,900
37309,21,155,171,237,799
37310,40,440,158,294,1159
37311,600,3286,785,4628,13690
37312,1015,4931,1455,3073,13550
37313,72,137,61,75,396
37315,0,0,17,1685,1765
37316,0,0,0,0,0
37317,29,282,166,256,950
37318,29,209,198,230,849
37321,210,2657,928,2273,8299
37322,182,986,322,683,2881
37323,457,4005,1598,2064,11298
37324,103,483,184,478,1941
37325,16,92,53,199,505
37326,53,7,2,24,61
37327,232,1324,553,1000,4520
37328,0,513,77,55,588
37329,180,1058,254,552,2158
37330,131,820,196,453,2337
37331,180,714,284,461,2330
37332,104,159,33,270,742
37333,6,73,21,11,145
37334,527,2994,1010,1973,8517
37335,78,352,79,124,869
37336,69,551,176,311,1575
37337,25,25,0,20,118
37338,57,339,133,91,1013
37339,18,320,47,170,524
37340,17,0,0,0,14
37341,364,1740,343,853,4688
37342,80,694,334,189,1553
37343,1331,5027,1450,3846,15865
37345,159,376,89,190,841
37347,166,1264,290,451,2933
37348,13,83,0,47,219
37350,105,332,98,87,515
37351,16,61,0,55,185
37352,109,456,186,233,1331
37353,100,294,239,367,1517
37354,362,2190,655,1321,5771
37355,335,4284,1138,2658,10894
37356,92,295,141,155,839
37357,117,827,326,232,2139
37359,37,104,62,132,337
37360,9,83,59,117,560
37361,108,211,60,114,575
37362,79,471,84,298,1140
37363,726,5029,1455,2061,14113
37365,20,164,85,228,598
37366,0,131,70,45,356
37367,224,1049,283,891,4331
37369,7,21,0,26,88
37370,60,850,233,229,1602
37373,44,478,146,262,939
37374,0,208,104,411,976
37375,60,218,43,1587,2056
37376,9,9,19,13,97
37377,690,2823,723,629,4905
37379,400,3569,1460,1456,9247
37380,127,689,305,564,2197
37381,89,1036,451,420,3100
37383,0,0,0,326,326
37385,129,1307,420,741,2821
37387,44,474,56,234,1487
37388,717,2906,1081,2078,9689
37391,9,181,131,141,766
37394,3,1,0,2,3
37396,22,0,0,0,30
37397,153,983,369,777,3513
37398,388,2013,418,1156,5043
37402,10,310,53,445,1717
37403,68,102,17,4134,5407
37404,241,1711,307,1511,5902
37405,439,1518,416,1824,8839
37406,280,1766,763,1040,5176
37407,109,2101,504,744,3646
37408,6,291,58,206,1457
37409,52,331,125,114,1833
37410,38,657,243,231,1445
37411,333,2108,842,1365,7177
37412,671,2309,779,1596,8702
37415,669,2258,525,1751,10361
37416,203,805,366,1487,5701
37419,122,717,132,167,2055
37421,1025,5841,1765,3684,20249
37450,0,0,0,0,0
37601,783,3905,1351,5103,16110
37604,725,3684,772,5523,16641
37614,0,0,0,2616,2632
37615,411,2398,902,2112,8503
37616,53,615,328,406,1744
37617,214,1396,458,719,4750
37618,279,1522,305,624,3930
37620,945,4206,1413,3381,13699
37640,52,361,104,80,919
37641,244,1075,260,713,3086
37642,195,1763,439,1266,5194
37643,863,3669,1269,2027,10996
37645,106,577,210,433,2019
37650,359,1556,382,952,4384
37656,86,228,167,425,1198
37657,10,143,108,36,356
37658,35,416,122,100,1131
37659,572,3325,1125,1450,8922
37660,1158,3870,1646,3408,14050
37663,293,1197,500,974,4461
37664,791,3620,935,1980,9120
37665,55,655,185,374,2092
37680,16,28,0,37,207
37681,236,748,251,465,1938
37682,0,47,0,381,463
37683,336,1374,435,1087,4948
37686,91,937,350,1107,3162
37687,138,305,203,299,1507
37688,28,31,11,88,283
37690,65,431,218,611,1841
37691,0,29,34,0,158
37692,92,386,70,281,1437
37694,47,186,70,95,693
37701,185,1487,184,429,3400
37705,114,801,156,278,1992
37708,92,645,226,381,2055
37709,58,462,175,200,1340
37710,11,93,80,58,375
37711,86,427,352,257,1763
37713,59,162,42,189,490
37714,95,638,170,84,1150
37715,32,70,14,15,167
37716,575,2763,891,2018,8924
37719,0,0,0,0,0
37721,123,1671,444,1384,5313
37722,138,923,211,363,2195
37723,15,204,20,89,425
37724,33,242,51,446,1401
37725,349,1660,531,1544,5732
37726,40,364,148,183,882
37727,91,126,35,143,544
37729,4,98,42,105,402
37730,0,0,0,0,13
37731,0,69,42,34,244
37732,0,0,0,0,17
37733,0,0,0,0,0
37737,88,696,234,409,2049
37738,99,483,422,288,1936
37742,55,697,290,403,2434
37743,492,2755,800,1839,7990
37745,589,1953,772,2499,8066
37748,410,1771,565,1400,5559
37752,148,335,155,1053,2537
37753,0,140,81,16,294
37754,121,312,90,310,1061
37755,15,303,224,381,1278
37756,18,430,123,386,1129
37757,81,1470,366,791,3973
37760,182,1765,608,2227,5459
37762,39,161,44,83,696
37763,465,1658,554,1218,5188
37764,173,1611,408,559,3537
37765,0,113,29,73,215
37766,340,1857,735,1520,6187
37769,155,477,97,546,2028
37770,0,179,71,207,1107
37771,283,2358,615,1668,6541
37772,260,1718,511,811,3785
37774,790,1659,392,771,4454
37777,204,1142,380,1538,5154
37779,96,390,134,394,1279
37801,455,3516,1209,1781,9228
37803,1041,3394,1109,2375,10413
37804,436,2983,1143,2817,10580
37806,44,215,89,184,993
37807,104,1331,389,791,3807
37809,0,260,69,288,723
37810,19,400,120,104,755
37811,33,481,137,282,1316
37813,119,2383,760,1297,6090
37814,607,4532,1295,2876,12777
37818,93,492,223,413,1639
37819,0,41,8,79,212
37820,195,840,270,475,2351
37821,474,2659,831,1754,7200
37825,130,823,445,695,3370
37826,65,357,245,177,1178
37828,43,77,54,52,368
37829,19,174,58,266,755
37830,898,4603,1619,2167,11666
37840,73,1658,409,772,3365
37841,102,1221,466,673,3671
37843,151,422,163,249,1696
37845,0,97,50,0,50
37846,150,386,206,451,1660
37847,18,374,88,276,1182
37848,0,0,8,17,65
37849,520,3082,1188,3111,11284
37851,0,0,0,0,0
37852,25,420,58,197,927
37853,24,308,136,338,1370
37854,209,1247,539,789,3732
37857,443,1885,943,1770,7274
37860,133,368,126,476,1437
37861,80,1038,278,776,2668
37862,591,2178,620,1850,8017
37863,123,995,390,355,2144
37865,420,3220,1100,2224,9380
37866,0,283,82,87,746
37869,97,603,212,351,1888
37870,60,262,220,277,910
37871,263,944,375,641,3581
37872,44,301,95,169,618
37873,79,530,148,284,1301
37874,388,1833,640,1138,6092
37876,292,3544,870,2142,10416
37877,215,968,425,428,3051
37878,14,17,59,101,356
37879,292,1626,253,536,3723
37880,114,492,96,331,978
37881,31,143,96,88,534
37882,79,167,68,108,509
37885,96,292,264,202,1632
37886,59,725,169,268,1554
37887,101,441,129,499,3066
37888,20,371,166,296,1150
37890,65,784,273,466,2359
37891,72,791,206,323,1271
37892,10,265,102,112,719
37902,0,70,21,366,1442
37909,480,1386,380,2121,7710
37912,412,2723,1112,2593,10163
37914,485,2486,671,1611,7495
37915,46,523,95,783,2533
37916,47,35,44,13631,14263
37917,435,2474,922,2008,10930
37918,862,5151,1460,3934,18860
37919,781,3707,1199,3396,12912
37920,608,3862,1215,7251,19557
37921,255,3934,1221,2319,12071
37922,702,5876,2103,2619,13775
37923,488,4064,1064,3388,13939
37924,168,1948,414,1426,5572
37929,0,0,0,0,0
37931,438,3952,1031,1909,12425
37932,198,3039,873,1814,8516
37934,643,3572,1312,1951,8930
37938,642,2204,737,1489,5451
38001,61,584,158,342,1666
38002,401,7106,2390,2740,15071
38004,56,1738,506,587,4397
38006,119,942,207,561,2109
38007,0,0,0,0,0
38008,274,856,351,953,3225
38011,77,1298,435,1026,4152
38012,233,1508,579,941,4690
38015,90,231,53,231,708
38016,437,5457,1684,4805,20514
38017,836,8493,2847,3719,19257
38018,638,4892,2089,3148,15897
38019,210,2249,628,1488,5670
38021,0,0,0,0,0
38023,72,733,247,430,2061
38024,357,3277,1013,2372,9042
38028,209,394,553,563,2939
38029,0,0,0,0,0
38030,0,33,26,0,122
38034,66,349,114,234,1103
38036,29,0,0,4,17
38037,30,281,49,92,549
38039,34,197,47,178,564
38040,53,841,75,302,1611
38041,96,355,173,417,2507
38042,25,33,17,31,138
38044,0,60,15,24,176
38046,0,0,0,0,3
38047,0,30,54,0,68
38049,64,391,122,500,1618
38050,19,59,30,27,158
38052,70,566,133,276,1405
38053,494,3652,1149,1942,9182
38054,0,0,0,85,159
38057,34,270,57,259,1111
38058,102,1467,654,859,4293
38059,167,1376,366,649,3379
38060,163,1309,307,540,4159
38061,19,158,49,16,351
38063,265,1979,748,1640,6097
38066,56,293,106,270,1111
38067,11,168,112,47,488
38068,122,1411,435,954,3620
38069,76,366,53,186,698
38070,0,0,0,0,7
38075,36,377,213,702,3825
38076,18,57,74,52,285
38077,0,0,0,0,0
38079,49,189,102,392,2069
38080,121,359,88,274,977
38103,38,396,98,1308,8837
38104,278,1628,543,2160,11908
38105,17,394,94,506,2171
38106,595,3015,771,1737,8085
38107,304,1848,572,1276,6009
38108,500,2468,412,1636,6549
38109,1106,5872,1909,3438,16573
38111,578,3709,1270,6982,19674
38112,330,1867,523,2737,7301
38113,0,0,0,0,0
38114,332,2055,843,2075,8395
38115,580,5813,1411,4308,17613
38116,320,6538,1645,3381,15448
38117,993,2607,994,1799,9896
38118,153,7757,1787,3645,16789
38119,348,3048,731,1561,8604
38120,532,1406,349,951,4568
38122,340,3923,751,2214,9822
38125,150,6479,1965,4349,18698
38126,54,1128,239,998,2780
38127,385,7946,1643,3473,14556
38128,494,8287,1669,4307,18613
38131,0,0,0,0,0
38132,0,0,0,0,0
38133,273,3196,861,1824,8292
38134,567,5816,2363,4150,20691
38135,406,3996,1142,2609,11664
38138,996,3784,1268,1383,8261
38139,375,2783,903,555,4607
38141,47,3981,989,2222,10178
38152,0,0,0,704,719
38201,212,1399,510,1368,4055
38220,76,356,67,163,617
38221,112,263,73,182,832
38222,44,216,78,377,850
38224,2,81,0,30,219
38225,233,713,227,525,2061
38226,25,12,0,0,25
38229,14,249,185,260,968
38230,99,456,109,556,1506
38231,19,324,39,110,473
38232,28,275,102,111,649
38233,53,281,73,83,923
38235,2,34,6,25,58
38236,0,84,42,18,146
38237,338,1415,306,4015,7634
38240,22,189,49,93,552
38241,11,140,43,16,250
38242,563,2393,729,1494,6799
38251,161,425,119,275,1043
38253,0,83,34,101,388
38254,0,0,0,0,0
38255,78,266,88,191,831
38256,44,227,63,76,622
38257,106,402,128,322,1310
38258,2,161,109,83,529
38259,0,108,28,55,258
38260,53,485,140,258,1334
38261,509,2284,675,1394,6144
38301,566,3872,1441,4358,14105
38305,815,7073,1941,5132,20461
38310,93,1186,287,636,2131
38311,7,73,5,44,175
38313,40,404,139,270,1299
38315,91,445,274,229,1327
38316,72,260,147,161,951
38317,57,290,36,128,658
38318,6,59,13,70,198
38320,279,1299,442,919,3679
38321,39,460,83,125,917
38326,20,113,66,151,550
38327,11,30,15,17,121
38328,0,113,22,144,394
38329,58,474,108,224,952
38330,75,581,191,514,1594
38332,0,127,27,37,141
38333,0,17,0,0,0
38334,44,136,84,224,672
38337,37,176,49,66,435
38338,0,9,4,14,41
38339,8,45,10,12,137
38340,285,1565,503,1982,5325
38341,13,228,83,165,522
38342,52,116,64,114,467
38343,301,1928,636,1280,5581
38344,200,1105,272,642,3167
38345,0,166,64,78,536
38347,0,89,20,150,210
38348,13,32,36,19,173
38351,379,2384,996,1392,6783
38352,75,30,0,31,293
38355,66,1223,281,691,3054
38356,47,381,88,139,860
38357,52,342,160,266,1208
38358,235,2288,798,745,4714
38359,1,42,8,11,96
38361,0,164,41,11,235
38362,0,87,0,130,423
38363,95,595,222,435,2058
38365,0,0,0,0,0
38366,79,208,237,85,684
38367,51,311,116,215,954
38368,45,161,53,76,794
38369,18,167,77,125,599
38370,23,82,54,20,266
38371,15,193,5,66,292
38372,330,2070,683,1610,6519
38374,56,187,74,146,549
38375,72,812,273,636,3084
38376,0,10,0,0,43
38379,27,193,35,86,591
38380,0,55,11,17,56
38381,5,308,48,39,460
38382,153,787,167,520,2796
38387,0,26,3,24,58
38388,16,171,61,253,468
38389,0,13,5,2,14
38390,39,151,31,110,380
38391,0,258,10,128,434
38392,9,67,51,148,357
38401,1140,8353,2726,5141,25138
38425,41,255,107,114,1417
38449,81,330,84,249,1078
38450,48,332,54,174,937
38451,74,435,182,292,1647
38452,21,0,15,135,331
38453,7,39,14,19,82
38454,0,65,39,28,307
38455,0,14,0,31,51
38456,156,769,370,517,1878
38457,34,115,30,25,275
38459,0,94,0,17,148
38460,115,127,18,73,569
38461,59,158,39,70,288
38462,148,1020,289,908,3551
38463,46,257,88,210,1205
38464,402,2952,644,1813,8181
38468,136,932,251,443,2164
38469,81,517,258,278,1511
38471,0,15,9,51,101
38472,40,304,140,148,699
38473,8,158,42,73,426
38474,59,1332,553,680,3525
38475,11,79,119,43,254
38476,0,209,69,176,498
38477,6,241,96,264,832
38478,332,2278,624,1921,6691
38481,8,119,24,71,331
38482,27,303,72,47,534
38483,29,1372,510,660,2501
38485,105,546,457,485,2261
38486,11,182,62,38,373
38487,37,90,17,77,152
38488,72,139,70,164,514
38501,522,4656,1270,8550,20040
38503,0,0,0,0,0
38504,0,6,30,33,63
38505,0,0,3,884,887
38506,710,3222,1259,2307,11092
38541,64,176,66,144,413
38542,0,0,0,0,0
38543,5,16,7,54,169
38544,109,1085,219,492,2473
38545,0,185,13,69,607
38547,13,228,75,124,552
38548,0,177,15,91,281
38549,135,605,81,268,1171
38550,0,0,0,0,0
38551,68,558,215,239,1411
38552,4,6,22,53,112
38553,118,382,77,284,938
38554,10,40,16,87,208
38555,354,2521,809,1707,8205
38556,368,995,249,820,3537
38558,827,320,0,273,770
38559,37,195,78,26,382
38560,16,308,90,162,633
38562,117,642,262,458,2229
38563,72,426,101,199,860
38564,25,0,10,0,55
38565,60,165,76,84,374
38567,0,104,0,13,285
38568,11,49,34,104,555
38569,0,21,0,0,90
38570,222,1222,391,738,3478
38571,305,1569,459,945,4255
38572,241,1134,379,472,2762
38573,50,151,71,199,598
38574,168,1132,551,507,3022
38575,10,138,85,18,265
38577,0,357,168,167,554
38578,17,0,0,0,3
38579,17,202,20,123,597
38580,36,248,48,75,491
38581,34,419,147,232,1123
38582,33,315,79,165,625
38583,468,3076,889,2127,8773
38585,35,630,206,221,1466
38587,64,169,33,58,310
38588,3,87,42,106,399
38589,0,27,0,0,35
38601,55,273,144,223,1045
38603,61,291,87,312,725
38606,389,2151,857,1227,6219
38610,57,478,23,466,1027
38611,266,2369,780,1521,6282
38614,396,2459,634,1884,6382
38617,16,128,78,52,312
38618,131,1361,300,907,3620
38619,57,889,161,545,1983
38620,44,307,132,703,1485
38621,9,324,166,117,766
38622,4,144,31,47,251
38623,12,11,0,56,96
38625,3,121,55,277,796
38626,5,70,7,14,252
38627,32,154,34,110,454
38629,9,279,67,163,684
38631,6,215,73,103,540
38632,284,4360,1255,1998,11198
38633,14,283,43,218,942
38635,194,1900,407,1890,6411
38637,152,3656,1464,3145,12189
38639,12,115,53,54,234
38641,4,333,130,92,712
38642,20,239,70,157,1013
38643,21,105,16,61,475
38644,2,3,0,0,47
38645,34,138,51,36,285
38646,57,337,115,236,978
38647,0,83,26,109,226
38650,23,1005,109,298,1735
38651,28,834,330,931,3584
38652,373,1875,699,1400,5695
38654,885,8074,2840,4842,22492
38655,738,4970,1388,8638,22521
38658,131,233,51,116,577
38659,25,221,278,61,805
38661,11,93,0,0,199
38663,189,1696,645,1118,4451
38664,0,669,139,146,1636
38665,112,460,186,223,971
38666,92,866,93,359,2004
38668,250,1785,654,2326,6741
38670,4,128,47,96,251
38671,369,5575,1880,4270,16282
38672,202,2332,787,967,5615
38673,0,121,39,61,279
38674,0,188,99,152,559
38676,50,793,283,661,2279
38677,0,0,28,4561,4589
38680,15,994,188,338,2396
38683,81,518,182,278,1103
38685,0,0,7,62,175
38701,311,3317,1112,1498,7592
38703,281,1569,460,1122,4555
38720,3,99,13,63,292
38721,16,83,54,135,352
38722,7,33,11,25,69
38723,0,0,0,0,0
38725,23,218,87,97,432
38726,35,17,11,91,158
38730,42,209,72,69,548
38731,0,0,0,0,20
38732,166,2548,475,2000,6623
38733,0,0,0,35,35
38736,0,82,3,59,212
38737,16,334,139,308,1303
38738,2,20,0,192,1640
38740,0,24,7,16,139
38744,18,72,31,40,109
38745,0,16,0,6,110
38746,20,63,24,20,176
38748,26,587,57,362,1060
38751,196,1666,557,1022,4269
38753,9,206,91,73,523
38754,20,106,32,34,347
38756,109,722,127,547,2440
38759,83,74,36,20,601
38760,8,72,103,327,570
38761,13,183,139,450,1017
38762,31,368,113,161,837
38764,5,25,0,10,32
38765,0,0,0,0,21
38767,0,44,0,0,53
38768,0,0,0,0,34
38769,87,264,138,112,907
38771,85,297,48,355,1251
38772,17,7,0,0,31
38773,53,379,157,256,943
38774,57,152,95,250,708
38776,0,0,0,0,0
38778,5,192,51,175,639
38781,7,10,6,5,19
38801,501,4283,1002,2758,12062
38804,185,2327,903,1466,6586
38821,355,1594,605,998,4171
38824,138,1359,281,787,2881
38826,20,888,198,240,2060
38827,27,576,130,383,1372
38828,27,769,289,364,2283
38829,328,1950,641,2079,7134
38833,17,405,94,190,897
38834,695,3359,986,2277,10029
38838,23,220,50,93,282
38839,0,0,0,0,0
38841,2,471,299,562,1669
38843,375,1468,256,1723,4409
38844,0,10,14,37,122
38846,20,262,152,86,624
38847,62,523,232,287,1623
38848,0,155,19,46,321
38849,50,890,176,386,1990
38850,41,401,83,205,866
38851,286,1253,367,767,3482
38852,217,850,409,419,2420
38855,59,574,343,370,2040
38856,20,149,98,118,620
38857,21,672,388,345,1902
38858,101,951,404,673,2514
38859,23,130,0,53,214
38860,88,872,375,450,2412
38862,14,213,119,157,706
38863,350,2874,767,1090,6696
38864,17,323,103,388,980
38865,97,826,316,535,2499
38866,70,1459,454,956,4779
38868,75,646,160,555,1693
38869,23,25,0,23,97
38870,29,227,67,274,852
38871,8,455,78,174,932
38873,7,187,92,187,1084
38876,11,96,53,230,624
38878,31,402,148,211,950
38879,0,0,0,0,0
38901,345,2266,768,1606,7049
38913,10,59,34,21,121
38914,0,95,35,34,150
38915,67,372,114,265,1187
38916,138,594,190,365,1635
38917,159,468,219,439,1469
38920,39,12,64,39,177
38921,110,601,115,355,2013
38922,93,510,188,149,1033
38923,31,13,12,157,328
38924,39,60,21,36,138
38925,58,108,6,197,602
38927,6,114,49,275,670
38928,9,45,5,5,83
38929,61,342,63,15,626
38930,458,3850,1060,1705,8799
38940,7,339,80,142,490
38941,39,484,62,887,1680
38943,0,76,30,0,213
38944,0,7,15,21,146
38946,0,23,15,27,74
38947,0,0,0,0,0
38948,5,140,96,231,831
38949,0,35,0,0,0
38950,0,169,13,0,411
38951,47,101,33,99,252
38952,27,73,14,24,140
38953,0,0,0,25,25
38954,0,64,24,9,239
38957,7,51,9,109,286
38961,0,31,15,83,216
38962,0,0,0,0,0
38963,52,299,106,423,1468
38964,0,0,0,12,42
38965,170,1042,311,523,3083
38966,8,82,42,40,238
38967,136,1172,339,538,2419
39038,58,866,269,673,2124
39039,45,212,52,93,954
39040,59,585,139,356,1369
39041,156,368,106,280,1046
39042,560,5141,1575,3047,13734
39044,0,288,11,294,1056
39045,0,179,13,119,595
39046,448,4280,1311,2081,10942
39047,905,5231,1824,3878,16753
39051,333,1734,616,1183,5682
39054,1,47,25,72,176
39056,709,3993,1187,2496,10862
39057,18,249,203,271,930
39058,0,0,0,427,427
39059,139,1568,511,560,4011
39061,0,0,0,0,0
39062,5,91,33,57,193
39063,40,525,163,118,891
39066,60,792,548,257,1815
39067,25,117,20,154,282
39069,5,736,203,451,1843
39071,25,884,414,641,2380
39073,332,3063,909,1380,7914
39074,123,1717,375,1326,5184
39078,0,124,41,104,337
39079,12,143,61,639,924
39082,5,131,12,0,146
39083,186,1137,347,1189,3411
39086,32,280,24,142,667
39088,0,0,0,0,0
39090,271,2035,615,1263,4594
39092,15,456,420,408,1609
39094,43,449,122,331,1243
39095,69,758,288,480,2609
39096,10,45,80,1291,1567
39097,7,10,0,9,79
39108,76,147,59,253,637
39110,650,6990,2247,2769,16846
39111,218,1129,465,578,3290
39113,19,28,8,11,99
39114,422,1461,425,585,3248
39115,0,53,0,0,0
39116,24,559,75,141,752
39117,208,1525,595,666,3629
39119,73,1307,301,398,2125
39120,629,3452,1083,2700,10528
39140,110,523,116,228,1092
39144,0,169,44,68,284
39145,137,597,396,501,1985
39146,21,382,169,494,1172
39148,0,0,0,10,10
39149,8,189,66,122,551
39150,147,653,228,652,2013
39152,0,148,84,59,450
39153,119,301,103,314,1098
39154,222,707,444,1919,4235
39156,0,0,0,84,339
39157,552,2798,852,3107,11394
39159,63,398,129,274,1264
39160,79,506,73,147,864
39162,1,32,0,1,53
39166,5,102,109,19,338
39167,0,0,0,0,0
39168,115,536,278,547,2038
39169,50,469,146,268,1357
39170,102,1065,316,513,2602
39173,0,0,0,0,0
39174,0,49,0,572,640
39175,87,233,89,575,1348
39176,150,258,39,205,947
39177,0,0,0,0,8
39179,15,59,73,15,492
39180,519,4086,1274,2782,11221
39183,217,1837,626,885,4822
39189,17,602,179,369,1413
39191,73,849,418,1388,3393
39192,47,321,35,183,639
39193,73,0,0,20,259
39194,427,2457,758,1676,9470
39201,0,0,0,49,555
39202,87,601,114,1244,3604
39203,40,633,159,872,2361
39204,160,2366,352,1202,5470
39206,305,2912,1025,2065,9639
39208,564,3572,1263,2877,15613
39209,302,3292,981,2998,10542
39210,0,0,0,647,653
39211,473,2725,1200,1681,10686
39212,204,5073,1511,3052,12195
39213,499,2932,747,1562,6860
39216,124,286,199,430,1352
39217,0,0,0,2311,2344
39218,33,782,395,585,2910
39232,94,1542,189,568,3820
39269,0,0,0,0,0
39272,46,2089,476,1051,5594
39301,462,3118,1009,1647,8405
39305,574,2943,555,1608,8425
39307,277,2003,764,1713,6565
39309,0,0,0,275,297
39320,0,283,37,95,371
39322,0,460,100,40,450
39323,59,49,46,77,434
39324,0,0,0,0,0
39325,79,777,274,398,1872
39326,0,27,39,63,122
39327,59,561,211,859,2031
39328,117,398,130,390,1620
39330,0,349,270,281,1227
39332,1,429,66,117,673
39335,50,136,241,100,815
39336,0,24,66,133,388
39337,100,164,73,56,533
39338,11,503,143,433,1254
39339,268,1828,528,1256,4956
39341,93,861,325,681,2426
39342,17,533,136,172,814
39345,109,497,48,745,1952
39346,74,141,34,178,600
39347,5,88,31,37,212
39348,0,0,0,0,187
39350,499,3779,1293,2344,9342
39352,0,0,0,0,112
39354,5,302,131,302,994
39355,97,541,143,259,1565
39356,29,79,0,3,63
39358,4,89,32,524,697
39359,0,46,10,17,102
39360,17,739,211,558,1559
39361,27,178,53,107,447
39362,8,325,143,453,1641
39363,8,91,18,359,495
39364,9,267,84,220,607
39365,195,1397,369,894,3149
39366,29,235,109,139,401
39367,210,1802,532,1663,5627
39401,586,4915,1509,7124,20670
39402,589,5673,1659,5194,18842
39406,0,0,4,2092,2124
39421,31,240,49,283,674
39422,161,510,154,266,1459
39423,31,265,91,63,984
39425,58,507,187,228,726
39426,531,2149,762,1194,6048
39427,49,200,16,52,390
39428,98,1059,139,1171,3178
39429,393,2126,676,1156,5572
39437,310,1713,463,1722,4988
39439,163,801,88,382,1713
39440,722,3032,725,2120,7973
39443,392,3005,1045,1834,8008
39451,199,577,270,571,3398
39452,399,4215,1084,2088,10540
39455,125,1116,382,382,3034
39456,0,128,35,63,227
39459,58,573,276,337,1664
39461,0,59,30,104,279
39462,0,180,49,72,278
39464,215,180,227,276,1380
39465,420,3225,905,2423,9422
39466,464,4464,820,2531,10563
39470,297,1261,330,1576,4454
39474,74,582,217,655,2102
39475,154,2294,656,874,5963
39476,152,996,271,691,2186
39477,7,88,9,39,184
39478,99,232,173,276,889
39479,101,744,603,322,2526
39480,84,405,25,86,642
39481,0,92,102,183,656
39482,85,1654,435,698,3920
39483,74,701,209,517,2474
39501,369,3548,645,2662,9527
39503,712,6834,2830,4086,22249
39507,524,2240,518,1882,7947
39520,257,1823,462,877,4441
39525,403,726,156,753,2958
39529,0,0,0,0,0
39530,111,837,312,458,2998
39531,447,2631,527,1433,7183
39532,403,4684,1598,3250,13860
39534,0,0,5,1488,1898
39540,364,1919,319,1101,4900
39553,250,2614,717,986,6644
39556,194,1067,202,929,2796
39560,286,2357,965,1485,6492
39561,20,359,38,39,646
39562,467,1599,636,1434,5480
39563,204,1260,556,1053,4632
39564,641,5597,2164,3181,16701
39565,146,3277,882,1680,7763
39567,289,1526,338,972,3759
39571,208,2017,464,956,4621
39572,39,46,16,32,271
39573,253,1167,293,1254,3110
39574,110,2298,670,1323,5121
39576,51,556,528,311,2361
39577,118,1358,457,1588,4662
39581,125,1284,395,1522,5225
39595,0,0,0,6,32
39601,337,3213,990,1540,8590
39629,81,901,217,818,2562
39630,8,143,31,70,336
39631,50,874,236,242,1598
39633,10,89,20,124,240
39635,0,0,0,101,101
39638,20,563,63,219,988
39641,95,876,325,948,2530
39643,10,404,79,128,528
39645,133,541,82,356,996
39647,22,141,0,117,327
39648,296,3211,725,1391,6954
39652,116,864,538,1077,3660
39653,38,325,90,273,824
39654,73,534,251,424,2076
39656,0,127,16,16,288
39657,32,135,61,60,394
39661,43,254,190,269,1087
39662,59,128,62,110,385
39663,23,353,55,116,649
39664,144,346,40,11,398
39665,62,141,50,141,336
39666,227,1549,485,1694,4556
39667,206,1333,437,557,3440
39668,125,210,36,87,474
39669,198,294,46,247,1887
39701,225,1358,336,1403,4332
39702,587,3389,1126,2157,9319
39705,119,1500,411,1457,5292
39730,189,1221,376,774,4128
39735,78,589,146,183,1429
39736,7,60,16,25,129
39737,8,99,0,0,33
39739,93,349,38,254,706
39740,8,807,266,479,2395
39741,26,259,14,74,388
39743,33,271,34,24,507
39744,137,720,164,566,1977
39745,7,39,56,165,367
39746,50,380,119,277,982
39747,23,179,32,88,451
39750,38,460,128,210,1242
39751,18,132,89,117,380
39752,46,277,64,228,892
39753,0,0,0,0,0
39755,14,85,14,44,127
39756,30,300,107,419,946
39759,626,4434,1448,11930,24025
39762,0,0,62,4324,4421
39766,72,482,128,204,1344
39767,10,71,11,83,175
39769,53,170,30,100,509
39771,4,12,4,2,40
39772,51,277,50,228,613
39773,437,1891,665,1120,5535
39776,24,111,25,73,379
39813,24,317,80,126,730
39815,25,101,66,185,603
39817,192,1568,342,614,3945
39819,421,1748,545,1530,5103
39823,250,1183,400,1030,3115
39824,2,68,114,32,269
39825,68,267,128,244,678
39826,63,95,41,16,135
39827,30,488,282,417,1865
39828,305,2431,708,1251,5527
39832,0,0,0,0,0
39834,43,311,56,97,943
39836,0,21,0,131,222
39837,195,764,229,546,2116
39840,89,757,213,367,1665
39841,38,59,20,139,257
39842,140,1138,266,844,2889
39845,133,929,323,552,2811
39846,61,168,159,166,710
39851,26,162,127,153,693
39854,95,158,21,316,704
39859,31,152,42,53,325
39861,1,162,26,115,336
39862,19,103,1,6,172
39866,8,13,2,159,1350
39867,13,0,0,14,93
39870,39,273,110,225,592
39877,8,0,3,19,113
39885,0,0,0,0,1
39886,2,134,114,74,586
39897,275,373,110,161,940
40003,27,238,62,128,481
40004,723,3867,1194,2579,11379
40006,64,485,243,334,1830
40007,0,0,0,0,0
40008,89,384,80,370,1037
40009,21,156,78,76,479
40010,0,94,43,34,214
40011,20,405,141,152,917
40012,2,179,53,31,318
40013,0,872,378,407,2364
40014,134,3985,1247,2174,8483
40019,42,757,138,306,1485
40020,2,2,0,9,30
40022,16,90,57,70,251
40023,5,889,376,164,2086
40025,11,100,22,10,98
40026,25,1245,353,565,2450
40031,206,2964,854,2039,10333
40033,164,1727,574,1111,4421
40036,0,31,0,0,69
40037,19,391,166,159,1080
40040,53,146,36,18,244
40041,167,0,0,0,0
40045,23,505,100,210,1004
40046,0,109,92,174,574
40047,512,3271,854,1820,8616
40049,58,0,0,0,0
40050,96,246,106,121,650
40051,62,672,220,224,1779
40052,8,125,50,47,280
40055,0,347,32,323,766
40056,83,495,112,176,1154
40057,32,524,264,276,1558
40058,5,0,0,0,0
40059,294,2579,1311,1133,6013
40060,23,241,36,96,469
40061,36,0,0,117,148
40062,0,21,0,20,46
40063,0,0,0,27,333
40065,568,3962,1104,2640,12045
40067,38,812,281,500,2452
40068,52,287,120,223,981
40069,224,868,363,429,2533
40070,0,51,44,34,168
40071,156,2353,654,1347,5698
40075,9,114,17,135,325
40076,20,404,67,156,986
40077,15,44,41,32,287
40078,26,565,73,248,1029
40104,0,106,24,98,274
40107,45,195,50,107,602
40108,146,1419,335,778,4105
40109,22,221,96,163,763
40110,0,0,10,0,264
40111,43,310,23,148,625
40115,7,90,32,94,423
40117,52,407,77,240,846
40118,109,619,448,1210,4423
40119,27,165,83,184,615
40121,4,1470,233,1682,5402
40140,52,65,14,64,233
40142,0,286,140,254,1072
40143,153,937,366,533,2511
40144,11,38,68,160,421
40145,0,121,24,66,314
40146,25,482,119,318,1188
40150,163,436,238,419,1676
40152,0,22,63,81,201
40155,0,95,43,207,591
40157,9,208,51,75,416
40160,261,3436,918,2248,9534
40161,0,21,0,0,43
40162,20,637,238,527,1840
40165,654,4720,1680,2818,13894
40170,41,274,0,12,161
40171,22,0,0,0,0
40175,133,2613,902,882,6479
40176,29,17,29,161,257
40177,41,216,45,85,570
40178,22,9,42,54,205
40202,12,128,132,745,3907
40203,400,1432,551,2218,8320
40204,217,1013,305,1325,7194
40205,591,2732,950,2362,9613
40206,246,1566,431,1591,9407
40207,1067,2932,960,1828,10896
40208,81,1758,397,6433,10073
40209,0,80,13,0,302
40210,161,2805,658,1459,5813
40211,458,3512,1001,1756,7329
40212,197,2039,723,1411,5929
40213,440,1887,522,1177,6450
40214,487,5009,2023,4753,18633
40215,205,3242,741,1502,7570
40216,619,6075,1721,2961,15662
40217,174,703,55,1693,6442
40218,516,4894,1281,3262,14191
40219,803,5000,1211,3251,15175
40220,1015,3877,631,1959,13123
40221,0,0,0,0,0
40222,1023,2004,527,1460,8458
40223,396,3208,780,1241,7757
40228,381,2088,801,1405,6668
40229,262,5227,1977,2817,17526
40231,0,0,0,0,0
40241,820,3546,1057,2117,11316
40242,182,1458,513,675,4436
40243,967,1469,232,646,3558
40245,266,4895,1704,3401,14500
40258,606,3854,1394,2703,11454
40272,872,4933,1452,3227,14893
40280,0,0,0,218,218
40291,488,4980,1641,2715,15272
40299,802,5549,1644,2787,15504
40310,21,66,10,43,191
40311,142,1155,314,645,2761
40312,108,900,288,398,2185
40313,35,293,45,412,1042
40316,0,67,32,10,141
40322,48,341,92,315,1154
40324,629,7418,2093,5028,21886
40328,13,97,28,30,318
40330,278,2454,694,1760,7177
40334,0,0,0,0,21
40336,249,1640,507,889,4269
40337,37,834,245,287,1955
40339,0,0,4,0,121
40342,303,3122,958,1825,8364
40346,0,152,17,26,156
40347,91,434,156,652,1420
40348,8,60,18,51,107
40350,0,0,0,0,0
40351,229,2540,836,5205,11136
40353,393,2904,871,2149,8529
40355,43,0,0,19,35
40356,708,6281,1610,3461,16283
40357,0,0,0,6,77
40358,13,133,18,51,263
40359,154,975,251,587,2467
40360,128,813,335,560,2662
40361,327,2474,626,1654,6593
40363,0,3,0,0,0
40370,0,427,86,122,787
40371,44,602,62,217,857
40372,46,291,188,159,923
40374,23,353,182,228,877
40376,0,0,0,0,0
40379,11,624,136,227,1173
40380,84,871,275,620,2738
40383,376,2839,910,1907,8278
40385,37,326,32,67,584
40387,67,187,37,118,631
40390,263,787,576,1630,4266
40391,756,4606,1485,2726,13373
40402,36,351,36,234,855
40403,343,3627,1122,2730,10476
40404,0,0,4,900,919
40409,65,486,77,199,1292
40419,107,740,226,327,1800
40422,490,3207,770,3531,10114
40434,0,0,0,0,0
40437,91,580,240,536,1674
40440,117,265,144,125,882
40442,6,74,10,15,262
40444,360,1782,602,969,4918
40445,0,134,42,88,364
40447,82,1003,422,471,2831
40448,0,0,0,0,0
40456,184,985,286,752,2688
40460,13,170,77,48,423
40461,29,324,27,133,770
40464,27,95,36,63,307
40468,64,218,183,103,782
40472,52,136,69,73,455
40475,787,7016,2295,12163,30475
40481,0,58,0,0,89
40484,205,1332,454,828,4312
40486,38,273,63,246,864
40489,90,604,191,260,1350
40502,763,2146,922,3885,11695
40503,487,2626,949,3756,12360
40504,741,2356,761,5759,13411
40505,453,3186,970,2177,10124
40507,47,55,11,351,937
40508,144,1594,400,11798,17427
40509,370,6740,1556,3628,18509
40510,11,86,57,322,1330
40511,358,5183,1376,2578,15556
40513,137,1408,542,418,3337
40514,52,2742,747,1480,7071
40515,402,4349,1593,3112,15297
40516,99,491,54,86,753
40517,608,4009,1154,4486,17517
40526,0,0,16,1697,1778
40536,0,0,0,0,0
40601,605,6048,1944,4526,19890
40701,657,4168,1238,2073,10746
40729,72,600,351,445,2170
40734,13,246,228,232,1221
40737,0,46,74,219,803
40740,18,591,351,338,1625
40741,378,3577,635,2271,9240
40744,433,2356,657,1354,6923
40759,34,366,154,272,933
40763,36,32,0,18,103
40769,328,2435,766,2729,7602
40771,19,509,58,246,719
40801,0,0,0,0,0
40803,0,0,0,0,49
40806,1,75,109,128,556
40807,32,67,16,55,196
40808,0,2,0,0,13
40810,16,203,53,35,431
40813,14,0,4,5,106
40815,0,87,7,85,268
40816,0,0,0,0,0
40818,0,0,9,23,55
40819,64,171,22,46,184
40820,0,30,15,30,114
40823,64,677,104,171,1178
40824,0,215,0,140,308
40826,8,30,9,34,182
40827,22,7,101,43,270
40828,61,637,158,273,1689
40829,0,0,0,0,13
40830,0,29,0,62,89
40831,163,679,259,366,1906
40840,0,29,0,28,112
40843,0,0,0,0,16
40844,0,0,0,0,0
40845,0,14,8,53,203
40847,0,0,0,41,50
40849,0,0,0,0,0
40854,0,110,27,28,355
40855,17,52,10,28,188
40856,5,153,65,36,352
40858,0,39,24,0,70
40862,18,96,42,18,170
40863,0,27,1,0,87
40865,0,14,6,12,113
40868,23,255,40,42,378
40870,33,110,11,77,187
40873,44,409,218,142,936
40874,0,7,0,12,51
40902,0,91,0,43,157
40903,0,47,0,22,281
40906,348,1391,394,1295,4551
40913,43,28,0,104,241
40914,14,87,56,40,303
40915,0,183,62,173,517
40921,7,30,0,9,34
40923,11,90,0,0,189
40927,9,63,13,36,293
40935,8,289,76,182,721
40939,0,22,44,0,87
40940,0,23,17,27,128
40941,0,0,0,18,51
40943,0,107,101,44,326
40946,0,0,0,0,0
40949,0,107,0,22,181
40953,0,85,0,0,98
40958,0,16,74,74,286
40962,290,1981,535,1066,6752
40964,0,0,0,0,0
40965,420,1581,367,943,4137
40972,4,215,68,188,637
40977,86,956,359,728,3043
40979,0,0,0,0,0
40981,0,0,0,0,0
40982,0,77,0,14,183
40983,0,0,5,61,120
40988,0,65,8,82,154
40995,0,0,0,0,0
40997,0,76,16,14,120
41001,326,2385,953,1417,7309
41002,20,195,185,328,999
41003,21,272,102,363,985
41004,53,608,134,257,1345
41005,255,2827,1244,2408,9829
41006,73,357,104,351,1037
41007,41,398,238,586,1642
41008,83,1221,406,639,3016
41010,81,309,180,325,1127
41011,537,2823,583,2264,11087
41014,73,1002,302,425,3215
41015,425,2976,774,1523,7713
41016,221,758,281,445,2734
41017,695,5271,1624,3347,15614
41018,363,3620,1308,2939,12171
41030,109,1245,137,751,2539
41031,397,1910,729,1236,5632
41033,18,416,189,141,756
41034,21,158,32,124,364
41035,188,1616,634,1219,4516
41039,1,375,191,206,1109
41040,49,823,347,497,2657
41041,155,1066,300,688,2791
41042,787,6574,2546,4726,22407
41043,17,186,13,63,480
41044,2,259,67,56,575
41045,15,183,50,82,413
41046,45,240,85,111,728
41048,21,2841,736,1144,6545
41049,71,158,32,111,519
41051,181,4709,1492,2669,13262
41052,0,13,6,6,39
41055,12,273,56,126,593
41056,215,1715,585,983,4832
41059,124,524,145,118,1101
41063,48,367,76,115,911
41064,44,354,91,101,719
41071,367,1724,311,1649,8587
41073,66,469,92,382,2562
41074,162,626,150,405,2329
41075,359,2892,844,963,6193
41076,361,1704,529,3218,7538
41080,4,174,84,145,559
41083,17,316,96,52,507
41085,12,147,20,57,292
41086,31,171,124,135,691
41091,255,5175,1152,1672,8510
41092,21,411,133,294,1132
41093,36,309,173,143,954
41094,88,2518,834,984,5391
41095,76,478,145,513,1712
41097,124,899,257,387,2538
41098,74,140,58,94,448
41101,345,2550,777,1630,7185
41102,596,2511,822,1172,7287
41121,0,271,168,56,797
41124,12,250,91,58,400
41129,205,666,341,790,2958
41132,14,7,13,59,147
41135,8,15,0,0,65
41139,238,1252,166,538,2455
41141,44,335,124,86,798
41142,0,0,0,0,0
41143,274,1720,377,1176,4941
41144,349,841,553,810,3166
41146,20,0,0,5,67
41149,10,89,20,7,172
41159,0,113,12,30,128
41164,153,1580,709,1266,4522
41166,11,275,67,50,390
41168,5,564,153,246,1256
41169,125,674,239,462,1876
41171,98,488,127,342,2014
41174,11,49,40,42,242
41175,177,586,197,492,2157
41179,207,853,228,523,2318
41180,8,41,35,26,165
41181,0,0,0,0,16
41183,24,233,70,103,659
41189,7,238,73,295,793
41201,12,8,0,82,168
41203,7,85,21,138,309
41204,18,30,52,71,271
41214,11,108,34,136,1233
41216,0,229,100,25,516
41219,17,318,128,113,833
41222,4,348,49,362,884
41224,63,388,97,130,1055
41226,0,86,8,13,163
41230,254,1575,432,774,4063
41231,16,67,68,15,417
41232,0,14,40,20,282
41234,0,90,9,33,151
41238,0,106,53,59,295
41240,80,824,295,566,2057
41250,34,117,20,33,215
41254,0,171,9,87,200
41255,0,59,2,0,161
41256,127,232,59,101,828
41257,0,52,68,62,303
41260,40,23,23,74,334
41262,40,206,40,322,568
41263,0,90,9,0,82
41264,0,221,0,35,138
41265,35,151,10,68,301
41267,22,251,112,44,698
41268,0,122,65,54,626
41271,0,62,11,15,104
41274,0,63,0,9,152
41301,147,679,302,591,2029
41310,0,0,0,0,0
41311,164,801,271,399,2470
41314,63,429,163,224,1257
41317,0,54,24,0,138
41332,20,137,50,19,323
41339,157,1241,415,829,4119
41348,3,77,32,162,438
41351,0,0,0,0,0
41352,6,40,9,46,144
41360,0,70,9,13,141
41364,0,0,0,20,20
41365,0,56,0,44,183
41366,0,0,4,7,11
41367,0,56,0,0,83
41385,0,44,12,56,209
41386,0,0,0,0,7
41390,0,9,0,0,0
41397,0,0,0,0,0
41408,18,44,25,24,144
41421,0,58,0,13,59
41425,31,123,41,86,471
41464,4,43,12,13,68
41465,149,1372,435,816,3844
41472,148,1005,401,788,4380
41501,382,2481,803,2458,9796
41503,32,11,10,8,37
41512,0,40,7,25,150
41513,0,27,0,0,163
41514,16,257,104,145,701
41517,0,13,0,0,33
41519,0,70,60,29,382
41522,137,472,159,271,1821
41524,0,57,19,52,156
41526,0,0,0,0,0
41527,10,105,43,49,148
41528,0,80,16,40,190
41531,0,141,38,20,314
41534,0,10,0,0,16
41535,15,182,31,18,328
41537,82,454,104,265,1139
41538,24,26,18,11,62
41539,50,115,0,104,345
41540,0,84,34,42,188
41543,13,0,45,0,105
41544,0,59,47,20,151
41547,0,14,78,80,175
41548,76,167,10,82,366
41553,30,570,0,72,497
41554,5,98,71,21,277
41555,16,211,34,185,406
41557,0,416,112,133,597
41558,19,59,40,209,361
41559,0,15,0,0,28
41560,0,0,0,38,103
41562,0,248,57,118,793
41563,0,72,18,27,102
41564,33,95,10,14,184
41566,0,77,43,19,196
41567,0,13,0,19,19
41568,70,0,8,175,289
41571,0,0,69,97,210
41572,68,188,183,125,973
41601,15,77,36,44,201
41602,0,132,23,92,212
41603,0,71,63,292,858
41604,0,71,21,0,98
41605,0,72,46,26,158
41606,0,21,29,26,155
41607,35,73,0,0,121
41612,0,25,0,0,59
41615,0,130,0,27,105
41616,0,118,13,33,246
41619,0,4,32,15,107
41621,0,0,0,57,57
41622,0,0,0,4,6
41630,20,164,107,13,375
41631,25,94,50,47,285
41632,41,36,12,12,83
41635,0,346,89,106,1223
41636,11,45,32,40,298
41640,83,71,26,81,205
41642,0,197,60,0,474
41643,0,0,18,0,38
41645,0,301,108,53,244
41647,0,89,36,100,313
41649,47,243,112,109,735
41650,0,80,22,41,200
41651,0,50,0,17,66
41653,236,1387,289,1035,3910
41655,0,41,105,137,525
41659,30,157,10,0,125
41660,0,37,0,37,146
41663,0,51,15,4,40
41666,0,142,31,165,448
41667,0,102,8,26,231
41669,0,86,15,42,384
41701,207,2321,625,1268,6010
41712,0,29,32,58,316
41713,0,0,0,0,0
41714,0,140,19,0,250
41719,60,134,16,259,506
41721,0,37,19,23,174
41722,23,170,64,79,447
41723,0,328,48,83,348
41725,0,43,0,0,96
41727,0,191,200,72,841
41729,0,0,0,0,0
41731,45,92,5,66,233
41735,0,0,0,32,32
41739,0,0,0,0,0
41740,12,162,25,74,318
41745,0,55,51,23,212
41746,72,151,8,0,166
41749,74,153,28,222,722
41751,0,59,0,0,0
41754,0,17,0,5,111
41759,0,27,40,31,125
41760,0,68,1,20,103
41762,0,0,0,0,0
41763,0,113,66,36,315
41764,0,27,0,57,156
41766,0,25,43,7,147
41772,0,54,18,0,78
41773,15,186,60,46,390
41774,0,207,53,108,667
41775,0,0,0,50,111
41776,0,241,52,332,864
41777,11,154,73,161,396
41778,0,0,0,0,0
41804,1,331,75,84,324
41810,22,0,3,17,124
41812,0,8,9,16,35
41815,0,80,34,30,406
41817,17,80,10,20,149
41819,0,46,0,0,0
41821,0,0,0,42,67
41822,58,305,44,72,637
41824,12,156,30,32,357
41825,6,0,0,12,28
41826,12,59,50,63,212
41828,3,63,5,160,249
41831,27,29,42,124,319
41832,33,0,0,0,64
41833,0,0,0,0,43
41834,0,15,0,35,159
41835,0,38,8,100,317
41836,0,38,63,100,335
41837,19,94,47,201,469
41838,27,65,58,33,355
41839,0,56,36,20,227
41840,15,129,9,53,351
41843,0,51,0,9,80
41844,1,110,20,492,740
41845,0,59,59,0,59
41847,0,2,2,17,19
41848,0,0,0,0,0
41849,6,15,12,0,12
41855,0,88,55,22,245
41858,76,1036,255,517,2500
41859,0,5,12,14,32
41861,26,21,0,42,132
41862,19,189,37,67,345
42001,746,3713,902,2528,11023
42003,826,3589,1152,2355,10694
42020,0,502,78,93,931
42021,26,235,37,40,351
42022,0,88,0,0,17
42023,94,284,104,197,898
42024,12,42,33,60,353
42025,533,1955,827,1230,6032
42027,25,238,86,135,586
42028,59,97,29,77,240
42029,194,751,257,616,2385
42031,143,400,176,308,1157
42032,0,8,3,12,56
42035,60,111,15,91,293
42036,10,66,59,40,286
42037,0,0,0,0,0
42038,68,468,114,510,2345
42039,27,99,93,111,534
42040,0,186,23,46,287
42041,78,916,202,269,1817
42044,35,550,84,193,1202
42045,13,226,20,86,373
42047,0,70,55,0,71
42048,35,385,61,189,866
42049,14,195,166,166,794
42050,52,216,71,349,1159
42051,27,176,177,314,754
42053,155,435,279,417,1761
42054,4,59,10,78,455
42055,110,154,86,132,568
42056,85,276,74,102,527
42058,0,235,37,71,906
42060,0,0,0,0,0
42061,0,0,10,0,10
42064,113,1011,363,579,2846
42066,608,3544,582,1698,8090
42069,0,78,132,163,434
42071,631,3008,769,6943,14156
42076,0,43,0,10,104
42078,57,203,87,129,568
42079,8,153,131,18,722
42081,5,270,29,111,512
42082,13,191,49,143,745
42083,0,45,78,137,275
42085,0,0,14,168,274
42086,71,743,190,217,1359
42087,39,247,89,326,850
42088,19,248,161,235,859
42101,462,7643,2188,13585,32020
42103,344,2771,691,2087,8600
42104,709,5202,1728,5222,17268
42120,9,507,58,229,1077
42122,36,929,336,193,1746
42123,27,227,82,114,628
42124,0,19,0,0,41
42127,135,747,334,481,2494
42129,82,1032,369,512,2421
42130,0,0,13,0,34
42131,0,0,0,0,40
42133,39,62,27,124,443
42134,228,2714,799,1673,7352
42140,37,188,44,38,320
42141,631,4181,1336,2243,11518
42151,0,22,0,19,19
42153,0,0,0,23,23
42154,0,59,49,21,143
42156,2,5,0,9,80
42157,9,86,7,120,279
42159,13,152,12,94,510
42160,24,442,87,240,782
42163,0,5,0,0,40
42164,420,2115,640,1297,6015
42166,20,274,90,180,866
42167,126,1078,332,590,2942
42170,23,172,31,87,366
42171,17,1048,386,480,2578
42202,102,122,33,184,546
42204,43,45,0,72,212
42206,71,785,180,578,2069
42207,5,114,0,85,353
42210,136,504,127,220,1415
42211,249,1606,498,977,4182
42214,13,27,0,47,172
42215,15,107,79,203,637
42217,59,414,134,251,1202
42220,71,633,191,458,2302
42223,0,3041,598,6369,13359
42232,0,48,12,165,399
42234,75,382,275,240,1002
42236,21,199,15,48,164
42240,1125,5787,1549,4643,16629
42252,0,0,0,0,28
42254,1,17,3,11,77
42256,64,453,219,222,1382
42259,64,54,55,187,404
42261,182,1275,348,690,3647
42262,6,1919,333,1397,4869
42265,0,201,104,32,375
42266,76,511,259,249,1304
42273,28,28,36,44,199
42274,88,267,26,277,940
42275,7,144,35,39,274
42276,240,2357,581,1172,5711
42280,0,69,96,22,181
42285,0,124,0,27,177
42286,30,536,55,194,660
42301,732,6404,1914,4229,17530
42303,1056,5325,1631,3463,15590
42320,154,1454,305,639,3222
42321,32,60,10,11,145
42322,0,0,0,0,0
42323,0,134,89,92,310
42324,30,41,69,86,406
42325,6,190,30,153,596
42326,0,97,0,0,87
42327,81,704,239,426,1681
42328,2,175,53,73,447
42330,147,1225,404,757,3906
42332,0,0,16,0,16
42333,0,124,82,51,225
42337,53,221,125,181,632
42338,0,5,0,0,0
42339,8,167,20,61,250
42343,37,214,43,232,560
42344,35,175,28,15,292
42345,198,949,351,996,3997
42347,135,702,195,449,1993
42348,81,767,149,365,1709
42349,12,218,174,145,827
42350,54,164,28,41,446
42351,79,618,184,394,1674
42352,45,215,82,79,489
42354,3,13,4,2,49
42355,28,206,31,72,525
42356,66,0,0,0,0
42361,4,102,58,69,248
42366,92,803,193,346,1605
42367,25,173,36,23,219
42368,0,91,90,123,564
42369,1,30,24,15,99
42370,0,15,0,9,40
42371,0,13,6,35,56
42372,17,165,96,62,472
42374,0,8,2,5,12
42376,76,1006,273,384,2467
42378,54,539,301,259,1415
42404,49,364,100,254,831
42406,11,292,32,122,762
42408,161,776,186,339,1943
42409,29,237,103,117,1002
42410,6,226,67,116,530
42411,64,249,155,163,827
42413,52,229,31,161,736
42420,632,5083,1640,2949,14363
42431,467,3568,1214,2338,9908
42436,0,121,72,38,714
42437,103,756,349,1263,3130
42440,21,60,24,41,363
42441,2,229,79,124,615
42442,8,537,126,179,987
42444,0,0,0,0,0
42445,421,1368,292,709,3218
42450,67,339,127,383,1301
42451,0,168,15,44,229
42452,26,201,65,145,693
42453,4,55,30,37,200
42455,48,630,180,380,1372
42456,33,132,29,55,290
42458,0,43,35,53,175
42459,137,321,114,120,1268
42461,14,146,0,57,366
42462,13,194,53,160,601
42463,0,8,6,11,56
42464,7,229,58,153,565
42501,495,2489,576,1153,6156
42503,786,2856,1021,1841,9014
42516,12,0,9,47,162
42518,16,231,99,294,1130
42519,66,392,147,172,1044
42528,0,447,111,148,772
42533,7,89,109,39,354
42539,211,1176,364,855,3508
42541,0,20,0,25,54
42544,49,640,159,316,1580
42553,110,828,218,609,2396
42565,0,103,49,63,278
42566,0,60,0,21,138
42567,152,683,273,396,1760
42602,268,1094,347,644,3083
42603,0,90,41,86,279
42629,114,702,186,335,1664
42631,0,0,0,0,0
42633,325,2046,724,1552,6755
42634,0,125,42,374,888
42635,26,398,101,402,2033
42638,0,25,0,47,47
42642,255,1782,486,1131,4398
42647,50,620,262,221,1536
42649,0,196,6,33,317
42653,33,642,218,303,1667
42701,1245,7444,2030,3981,19658
42712,29,104,23,242,687
42713,7,279,80,126,623
42715,0,75,19,12,91
42716,4,219,51,168,495
42717,126,757,183,342,1788
42718,541,3550,999,3017,9861
42721,23,790,162,248,1343
42722,0,16,45,8,91
42724,100,683,231,439,2086
42726,82,785,246,349,1683
42728,336,1630,566,2138,6100
42729,0,131,221,15,470
42732,10,116,174,403,1149
42733,20,333,41,136,584
42740,43,140,181,240,838
42741,5,80,0,30,189
42742,0,0,21,29,85
42743,195,1040,297,591,2912
42746,17,370,94,272,991
42748,176,1365,345,543,3207
42749,142,480,167,408,2034
42753,6,50,23,74,249
42754,282,1747,676,1182,5778
42757,0,294,81,353,1142
42758,0,18,0,0,22
42759,0,0,0,0,32
42762,0,22,0,116,177
42764,0,51,61,43,159
42765,124,1093,225,590,2319
42776,12,297,115,143,604
42782,16,82,39,53,279
42784,69,405,84,213,1141
42788,0,9,0,0,99
43001,157,182,73,218,684
43002,44,19,0,55,374
43003,26,371,132,268,1028
43004,276,3840,1261,2356,13617
43005,0,196,40,25,161
43006,2,0,0,0,113
43007,0,0,0,0,0
43008,17,180,81,132,775
43009,12,383,148,117,704
43010,49,17,4,19,64
43011,96,946,221,742,2503
43013,16,348,25,43,520
43014,103,792,171,350,1310
43015,1092,7626,2260,5601,23610
43016,657,6536,1172,2363,17055
43017,716,6740,2314,2719,15407
43018,0,9,15,14,46
43019,240,1547,306,941,3412
43021,117,2312,590,904,4647
43022,10,183,38,1689,2250
43023,441,1851,584,2888,6182
43025,73,595,138,433,1812
43026,559,9872,3166,4717,28265
43027,0,84,0,0,36
43028,263,1022,297,349,2342
43029,16,90,5,90,239
43030,0,6,13,0,32
43031,202,1810,757,866,5292
43032,0,0,0,0,0
43033,6,31,15,47,118
43035,105,6184,1996,3357,14990
43036,0,34,3,23,119
43037,0,5,5,30,59
43040,499,3932,1513,3261,16092
43044,120,462,160,512,1987
43045,34,236,111,152,718
43046,58,260,59,392,966
43047,0,0,0,0,0
43050,779,3622,1352,3342,11866
43054,283,4041,1546,1544,11954
43055,1434,7987,2455,6369,24262
43056,426,2336,772,1319,6040
43060,27,338,116,171,937
43061,45,801,241,626,1972
43062,199,4468,1300,2028,11762
43064,149,3221,697,969,6594
43065,1082,7064,2326,2235,15339
43066,17,164,39,10,359
43067,0,200,43,158,470
43068,934,8307,2385,5407,24778
43070,0,0,0,18,18
43071,37,226,60,185,778
43072,52,718,289,320,1694
43074,135,2048,830,1387,6042
43076,207,1098,401,368,2682
43077,2,19,39,78,172
43078,256,2543,819,1540,7261
43080,36,867,183,424,1744
43081,775,7230,1911,5522,27848
43082,467,5087,1916,2428,11523
43084,15,51,85,76,356
43085,747,3826,1123,1400,10041
43101,17,72,14,33,144
43102,32,362,228,434,1462
43103,91,1977,556,1378,5302
43105,208,1311,322,863,3231
43106,10,197,62,173,691
43107,16,476,161,334,1287
43109,0,26,0,1,50
43110,594,5109,1465,2115,15689
43111,0,11,12,16,33
43112,91,727,151,454,1538
43113,635,2557,930,2441,9199
43115,21,484,48,177,686
43116,15,547,97,251,1027
43117,0,0,0,0,0
43119,179,4055,1048,2005,12522
43123,1045,8197,2570,4293,24718
43125,138,1897,621,805,5133
43126,13,53,13,6,123
43127,0,17,0,18,68
43128,47,307,61,204,647
43130,1516,7017,2319,5744,23807
43135,79,438,75,286,1254
43136,34,408,78,129,916
43137,2,171,81,125,786
43138,385,2521,851,1462,7044
43140,384,2404,724,1831,9622
43142,3,4,3,15,31
43143,32,862,268,253,2298
43144,0,62,7,28,167
43145,27,176,44,160,566
43146,122,1228,412,824,5573
43147,549,7888,2643,3183,18356
43148,0,262,41,97,616
43149,53,281,64,132,649
43150,58,526,98,118,958
43151,4,39,9,22,102
43152,0,56,32,31,306
43153,0,125,30,69,299
43154,42,341,209,287,1232
43155,13,217,122,223,740
43156,1,11,11,8,74
43157,39,65,12,18,164
43158,0,101,51,67,171
43160,385,2773,952,1725,7857
43162,165,652,237,692,2310
43164,18,303,151,135,892
43201,54,977,242,17867,29107
43202,65,1318,111,4782,14670
43203,49,1509,267,866,3880
43204,592,5677,1720,3821,20147
43205,108,1432,359,747,6350
43206,109,2043,545,1477,11764
43207,786,5233,1728,3701,18497
43209,510,3327,946,2714,11511
43210,0,23,116,11218,11507
43211,169,3782,1016,2055,9513
43212,396,1712,543,2403,13699
43213,770,4766,1167,2741,14539
43214,876,1917,502,1775,10948
43215,412,163,39,2588,11031
43217,4,375,168,192,1098
43218,0,0,0,0,0
43219,897,5666,1385,2772,14317
43220,506,3355,924,1899,13159
43221,611,4746,1332,1927,14266
43222,85,552,141,402,1525
43223,322,4007,1196,2623,12287
43224,630,6454,1467,2931,18592
43227,422,3900,1194,1759,9752
43228,418,8724,1969,5580,25231
43229,743,7827,1958,5035,24130
43230,1095,7587,2657,4331,24696
43231,379,3434,810,1940,10379
43232,249,7592,2203,4270,20106
43235,899,5432,1744,2632,20165
43240,59,429,122,710,3912
43302,1080,6800,2096,4570,21117
43310,14,304,93,188,964
43311,346,2875,675,1753,7561
43314,10,243,217,259,1002
43315,17,659,291,479,2381
43316,132,866,298,527,2449
43317,4,17,5,22,61
43318,21,570,271,412,1401
43319,20,129,31,32,301
43320,81,157,83,81,405
43321,9,26,3,31,148
43322,2,62,19,47,148
43323,24,39,24,51,176
43324,35,266,69,191,747
43325,0,14,0,0,19
43326,463,1798,558,1344,4587
43330,0,3,0,2,19
43331,56,363,123,229,1149
43332,11,181,43,72,630
43333,0,130,112,55,354
43334,139,937,223,352,2170
43336,0,0,0,0,0
43337,29,86,3,31,195
43338,134,1236,395,632,3358
43340,25,371,171,245,900
43341,82,32,9,44,134
43342,87,301,79,472,1344
43343,2,72,53,59,357
43344,116,975,238,414,2115
43345,2,176,30,63,297
43346,0,56,0,0,84
43347,13,197,105,78,474
43348,21,266,111,155,553
43350,11,21,10,27,75
43351,289,1451,431,775,3683
43356,128,73,28,44,300
43357,101,473,173,328,1459
43358,42,423,130,119,1021
43359,3,72,27,55,233
43360,23,317,62,179,723
43402,496,2700,1047,9427,17536
43403,0,0,5,4339,4344
43406,20,244,118,130,614
43407,16,41,29,38,172
43408,1,45,12,57,187
43410,222,870,418,691,3238
43412,22,598,119,366,1248
43413,4,134,52,76,381
43414,0,0,0,0,138
43416,73,313,145,229,1067
43420,559,4043,1205,2410,10945
43430,173,749,191,577,2010
43431,85,516,274,295,1803
43432,0,121,0,32,265
43433,0,0,20,0,20
43434,0,8,2,32,86
43435,39,169,36,95,421
43436,0,0,0,0,0
43437,0,125,21,53,217
43438,2,2,0,8,46
43439,0,0,0,0,0
43440,164,170,112,182,820
43442,5,100,12,48,273
43443,41,256,39,116,625
43445,13,89,7,52,275
43446,0,0,1,0,9
43447,34,390,142,248,1175
43449,178,998,217,572,2709
43450,278,425,114,266,1231
43451,12,114,9,75,449
43452,532,1354,478,747,3789
43456,7,57,7,120,161
43457,20,159,79,42,395
43458,2,21,31,40,138
43460,80,670,205,666,2700
43462,19,56,77,64,372
43463,0,44,16,39,92
43464,133,263,80,292,863
43465,124,582,77,636,2158
43466,16,423,123,393,1129
43467,0,11,7,7,57
43468,50,87,33,23,147
43469,28,316,143,120,917
43501,7,186,82,56,312
43502,221,1227,217,459,1948
43504,6,110,39,66,298
43505,0,5,13,15,63
43506,356,1505,533,1293,5100
43510,0,18,5,0,16
43511,13,156,75,66,422
43512,383,3336,1161,2312,10189
43515,83,1037,393,781,2877
43516,64,497,112,289,1130
43517,64,485,119,253,1179
43518,39,598,125,122,1051
43519,0,75,30,26,212
43520,0,0,0,0,0
43521,58,261,146,225,1058
43522,18,603,118,302,1412
43523,0,0,0,0,0
43524,86,86,14,93,296
43525,4,160,63,115,445
43526,135,864,239,545,2196
43527,120,189,55,199,680
43528,341,1912,908,1066,5833
43529,4,40,23,52,155
43530,0,0,0,0,0
43531,0,8,28,58,110
43532,9,292,199,439,1401
43533,51,219,41,71,527
43534,19,200,80,206,676
43535,20,98,60,21,285
43536,6,46,0,71,91
43537,595,3957,1005,2756,10365
43540,14,130,55,103,582
43541,5,35,18,15,80
43542,47,892,227,156,1336
43543,176,847,329,735,2753
43545,537,2153,611,837,4799
43547,0,11,0,94,128
43548,26,98,56,63,355
43549,17,109,80,102,544
43551,831,5591,1938,3572,16546
43553,13,62,35,19,161
43554,47,253,40,266,833
43555,0,6,0,0,127
43556,42,332,61,79,572
43557,44,362,225,213,1427
43558,201,1045,469,1223,5000
43560,768,4514,1720,1934,10965
43565,9,34,27,44,152
43566,310,1016,446,363,2506
43567,345,2062,671,978,4668
43569,26,519,54,150,1076
43570,69,545,98,182,1130
43571,49,1106,304,383,2359
43604,53,1297,178,1073,3832
43605,334,3717,1027,2428,10827
43606,547,2695,702,4949,11690
43607,432,2493,639,4452,9889
43608,191,2544,791,1195,5542
43609,183,2684,664,1949,8349
43610,76,563,228,317,1468
43611,417,2330,737,1350,7479
43612,293,4220,1450,2938,12111
43613,555,4664,1571,2223,13037
43614,948,3360,711,1751,11192
43615,695,3926,1174,3443,15577
43616,697,2024,949,1658,7339
43617,128,1316,193,702,2590
43619,81,962,188,646,2458
43620,161,825,134,462,2090
43623,395,1973,627,1381,7859
43701,1260,6856,2132,4653,20140
43711,0,0,17,9,38
43713,134,779,484,382,2186
43716,172,168,82,118,552
43717,7,10,8,1,20
43718,20,359,68,266,909
43719,22,352,130,237,908
43720,8,65,11,57,295
43721,41,81,0,63,113
43722,0,230,142,0,351
43723,27,554,178,282,1519
43724,299,863,279,544,3199
43725,534,2384,844,1819,7123
43727,85,87,15,55,364
43728,15,209,64,127,390
43730,15,309,116,320,1327
43731,96,821,195,277,1651
43732,25,326,50,30,420
43733,0,0,0,0,0
43734,19,272,38,59,777
43735,0,90,0,8,199
43736,0,3,1,1,2
43738,0,8,0,13,23
43739,66,267,55,396,901
43740,5,20,5,43,107
43746,0,86,32,0,287
43747,8,285,27,139,496
43748,41,505,298,150,1149
43749,45,217,68,133,680
43750,0,46,0,8,44
43754,12,278,143,72,653
43755,30,113,56,45,372
43756,111,712,139,294,1760
43758,62,296,135,286,1034
43759,1,38,7,31,91
43760,55,137,27,90,483
43761,0,0,0,0,0
43762,102,559,142,1377,2495
43764,99,1041,355,833,3155
43766,3,146,42,120,417
43767,14,35,48,178,465
43768,9,75,41,51,254
43771,34,203,129,207,936
43772,53,271,30,111,556
43773,79,338,95,350,1108
43777,73,486,237,403,1690
43778,31,198,34,183,526
43779,4,32,23,41,170
43780,20,264,42,78,631
43782,3,72,19,15,111
43783,58,629,198,311,1719
43786,0,4,10,0,21
43787,73,381,142,366,1062
43788,1,19,20,22,104
43791,12,0,0,0,17
43793,164,479,164,348,1538
43802,0,301,13,48,387
43804,65,637,144,423,1550
43805,75,0,0,0,8
43811,100,33,12,44,173
43812,585,2438,791,1304,6354
43821,141,599,202,423,1458
43822,38,752,136,363,1618
43824,40,647,85,321,1389
43830,24,1305,342,393,2408
43832,110,672,290,701,2244
43836,6,13,0,10,25
43837,4,209,25,120,499
43840,33,293,34,133,445
43842,0,42,0,0,73
43843,16,164,0,25,250
43844,22,351,163,200,1275
43845,79,742,221,356,1887
43901,74,175,71,145,588
43902,0,27,0,0,43
43903,101,189,115,176,681
43905,47,78,7,19,206
43906,227,735,259,746,2656
43907,159,576,274,228,1481
43908,5,79,85,55,369
43909,0,0,0,0,0
43910,98,309,83,85,802
43912,213,530,154,379,2292
43913,0,148,41,89,353
43914,0,0,0,0,0
43915,22,102,32,67,362
43917,85,300,114,124,888
43920,505,2567,642,1779,7166
43925,36,0,0,0,31
43926,16,25,15,38,97
43928,0,41,0,0,60
43930,42,149,33,206,417
43931,9,0,0,9,24
43932,0,96,40,120,318
43933,119,178,56,99,673
43934,6,0,0,11,18
43935,112,993,250,860,3453
43938,110,779,199,568,2223
43939,8,17,2,25,69
43940,0,63,0,21,98
43942,38,201,44,329,829
43943,86,348,91,145,815
43944,151,284,60,167,753
43945,31,386,87,227,933
43946,130,299,52,83,464
43947,160,516,177,325,1447
43948,7,51,9,88,252
43950,472,1373,399,1218,6204
43951,0,0,0,5,12
43952,374,1411,553,3093,7685
43953,361,1738,500,799,3552
43961,13,24,3,26,100
43962,0,7,0,11,39
43963,46,113,24,81,426
43964,151,921,413,524,3082
43967,0,0,0,99,139
43968,50,676,268,510,1976
43971,27,121,24,49,253
43972,54,0,0,0,0
43973,1,334,67,113,687
43974,5,10,4,8,37
43976,63,188,68,86,497
43977,4,277,153,148,880
43981,2,15,7,7,69
43983,0,137,72,0,145
43985,0,18,8,31,83
43986,18,220,15,173,541
43988,49,322,60,178,810
44001,522,2306,691,1781,7182
44003,78,1005,165,218,1422
44004,685,4136,1101,2189,10363
44010,72,259,29,72,375
44011,543,4370,1298,1511,8220
44012,583,3267,1610,1160,8048
44017,400,2032,725,3295,8453
44021,107,780,200,678,2167
44022,661,1981,979,765,4584
44023,569,2571,966,1092,5473
44024,523,2844,1192,2235,8368
44026,593,990,293,724,2729
44028,279,1084,358,761,3004
44030,354,1866,544,1094,6209
44032,29,273,25,208,618
44035,1657,6719,2535,5785,24121
44039,679,5213,1097,2200,12502
44040,49,295,94,255,868
44041,350,1228,589,1371,4817
44044,173,1279,404,1235,5459
44045,9,70,15,37,240
44046,75,258,83,124,684
44047,319,714,505,713,3216
44048,63,360,53,180,697
44049,1,42,3,8,57
44050,132,862,198,434,2205
44052,567,4022,828,2557,9790
44053,558,2397,984,1458,7861
44054,138,1310,417,875,4397
44055,297,2481,945,2024,8140
44056,251,1336,526,931,4183
44057,397,2219,1039,1906,6811
44060,1750,6462,2018,4415,19769
44062,204,3298,865,2472,6221
44064,49,91,36,38,422
44065,70,291,39,356,1244
44067,412,1935,564,1106,6597
44068,0,0,22,24,52
44070,810,4104,1570,2213,10966
44072,142,569,312,241,1712
44074,427,897,163,3782,5691
44076,72,591,160,538,1915
44077,1013,7273,2390,4536,21045
44080,0,0,0,0,17
44081,170,1108,215,435,2374
44082,0,161,12,173,606
44084,25,456,238,279,1328
44085,20,455,164,231,1105
44086,28,258,95,97,694
44087,527,3216,1011,1288,7806
44089,529,1246,768,1137,4893
44090,317,1628,295,904,3562
44092,560,1496,687,1682,6979
44093,0,16,38,64,481
44094,1296,3705,1433,2285,13177
44095,785,3245,1099,3043,12007
44099,5,521,180,229,907
44101,0,33,12,22,357
44102,520,5039,1409,3940,19441
44103,320,1465,528,1161,5718
44104,324,2956,688,1234,7216
44105,729,4051,1417,3010,13241
44106,754,1618,723,6426,13647
44107,848,3955,1189,4677,26087
44108,534,3555,879,1159,7450
44109,379,4618,1532,3425,15901
44110,187,2456,733,870,6064
44111,602,5216,2057,3545,17143
44112,557,2087,824,1419,7027
44113,204,1020,172,2298,12629
44114,79,145,49,1792,4276
44115,40,1554,151,1823,4882
44116,906,2478,679,1060,7180
44117,334,1343,214,583,2378
44118,691,4865,1755,5482,18876
44119,340,1784,452,1645,5240
44120,1258,3545,1098,2210,12417
44121,436,3972,1441,3877,13893
44122,1823,3893,1576,2540,11712
44123,204,2011,796,2369,7653
44124,1638,4180,1013,2478,14590
44125,747,3793,1246,3011,11215
44126,324,2247,423,1283,6539
44127,34,769,78,372,1580
44128,972,3709,1250,2105,10156
44129,845,2512,719,3433,12157
44130,1520,4653,1372,3858,18549
44131,674,1957,670,1305,6325
44132,211,2183,248,1288,5637
44133,626,3318,968,2673,11072
44134,860,3672,1423,2754,14024
44135,442,3704,1120,2550,10673
44136,1015,2387,728,1611,8341
44137,454,3203,1081,1584,8172
44138,602,3812,1147,1137,7700
44139,625,3775,1236,1313,7328
44140,339,2373,861,761,5126
44141,369,1348,381,967,3884
44142,581,1673,531,1280,6561
44143,904,2445,876,1433,7663
44144,552,2578,974,1591,8390
44145,1258,3807,1443,2294,10816
44146,844,3166,668,2617,10443
44147,493,2218,697,1493,6500
44149,633,2695,912,1180,6303
44201,105,869,389,597,2366
44202,680,2563,987,1174,7185
44203,1152,4576,1691,2301,13349
44212,611,5834,2116,3851,17512
44214,50,305,82,308,926
44215,16,339,166,234,1048
44216,351,1120,229,519,2816
44217,46,493,64,235,1172
44221,652,2710,862,2759,13653
44223,597,1481,668,1632,6790
44224,1177,4389,1640,3884,15073
44230,144,819,291,502,2570
44231,78,1564,531,1027,3501
44232,0,0,0,0,0
44233,122,968,515,491,2577
44234,111,310,80,834,1541
44235,28,321,40,76,502
44236,621,4028,1451,1264,8116
44240,522,3616,1095,8761,19044
44241,287,1700,652,1914,7388
44243,0,0,12,4887,4996
44250,26,151,61,104,438
44251,7,120,47,66,278
44253,8,385,200,194,1294
44254,38,604,194,406,1726
44255,132,819,192,819,2258
44256,1339,8031,2317,4527,21255
44260,380,1649,492,1387,4726
44262,466,640,111,231,1439
44264,30,521,75,84,1069
44266,679,3550,848,3177,11979
44270,151,1225,346,756,3045
44272,68,345,263,623,2297
44273,228,972,284,342,2244
44274,0,50,55,0,190
44275,22,356,112,299,1047
44276,35,254,24,121,519
44278,642,1866,609,1245,6004
44280,104,575,213,403,1778
44281,959,4021,1484,3075,12731
44285,0,0,9,0,26
44286,319,728,120,322,1414
44287,56,1167,210,678,2441
44288,46,344,91,227,1110
44301,147,1841,513,1585,6239
44302,65,531,100,234,1997
44303,411,492,181,501,2990
44304,13,202,103,1490,2556
44305,276,2540,605,1600,7966
44306,198,3147,752,2362,8139
44307,163,879,137,479,2072
44308,0,0,0,841,1103
44310,325,3010,941,2674,11063
44311,21,856,283,2344,4695
44312,583,3125,1378,2556,11058
44313,1154,2635,631,2131,11675
44314,317,2600,566,1421,6829
44319,516,2348,601,1886,7598
44320,349,2469,795,1313,5991
44321,365,1950,822,1132,5823
44325,0,0,0,773,774
44333,627,2249,919,1240,6340
44401,51,369,77,99,754
44402,17,332,118,153,849
44403,357,260,198,198,1031
44404,77,219,67,88,379
44405,233,1260,345,558,2657
44406,874,2783,894,1465,6586
44408,576,1157,357,756,3585
44410,538,1666,646,819,4883
44411,8,307,113,235,835
44412,71,260,134,215,971
44413,275,985,385,476,2447
44415,8,0,0,0,193
44417,28,112,27,79,376
44418,23,118,10,100,384
44420,257,1998,657,1380,5717
44423,32,260,66,70,864
44424,0,0,0,7,26
44425,317,1293,511,1033,4651
44427,0,192,168,165,629
44428,94,393,164,202,1039
44429,42,218,70,122,616
44430,20,356,47,308,1938
44431,158,727,159,282,1429
44432,186,1332,496,583,4249
44436,95,195,117,320,1040
44437,98,362,234,384,1517
44438,113,439,166,316,1796
44439,0,56,29,61,206
44440,147,328,267,381,1745
44441,12,143,101,163,530
44442,169,474,149,223,1160
44443,13,353,81,94,722
44444,329,876,294,684,2862
44445,17,563,147,122,1103
44446,569,1915,685,1867,7422
44449,21,268,54,59,497
44450,29,427,93,141,625
44451,82,398,100,174,945
44452,418,154,94,146,742
44454,12,41,7,34,132
44455,34,180,121,185,684
44460,853,2822,867,2405,9028
44470,132,567,63,304,1035
44471,290,1186,408,890,3952
44473,46,259,98,512,1274
44481,200,1233,450,749,3438
44483,810,3031,933,2468,9550
44484,614,2801,904,1291,7136
44485,426,1999,522,1557,5861
44490,25,131,25,36,220
44491,54,699,254,335,1314
44493,0,0,6,9,45
44502,126,1245,320,1165,3665
44503,0,0,0,137,429
44504,252,515,241,1035,2375
44505,524,1871,579,1566,6295
44506,0,294,58,245,1002
44507,86,942,353,526,1811
44509,397,1415,438,807,4178
44510,84,249,277,263,959
44511,437,1784,442,1650,6619
44512,901,3303,1404,2525,12059
44514,702,2791,756,1432,7457
44515,1131,2504,897,2718,10605
44555,0,0,0,169,177
44601,902,3328,814,3930,11946
44606,66,1592,464,864,3475
44607,0,13,10,40,64
44608,3,269,40,374,1028
44609,116,291,92,174,882
44610,56,46,20,0,80
44611,11,278,171,180,704
44612,142,606,193,356,1782
44613,79,261,33,115,522
44614,267,1308,401,1233,4372
44615,220,1077,359,650,3087
44618,255,1184,378,761,2819
44619,0,0,0,0,47
44620,23,189,8,85,503
44621,60,663,279,263,1827
44622,597,2651,1079,1635,6939
44624,41,1328,513,740,2739
44625,20,89,27,189,328
44626,38,307,81,118,822
44627,43,1269,367,1088,2944
44628,28,103,127,112,513
44629,70,473,74,139,1241
44630,0,0,53,0,151
44632,301,1965,530,640,3578
44633,169,277,54,237,1016
44634,48,140,52,201,533
44637,73,259,80,233,827
44638,50,195,68,116,395
44639,5,21,5,7,57
44640,0,13,1,24,61
44641,648,2571,989,1599,6807
44643,68,315,317,167,1287
44644,54,543,259,305,1374
44645,27,370,111,232,940
44646,1015,5811,2262,3683,17985
44647,361,2205,495,1153,6347
44651,5,191,73,69,321
44652,0,12,0,50,217
44653,15,89,60,77,284
44654,290,3286,991,1964,8138
44656,49,345,81,132,797
44657,290,1017,254,722,3400
44659,0,15,6,13,60
44660,0,0,0,4,50
44661,6,111,0,39,164
44662,290,1489,405,608,3296
44663,616,2914,676,1947,8710
44665,0,23,0,15,91
44666,37,390,107,109,786
44667,326,1891,563,1259,5165
44669,14,240,142,189,814
44670,29,6,6,0,32
44671,0,0,0,0,0
44672,467,421,110,380,1304
44675,28,278,81,73,600
44676,100,1208,382,242,1729
44677,45,334,57,174,797
44678,0,0,37,0,81
44680,161,311,131,237,1221
44681,89,1679,536,968,3787
44682,7,108,111,73,439
44683,102,747,275,908,2954
44685,727,4059,1268,1707,9703
44687,113,17,0,6,15
44688,96,315,138,209,976
44689,7,108,36,79,212
44690,0,0,0,15,15
44691,1170,4856,1803,5605,17228
44693,0,6,0,8,19
44695,36,96,55,212,398
44697,56,37,0,15,63
44699,49,58,22,49,163
44702,41,77,12,120,301
44703,81,1069,529,946,4006
44704,73,504,191,476,1441
44705,214,2900,657,1588,7413
44706,310,1691,821,1585,6372
44707,57,1470,442,655,3199
44708,943,2740,871,1669,8353
44709,837,2138,552,1719,7100
44710,122,1011,262,620,3122
44714,253,1211,392,1112,3571
44718,614,1339,440,841,3958
44720,1174,4217,1542,4081,15089
44721,235,1470,496,1059,4755
44730,97,738,196,563,2133
44802,3,110,14,77,316
44804,20,415,87,48,594
44805,771,4182,1468,3417,12192
44807,47,231,93,147,623
44809,0,0,20,0,58
44811,297,1651,600,838,4541
44813,186,902,619,746,2750
44814,108,285,108,118,775
44815,16,92,38,133,323
44817,28,116,120,113,501
44818,131,236,164,156,803
44820,625,2084,652,1316,5862
44822,30,473,203,283,1282
44824,85,704,202,344,1418
44825,2,18,3,34,74
44826,61,128,25,87,431
44827,133,795,251,551,2193
44828,9,0,38,17,92
44830,308,2198,854,1648,6586
44833,299,1843,718,1379,6249
44836,38,258,86,264,901
44837,87,785,238,515,1660
44838,7,70,4,6,87
44839,489,1276,479,981,3190
44840,12,391,140,223,1087
44841,0,105,0,39,278
44842,212,565,295,481,1816
44843,23,241,65,285,999
44844,6,60,53,49,219
44846,124,321,108,257,963
44847,116,475,140,260,1267
44849,59,301,104,136,806
44850,0,16,0,69,164
44851,27,591,120,380,1791
44853,15,223,78,36,423
44854,28,196,62,75,535
44855,24,219,50,72,425
44856,0,21,0,1,39
44857,536,2881,1041,1944,8754
44859,79,308,58,166,541
44861,0,0,0,16,31
44864,91,269,109,180,1095
44865,32,335,105,280,1208
44866,87,459,61,169,699
44867,14,457,105,294,1032
44870,921,4718,1405,3244,14890
44874,1,38,8,13,104
44875,474,2340,474,728,4151
44878,13,534,109,309,1040
44880,26,172,167,238,1189
44881,0,48,0,13,43
44882,49,250,92,164,756
44883,898,3110,996,3916,11504
44887,11,258,16,49,323
44889,106,1040,280,345,1820
44890,273,1356,368,883,3706
44901,0,0,0,0,0
44902,17,816,280,634,2522
44903,311,3184,1060,2386,9196
44904,220,1899,471,1263,4987
44905,334,1422,339,1506,7479
44906,934,1718,484,1299,5836
44907,559,1732,714,1135,6021
45001,2,186,24,70,335
45002,56,1963,432,1113,5200
45003,12,83,7,34,210
45005,728,3690,1400,3933,12437
45011,738,10114,3149,7112,29202
45013,1265,7571,1613,5712,19919
45014,1284,5293,2029,4207,18129
45015,150,1570,550,1011,4478
45030,440,3265,659,1127,7801
45032,1,108,42,50,288
45033,6,109,40,20,148
45034,13,68,45,130,296
45036,933,5159,1741,3113,17287
45039,357,4435,1095,1631,10980
45040,876,9103,3199,4187,21784
45041,0,0,0,0,0
45042,530,3676,1472,2524,10609
45044,875,8264,2261,4921,20727
45050,433,1732,690,874,4744
45051,103,0,2,85,129
45052,38,481,197,227,1234
45053,31,552,306,151,1366
45054,14,157,98,216,956
45055,0,0,0,59,59
45056,379,1776,526,14117,18093
45062,33,126,13,30,168
45064,44,300,76,512,1339
45065,46,1286,428,556,2862
45066,345,3714,1343,2087,9277
45067,312,2287,1255,1408,6460
45068,218,1546,545,918,3944
45069,1063,7790,1957,4731,20602
45070,0,41,4,2,53
45101,143,313,12,93,643
45102,166,3303,998,1854,10514
45103,494,4666,1585,3399,14987
45105,0,0,0,0,0
45106,109,1231,670,937,4001
45107,135,1344,369,986,3912
45111,10,26,3,5,95
45112,0,0,0,0,0
45113,67,356,141,293,1303
45115,0,15,0,0,60
45118,68,593,117,282,1177
45119,0,0,0,0,28
45120,31,258,234,188,904
45121,363,1127,365,679,3239
45122,300,1321,356,1203,4227
45123,91,1089,328,731,3209
45130,46,634,184,433,1695
45131,5,34,10,10,102
45132,5,14,1,3,38
45133,511,3226,817,1620,7605
45135,39,1068,453,323,2451
45140,506,8143,2671,3519,19399
45142,145,520,53,339,1328
45144,27,383,143,339,1553
45146,20,140,17,48,285
45147,0,0,0,0,17
45148,22,219,87,56,557
45150,997,4227,1298,2370,11905
45152,142,1739,731,1488,5286
45153,73,151,162,360,869
45154,82,1155,451,655,3181
45155,5,59,59,41,244
45156,0,6,4,8,15
45157,160,1169,395,878,3251
45158,25,105,10,41,247
45159,40,446,125,265,1274
45160,5,117,14,25,134
45162,29,285,129,178,746
45164,2,51,29,26,116
45166,0,9,0,0,9
45167,143,427,143,232,1095
45168,5,74,18,61,259
45169,118,443,251,194,1567
45171,246,717,253,524,2013
45172,2,78,10,28,66
45174,11,439,114,90,723
45176,30,1140,477,836,3563
45177,442,2951,828,2762,8497
45202,98,815,199,1478,9512
45203,0,308,40,152,1260
45204,80,1216,359,769,3074
45205,132,3425,1024,1495,7523
45206,235,636,248,836,5037
45207,79,577,266,2121,3470
45208,517,1913,489,1259,7932
45209,201,364,40,1080,6752
45211,458,5927,1878,2318,15574
45212,375,2193,288,2679,10545
45213,161,1235,317,750,4740
45214,79,1312,314,892,3694
45215,764,4067,1226,2614,11727
45216,279,1358,549,696,3635
45217,168,572,288,452,1973
45218,193,553,126,355,1467
45219,53,569,210,13022,16314
45220,274,927,401,4450,9714
45223,92,1728,481,856,5749
45224,936,2192,811,1312,6773
45225,26,1999,217,1462,3799
45226,83,325,185,563,3106
45227,523,1877,743,1553,8295
45229,240,1516,417,1457,5024
45230,428,3502,1466,2057,10843
45231,1047,5869,1590,2538,14269
45232,2,1979,660,702,4084
45233,476,1989,675,1113,4881
45236,731,2030,1030,1301,9655
45237,495,3541,641,1729,7857
45238,850,6206,2140,3628,20067
45239,428,4505,849,2606,12094
45240,207,3823,1153,3258,11810
45241,897,2229,989,1490,7523
45242,877,3142,583,1116,6752
45243,363,2428,687,604,4703
45244,259,4652,1482,1892,9830
45245,536,2578,546,1635,7540
45246,785,1529,478,849,4645
45247,661,3011,848,1397,7619
45248,571,3272,1257,1404,8853
45249,134,2462,606,580,4869
45251,575,2744,600,1647,7863
45252,117,496,179,386,1588
45255,920,2860,845,1486,7354
45267,0,0,0,0,4
45301,0,120,0,0,134
45302,47,671,152,399,1904
45303,4,323,101,285,950
45304,67,1144,327,654,2984
45305,165,1506,441,570,4020
45306,36,319,123,191,836
45307,5,59,13,26,144
45308,54,480,253,398,1732
45309,420,1813,396,511,3265
45310,3,43,15,24,111
45311,66,534,375,776,2150
45312,65,92,46,99,281
45314,66,567,249,2862,3998
45315,209,377,165,76,1248
45316,0,9,3,11,64
45317,10,56,56,80,257
45318,107,486,128,183,1545
45319,9,69,22,27,118
45320,319,2431,584,906,4947
45321,81,148,59,111,530
45322,352,3268,665,1240,6932
45323,119,625,324,303,1829
45324,852,3836,1071,6313,18931
45325,64,309,60,163,806
45326,17,110,56,150,512
45327,114,923,533,857,3069
45328,6,117,44,29,205
45330,17,27,7,36,257
45331,1073,2922,826,1677,6988
45332,26,36,3,32,155
45333,38,403,28,186,601
45334,45,250,67,152,740
45335,156,759,239,533,2351
45336,0,9,0,12,34
45337,42,210,119,50,561
45338,62,650,241,293,1670
45339,17,174,35,67,325
45340,0,58,15,0,66
45341,91,474,255,387,1321
45342,730,4620,1638,2762,14342
45344,344,2249,438,1026,5725
45345,109,949,203,649,2324
45346,10,278,159,44,614
45347,130,358,177,216,1380
45348,12,128,108,76,349
45349,3,34,7,18,79
45350,2,6,2,10,27
45351,11,39,13,49,133
45352,5,23,2,23,77
45353,0,46,0,0,34
45354,16,65,10,59,183
45356,396,3274,913,2027,8941
45358,2,66,11,40,127
45359,54,404,111,220,732
45360,12,44,5,21,136
45361,0,68,34,49,176
45362,9,116,43,53,284
45363,43,305,110,147,679
45365,624,3751,1376,2807,10525
45368,97,464,55,340,1361
45369,124,468,203,170,1140
45370,11,160,123,438,1123
45371,475,3052,769,1863,8229
45372,4,50,11,23,101
45373,666,5141,1817,3003,14361
45377,218,1604,592,1263,5207
45378,3,75,13,69,228
45380,79,664,295,548,1997
45381,108,611,198,454,1964
45382,10,130,23,123,425
45383,202,599,250,518,2218
45384,23,115,68,1486,1743
45385,909,5426,1620,2892,14027
45387,189,387,166,324,1399
45388,11,190,35,80,322
45389,33,108,57,38,242
45390,70,560,99,327,1338
45402,139,1344,237,947,4697
45403,196,1242,519,1372,6024
45404,134,2042,394,972,3976
45405,153,1807,1045,2098,8100
45406,313,2470,966,1466,7808
45409,196,668,357,10062,11961
45410,100,2145,716,1884,8384
45414,880,2215,699,1424,6714
45415,324,1400,504,1033,4365
45416,178,560,181,675,2066
45417,772,4207,737,1862,9370
45419,127,2699,743,1358,6917
45420,457,2565,570,1557,9615
45423,0,0,0,0,0
45424,764,6744,1916,3843,19043
45426,369,1844,499,968,4438
45428,59,0,0,0,29
45429,1028,2643,1120,1917,9940
45430,55,903,369,389,2256
45431,293,3057,886,2855,11854
45432,308,1719,505,681,5288
45433,0,186,72,462,1062
45434,93,1727,593,763,4282
45435,0,0,5,168,177
45439,356,2262,624,795,4772
45440,738,2870,842,1505,8163
45449,369,2349,648,1687,7940
45458,656,5002,1659,2205,12527
45459,1539,2593,1024,1733,9232
45469,0,0,0,199,202
45501,0,0,0,0,0
45502,493,1975,847,1603,5809
45503,1148,4146,1198,2558,11434
45504,373,2008,516,2224,6229
45505,278,3053,852,1970,8058
45506,254,1519,747,1010,4759
45601,833,6123,1875,4551,21576
45612,93,576,265,359,1463
45613,70,399,17,175,799
45614,71,861,147,303,1531
45616,14,206,108,214,574
45617,0,0,0,0,0
45618,0,0,0,0,0
45619,84,778,345,650,2876
45620,38,74,29,119,291
45621,2,19,18,22,92
45622,0,25,0,27,120
45623,143,486,82,291,1229
45624,0,0,0,0,0
45628,73,799,168,502,2292
45629,77,350,81,153,1276
45630,0,69,0,42,161
45631,319,1287,583,908,4574
45634,34,138,75,79,384
45636,0,30,31,0,85
45638,408,2274,1014,1922,7803
45640,329,1708,428,1374,5880
45642,0,0,0,0,0
45644,66,702,255,174,1340
45645,44,206,136,128,958
45646,28,16,63,244,325
45647,60,218,170,248,925
45648,124,1143,278,1109,4107
45650,0,26,48,0,103
45651,30,737,262,479,2060
45652,113,471,189,185,1175
45653,127,511,336,304,1525
45654,38,42,0,105,196
45656,93,946,209,519,2264
45657,1,112,28,138,468
45658,11,355,216,197,1018
45659,26,509,188,210,1072
45660,61,1071,340,756,2758
45661,239,1055,292,568,2804
45662,754,3281,976,2764,10637
45663,212,1073,236,347,2027
45669,239,1378,404,510,3613
45671,5,20,0,91,219
45672,12,241,141,14,571
45673,0,96,0,0,151
45674,0,91,16,293,487
45677,0,0,0,10,24
45678,0,146,25,5,413
45679,33,466,50,121,920
45680,243,1745,279,1163,3975
45681,48,173,89,110,392
45682,71,193,112,108,653
45684,31,353,45,143,531
45685,27,174,135,207,738
45686,14,609,176,360,1306
45688,0,19,0,0,44
45690,408,1679,925,1021,4965
45692,156,1333,470,511,2818
45693,103,1252,416,503,2718
45694,189,1791,568,837,4268
45695,0,158,96,52,338
45696,0,64,0,33,155
45697,51,706,486,461,2431
45698,5,14,3,44,126
45699,0,0,0,147,1122
45701,517,2091,761,13888,21621
45710,96,668,248,274,1850
45711,29,58,5,123,333
45714,203,968,388,628,2985
45715,53,304,124,142,755
45716,14,14,2,36,76
45719,7,45,64,47,340
45720,0,0,0,0,0
45721,0,0,0,0,5
45723,135,310,56,94,1043
45724,26,274,26,242,900
45727,24,43,38,8,101
45729,30,502,177,166,955
45732,63,600,207,293,1481
45734,0,28,4,19,35
45735,101,145,36,126,571
45739,0,0,0,0,0
45740,15,17,6,6,82
45741,43,36,77,77,316
45742,74,451,26,237,1039
45743,14,252,96,69,421
45744,38,191,113,178,790
45745,0,68,46,65,267
45746,0,63,6,5,120
45750,1041,2578,751,2832,9085
45760,53,556,158,225,1420
45761,0,63,0,20,152
45764,26,870,283,1061,3442
45766,29,275,96,83,450
45767,18,408,65,275,876
45768,42,156,52,170,556
45769,186,642,259,526,2087
45770,0,0,50,139,334
45771,27,485,72,150,1018
45772,20,157,70,88,503
45773,4,139,15,0,177
45775,93,284,99,94,697
45776,75,9,59,15,250
45778,0,100,81,48,384
45779,12,94,13,11,156
45780,126,145,16,185,825
45782,1,42,23,19,192
45783,65,65,23,12,147
45784,73,259,101,160,1185
45786,45,335,144,171,866
45788,13,51,53,27,465
45789,5,29,25,0,83
45801,309,2610,965,2165,8686
45804,291,2139,758,1246,5288
45805,474,3190,963,3382,10197
45806,417,1669,497,684,3943
45807,288,1429,471,722,4075
45808,3,16,8,27,81
45809,0,7,17,10,37
45810,61,629,250,2657,4369
45812,21,389,22,242,583
45813,93,557,200,227,1270
45814,76,473,65,134,964
45815,0,8,13,5,39
45816,5,79,15,31,200
45817,271,880,154,629,1919
45819,2,47,9,19,105
45820,5,58,11,92,287
45821,1,31,8,6,160
45822,681,2518,497,1474,6666
45826,2,51,6,13,95
45827,2,183,150,120,627
45828,135,1267,300,436,2164
45830,115,800,229,420,2026
45831,117,554,208,265,1184
45832,33,415,150,207,1005
45833,281,1176,406,727,3860
45835,16,27,28,19,152
45836,21,172,70,141,609
45838,0,11,14,0,47
45840,1329,6260,1976,5931,21967
45841,8,167,29,27,259
45843,59,478,222,412,1354
45844,85,384,56,195,946
45845,40,543,157,293,1264
45846,84,738,344,493,1852
45848,6,0,0,8,37
45849,18,234,21,93,433
45850,46,352,74,199,1342
45851,4,42,12,101,211
45853,74,167,34,111,544
45854,0,63,17,17,140
45855,0,15,16,7,63
45856,95,739,202,542,2016
45858,32,307,160,176,941
45859,8,36,5,33,121
45860,0,221,182,350,1127
45861,1,64,12,21,154
45862,46,146,60,47,316
45863,0,143,84,91,496
45864,13,16,5,1,41
45865,141,851,229,438,1779
45866,2,1,0,3,19
45867,82,134,32,47,350
45868,3,114,39,79,306
45869,99,695,210,286,1528
45870,0,39,134,11,183
45871,17,277,78,139,677
45872,245,796,71,425,1434
45873,8,329,63,78,617
45874,64,260,145,246,928
45875,280,1864,482,880,3814
45876,27,141,24,96,330
45877,44,259,116,238,913
45879,233,586,368,623,2250
45880,61,554,98,134,1064
45881,154,188,61,70,416
45882,122,297,116,225,883
45883,37,642,220,397,1557
45884,0,27,0,39,113
45885,420,1484,498,1277,4604
45886,10,81,30,23,207
45887,13,732,232,262,1424
45888,0,17,28,0,85
45889,5,344,112,92,712
45890,2,77,34,68,298
45891,369,1964,620,1262,5313
45893,27,0,0,0,0
45894,0,150,29,32,198
45895,376,2327,773,1138,6311
45896,18,226,26,208,522
45897,0,27,13,8,64
45898,36,100,13,82,188
45899,2,37,6,8,62
46001,371,1684,445,586,3582
46011,771,2261,640,1300,6043
46012,623,1846,513,2205,7270
46013,345,1586,721,1547,6011
46016,176,3058,680,1762,8008
46017,131,521,97,627,1920
46030,70,326,326,401,1299
46031,15,212,103,212,915
46032,1090,7348,2307,4262,19296
46033,665,6538,1907,2479,13426
46034,74,954,320,328,2360
46035,43,194,101,198,611
46036,260,1250,331,915,3964
46037,863,8303,2325,2839,17978
46038,541,6244,2058,4058,18569
46039,9,163,20,0,107
46040,3,2078,1292,1870,7783
46041,433,3479,1217,2093,8853
46044,52,266,203,157,881
46045,0,39,30,3,86
46047,0,0,0,0,30
46048,34,365,102,182,855
46049,0,155,60,74,352
46050,40,241,48,77,581
46051,30,335,81,150,972
46052,514,2967,1074,2429,9696
46055,86,2343,344,602,5331
46056,16,308,117,155,644
46057,4,88,30,76,325
46058,152,295,49,89,580
46060,583,6521,2349,5068,21363
46062,722,5137,1722,3086,14936
46063,15,46,33,38,141
46064,178,2090,1065,1344,7391
46065,75,643,122,292,1316
46068,51,258,110,392,897
46069,61,647,307,602,2315
46070,54,264,156,216,959
46071,52,296,137,271,1129
46072,219,862,277,465,2806
46074,825,7835,1750,3380,17314
46075,5,1472,212,648,3971
46076,14,172,78,219,702
46077,638,5873,1679,2017,11789
46102,8,59,17,39,151
46103,4,46,15,30,167
46104,21,139,12,60,316
46105,7,253,48,114,649
46106,29,1112,829,992,4027
46107,147,1741,451,830,5016
46110,19,344,0,0,216
46111,4,45,10,91,211
46112,770,7215,1939,2898,15610
46113,246,2386,613,1134,6932
46115,55,234,127,136,604
46117,18,32,14,24,98
46118,35,461,111,378,1690
46120,103,642,244,317,1819
46121,5,656,105,406,2051
46122,235,2218,948,1375,6270
46123,583,5872,2311,3942,16484
46124,48,1049,238,585,3025
46125,0,0,0,0,0
46126,213,469,155,299,1467
46127,56,4,28,31,139
46128,34,325,130,46,606
46130,30,288,141,136,703
46131,849,5241,1363,3842,13997
46133,3,92,22,42,221
46135,563,2021,583,3795,9140
46140,811,5090,1416,3723,16034
46142,789,4552,1407,2892,13779
46143,908,8665,2195,4722,23214
46144,9,82,6,11,109
46146,0,48,0,70,123
46147,40,330,133,232,1025
46148,92,649,298,464,1826
46149,45,315,86,183,983
46150,0,145,34,59,342
46151,443,4103,1729,2694,12248
46154,0,112,34,0,76
46155,0,0,0,0,0
46156,24,120,0,87,228
46157,27,469,87,257,1211
46158,682,2960,916,1848,8243
46160,120,730,207,465,2093
46161,40,319,96,122,735
46162,0,19,0,16,139
46163,155,1866,835,1058,4732
46164,29,225,199,402,1356
46165,38,383,42,192,657
46166,29,343,113,340,1156
46167,81,1131,379,491,2603
46168,575,4730,1282,3906,17004
46170,0,0,0,0,0
46171,12,250,111,54,652
46172,72,305,108,106,608
46173,196,1255,562,859,3984
46175,2,43,34,53,197
46176,685,3338,1127,2059,10865
46180,25,52,31,20,193
46181,99,699,416,425,1784
46182,56,176,86,99,524
46183,0,0,0,0,0
46184,243,1870,560,875,5240
46186,41,153,65,34,470
46201,201,4698,959,2355,14110
46202,202,906,185,5181,13832
46203,627,4772,1696,2877,16362
46204,35,16,36,1620,7766
46205,312,3758,810,2726,13955
46206,0,0,0,0,0
46208,257,3030,774,3750,10562
46214,501,2898,844,2204,10427
46216,117,235,15,185,950
46217,448,6811,1955,2459,14436
46218,964,4041,947,2438,10777
46219,626,5041,1489,3741,16097
46220,602,3865,842,3063,16533
46221,282,3708,862,2733,11137
46222,534,5538,2138,4935,16686
46224,361,5877,1296,3932,17730
46225,71,717,251,494,2597
46226,520,7763,1396,4037,18826
46227,1216,6901,1926,7771,26552
46228,137,2264,535,1802,6579
46229,408,3985,1235,2729,10988
46231,38,2352,417,637,3918
46234,464,3983,1055,1811,10501
46235,123,5857,2299,3633,15688
46236,317,3736,1097,1915,9841
46237,939,5880,1601,2772,17036
46239,372,5164,2204,2640,14069
46240,416,1619,686,1714,8876
46241,336,5933,2119,2809,14031
46250,244,1564,412,1769,7964
46254,389,6456,1727,4592,18617
46256,340,2491,1008,1374,9111
46259,123,2780,777,992,5320
46260,1274,5262,893,2383,14450
46268,777,2476,965,2741,11085
46278,200,992,440,643,2816
46280,326,759,380,374,3024
46290,0,0,0,0,16
46301,17,34,15,2,63
46302,4,0,0,0,5
46303,317,2364,594,1335,6292
46304,567,3158,1128,1582,10679
46307,1349,9939,2671,5094,25970
46310,441,1881,726,688,4366
46311,370,2451,837,1654,8579
46312,557,3712,1203,2486,10902
46319,255,1718,619,1488,7257
46320,205,2059,602,1902,6075
46321,743,2383,1022,2162,8191
46322,845,2380,1006,1769,8772
46323,482,3161,1211,2539,10059
46324,356,2974,914,2018,9220
46327,179,1701,558,1100,5041
46340,6,97,65,150,357
46341,235,1282,593,592,3600
46342,886,4608,1157,2860,12623
46345,9,0,2,1,6
46346,5,214,57,77,521
46347,72,765,309,398,1720
46348,40,76,32,54,343
46349,13,446,43,203,952
46350,1091,5756,1996,3599,16434
46356,182,2760,1085,1498,6638
46360,1062,5070,1384,3886,16140
46365,21,140,0,34,201
46366,197,794,288,509,2277
46368,386,5289,1324,3545,15640
46371,41,433,130,360,1131
46373,243,2365,711,1530,5601
46374,19,178,43,115,404
46375,505,2008,1306,1758,8638
46376,2,39,8,24,89
46377,0,0,0,0,0
46379,24,0,0,22,89
46381,0,33,0,110,133
46382,13,170,129,191,639
46383,965,4837,1617,5730,18175
46385,675,5193,1761,3194,14053
46390,16,474,183,150,1264
46391,27,856,198,930,4941
46392,25,1184,373,670,3333
46393,0,0,0,0,33
46394,369,1352,520,1113,4856
46402,179,1138,334,514,2086
46403,86,1268,493,777,3912
46404,498,2559,794,1721,6403
46405,163,1756,357,1400,4605
46406,169,1713,371,719,2921
46407,387,1373,242,512,2912
46408,214,2187,858,1103,5449
46409,26,1403,335,816,2865
46410,801,4778,1806,3693,15003
46501,34,840,267,239,1377
46502,0,0,0,0,0
46504,96,508,206,424,1334
46506,363,1757,394,773,3803
46507,52,1605,707,752,3806
46508,6,12,0,12,46
46510,36,231,130,284,1070
46511,161,330,88,418,1309
46513,0,0,0,0,0
46514,1248,5376,1660,3386,15035
46516,375,4888,1096,2291,11451
46517,632,4399,1537,2500,10604
46524,9,587,189,369,1085
46526,1303,4650,1336,3626,12718
46528,408,4682,1447,2979,10836
46530,541,4962,1313,2272,11064
46531,6,141,73,72,532
46532,13,138,100,83,501
46534,185,1549,405,949,3921
46536,17,240,75,214,875
46537,11,32,29,24,183
46538,29,862,122,332,1449
46539,17,360,69,260,915
46540,133,2141,800,1405,5120
46542,79,641,116,537,1760
46543,6,992,319,476,1723
46544,529,3718,949,2407,12516
46545,512,3235,1130,3333,11946
46550,132,1927,338,1209,5056
46552,210,1038,261,430,2229
46553,41,692,158,258,1350
46554,106,401,169,298,1428
46555,45,160,91,154,748
46556,80,0,12,7257,7452
46561,232,2034,977,1167,5429
46562,80,683,183,334,1645
46563,766,2858,1181,1962,8560
46565,54,1810,449,718,3374
46567,307,919,439,594,2983
46570,9,204,27,50,290
46571,38,1507,485,697,2728
46572,0,0,0,19,35
46573,136,566,135,304,1445
46574,181,840,244,761,2578
46580,380,2916,1124,1993,9287
46582,289,2170,584,1251,5545
46590,83,581,238,1048,2687
46595,0,0,0,26,26
46601,53,624,205,326,2025
46613,95,2213,626,1555,5371
46614,956,4428,757,2328,10212
46615,285,1489,754,1606,6461
46616,27,559,240,578,2540
46617,246,983,395,1787,5037
46619,431,3550,1169,1763,8093
46624,31,0,0,0,0
46628,508,3973,1173,2090,10181
46635,333,731,302,466,2276
46637,336,1481,580,1956,7228
46701,256,870,349,522,2885
46702,58,223,40,102,686
46703,597,2064,710,2500,7250
46704,0,0,0,0,8
46705,6,417,109,71,584
46706,400,2735,904,1847,7908
46710,74,580,176,291,1432
46711,265,1733,400,608,3063
46714,582,2333,629,1434,5508
46721,68,749,242,278,1640
46723,50,920,231,609,2443
46725,505,3030,863,1879,8274
46730,6,56,30,19,327
46731,0,135,78,112,398
46732,48,312,142,162,981
46733,690,2396,855,1436,6502
46737,178,719,188,740,2253
46738,139,1083,284,616,2975
46740,75,1306,256,478,1612
46741,46,754,240,446,1450
46742,65,367,140,132,947
46743,0,411,42,347,1116
46745,51,225,97,109,547
46746,32,646,190,590,1853
46747,60,256,57,236,780
46748,19,1202,548,529,2905
46750,745,3314,1069,2957,10569
46755,379,1970,866,1461,5846
46759,8,34,0,68,159
46760,20,243,0,61,295
46761,208,1815,671,1039,4277
46763,0,44,51,119,549
46764,4,227,103,81,583
46765,74,868,389,555,2084
46766,14,91,9,0,100
46767,94,1798,357,892,3734
46770,107,200,187,146,925
46771,0,48,0,0,83
46772,12,768,186,577,1437
46773,52,412,118,216,1026
46774,303,2348,628,1308,6008
46776,30,246,38,45,475
46777,337,776,194,398,2097
46778,0,0,22,0,33
46779,0,281,89,315,763
46781,19,108,12,53,246
46783,117,985,393,465,2796
46784,16,139,33,202,661
46785,3,237,80,162,796
46786,0,0,0,0,0
46787,78,727,181,314,1499
46788,41,919,68,403,1528
46789,0,84,0,0,65
46791,9,99,35,85,465
46792,51,443,145,130,1040
46793,47,486,195,493,1638
46794,0,71,48,114,315
46795,53,972,304,492,2259
46796,0,0,0,0,0
46797,19,905,282,366,1599
46798,11,107,27,96,379
46799,9,43,36,36,159
46802,146,885,315,1137,5501
46803,54,1906,827,1248,5024
46804,568,3439,898,2000,11076
46805,583,2260,721,2715,9870
46806,234,4167,1350,2578,11162
46807,53,2638,801,1454,7411
46808,350,2787,749,2150,8292
46809,224,1120,304,798,3417
46814,176,3028,1218,568,5855
46815,780,3730,1212,2915,10447
46816,354,3016,932,1922,7338
46818,246,3258,855,1497,9130
46819,536,1143,205,844,3278
46825,878,3010,1059,3363,12232
46835,885,5212,1331,4286,15368
46845,378,4385,1305,1598,9156
46901,911,4682,1534,3515,13684
46902,1108,5032,1502,2797,13603
46910,24,500,114,266,1132
46911,10,209,99,78,603
46913,32,157,74,74,412
46914,27,354,88,136,1429
46915,16,108,10,60,240
46917,43,254,50,108,714
46919,67,102,93,129,589
46920,66,261,51,75,370
46922,0,0,0,0,0
46923,187,940,434,596,2587
46926,46,146,63,119,558
46928,30,593,158,289,1444
46929,72,254,125,266,1207
46930,1,36,12,13,61
46931,21,56,11,21,93
46932,44,204,96,236,1030
46933,422,766,415,335,2098
46936,175,657,198,428,1928
46937,0,0,0,0,0
46938,60,260,128,93,900
46939,32,115,39,163,590
46940,68,275,176,69,912
46941,12,135,24,52,233
46943,0,10,15,27,84
46945,0,0,0,0,0
46946,0,0,0,0,54
46947,914,3782,1339,2473,10453
46950,9,12,8,12,106
46951,12,320,79,210,758
46952,466,2155,612,1392,6045
46953,463,2544,501,4455,9852
46957,3,24,9,22,129
46958,17,62,5,0,239
46959,0,25,0,0,29
46960,9,178,37,35,398
46961,10,0,0,0,0
46962,330,813,266,1332,3133
46965,0,0,0,0,0
46967,7,28,17,13,57
46968,0,37,0,0,17
46970,382,2895,1032,2216,9022
46971,0,0,0,0,0
46974,16,255,146,143,659
46975,398,1880,581,973,4591
46978,23,381,69,189,798
46979,43,831,178,407,1649
46980,0,0,22,34,150
46982,58,356,85,158,786
46984,0,0,0,0,11
46985,12,157,0,0,293
46986,32,216,60,141,497
46987,19,166,39,23,390
46988,27,183,50,21,308
46989,83,748,314,1573,2903
46990,5,72,10,33,120
46991,26,246,70,64,641
46992,433,2146,642,1236,5893
46994,26,183,74,220,719
46996,113,616,236,536,2149
46998,0,64,0,26,106
47001,154,990,426,939,3591
47003,12,72,35,118,278
47006,241,1846,863,907,4389
47010,0,55,0,38,64
47011,114,147,37,205,407
47012,305,1214,261,899,3772
47016,16,129,51,9,192
47017,0,55,50,0,101
47018,117,522,138,425,1556
47020,7,205,0,114,485
47021,0,0,0,0,0
47022,15,315,70,238,893
47023,43,258,53,193,652
47024,78,411,120,378,1222
47025,528,3368,889,1778,8457
47030,9,325,78,184,548
47031,163,765,223,480,1908
47032,50,347,171,214,1184
47033,0,0,0,0,0
47034,2,31,14,8,88
47035,0,0,0,17,17
47036,51,140,186,153,541
47037,101,483,105,343,1702
47038,59,96,68,56,360
47040,145,701,181,305,1678
47041,26,842,339,388,2078
47042,34,288,126,391,1280
47043,49,560,236,299,1655
47060,49,743,386,487,2298
47102,102,857,141,774,2380
47104,0,0,0,0,0
47106,132,572,61,391,1656
47108,17,232,88,122,687
47110,0,151,41,41,332
47111,138,3082,568,1340,6862
47112,398,1802,830,1281,6178
47114,2,32,39,31,208
47115,53,372,16,173,1277
47116,0,46,18,0,155
47117,70,711,141,280,1535
47118,52,555,118,195,1113
47119,210,1849,429,863,3519
47120,0,23,0,168,304
47122,52,1555,519,1261,4467
47123,0,29,0,13,34
47124,99,885,266,313,1716
47125,46,216,80,48,571
47126,60,353,205,264,1564
47129,463,1971,802,2015,8418
47130,817,5714,1655,3785,19081
47135,27,46,0,45,175
47136,28,862,207,439,1632
47137,34,156,62,69,478
47138,200,721,141,418,1565
47140,28,332,117,213,918
47141,30,252,36,240,528
47142,0,63,54,43,235
47143,15,654,91,225,1328
47145,26,130,58,126,628
47147,6,87,0,97,409
47150,1316,5606,1978,4286,20664
47160,0,11,3,14,41
47161,71,353,193,174,1068
47162,5,84,0,83,222
47163,0,47,21,45,171
47164,8,586,168,296,1409
47165,29,825,363,590,2567
47166,35,268,44,86,363
47167,257,2155,583,1063,5459
47170,206,1761,691,1070,5317
47172,364,2365,1039,1409,7408
47174,0,0,0,0,18
47175,9,48,53,118,278
47177,0,298,64,127,650
47201,792,6171,1911,4488,20345
47203,586,3130,1084,1581,8882
47220,147,726,302,464,2133
47223,0,72,19,63,211
47224,0,91,74,10,190
47225,19,0,0,0,0
47226,0,11,4,15,105
47227,7,101,15,30,408
47229,47,392,178,240,1065
47230,51,280,44,130,660
47231,5,85,4,56,186
47232,24,381,141,162,756
47234,0,184,118,121,608
47235,68,188,36,165,415
47236,0,40,0,109,151
47240,430,2965,714,1905,7836
47243,88,738,188,1221,2683
47244,5,94,8,19,108
47246,150,902,140,178,1384
47247,5,15,4,12,45
47250,368,2509,966,1772,8842
47260,17,141,145,296,793
47263,5,21,24,18,123
47264,55,147,57,76,552
47265,302,3012,987,1869,8038
47270,6,25,0,0,104
47272,9,283,82,122,565
47273,0,182,60,76,811
47274,741,4551,1247,2498,12853
47280,0,40,80,45,222
47281,34,253,61,62,459
47282,8,31,13,20,87
47283,4,397,323,397,1589
47302,296,3376,966,2036,9568
47303,567,2094,607,7165,12921
47304,1009,2423,949,6829,14359
47305,2,274,118,297,1304
47306,0,0,4,4010,4059
47320,73,404,204,289,1361
47324,0,34,20,15,89
47325,27,32,48,38,129
47326,202,301,63,199,635
47327,87,461,236,404,1518
47330,97,796,356,329,2139
47331,418,2604,1042,1910,8004
47334,83,355,157,229,1169
47335,2,37,22,42,249
47336,74,322,140,197,847
47337,7,39,10,10,98
47338,106,239,112,263,867
47339,26,99,27,24,138
47340,15,362,130,248,1046
47341,23,236,115,148,817
47342,83,284,48,171,812
47344,0,12,0,16,50
47345,13,231,95,146,613
47346,66,541,148,327,1335
47348,175,1166,323,783,3005
47351,0,90,70,23,255
47352,3,114,22,29,304
47353,91,641,176,356,1914
47354,29,120,71,65,344
47355,83,291,141,219,1049
47356,130,527,279,367,1873
47357,31,200,24,50,306
47358,36,172,24,113,356
47359,42,512,240,203,1229
47360,32,153,44,233,572
47361,5,36,22,25,78
47362,463,3333,969,2509,10962
47366,0,0,0,0,10
47367,31,0,0,0,0
47368,96,269,86,63,609
47369,82,137,45,80,368
47370,0,5,6,15,61
47371,129,1774,454,1070,4510
47373,74,372,131,107,724
47374,1478,5535,1456,4419,16309
47380,9,121,136,113,541
47381,0,19,25,10,83
47382,4,31,13,17,71
47383,54,416,223,234,1068
47384,70,334,202,169,919
47385,7,358,10,141,678
47386,108,92,18,50,292
47387,29,34,26,25,161
47388,11,32,24,29,140
47390,231,858,124,291,1563
47392,0,29,0,10,10
47393,8,239,117,176,764
47394,239,1126,297,752,2865
47396,279,1319,227,429,2661
47401,645,3572,1252,8152,19046
47403,433,3784,959,4290,15989
47404,340,2505,673,4259,11925
47405,0,0,25,1281,1312
47406,0,0,52,8438,8595
47408,744,1140,593,8721,13916
47420,0,0,0,0,0
47421,717,3007,1149,2015,9471
47424,107,974,371,579,2904
47427,20,102,33,156,298
47429,88,988,281,311,2756
47431,40,286,71,83,549
47432,81,700,246,239,1681
47433,109,445,113,288,1106
47434,0,0,0,0,0
47435,0,0,0,0,0
47436,36,148,0,266,651
47437,0,0,0,0,18
47438,91,576,117,409,1275
47441,178,1041,352,699,3328
47443,49,158,133,108,535
47445,0,21,0,0,73
47446,183,1226,360,731,3188
47448,257,926,210,350,1865
47449,6,29,0,35,137
47451,22,196,41,150,540
47452,186,479,167,354,1546
47453,0,0,9,0,126
47454,259,1076,398,750,2776
47455,0,0,0,0,0
47456,10,76,59,63,417
47457,0,0,0,0,0
47458,0,0,0,0,0
47459,35,565,175,278,1068
47460,360,1130,428,696,3864
47462,39,626,226,390,1886
47464,0,37,12,6,158
47465,0,48,16,62,218
47467,0,0,0,0,0
47468,17,78,0,0,190
47469,14,283,38,98,626
47470,0,196,60,51,442
47471,45,459,134,210,1167
47501,464,2465,817,1482,6703
47512,71,528,167,486,1720
47513,35,349,59,112,568
47514,11,20,5,101,949
47515,26,213,52,290,508
47516,5,135,37,78,315
47519,14,139,14,39,196
47520,33,328,241,145,1048
47521,0,141,4,140,324
47522,0,22,6,63,110
47523,47,390,74,344,1325
47524,4,40,5,10,103
47525,19,14,0,14,39
47527,9,282,236,158,999
47528,31,38,28,33,144
47529,4,160,91,163,629
47531,0,89,22,95,277
47532,201,512,220,201,1294
47535,62,144,40,76,233
47537,14,41,14,35,92
47541,5,88,26,67,442
47542,237,1494,447,1122,3591
47546,555,3009,761,1670,7601
47550,8,132,11,24,235
47551,15,60,45,50,227
47552,0,0,0,44,75
47553,151,1409,424,759,3196
47557,37,224,43,41,467
47558,82,941,270,317,1846
47561,24,165,23,144,429
47562,171,1095,283,475,2033
47564,31,206,41,91,520
47567,174,950,271,337,1943
47568,3,82,92,67,285
47573,0,0,0,0,0
47574,0,25,0,0,31
47575,0,80,13,115,475
47576,0,9,0,45,148
47577,24,96,35,81,438
47578,43,36,1,18,92
47579,67,386,175,178,901
47580,10,0,66,0,79
47581,104,319,83,204,867
47584,4,9,2,16,63
47585,56,21,12,177,306
47586,382,1315,327,782,3802
47588,10,285,6,24,328
47590,0,72,46,14,161
47591,514,3007,1032,3260,10335
47596,0,0,10,14,64
47597,20,90,33,108,297
47598,56,244,101,288,1032
47601,233,1670,682,834,4606
47610,81,596,291,601,2351
47611,22,99,75,58,355
47612,12,151,50,26,297
47613,2,465,114,311,1178
47615,33,135,101,150,660
47616,3,49,5,62,108
47619,24,225,27,83,603
47620,230,1517,424,974,4384
47630,809,5327,1728,2714,13814
47631,104,210,35,106,664
47633,53,200,79,235,795
47634,20,323,111,205,907
47635,190,618,166,471,1750
47637,32,177,72,96,505
47638,21,549,171,201,1277
47639,36,723,99,252,1528
47640,16,89,15,93,283
47648,63,445,257,397,1782
47649,15,131,39,58,285
47654,0,2,4,0,8
47660,114,574,197,678,1862
47665,74,575,239,301,1440
47666,6,331,68,68,617
47670,335,1616,450,899,4323
47683,0,0,2,5,11
47708,33,0,14,133,356
47710,576,2630,673,1276,6976
47711,755,3175,1278,2074,11387
47712,425,3098,961,5265,11477
47713,180,1103,388,702,3824
47714,518,3825,1090,4091,14615
47715,752,3517,719,2369,10947
47720,560,2129,706,1026,5881
47725,392,2844,941,853,6803
47802,706,3616,1102,3182,13996
47803,450,2582,717,3260,8584
47804,274,1461,395,868,4201
47805,176,1416,319,1478,4652
47807,284,1514,387,4453,7716
47809,0,0,14,1702,1716
47831,0,0,0,0,0
47832,33,162,47,36,301
47833,10,12,40,42,269
47834,413,2375,775,1275,7071
47836,0,0,0,0,0
47837,27,142,9,20,218
47838,28,184,66,293,1816
47840,10,365,110,228,789
47841,78,352,123,155,741
47842,215,1226,359,814,3458
47845,0,18,0,0,22
47846,16,41,65,139,344
47847,11,46,43,95,429
47848,6,118,73,155,454
47849,28,18,6,189,344
47850,66,262,102,164,764
47851,0,0,0,0,0
47853,2,18,3,19,48
47854,11,129,12,54,258
47855,6,139,35,73,356
47857,45,17,9,44,88
47858,12,94,25,217,559
47859,9,197,43,52,343
47860,0,100,23,107,268
47861,24,82,2,32,164
47862,33,211,44,69,431
47863,0,0,34,0,122
47865,0,0,0,0,0
47866,0,55,0,70,229
47868,0,418,78,220,889
47869,0,0,0,0,10
47870,0,0,0,0,0
47871,1,68,45,58,224
47872,120,889,372,779,3261
47874,62,282,159,134,891
47875,0,0,0,0,0
47876,55,0,6,167,178
47879,39,578,93,244,1219
47880,0,0,5,0,30
47881,3,23,9,12,70
47882,216,1003,276,537,2791
47884,0,46,1,34,117
47885,336,1196,642,802,3396
47901,0,300,10,1097,3099
47904,302,1947,369,1732,7502
47905,1026,6090,1391,3920,16482
47906,1245,5548,2056,33641,49101
47907,0,0,0,0,0
47909,417,6282,2160,4413,18990
47916,0,11,7,0,26
47917,0,79,11,23,151
47918,78,554,185,462,1764
47920,38,427,177,253,1094
47921,10,157,51,140,450
47922,42,105,22,137,508
47923,19,405,138,233,1258
47924,0,0,0,0,0
47925,0,0,0,0,0
47926,12,233,66,64,383
47928,50,189,97,108,581
47929,22,69,18,59,214
47930,9,124,23,51,412
47932,123,672,212,433,1775
47933,548,3742,1174,2618,10265
47940,34,142,52,115,544
47941,10,179,40,69,465
47942,21,88,19,46,286
47943,0,141,77,148,586
47944,129,453,176,227,1236
47946,93,196,90,276,815
47948,18,134,26,112,425
47949,11,291,46,130,612
47950,7,228,14,12,167
47951,25,206,125,132,797
47952,92,276,74,156,707
47954,18,376,111,90,766
47955,13,76,26,55,260
47957,8,525,164,202,830
47958,6,16,1,7,61
47959,31,495,90,286,1019
47960,554,1395,645,1365,5089
47963,54,350,177,167,968
47964,0,11,4,0,22
47965,18,53,37,39,181
47966,3,34,6,11,82
47967,3,119,28,37,240
47968,70,242,54,137,509
47969,0,50,4,0,75
47970,30,384,102,236,764
47971,58,267,71,151,697
47974,21,213,105,102,490
47975,12,127,31,58,277
47977,85,333,64,195,839
47978,177,1163,351,1080,3764
47980,14,143,82,83,390
47981,20,99,93,80,326
47982,4,16,4,7,34
47983,0,57,0,24,87
47986,0,0,0,0,0
47987,55,363,198,259,1299
47989,2,95,44,184,450
47990,31,194,52,152,526
47991,41,122,28,128,440
47992,10,173,67,135,658
47993,55,468,132,175,1258
47994,6,39,21,59,160
47995,24,281,111,146,717
47997,0,39,0,22,87
48001,171,1187,241,791,3326
48002,87,213,216,306,1163
48003,56,811,283,409,2065
48005,142,770,177,299,1740
48006,58,632,147,263,1151
48009,556,3130,1144,923,7208
48014,25,493,221,327,1592
48015,92,1199,422,515,3170
48017,194,1013,294,636,4799
48021,436,4548,1532,2840,14219
48022,7,178,72,304,934
48023,80,602,239,305,1688
48025,869,1917,519,708,3872
48026,307,1391,441,1281,5404
48027,30,357,166,274,1118
48028,67,6,0,41,89
48030,165,1572,448,1409,7041
48032,26,199,65,143,602
48033,542,1905,483,1273,5935
48034,568,1316,371,1374,6368
48035,719,4364,1312,3075,12922
48036,593,2032,878,1893,7949
48038,1512,4303,1359,4030,17018
48039,149,682,393,508,2360
48040,204,1349,532,561,3217
48041,146,478,218,401,1502
48042,373,4723,1435,2613,10843
48043,421,1515,607,1214,6587
48044,767,8501,3674,6194,23418
48045,428,2079,915,1990,8928
48047,553,4509,1569,3220,14595
48048,63,1910,451,727,4699
48049,52,685,191,287,1864
48050,43,157,19,70,353
48051,245,2264,636,1116,6580
48054,187,830,246,418,1965
48059,421,1674,636,1173,4912
48060,1062,4687,1639,3773,15989
48062,142,1022,331,788,3220
48063,23,636,168,375,1371
48064,15,522,151,364,1495
48065,298,1237,512,783,3733
48066,1231,5608,1594,3928,18430
48067,219,1561,388,2243,12707
48069,39,266,31,105,848
48070,101,917,316,381,2010
48071,748,2786,716,2372,11962
48072,256,1435,424,663,6584
48073,595,2440,825,3235,15839
48074,90,1217,309,612,3406
48075,516,2647,985,2742,9167
48076,598,2061,1096,1922,8510
48079,322,1589,444,1145,4267
48080,825,1570,604,1486,8580
48081,570,1987,370,1203,6938
48082,598,1617,516,1045,6164
48083,459,2189,934,2804,9783
48084,216,1798,652,1325,6664
48085,462,3532,1355,2760,9700
48088,516,2598,1071,1765,9202
48089,378,4016,1148,3083,14569
48091,475,4143,1001,2434,12066
48092,872,3103,930,2112,10709
48093,1116,2175,772,1836,9174
48094,330,2474,874,1598,7078
48095,73,687,462,395,1868
48096,31,358,83,313,1206
48097,120,557,197,486,1935
48098,446,2511,1007,1972,6430
48101,813,3146,1136,2045,10421
48103,972,5866,2096,4603,21926
48104,429,2086,487,23287,32860
48105,728,3257,1100,8391,20112
48108,407,2725,687,2871,12060
48109,2,0,99,5504,5710
48111,667,4445,1494,4343,17694
48114,543,2495,769,2001,7518
48116,573,3190,1049,1702,9089
48117,292,1452,337,518,2964
48118,488,1344,573,756,3912
48120,343,1506,614,1070,4139
48122,175,2051,549,1310,5220
48124,504,4454,1288,2410,12893
48125,344,2786,979,1562,8548
48126,992,10127,3439,6938,23886
48127,942,5730,1971,3592,15653
48128,118,1663,629,1001,5080
48130,190,2537,1067,1490,5850
48131,71,941,338,746,3482
48133,71,1323,300,432,2519
48134,263,3113,1238,2009,9051
48135,537,2709,815,2135,10229
48137,94,345,154,260,1286
48138,317,1153,321,505,2880
48139,0,0,0,0,0
48140,47,460,212,271,1353
48141,208,4486,846,1704,10220
48143,0,20,0,0,50
48144,191,1179,259,566,3031
48145,197,339,83,169,833
48146,650,5501,1541,3407,16243
48150,568,2583,895,2197,10643
48152,815,3007,1090,2132,10043
48154,1425,3958,1146,2683,12523
48157,2,101,30,75,339
48158,134,738,329,669,2423
48159,17,271,110,242,864
48160,266,1659,523,1160,5759
48161,609,2987,934,2226,10046
48162,729,2730,798,2844,10418
48164,204,1038,510,891,3167
48165,101,1405,329,530,3611
48166,106,1989,609,1247,5215
48167,486,2397,886,1336,7688
48168,457,3967,1158,1357,7890
48169,310,2191,1106,1270,6526
48170,1087,4174,1592,2011,13171
48173,215,1616,517,882,4337
48174,454,4730,1531,2720,12085
48176,725,2971,919,1867,7730
48177,0,137,39,0,113
48178,638,5069,1685,2953,12326
48179,40,495,139,183,1386
48180,1183,7126,2417,6211,24816
48182,513,2242,1086,1435,7193
48183,1187,4818,1676,2949,13894
48184,297,2533,565,1506,6539
48185,1232,5117,1381,3921,18840
48186,421,4794,1264,3296,14897
48187,1111,6755,2626,4105,19521
48188,436,6196,1768,3303,17397
48189,264,1069,540,960,5337
48190,0,12,0,0,57
48191,22,409,206,421,1233
48192,592,2930,832,1774,9631
48193,577,2215,806,1370,6220
48195,679,3508,809,2242,11647
48197,776,7536,2083,11659,33948
48198,433,5185,1597,4601,18157
48201,182,1337,260,2178,7080
48202,155,811,288,3319,7720
48203,502,2303,653,1882,7302
48204,507,2345,606,1830,7079
48205,128,4396,1160,3292,16347
48206,293,1862,401,1482,6193
48207,501,1393,379,1774,8243
48208,149,704,238,749,3490
48209,265,5386,1280,3486,11623
48210,393,5224,1715,3047,11859
48211,48,719,281,665,2463
48212,335,7030,2481,5385,20152
48213,410,2985,923,2213,8163
48214,782,1571,490,1387,7044
48215,199,1904,518,805,3806
48216,144,597,156,417,2492
48217,391,722,195,554,2377
48218,32,1127,144,768,2971
48219,745,6205,1411,3681,16860
48220,288,1290,310,1287,11721
48221,1152,5602,1890,3804,16237
48223,225,3913,1260,2350,10614
48224,509,6026,1721,3662,15367
48225,401,2691,696,1457,6305
48226,35,52,21,852,4499
48227,819,5076,1618,3229,14577
48228,463,9091,2070,5632,22231
48229,203,1352,306,752,3411
48230,295,2195,769,1306,5941
48233,0,0,0,0,0
48234,654,4402,1788,3130,13384
48235,799,6625,1745,3776,16967
48236,1208,3856,998,1465,9541
48237,643,3338,1052,2585,12707
48238,500,3841,1237,1807,9453
48239,453,4723,2424,3063,15651
48240,382,2209,621,1359,6861
48242,0,0,0,0,0
48243,0,0,0,0,0
48301,338,2101,646,949,4091
48302,503,2569,848,790,4923
48304,813,2035,787,1212,5034
48306,240,4329,1480,2270,8966
48307,1008,5290,1496,3753,17856
48309,835,3737,1326,3727,11302
48310,942,5501,1733,3253,16438
48312,851,3615,1337,3421,13579
48313,661,3638,1084,2638,12734
48314,918,2141,803,1638,7410
48315,1240,3488,1308,2077,8350
48316,531,3475,995,2403,9470
48317,416,3025,826,2832,11466
48320,75,395,119,369,1599
48322,1712,3871,1169,2431,10859
48323,686,2118,719,967,4940
48324,368,1657,688,1170,5728
48326,281,1817,600,2857,11854
48327,367,1772,708,1957,8403
48328,566,2714,1113,2409,9485
48329,405,2395,904,1999,8680
48331,717,2134,761,1817,7537
48334,693,1782,727,1614,6969
48335,589,1924,755,2192,11767
48336,769,2931,707,2228,10672
48340,648,3626,1154,2647,11017
48341,364,2255,658,2021,8116
48342,237,2332,688,1559,7135
48346,455,2838,781,2353,8716
48348,277,3389,1306,1852,8366
48350,99,1178,185,789,2746
48353,121,536,298,623,2698
48356,116,941,305,611,2854
48357,137,1203,376,449,2520
48359,112,1541,377,808,3930
48360,165,1665,513,855,4506
48362,384,1430,551,1310,5575
48363,114,1266,434,648,2753
48367,16,505,248,338,1400
48370,3,285,174,171,602
48371,337,3729,1384,2253,9576
48374,136,2965,1105,1433,6694
48375,424,2735,1315,1600,8916
48377,1059,2756,423,1088,7840
48380,133,855,432,515,2200
48381,335,1835,628,660,4453
48382,394,3453,1066,1832,7981
48383,103,1437,463,1253,4891
48386,691,2075,709,1432,5883
48390,435,2409,984,1852,8890
48393,235,1877,703,1790,9409
48401,23,108,52,91,377
48410,2,15,7,9,29
48411,30,0,0,0,0
48412,41,549,202,360,1792
48413,338,902,269,604,2500
48414,16,399,224,223,1056
48415,135,927,513,895,3024
48416,69,747,290,526,1871
48417,53,216,110,161,767
48418,59,626,171,265,1394
48419,63,274,76,143,711
48420,607,2441,733,1391,7248
48421,127,731,201,480,2022
48422,174,635,309,558,1984
48423,611,4141,1255,2662,11963
48426,15,276,70,98,423
48427,86,325,102,240,936
48428,52,500,251,419,1849
48429,237,710,346,625,2836
48430,763,5189,1770,2811,13774
48432,18,65,12,42,166
48433,704,3518,1396,1937,8960
48434,3,9,3,6,22
48435,29,380,43,244,936
48436,10,582,234,302,1463
48437,37,0,0,21,115
48438,56,1029,359,685,2654
48439,1354,7106,2069,4485,18290
48440,10,0,0,11,32
48441,94,502,205,330,1256
48442,793,2607,785,1414,7900
48444,122,1330,422,730,3527
48445,32,117,51,88,362
48446,524,3237,1251,2668,11177
48449,56,375,100,218,1067
48450,151,319,64,190,1102
48451,253,1930,749,944,5208
48453,76,633,191,645,1884
48454,16,194,14,69,391
48455,158,1024,299,524,2240
48456,8,83,38,34,233
48457,119,1097,234,1058,3068
48458,218,2120,716,2012,7359
48460,64,401,88,178,904
48461,103,859,248,805,2860
48462,60,1512,430,820,4183
48463,57,509,192,253,1447
48464,101,160,59,143,494
48465,13,89,38,20,177
48466,42,146,80,81,460
48467,96,97,46,145,527
48468,55,60,28,70,328
48469,34,145,75,28,357
48470,19,26,17,31,163
48471,130,773,210,435,1916
48472,16,162,46,83,434
48473,605,2350,964,1712,7741
48475,48,343,100,220,866
48476,0,91,6,40,160
48502,16,5,0,463,1014
48503,315,2870,845,2417,9476
48504,457,3716,879,2582,9315
48505,462,2304,813,1799,6934
48506,402,3472,1157,1774,9397
48507,516,3517,1223,2897,12135
48509,446,996,242,577,3447
48519,185,804,382,1061,3306
48529,356,885,311,719,2787
48532,711,2656,726,1633,7383
48601,816,4711,1272,2278,11125
48602,616,4024,1252,2328,11665
48603,1016,3043,776,2712,10513
48604,144,704,245,4317,6549
48607,42,241,81,137,681
48609,374,1362,331,805,3536
48610,38,267,134,198,1023
48611,238,738,198,292,2219
48612,236,872,374,656,2586
48613,4,83,43,115,403
48614,20,100,34,54,292
48615,70,438,126,204,1054
48616,203,792,265,592,2717
48617,183,1437,403,789,3275
48618,168,594,125,315,1446
48619,35,22,8,19,80
48620,0,12,10,22,46
48621,78,190,37,48,271
48622,160,642,279,456,1964
48623,210,1914,759,976,5978
48624,547,1847,534,959,4476
48625,288,1329,303,805,3861
48626,143,626,292,513,1754
48627,16,30,0,0,18
48628,41,207,65,144,601
48629,175,471,251,307,1822
48630,0,0,0,0,0
48631,41,421,223,139,1101
48632,156,560,159,372,1411
48633,8,0,0,0,0
48634,66,322,119,311,1698
48635,48,116,73,89,365
48636,6,43,21,19,247
48637,93,449,124,146,954
48638,503,1182,565,1006,4287
48640,813,3888,1472,3024,12885
48642,1002,4228,1245,2340,12575
48647,62,600,179,355,1416
48649,56,84,33,116,373
48650,99,778,308,410,2057
48651,179,625,81,362,1329
48652,40,173,43,146,729
48653,288,822,305,588,2461
48654,99,257,84,111,623
48655,84,770,219,309,1777
48656,76,227,75,151,877
48657,157,685,353,551,2368
48658,165,569,174,411,1611
48659,28,353,117,203,959
48661,276,1128,347,719,3258
48662,28,104,47,122,397
48701,39,152,46,76,433
48703,75,253,78,129,577
48705,8,18,0,28,110
48706,1182,4770,1471,2944,13104
48708,632,2812,1015,2612,10329
48710,0,0,0,0,0
48720,29,158,59,35,350
48721,22,44,0,16,88
48722,160,328,152,248,1113
48723,418,1661,535,740,4397
48724,0,181,0,0,349
48725,114,116,25,130,384
48726,139,561,306,397,1968
48727,17,111,49,92,336
48728,11,20,0,0,58
48729,25,190,68,134,505
48730,145,328,130,256,1191
48731,24,191,30,107,475
48732,228,961,367,753,3612
48733,43,160,81,79,502
48734,474,686,245,516,2203
48735,16,111,14,122,391
48737,15,92,34,63,245
48738,45,67,10,25,211
48739,173,318,44,95,679
48740,142,222,56,133,575
48741,69,238,125,140,708
48742,70,128,31,71,353
48743,3,0,0,0,13
48744,87,398,71,264,1263
48745,38,110,80,217,494
48746,192,990,216,576,2599
48747,65,156,81,160,627
48748,73,95,35,60,286
48749,23,154,29,43,424
48750,187,832,304,548,2710
48754,12,123,25,65,264
48755,146,258,96,165,763
48756,69,436,114,225,1075
48757,140,460,69,265,1222
48759,138,498,151,163,1099
48760,65,161,98,89,445
48761,30,7,6,63,142
48762,36,48,34,50,202
48763,187,475,153,271,1472
48765,21,29,17,17,138
48766,28,84,70,117,422
48767,51,224,62,112,559
48768,80,1035,428,894,3310
48770,18,214,84,137,571
48801,439,1596,426,2296,5808
48806,34,196,101,178,717
48807,2,117,8,64,225
48808,148,466,301,417,2545
48809,262,1223,486,833,4547
48811,119,849,232,630,3213
48813,457,2334,1162,1670,7776
48815,31,382,104,168,874
48816,0,6,0,0,15
48817,182,529,321,341,1973
48818,90,234,101,305,919
48819,31,328,140,132,863
48820,321,2151,753,1224,6189
48821,233,744,204,266,1996
48822,20,239,83,168,951
48823,1016,4041,938,18832,30177
48824,0,0,30,1939,1969
48825,0,0,153,10525,10845
48827,245,2256,633,1391,5754
48829,49,418,198,201,1233
48831,117,311,166,170,1211
48832,19,158,52,91,473
48834,21,315,86,184,853
48835,57,307,151,227,896
48836,189,1827,726,1422,5460
48837,608,2465,663,1227,6635
48838,380,2157,527,1515,7000
48840,216,1394,453,1064,4979
48841,14,51,9,89,242
48842,603,2452,770,1500,8175
48843,876,5347,1755,4636,17635
48845,27,99,25,56,342
48846,360,2132,648,2379,9757
48847,174,642,183,609,2031
48848,120,1018,352,502,2631
48849,114,718,258,590,2225
48850,123,646,280,350,1761
48851,63,242,94,291,840
48852,3,11,4,10,50
48853,9,161,10,52,276
48854,436,2429,785,1985,7404
48855,335,2207,554,1305,6102
48856,6,142,123,33,279
48857,39,524,166,197,1144
48858,584,3815,982,13677,24761
48859,0,0,49,2270,2392
48860,7,202,110,91,567
48861,10,150,30,103,638
48862,0,8,0,0,10
48864,420,3070,1022,2530,9748
48865,28,299,29,107,644
48866,65,701,170,271,1529
48867,684,3014,1049,2338,10007
48870,0,21,17,4,150
48871,70,332,38,222,804
48872,174,709,205,539,2222
48873,11,368,102,65,458
48874,7,34,0,29,64
48875,106,1623,367,819,4487
48876,10,637,156,378,1787
48877,31,125,84,203,763
48878,27,115,85,219,606
48879,563,2678,874,1151,6286
48880,135,705,314,1035,5055
48881,86,601,238,662,2101
48883,138,794,299,568,2392
48884,54,831,259,339,1647
48885,5,104,69,95,376
48886,24,143,47,167,501
48888,119,704,141,223,1650
48889,39,162,103,88,486
48890,35,297,79,156,716
48891,39,407,96,223,1100
48892,65,669,144,380,1553
48893,33,682,314,355,1763
48894,111,290,144,280,928
48895,328,1390,449,726,3385
48896,0,6,0,91,132
48897,29,206,67,48,516
48906,241,4077,787,2534,10954
48910,445,3456,676,4439,15652
48911,836,5564,1989,3856,17193
48912,282,1511,431,2156,8269
48915,35,1186,410,1214,5077
48917,839,2455,855,3169,13154
48933,0,267,165,608,1827
49001,290,2784,713,2582,9486
49002,302,2874,814,1890,7795
49004,329,2302,661,2072,7387
49006,488,1827,420,12108,18516
49007,50,894,533,2810,5969
49008,262,1211,560,3962,8368
49009,1143,6519,1697,5691,19547
49010,466,2161,711,1680,6714
49011,25,312,119,191,781
49012,131,519,204,330,1350
49013,59,829,216,461,1897
49014,420,2634,730,1676,7293
49015,647,4015,1685,2329,11503
49017,455,2345,969,1502,7232
49021,144,979,294,350,2241
49022,428,4231,1417,2181,11302
49024,691,3665,1093,3478,12942
49026,71,153,59,149,479
49027,4,48,84,1,146
49028,107,905,180,324,2018
49029,25,196,45,86,412
49030,24,452,91,207,927
49031,171,936,293,515,2471
49032,87,442,145,317,1121
49033,12,146,65,91,596
49034,28,250,102,215,783
49036,428,2896,917,1942,8635
49037,348,2801,702,1825,8447
49038,265,1231,244,541,2624
49040,36,362,81,235,1197
49042,62,652,143,261,1495
49043,21,341,92,154,755
49045,163,616,155,333,1568
49046,108,740,197,425,2081
49047,434,1796,426,1419,5300
49048,363,2919,1050,2307,10106
49050,47,156,60,96,446
49051,55,437,88,207,943
49052,8,203,22,64,359
49053,176,1139,372,698,2782
49055,61,760,241,439,2017
49056,54,437,197,343,1514
49057,74,1151,381,422,2399
49058,677,2023,1037,1761,7335
49060,53,170,27,257,841
49061,4,244,124,161,627
49063,0,0,0,0,0
49064,127,315,200,450,1463
49065,223,902,184,393,2364
49066,31,74,7,123,212
49067,64,445,109,270,1121
49068,295,1873,526,944,5023
49070,25,257,131,156,808
49071,65,1781,594,868,4406
49072,56,356,158,204,951
49073,68,575,235,313,1721
49074,28,9,0,1,13
49075,0,4,0,70,110
49076,58,402,156,1029,1949
49078,205,1388,326,879,3898
49079,165,1848,496,1309,5150
49080,244,2171,419,1029,5253
49082,53,842,239,396,2163
49083,96,992,325,351,2217
49084,0,0,0,0,4
49085,1091,2479,861,1501,8095
49087,170,905,309,406,1896
49088,67,367,194,371,1434
49089,6,325,164,126,684
49090,527,1447,293,999,3900
49091,322,2852,877,1729,7495
49092,38,273,122,139,674
49093,362,2440,874,1335,6710
49094,43,477,216,395,1352
49095,55,255,74,115,613
49096,114,360,107,199,1033
49097,162,1416,338,981,4271
49098,67,848,156,623,2152
49099,78,711,252,577,2040
49101,104,357,94,183,922
49102,5,145,51,94,389
49103,279,1010,432,1608,4990
49104,0,0,7,449,471
49106,155,571,226,285,1695
49107,350,1332,308,1009,3525
49111,99,419,94,211,906
49112,154,1392,378,726,3516
49113,40,176,91,155,669
49115,0,0,0,0,0
49116,6,0,0,0,6
49117,148,246,91,120,687
49119,0,10,0,40,77
49120,1291,4618,1983,3283,13380
49125,136,126,59,76,619
49126,48,155,45,173,573
49127,207,1473,327,943,3849
49128,58,426,95,174,878
49129,25,40,38,19,83
49130,9,87,45,96,370
49201,844,5339,1737,4612,19447
49202,537,2418,582,1658,7064
49203,1110,4300,1783,3428,14266
49220,70,441,122,144,945
49221,1177,4773,1281,5089,16247
49224,189,2049,546,2365,5786
49227,32,144,39,105,356
49228,83,583,308,367,2185
49229,57,357,171,285,1197
49230,283,815,277,597,2396
49232,10,403,162,262,897
49233,93,267,122,163,898
49234,20,269,65,127,720
49235,87,310,76,155,694
49236,56,581,152,396,1657
49237,85,460,141,180,1109
49238,7,422,96,144,672
49240,125,1125,316,560,3174
49241,26,201,77,140,516
49242,346,1737,614,2448,6296
49245,80,643,144,473,1677
49246,40,618,281,313,1351
49247,105,744,141,343,1784
49248,17,73,31,93,293
49249,26,297,78,170,935
49250,137,720,310,358,1918
49251,144,854,283,555,2298
49252,45,291,103,185,807
49253,65,225,89,148,605
49254,45,547,121,338,1502
49255,6,412,108,245,877
49256,93,438,187,295,1409
49258,0,0,0,0,4
49259,14,171,90,206,1027
49261,0,58,23,0,136
49262,51,135,43,95,427
49263,0,0,0,0,0
49264,15,195,55,271,611
49265,72,612,214,372,1461
49266,41,218,127,313,959
49267,117,430,162,359,1260
49268,17,164,14,92,367
49269,43,783,166,406,2158
49270,83,523,246,443,1728
49271,40,199,28,98,746
49272,49,332,124,132,860
49274,32,558,114,177,1129
49276,9,67,43,83,278
49277,50,476,97,147,963
49279,2,96,50,43,265
49282,0,0,0,0,5
49283,117,502,58,1427,2317
49284,119,399,131,221,940
49285,152,650,206,364,1855
49286,283,1823,819,837,5716
49287,12,162,64,244,628
49288,33,265,56,80,565
49289,0,3,5,9,50
49301,172,2994,1301,916,6742
49302,63,1852,400,722,3251
49303,16,103,32,121,347
49304,95,369,82,349,1429
49305,55,279,84,81,679
49306,165,1611,378,426,3421
49307,266,1796,590,4854,9277
49309,41,89,51,105,407
49310,27,402,192,236,1168
49312,2,20,1,5,44
49315,365,3923,1534,1504,9256
49316,154,3916,1242,2059,9475
49318,27,185,21,65,485
49319,211,2573,755,1899,6949
49320,0,3,0,59,109
49321,465,1850,716,1458,6733
49322,23,116,43,81,383
49323,24,1829,678,791,4623
49325,44,615,69,175,863
49326,0,496,141,300,1225
49327,240,1076,413,892,3359
49328,40,527,232,275,1492
49329,75,1052,408,869,3987
49330,35,826,215,372,2101
49331,345,2198,660,1462,6868
49332,59,362,115,119,896
49333,289,2070,448,978,4810
49335,0,22,21,18,84
49336,83,605,207,179,1336
49337,224,1764,458,1076,4478
49338,7,159,113,90,537
49339,26,307,97,186,903
49340,57,250,68,97,741
49341,660,5879,1694,2210,13867
49342,64,163,36,81,461
49343,49,723,168,517,2145
49344,27,452,182,236,1314
49345,224,1805,494,1167,4987
49346,189,476,201,196,1258
49347,33,120,79,161,624
49348,142,1680,368,1232,4809
49349,113,746,322,526,2551
49401,95,2319,1068,13965,19397
49402,42,106,74,46,367
49403,60,339,105,245,1042
49404,207,1265,363,796,3638
49405,13,226,66,124,597
49406,9,22,7,25,165
49408,136,1422,489,781,3579
49409,0,29,5,23,64
49410,27,325,75,100,528
49411,32,154,19,88,409
49412,353,1841,499,689,4148
49415,167,695,294,466,2291
49417,935,4660,1362,2455,11550
49418,647,3443,1192,2919,12689
49419,35,1273,433,558,3200
49420,159,646,273,443,1999
49421,82,731,250,469,1845
49423,1566,5776,1602,6841,19889
49424,492,5924,2297,5943,19766
49425,32,435,142,309,1363
49426,617,7224,1859,2718,15783
49428,1219,4354,1184,1963,10165
49430,0,0,0,0,0
49431,559,1908,599,1215,5362
49434,0,0,0,0,0
49435,67,606,149,375,1563
49436,34,126,63,46,434
49437,137,1013,273,358,2052
49440,32,151,138,38,419
49441,880,3906,1480,2509,13740
49442,925,5310,1817,5138,19536
49443,4,0,0,0,52
49444,711,4239,942,2042,9927
49445,391,2854,1043,1551,7153
49446,31,309,140,350,864
49448,20,526,140,442,1576
49449,90,167,127,78,715
49450,14,665,180,193,1134
49451,87,1017,345,514,2545
49452,12,413,64,127,780
49453,49,236,86,139,787
49454,42,622,197,447,1884
49455,83,768,211,411,1904
49456,571,2228,599,1379,5923
49457,153,1496,267,911,4114
49458,0,6,19,6,53
49459,19,215,55,150,650
49460,85,1288,485,823,3543
49461,238,1328,230,602,2978
49464,692,4428,1573,2383,11263
49503,221,2963,1015,5715,22030
49504,901,4221,1351,6205,20156
49505,819,3540,912,2926,14597
49506,439,4229,1500,3854,15807
49507,362,6354,2118,4243,18490
49508,819,6476,1655,3376,16993
49509,437,4070,1273,2960,12879
49512,665,2204,394,2402,9242
49519,490,3124,1270,3337,14092
49525,401,3987,1264,2983,12037
49534,683,2651,741,1935,9220
49544,141,1058,387,861,4406
49546,1012,4946,1160,4058,12544
49548,167,5581,1461,3248,15098
49601,575,2953,821,1585,7576
49611,0,56,2,1,169
49612,32,83,77,90,476
49613,50,16,18,30,130
49614,120,260,153,233,949
49615,160,225,81,238,935
49616,98,182,63,147,668
49617,72,289,117,207,907
49618,71,107,25,65,226
49619,38,96,42,45,285
49620,45,397,151,182,1100
49621,59,435,165,134,1253
49622,65,314,89,142,677
49623,20,88,39,66,280
49625,22,148,33,46,318
49626,6,6,7,10,51
49627,5,18,0,19,70
49628,24,19,6,6,94
49629,97,212,67,90,414
49630,49,162,16,72,294
49631,144,612,266,391,1594
49632,36,101,44,83,327
49633,39,245,75,106,866
49634,0,16,7,16,84
49635,220,203,128,160,690
49636,38,17,17,36,90
49637,6,338,319,713,1615
49638,19,114,51,48,304
49639,39,269,125,134,902
49640,36,63,70,43,288
49642,45,146,18,71,256
49643,111,786,233,518,2917
49644,31,54,52,75,449
49645,35,187,50,92,538
49646,253,974,321,834,3189
49648,72,184,99,155,695
49649,99,1390,277,661,2769
49650,7,510,71,299,1308
49651,175,848,228,519,2432
49653,66,181,55,77,433
49654,36,37,21,55,166
49655,29,394,186,258,1232
49656,55,155,59,128,490
49657,99,485,204,291,1444
49659,80,756,363,586,2485
49660,405,1430,480,1125,4678
49663,67,855,258,525,2242
49664,60,131,43,163,632
49665,57,535,122,262,1300
49667,41,150,14,29,199
49668,59,406,171,249,1129
49670,109,76,82,102,383
49674,35,0,0,0,15
49675,19,49,20,53,170
49676,70,512,103,107,890
49677,132,962,269,514,2569
49679,26,164,106,52,441
49680,27,304,87,167,894
49682,122,368,168,296,1217
49683,36,205,69,136,579
49684,1298,2148,618,1430,6657
49685,230,2500,715,1857,8250
49686,853,2491,636,1991,8705
49688,43,361,83,127,732
49689,23,184,57,59,475
49690,158,667,337,355,2069
49696,225,1305,509,621,3581
49701,38,43,24,60,186
49705,23,159,36,79,339
49706,83,383,124,561,2106
49707,745,2260,855,1381,7126
49709,106,277,66,198,773
49710,0,33,0,0,99
49712,213,839,265,666,2570
49713,51,252,91,143,754
49715,114,317,134,478,1368
49716,5,115,40,89,370
49717,0,13,12,0,12
49718,8,112,56,57,260
49719,99,97,53,80,359
49720,253,838,298,686,2594
49721,377,1180,424,901,4145
49722,0,0,0,0,0
49724,15,137,45,194,444
49725,24,44,9,29,120
49726,63,59,18,10,243
49727,191,787,300,441,2255
49728,2,35,2,12,80
49729,24,159,59,139,526
49730,21,271,67,137,733
49733,18,110,83,74,491
49735,527,2384,807,1591,7075
49736,15,22,14,19,121
49738,262,990,314,566,2715
49740,169,642,219,368,2013
49743,29,98,21,53,180
49744,4,95,10,111,301
49745,15,43,69,37,279
49746,98,355,137,233,934
49747,36,237,36,116,445
49748,3,5,0,2,15
49749,168,236,142,317,1097
49751,39,240,67,134,560
49752,4,64,16,51,345
49753,45,176,47,62,456
49755,41,81,81,165,585
49756,154,223,106,170,893
49757,2,63,23,121,442
49759,64,82,42,50,280
49760,13,64,21,53,189
49762,36,25,3,20,79
49764,0,0,0,0,0
49765,65,494,243,377,1467
49766,64,196,60,282,844
49768,16,23,18,0,77
49769,17,211,52,181,668
49770,494,2012,724,1471,6087
49774,29,303,88,65,595
49775,0,4,0,0,8
49776,32,121,47,149,449
49777,17,124,41,68,435
49779,177,418,146,157,1215
49780,17,182,140,194,681
49781,94,279,103,258,1208
49782,58,25,8,16,66
49783,441,2041,517,2901,7817
49784,4,0,0,122,842
49788,11,503,167,428,2241
49791,6,26,5,0,40
49793,0,2,0,0,12
49795,38,292,57,102,601
49796,37,45,15,2,128
49799,26,260,39,124,616
49801,390,1283,386,573,3589
49802,245,734,244,501,2153
49805,6,75,19,18,165
49806,20,68,42,39,182
49807,68,232,160,226,1018
49808,183,41,2,21,81
49812,10,87,21,75,248
49814,3,202,28,89,444
49815,0,13,3,0,39
49816,17,95,26,73,233
49817,11,122,24,13,223
49818,40,143,60,122,383
49820,0,4,6,11,37
49821,30,168,48,109,384
49822,0,14,14,11,80
49825,19,61,5,0,65
49826,0,60,36,0,47
49827,9,237,44,59,317
49829,742,1904,581,1041,5402
49831,15,56,13,29,121
49833,0,0,0,20,30
49834,36,75,15,42,173
49835,20,69,24,60,193
49836,24,95,31,46,255
49837,140,1277,527,691,3299
49838,8,14,6,11,77
49839,11,10,10,0,35
49840,14,84,25,26,167
49841,93,971,477,572,2384
49847,42,77,68,76,344
49848,7,11,3,0,13
49849,271,1433,523,1402,4637
49852,0,33,0,4,36
49853,28,93,30,30,161
49854,200,523,175,383,1615
49855,669,2392,624,7464,15829
49858,444,1203,418,949,3706
49861,15,18,10,39,114
49862,111,381,121,476,1803
49863,0,14,29,0,88
49864,2,0,0,0,6
49866,221,1291,221,549,3030
49868,89,488,156,264,1624
49870,114,379,143,344,1199
49871,0,47,14,46,165
49872,2,11,6,7,34
49873,0,5,0,2,6
49874,81,106,13,38,202
49876,0,22,84,185,460
49877,1,0,0,0,0
49878,67,268,80,256,847
49879,28,79,33,55,225
49880,20,63,48,83,351
49881,4,38,3,12,95
49883,6,14,9,27,59
49884,1,110,34,0,158
49885,9,226,53,111,615
49886,18,73,3,30,179
49887,118,249,135,188,960
49891,14,83,32,49,175
49892,36,253,91,97,551
49893,9,121,8,53,328
49894,32,57,0,0,234
49895,4,36,17,86,180
49896,27,189,79,155,584
49901,3,32,18,3,86
49902,11,5,1,23,65
49903,18,5,0,7,17
49905,15,433,133,273,900
49908,31,266,82,262,1439
49910,5,9,0,0,3
49911,47,291,102,205,812
49912,19,74,27,25,179
49913,126,835,298,705,2645
49915,16,86,17,25,167
49916,36,486,137,222,878
49917,4,88,9,11,85
49918,0,26,0,0,9
49919,1,6,0,0,9
49920,320,473,112,144,982
49921,0,52,0,144,253
49922,26,161,20,153,353
49925,15,27,27,21,179
49927,7,39,18,11,125
49929,5,32,0,6,61
49930,270,889,279,1583,3238
49931,195,726,299,4735,6968
49934,26,108,0,44,283
49935,155,567,198,457,1733
49938,436,769,209,463,2417
49942,0,6,0,0,42
49945,86,252,112,277,982
49946,121,431,170,264,1226
49947,17,46,8,71,211
49948,5,87,22,37,167
49950,22,65,10,18,198
49952,5,16,0,12,44
49953,87,84,35,129,453
49955,5,47,26,70,224
49958,22,82,21,60,235
49959,0,9,10,60,163
49960,4,30,32,33,82
49961,14,5,7,0,9
49962,10,9,3,7,27
49963,16,51,15,61,190
49965,11,14,25,24,96
49967,7,11,5,18,49
49968,91,167,69,86,690
49969,23,101,42,33,184
49970,4,12,3,19,48
49971,21,13,9,27,77
50001,4,91,45,40,191
50002,25,171,43,115,464
50003,186,1318,221,561,3362
50005,128,65,10,11,291
50006,17,252,24,45,479
50007,2,92,14,17,160
50008,30,113,26,89,244
50009,288,3380,717,1534,8486
50010,582,2554,807,9374,18784
50012,0,0,7,2045,2061
50013,0,0,22,4303,4349
50014,538,2064,808,14107,21483
50020,43,110,67,80,361
50021,272,3798,916,2268,11448
50022,324,1148,317,598,2983
50023,652,7521,1915,4194,21123
50025,140,275,128,263,913
50026,10,47,42,25,151
50027,1,6,13,51,141
50028,63,261,51,82,654
50029,14,86,19,16,154
50031,0,6,3,0,22
50032,0,223,68,61,192
50033,0,0,0,0,0
50034,9,42,8,14,135
50035,60,1731,459,1037,4054
50036,237,1877,647,1402,6530
50038,0,44,0,5,82
50039,0,43,29,109,187
50040,2,20,1,8,40
50041,0,16,0,0,63
50042,3,14,1,19,69
50044,22,130,58,30,315
50046,14,253,82,51,543
50047,202,1277,235,384,2452
50048,20,73,33,77,273
50049,248,823,215,568,2214
50050,17,118,62,51,246
50051,6,20,5,8,55
50052,6,5,3,10,27
50054,27,410,125,217,1240
50055,23,199,46,62,464
50056,40,211,57,63,424
50057,0,33,4,18,66
50058,54,287,97,95,578
50060,64,328,124,131,806
50061,14,395,169,60,692
50062,18,175,40,10,320
50063,67,395,212,189,993
50064,1,4,4,0,14
50065,54,69,11,32,158
50066,0,20,1,83,100
50067,0,65,1,35,88
50068,5,30,14,9,100
50069,16,167,41,45,426
50070,11,115,56,59,380
50071,38,108,35,123,323
50072,25,433,104,273,883
50073,6,88,41,43,255
50074,11,4,7,0,17
50075,30,115,26,43,270
50076,53,199,18,57,358
50078,3,8,0,0,18
50101,0,11,5,3,26
50102,0,9,0,0,40
50103,5,70,8,34,136
50104,3,6,0,1,10
50105,7,160,86,59,424
50106,15,172,57,106,401
50107,15,92,24,64,220
50108,11,18,28,28,135
50109,58,655,109,307,1257
50110,0,4,0,0,4
50111,73,2503,905,1118,7439
50112,384,1298,542,2085,4853
50115,116,361,85,174,894
50116,1,25,13,7,71
50117,0,23,12,0,47
50118,17,144,12,52,274
50119,12,22,7,21,97
50120,5,123,22,6,149
50122,87,254,85,88,437
50123,31,108,38,72,215
50124,16,934,143,155,1622
50125,446,2760,842,2726,8302
50126,330,601,144,715,2339
50127,0,0,0,0,0
50128,0,67,27,27,115
50129,267,664,189,347,1660
50130,1,253,120,131,584
50131,515,4364,1069,1466,8517
50132,5,29,15,24,164
50133,11,37,24,6,136
50134,29,90,17,13,347
50135,15,295,99,35,572
50136,14,53,17,20,107
50137,0,19,10,13,54
50138,533,1514,620,976,4327
50139,6,121,68,79,289
50140,57,328,98,774,1388
50141,4,59,25,13,128
50142,7,81,31,55,245
50143,2,62,13,28,141
50144,84,368,116,303,924
50145,4,10,7,7,26
50146,10,64,52,10,197
50147,4,41,15,1,74
50148,0,46,6,9,122
50149,3,122,10,60,251
50150,13,136,29,77,360
50151,2,79,76,21,260
50152,4,15,11,4,45
50153,60,58,17,83,268
50154,7,65,29,53,263
50155,6,15,2,11,30
50156,192,544,177,210,1501
50157,0,97,3,98,327
50158,828,4742,1386,2958,11482
50160,21,69,20,70,219
50161,13,317,71,114,682
50162,3,244,77,44,568
50163,18,42,25,62,241
50164,5,56,18,85,234
50165,0,3,3,4,11
50166,18,176,77,334,859
50167,38,128,38,29,225
50168,1,77,29,37,272
50169,28,300,93,217,1439
50170,34,372,85,223,1170
50171,60,246,50,195,710
50173,50,50,48,54,184
50174,15,299,69,118,460
50201,193,1426,304,495,2895
50206,7,61,23,16,172
50207,41,221,82,327,907
50208,796,2356,775,1675,7223
50210,27,278,93,72,586
50211,396,2450,717,827,5901
50212,53,429,68,276,1069
50213,369,927,306,761,2649
50214,0,131,0,0,117
50216,42,306,135,146,835
50217,4,56,14,37,157
50218,0,54,6,28,143
50219,463,1871,527,2106,5615
50220,278,1047,399,823,3642
50222,0,35,17,47,127
50223,11,46,4,23,90
50225,59,475,191,213,1194
50226,0,1243,260,411,2684
50227,2,12,5,25,55
50228,15,522,135,74,972
50229,9,224,33,95,499
50230,21,101,17,6,222
50231,2,12,10,16,56
50232,2,75,25,85,262
50233,13,250,40,57,474
50234,14,47,13,0,142
50235,1,38,21,11,122
50236,29,188,128,37,579
50237,138,519,30,125,920
50238,16,178,27,49,302
50239,0,42,2,10,59
50240,34,153,107,201,809
50241,9,2,1,8,32
50242,0,95,10,50,191
50243,3,72,8,24,139
50244,66,287,49,135,616
50246,17,106,24,53,256
50247,42,330,155,250,836
50248,227,587,127,92,1136
50249,51,176,60,103,417
50250,113,254,115,235,972
50251,44,179,82,124,572
50252,0,29,2,18,41
50254,0,49,6,12,91
50255,0,1,1,7,13
50256,0,94,23,0,158
50257,14,167,29,102,443
50258,33,59,33,41,185
50261,34,534,158,214,1028
50262,1,3,7,24,64
50263,232,4346,1023,1708,10897
50264,0,74,24,17,182
50265,451,4474,1305,2692,13301
50266,827,3664,1111,3394,17135
50268,25,228,66,110,392
50269,1,24,2,1,29
50271,17,54,23,48,216
50272,2,20,12,9,57
50273,188,1341,493,560,3232
50274,0,0,0,1,20
50275,11,75,5,31,97
50276,32,228,178,145,756
50277,10,95,74,7,192
50278,36,118,36,45,326
50309,62,100,7,2427,6997
50310,559,3396,1334,2841,14158
50311,51,1219,246,3798,8659
50312,749,1753,542,960,6245
50313,231,2149,750,1346,8042
50314,86,1454,657,1172,4582
50315,608,4839,1384,3265,15350
50316,188,2845,685,2082,6919
50317,592,5124,1590,2986,14088
50319,0,0,0,0,0
50320,220,3159,1397,2629,10192
50321,121,1097,376,549,3203
50322,671,3589,1252,2300,12425
50323,85,3521,1009,601,6038
50324,66,661,214,251,1854
50325,392,3104,834,1122,7088
50327,248,1800,635,724,4414
50401,848,3530,970,2313,10208
50420,1,69,13,29,128
50421,191,493,167,141,920
50423,178,246,121,207,777
50424,43,214,36,39,328
50426,0,9,2,11,31
50427,0,0,41,0,88
50428,417,822,467,643,2861
50430,16,47,8,2,99
50431,0,44,11,13,60
50432,9,28,5,31,102
50433,4,27,5,2,48
50434,14,33,12,4,107
50435,29,65,40,96,237
50436,117,820,263,910,2646
50438,203,378,129,235,1212
50439,0,78,19,6,109
50440,7,36,9,48,151
50441,148,762,207,358,1503
50444,0,34,21,23,109
50446,4,99,13,21,149
50447,34,228,45,170,575
50448,5,56,13,19,130
50449,11,79,56,95,409
50450,143,322,137,202,950
50451,17,73,10,42,126
50452,38,106,31,48,366
50453,3,64,12,21,147
50454,0,0,0,0,6
50455,5,58,29,41,108
50456,61,274,69,156,682
50457,1,94,30,19,153
50458,78,413,99,144,732
50459,117,278,114,241,1062
50460,0,136,8,148,300
50461,204,572,186,404,1663
50464,2,53,38,28,173
50465,6,30,10,8,44
50466,82,442,59,147,711
50467,2,12,3,20,38
50468,55,175,83,129,627
50469,111,262,83,82,470
50470,3,34,8,11,68
50471,27,103,21,56,228
50472,86,271,147,102,818
50473,2,40,0,7,46
50475,52,254,21,141,512
50476,26,85,30,37,249
50477,5,13,0,11,56
50478,34,93,25,33,172
50479,8,115,6,80,293
50480,64,133,58,32,301
50482,20,65,11,45,168
50483,3,91,37,60,245
50484,5,49,4,20,86
50501,782,3236,1062,3480,11485
50510,48,69,27,88,329
50511,395,722,272,537,2301
50514,66,125,34,45,295
50515,0,41,19,11,94
50516,11,79,30,33,242
50517,62,79,51,68,286
50518,2,81,24,21,122
50519,34,74,35,37,244
50520,0,29,0,0,38
50521,0,0,0,0,0
50522,4,127,63,109,329
50523,11,86,25,73,249
50524,9,76,15,14,138
50525,206,293,96,211,990
50527,7,1,4,13,22
50528,1,56,31,15,140
50529,9,138,74,50,385
50530,60,158,102,101,454
50531,1,10,1,11,37
50532,22,107,25,126,338
50533,79,568,288,286,1590
50535,54,102,31,77,290
50536,268,565,118,465,1484
50538,8,104,24,32,175
50539,12,40,5,65,165
50540,14,150,120,167,518
50541,13,154,6,86,314
50542,15,96,29,106,330
50543,53,139,40,109,359
50544,1,46,16,101,213
50545,0,10,20,0,29
50546,22,36,19,9,90
50548,286,775,208,385,1863
50551,3,0,2,1,8
50552,1,8,9,3,22
50554,88,163,64,69,576
50556,4,5,0,0,14
50557,9,128,18,26,185
50558,12,161,44,90,309
50559,5,2,2,10,60
50560,15,165,18,35,212
50561,1,44,12,79,251
50562,16,49,5,26,102
50563,108,316,74,212,769
50565,3,25,49,2,152
50566,8,46,20,14,194
50567,0,25,13,0,45
50568,31,274,116,78,508
50569,11,49,3,17,129
50570,1,21,0,2,31
50571,42,25,6,19,56
50573,0,16,7,9,27
50574,69,239,76,203,626
50575,36,93,7,25,151
50576,6,6,11,13,61
50577,0,24,9,41,99
50578,14,82,20,42,254
50579,121,429,138,228,1324
50581,36,130,33,38,234
50582,1,10,6,7,45
50583,77,195,101,164,740
50585,34,197,119,58,416
50586,1,22,15,18,76
50588,389,1977,617,1797,5737
50590,28,112,54,69,300
50591,14,23,9,38,109
50592,1,3,0,3,39
50593,3,2,0,1,5
50594,1,6,3,17,80
50595,489,1142,289,639,3061
50597,72,177,113,157,519
50598,25,137,43,38,288
50599,8,92,2,25,117
50601,87,267,127,152,872
50602,87,78,81,100,490
50603,13,22,16,30,117
50604,38,231,42,93,577
50605,11,0,5,2,31
50606,24,87,13,51,237
50607,4,78,23,10,129
50608,0,0,0,0,0
50609,0,25,19,40,150
50611,7,78,5,7,117
50612,0,42,46,0,157
50613,901,4397,1122,11599,22423
50616,493,1154,326,691,3016
50619,55,259,83,157,766
50620,0,11,0,6,27
50621,92,192,55,61,465
50622,86,531,155,270,1167
50623,5,6,0,0,23
50624,27,249,99,124,589
50625,44,154,21,98,331
50626,39,203,70,155,576
50627,69,300,264,265,1323
50628,39,116,56,121,394
50629,10,465,121,192,831
50630,57,170,68,157,579
50631,3,36,10,43,96
50632,20,146,69,134,409
50633,5,14,12,92,146
50634,39,91,25,58,274
50635,98,135,40,66,391
50636,137,190,66,151,579
50638,83,533,141,244,1283
50641,39,205,138,99,540
50642,5,50,38,14,202
50643,50,510,135,176,1024
50644,238,983,351,563,3082
50645,32,214,25,132,382
50647,13,328,77,41,662
50648,56,551,186,386,1613
50649,0,0,0,0,0
50650,13,117,33,73,236
50651,36,637,130,303,1324
50652,7,12,6,2,30
50653,2,40,53,51,189
50654,23,28,2,7,74
50655,18,105,18,84,226
50657,3,10,5,4,31
50658,77,315,67,177,827
50659,169,792,309,379,1892
50660,11,204,90,110,494
50662,266,689,209,424,2162
50664,11,0,0,0,31
50665,67,458,92,134,751
50666,16,69,27,28,187
50667,13,100,45,23,248
50668,36,213,77,47,404
50669,51,305,73,197,738
50670,64,339,91,152,754
50671,7,25,1,36,77
50672,4,45,21,10,138
50673,2,51,18,10,115
50674,121,492,125,227,1128
50675,130,254,51,205,767
50676,52,197,66,127,748
50677,367,1556,457,2091,5470
50680,43,132,29,20,272
50681,13,51,34,25,172
50682,24,277,109,63,542
50701,587,3936,980,2797,11555
50702,495,2528,889,2253,8868
50703,295,2434,763,1812,7475
50707,165,907,383,664,2701
50801,210,1109,417,945,3366
50830,46,264,128,105,807
50831,0,1,3,3,10
50833,100,269,73,121,691
50835,1,0,2,0,28
50836,1,33,13,12,75
50837,1,76,0,6,82
50839,0,14,0,0,0
50840,24,94,12,45,191
50841,95,282,74,157,814
50842,0,8,4,0,9
50843,16,102,17,30,137
50845,67,115,55,81,270
50846,43,124,35,45,492
50847,2,4,1,2,14
50848,6,43,20,45,148
50849,131,330,134,180,722
50851,89,385,128,201,737
50853,9,80,25,38,228
50854,90,331,126,217,865
50857,0,11,1,4,30
50858,15,117,37,34,252
50859,15,78,30,106,264
50860,1,17,0,11,30
50861,0,57,13,0,85
50862,7,6,0,0,18
50863,12,10,3,29,48
50864,60,208,45,94,526
51001,147,355,100,152,790
51002,90,473,125,169,993
51003,39,236,78,262,709
51004,38,135,6,60,267
51005,53,178,27,67,349
51006,64,205,88,33,367
51007,0,88,20,44,183
51008,8,34,10,17,61
51009,2,43,5,8,42
51010,1,34,13,18,97
51011,0,14,0,9,17
51012,232,964,287,424,2182
51014,36,51,12,31,149
51015,0,0,0,0,13
51016,48,256,32,36,271
51018,13,69,26,48,203
51019,11,127,22,9,137
51020,5,110,11,85,231
51022,67,147,64,32,285
51023,84,674,167,218,1058
51024,30,255,48,206,686
51025,82,284,65,250,690
51026,3,135,22,113,356
51027,38,308,24,53,505
51028,86,305,81,172,693
51029,7,30,0,15,68
51030,51,210,81,64,483
51031,452,1854,591,983,4567
51033,48,34,38,15,130
51034,50,199,47,127,442
51035,112,176,69,141,574
51036,3,79,28,15,210
51037,10,36,7,12,71
51038,21,272,75,132,632
51039,22,332,118,165,891
51040,162,409,165,298,1338
51041,148,922,165,1306,3042
51044,33,7,8,9,31
51045,0,5,3,7,52
51046,57,186,57,101,420
51047,15,65,21,38,195
51048,1,95,20,31,227
51049,15,46,29,42,197
51050,87,447,252,251,1153
51051,0,21,0,5,12
51052,15,148,12,93,296
51053,16,143,54,130,439
51054,79,955,175,365,1957
51055,20,175,52,132,393
51056,49,46,10,43,128
51058,56,102,72,83,335
51060,43,49,6,33,143
51061,37,15,15,12,84
51062,47,32,12,3,72
51063,62,156,54,24,243
51101,1,38,6,247,673
51103,310,2867,780,1662,6381
51104,361,3119,1056,2526,9934
51105,31,1707,786,1023,5277
51106,541,3365,961,3713,10953
51108,100,1032,296,399,1737
51109,37,548,145,314,1132
51111,0,65,0,0,32
51201,223,792,201,589,2527
51230,9,110,36,17,145
51231,4,174,17,8,199
51232,2,106,20,39,206
51234,12,198,51,127,458
51235,38,180,35,58,348
51237,102,194,46,142,490
51238,45,280,95,95,544
51239,46,441,258,353,1270
51240,75,186,67,128,597
51241,26,345,163,201,929
51242,3,30,16,17,149
51243,9,73,36,82,249
51244,0,15,3,8,41
51245,66,123,54,67,364
51246,168,829,229,273,1408
51247,136,731,206,740,2016
51248,185,250,78,146,522
51249,168,437,151,257,1163
51250,261,1365,512,1476,4321
51301,436,1728,475,991,4297
51331,24,17,12,21,222
51333,9,42,5,6,86
51334,215,786,246,763,2509
51338,18,93,26,57,293
51340,0,2,3,13,20
51341,2,8,0,0,3
51342,16,163,90,65,528
51343,3,52,14,26,91
51345,15,80,19,4,93
51346,104,244,75,229,772
51347,45,174,96,82,672
51350,26,104,31,11,129
51351,144,602,265,287,1522
51354,41,105,37,64,355
51355,68,71,3,76,245
51357,1,68,45,124,289
51358,37,146,50,72,364
51360,348,976,194,677,2707
51363,0,13,15,5,37
51364,21,107,41,32,197
51365,10,79,41,14,144
51366,8,19,8,53,87
51401,457,1709,516,897,4056
51430,11,103,68,334,609
51431,8,28,9,70,156
51432,0,1,2,0,3
51433,6,93,52,8,299
51436,5,200,67,88,413
51439,42,64,14,21,190
51440,3,50,16,25,121
51441,3,104,37,24,159
51442,119,1470,563,1057,4210
51443,23,167,70,97,427
51444,5,71,38,25,161
51445,69,309,111,107,803
51446,12,70,7,39,106
51447,0,2,0,12,27
51448,3,106,10,44,121
51449,109,178,73,88,627
51450,98,179,33,93,358
51451,1,5,0,0,2
51452,3,23,4,10,54
51453,22,64,18,21,155
51454,38,246,32,150,437
51455,80,297,52,137,767
51458,54,156,37,41,321
51459,2,1,6,9,29
51460,8,2,0,7,18
51461,13,116,36,126,445
51462,7,116,33,72,293
51463,31,31,18,18,100
51465,3,146,26,68,208
51466,100,214,51,119,366
51467,10,85,7,19,115
51501,564,4401,1385,3043,14507
51503,861,5137,1526,3538,13327
51510,82,693,113,377,1262
51520,0,32,4,7,19
51521,41,218,64,174,625
51523,13,41,26,12,123
51525,34,126,38,61,320
51526,50,110,59,121,550
51527,5,43,17,0,105
51528,15,72,25,89,215
51529,199,171,94,182,620
51530,46,85,11,57,169
51531,44,103,38,25,253
51532,19,67,21,50,264
51533,35,90,43,45,262
51534,249,1363,356,623,3212
51535,122,199,125,103,514
51536,31,29,23,41,124
51537,342,751,342,561,2331
51540,3,40,6,4,46
51541,10,165,20,7,145
51542,41,82,51,41,198
51543,9,74,21,11,96
51544,15,141,43,25,220
51545,2,51,12,10,74
51546,56,462,142,143,1016
51548,0,100,30,29,175
51549,2,72,8,22,134
51550,1,18,4,10,37
51551,43,190,63,159,597
51552,1,8,8,8,69
51553,14,146,46,149,411
51554,11,0,0,48,48
51555,129,653,179,425,1717
51556,4,23,6,28,97
51557,2,90,55,53,278
51558,3,135,34,93,272
51559,27,319,102,142,753
51560,84,277,93,177,738
51561,23,68,60,12,213
51562,17,90,41,21,142
51563,17,160,20,31,204
51564,16,48,10,73,172
51565,20,60,2,3,132
51566,288,907,237,551,2194
51570,8,91,53,130,473
51571,9,134,96,68,305
51572,26,40,8,13,145
51573,39,159,49,56,307
51575,10,271,65,60,462
51576,8,297,117,120,688
51577,132,106,37,26,286
51578,4,16,0,11,29
51579,75,342,141,124,785
51601,262,700,119,346,1832
51630,10,8,5,9,43
51631,1,27,1,27,96
51632,326,606,379,522,2606
51636,14,32,16,5,103
51637,4,16,26,2,80
51638,27,111,38,85,407
51639,29,80,22,55,275
51640,17,236,68,82,502
51645,6,10,1,39,81
51646,8,94,39,80,258
51647,31,33,4,0,85
51648,13,31,23,0,78
51649,3,72,13,16,81
51650,9,32,0,39,86
51651,3,22,0,6,32
51652,48,192,48,134,454
51653,55,190,93,141,479
51654,8,27,43,4,105
51656,0,6,0,1,12
52001,968,4262,1313,6483,18691
52002,477,2422,987,1147,6511
52003,391,1853,579,855,4592
52030,4,46,20,27,150
52031,178,879,188,339,1539
52032,7,154,37,73,530
52033,121,541,87,119,1185
52035,19,138,47,137,384
52036,0,6,2,13,29
52037,20,104,43,51,313
52038,1,99,35,35,206
52039,62,84,4,32,266
52040,138,625,242,379,1712
52041,29,333,155,161,757
52042,66,158,134,191,667
52043,105,266,37,95,566
52044,0,72,16,27,57
52045,56,649,105,365,1136
52046,18,454,59,222,789
52047,10,259,12,70,281
52048,19,38,4,31,104
52049,68,145,9,89,373
52050,10,44,13,31,151
52052,135,264,122,176,710
52053,24,90,70,197,509
52054,7,50,46,90,230
52056,16,44,8,9,57
52057,314,1045,315,601,2500
52060,274,977,330,447,2583
52064,14,76,44,106,298
52065,9,194,37,39,305
52066,1,7,4,0,24
52068,39,832,297,258,1496
52069,14,144,31,152,564
52070,30,150,28,103,403
52071,16,3,1,4,32
52072,0,14,44,51,141
52073,56,223,70,81,455
52074,3,29,9,42,136
52075,7,13,10,4,39
52076,114,211,101,177,813
52077,8,16,3,10,74
52078,3,161,10,57,276
52079,1,82,27,93,227
52101,450,1179,482,2304,5194
52132,39,201,72,237,705
52133,12,17,43,70,184
52134,3,25,6,61,123
52135,22,58,38,21,157
52136,179,759,207,367,1882
52140,16,73,15,41,142
52141,22,146,52,65,345
52142,86,135,45,445,867
52144,12,70,35,66,277
52146,7,38,10,9,152
52147,23,138,44,51,276
52151,132,138,89,80,456
52154,21,109,3,66,204
52155,16,248,90,66,413
52156,4,101,42,42,202
52157,77,143,49,53,373
52158,3,21,3,23,81
52159,108,231,131,64,904
52160,22,121,15,98,332
52161,57,170,54,74,452
52162,69,652,146,357,1239
52163,18,71,0,2,107
52164,7,27,9,23,105
52165,19,256,45,48,369
52166,2,27,4,10,59
52168,10,37,13,33,103
52169,10,32,21,11,90
52170,8,5,0,35,90
52171,11,100,64,171,366
52172,241,922,180,458,1959
52175,172,513,139,353,1304
52201,13,228,72,93,602
52202,52,210,57,83,478
52203,99,260,154,226,867
52205,307,1007,325,663,3018
52206,69,405,160,183,948
52207,17,32,6,21,63
52208,65,278,92,191,969
52209,18,105,15,65,404
52210,23,268,32,51,286
52211,76,262,67,379,1012
52212,0,43,8,18,152
52213,88,545,169,363,1356
52214,46,324,119,164,851
52215,12,158,75,11,387
52216,61,149,75,84,450
52217,25,69,62,70,230
52218,39,324,58,78,582
52219,10,32,2,12,66
52220,0,0,0,0,59
52221,9,80,1,7,132
52222,39,123,28,23,218
52223,14,63,15,106,277
52224,81,236,105,124,685
52225,8,15,24,12,96
52227,42,354,121,212,1092
52228,55,640,181,231,1244
52229,16,79,46,78,322
52231,6,107,33,22,120
52232,1,57,1,40,112
52233,173,964,286,800,2741
52235,18,86,17,98,394
52236,6,83,0,0,105
52237,13,265,59,96,618
52240,334,3240,956,11300,20296
52241,407,1817,893,2604,11419
52242,0,0,29,3987,4110
52245,412,1854,534,5657,11698
52246,529,2412,641,5311,12528
52247,190,648,218,619,2144
52248,19,154,52,78,454
52249,50,140,52,75,352
52251,14,129,32,18,172
52252,0,39,0,0,54
52253,66,464,107,142,838
52254,48,73,34,176,384
52255,48,170,36,61,437
52257,0,12,29,11,76
52301,60,571,142,280,1437
52302,910,6017,1630,2200,15942
52305,1,200,37,40,320
52306,52,89,29,71,384
52307,0,0,0,0,31
52308,2,8,5,6,37
52309,10,80,4,23,94
52310,193,622,243,384,2019
52312,2,2,0,4,15
52313,3,46,21,22,109
52314,36,1004,390,1199,2675
52315,19,177,75,81,456
52316,77,140,93,54,394
52317,173,3853,730,1791,10493
52318,13,129,19,83,292
52320,20,147,54,221,557
52321,6,81,30,34,170
52322,20,327,153,163,755
52323,12,90,55,57,292
52324,0,268,90,99,823
52325,0,20,25,15,120
52326,7,121,27,44,262
52327,75,515,191,255,1226
52328,42,499,187,201,902
52329,10,25,41,70,226
52330,8,209,32,103,331
52332,44,186,64,190,676
52333,85,920,436,640,2414
52334,0,26,19,0,95
52335,1,110,11,19,177
52336,18,263,89,107,735
52337,35,88,50,57,282
52338,16,694,197,234,1194
52339,127,811,142,275,1513
52340,79,881,96,647,2349
52341,30,219,40,12,293
52342,47,310,122,324,967
52344,0,10,0,0,11
52345,14,246,78,154,679
52346,70,172,75,34,468
52347,18,201,73,51,361
52348,1,7,0,17,31
52349,257,1203,259,531,2229
52351,9,219,92,142,563
52352,36,287,72,95,520
52353,306,1287,318,722,3232
52354,11,0,12,58,92
52355,3,36,24,14,107
52356,84,303,146,120,816
52358,100,541,84,449,1508
52359,8,111,7,26,130
52361,164,685,155,501,1761
52362,26,79,30,69,318
52401,61,123,30,232,1300
52402,953,4661,1588,6095,19487
52403,772,3144,961,1403,8458
52404,736,5393,1701,4482,18599
52405,825,2648,858,2350,10218
52411,69,980,556,563,2403
52501,813,3921,1279,2581,11523
52530,28,107,28,67,233
52531,185,761,288,418,1954
52533,19,106,38,91,381
52534,0,51,26,56,164
52535,10,102,20,25,253
52536,34,39,13,42,117
52537,211,989,308,424,2218
52540,42,152,32,47,327
52542,32,53,15,40,128
52543,0,86,18,12,182
52544,375,1029,278,445,2474
52548,1,4,0,5,33
52549,5,101,29,31,182
52550,29,78,15,34,204
52551,32,44,33,60,241
52552,45,176,31,137,358
52553,50,307,82,131,586
52554,24,105,41,30,275
52555,4,32,12,22,66
52556,396,1053,322,722,4103
52557,0,0,0,202,571
52560,0,13,1,12,92
52561,15,180,29,88,448
52562,0,4,0,0,4
52563,31,247,192,160,816
52565,54,180,64,129,514
52566,1,28,16,36,120
52567,3,46,3,43,109
52568,2,9,0,0,25
52569,29,39,10,55,113
52570,11,203,33,69,309
52571,36,207,57,119,430
52572,32,178,67,118,425
52573,0,11,0,28,75
52574,13,98,10,49,163
52576,3,85,15,22,104
52577,438,1978,524,1488,5347
52580,52,55,14,32,178
52581,0,39,3,50,107
52583,14,44,30,20,161
52584,0,225,60,145,394
52585,11,104,47,70,294
52586,6,82,31,0,162
52588,0,0,0,0,0
52590,17,256,53,110,436
52591,165,216,90,215,986
52593,7,6,7,14,42
52594,17,78,51,16,180
52595,15,99,19,38,197
52601,920,3406,1239,1962,9482
52619,9,12,46,32,147
52620,4,114,88,83,390
52621,8,109,60,117,362
52623,15,244,80,215,629
52624,49,92,25,11,158
52625,46,323,88,163,791
52626,23,253,35,35,307
52627,424,1314,502,981,4734
52630,7,12,17,18,87
52631,1,10,1,0,16
52632,297,1642,307,1079,4221
52635,1,131,31,103,381
52637,66,362,137,100,1102
52638,11,122,15,11,166
52639,33,134,20,91,376
52640,43,165,62,104,482
52641,304,1409,523,1582,5246
52644,10,115,10,29,121
52645,76,501,114,410,1409
52646,3,27,9,22,72
52647,0,30,3,20,68
52649,5,177,25,20,197
52650,2,111,0,66,332
52651,29,56,9,18,100
52652,6,20,6,0,25
52653,82,230,148,411,1131
52654,36,162,53,98,502
52655,188,435,173,502,1627
52656,72,242,70,93,584
52657,1,7,0,0,32
52658,26,116,29,33,225
52659,69,167,80,88,429
52660,0,0,0,59,90
52701,0,28,4,4,45
52720,4,145,47,55,437
52721,11,96,58,63,330
52722,613,6149,1978,2843,15019
52726,40,478,164,246,1457
52727,19,34,47,27,158
52728,9,146,68,53,339
52729,15,106,47,34,295
52730,58,705,171,432,1667
52731,10,100,42,55,248
52732,871,3059,937,1896,9010
52737,9,23,9,21,83
52738,105,415,109,208,1273
52739,3,152,4,31,275
52742,160,1206,290,636,2598
52745,4,20,2,55,144
52746,1,236,54,54,451
52747,67,269,112,110,734
52748,190,1993,585,432,3433
52749,2,258,54,73,434
52750,0,115,25,25,165
52751,9,143,38,106,339
52752,4,59,20,4,113
52753,21,1495,172,185,1751
52754,48,144,159,77,601
52755,40,344,78,206,739
52756,14,138,97,62,376
52757,1,36,6,2,66
52758,1,34,13,19,98
52759,0,0,0,12,12
52760,0,99,0,26,211
52761,695,4425,1178,2482,11139
52765,22,30,14,19,92
52766,8,88,44,46,288
52767,14,141,0,0,55
52768,22,123,46,155,432
52769,19,92,20,44,180
52771,0,0,0,20,35
52772,265,636,326,302,1761
52773,50,353,140,207,923
52774,3,20,10,20,64
52776,85,709,327,388,2150
52777,59,251,108,72,444
52778,49,309,158,414,1193
52801,12,102,14,362,954
52802,113,1039,464,694,3772
52803,338,2014,739,3355,10555
52804,564,2800,1069,2634,10197
52806,765,3930,1014,2076,10429
52807,537,2038,472,1677,7119
53001,22,166,70,94,516
53002,10,323,117,135,921
53003,0,0,0,0,11
53004,50,241,133,445,1232
53005,534,3078,888,1120,7353
53006,22,181,67,121,716
53007,33,202,23,195,680
53010,98,826,289,602,2235
53011,23,242,78,143,666
53012,556,2586,764,1526,5999
53013,85,520,111,359,1283
53014,154,1077,257,439,2667
53015,45,370,192,206,1124
53016,1,47,34,15,145
53017,82,728,280,480,1857
53018,135,1069,238,276,2092
53019,29,213,83,143,588
53020,55,277,180,328,1091
53021,182,460,152,391,1586
53022,387,2535,1039,1160,7110
53023,22,104,47,128,483
53024,327,2434,741,1367,6888
53027,529,3327,902,1916,8257
53029,463,2961,1073,1696,6710
53031,0,4,0,0,45
53032,84,618,214,388,1806
53033,109,723,217,284,1471
53034,69,198,60,130,495
53035,20,293,89,138,744
53036,23,446,78,158,1292
53037,71,1297,386,845,3643
53038,31,395,190,568,1848
53039,179,344,262,580,1830
53040,103,905,326,445,2852
53042,179,751,300,560,2405
53044,31,352,162,135,776
53045,1098,2848,1110,1960,7457
53046,132,180,27,110,523
53047,71,10,3,4,24
53048,154,452,145,312,1296
53049,22,268,107,73,901
53050,84,760,283,401,2292
53051,1617,5146,1684,2283,13644
53057,75,226,77,109,519
53058,21,253,55,301,940
53059,26,183,38,169,651
53061,98,555,172,467,1652
53063,24,203,116,186,576
53065,118,273,124,148,789
53066,788,4366,1411,2747,12051
53069,20,8,0,0,80
53070,84,681,237,426,1569
53072,799,3171,714,1477,8631
53073,366,1554,535,1707,5947
53074,318,1733,332,857,4841
53075,43,360,121,272,1158
53076,36,426,127,313,1267
53078,24,181,99,106,525
53079,58,155,39,48,359
53080,83,472,232,663,2032
53081,1176,5597,1892,3755,17267
53083,392,2887,788,1464,7619
53085,186,1530,411,1089,3844
53086,178,1171,343,961,2887
53088,13,20,1,21,91
53089,323,3086,894,1370,7317
53090,335,2400,653,1648,7735
53091,40,234,70,161,732
53092,709,2308,1052,1101,5880
53093,39,199,55,211,664
53094,227,2097,796,2087,7080
53095,1137,3066,1274,2227,9662
53097,141,764,348,1616,3238
53098,482,1290,496,1348,4313
53099,0,0,0,0,0
53103,57,404,168,109,959
53104,21,661,221,634,1894
53105,1000,3137,1348,2603,10385
53108,35,279,203,89,982
53110,586,1612,352,965,6846
53114,43,256,85,104,731
53115,580,1955,634,1497,5942
53118,160,724,240,642,2298
53119,30,547,170,611,1858
53120,114,1271,359,900,3589
53121,360,2013,758,1466,6655
53122,275,855,318,456,1958
53125,38,111,65,104,401
53126,51,773,281,455,2302
53127,0,36,0,0,68
53128,85,1526,332,810,3531
53129,514,2157,733,795,5232
53130,233,996,202,495,2771
53132,838,4171,1261,2368,12269
53137,19,85,60,55,506
53139,22,170,58,267,833
53140,837,3138,1116,4884,14210
53142,595,4832,1889,3143,13214
53143,392,3269,583,1385,8549
53144,427,3335,1103,3366,11401
53146,308,727,468,354,2188
53147,591,1903,819,1611,6097
53149,255,2408,952,1246,6824
53150,514,3169,1262,1942,8511
53151,1033,3338,1072,2427,11001
53153,56,496,106,134,1008
53154,507,4553,1573,2285,14475
53156,54,308,215,347,1461
53157,0,0,0,0,0
53158,305,2217,543,1336,6357
53167,17,0,53,0,99
53168,92,1163,333,479,3164
53170,16,319,97,144,767
53172,516,2373,667,1098,7302
53176,0,47,0,0,15
53177,123,967,309,600,3857
53178,20,264,114,136,931
53179,81,673,251,686,2542
53181,96,824,440,368,2467
53182,347,1241,360,911,3645
53183,27,385,111,136,1194
53184,111,548,306,408,1506
53185,219,2431,660,1448,5740
53186,803,2829,1385,5047,15903
53188,764,3778,1271,2903,13415
53189,490,3153,1334,2341,9895
53190,309,1514,457,8782,12696
53191,140,376,130,146,777
53192,0,0,0,0,0
53195,0,13,1,3,18
53202,622,323,20,5114,17026
53203,0,53,0,413,1536
53204,348,7289,2281,3924,18073
53205,82,1875,386,870,3465
53206,343,3947,1124,1708,8184
53207,448,3380,763,2088,16362
53208,156,4103,1165,2544,12411
53209,984,6536,1765,3962,17736
53210,268,4272,923,2281,10185
53211,744,2535,915,8596,19655
53212,137,3971,1058,3307,14520
53213,784,3007,1103,1656,12057
53214,829,4116,826,2018,14366
53215,784,11001,3220,6777,26579
53216,518,5259,1588,3084,12240
53217,633,4548,1610,1638,10361
53218,446,8009,2283,4373,17386
53219,827,3945,1473,2525,14427
53220,551,2849,709,1891,10662
53221,833,5146,1328,2646,14636
53222,394,2914,750,2150,10074
53223,496,4325,1226,2096,10277
53224,113,3815,1666,1637,9054
53225,590,4168,944,2302,11141
53226,731,1728,788,2257,8487
53227,520,2427,787,1520,10202
53228,895,1579,471,1012,5384
53233,46,560,38,7610,11056
53235,463,581,144,460,2913
53295,12,0,0,0,24
53402,559,4647,1509,2295,12448
53403,328,3958,1340,2400,10492
53404,132,2354,674,1329,5373
53405,734,4075,1301,2668,10832
53406,883,2922,716,2002,8239
53501,0,0,0,0,36
53502,14,337,71,159,862
53503,18,250,76,134,704
53504,51,257,101,153,755
53505,6,41,9,48,125
53506,17,66,31,69,288
53507,50,436,95,86,817
53508,181,737,251,328,2010
53510,18,228,43,108,509
53511,775,6489,1884,5596,19090
53515,45,300,66,125,770
53516,25,264,100,190,716
53517,8,160,94,201,669
53518,19,170,78,127,543
53520,241,835,251,405,2115
53521,23,490,146,286,1233
53522,14,93,57,51,306
53523,107,575,174,310,1441
53525,125,527,191,336,1298
53526,13,64,25,36,196
53527,171,1733,362,830,3954
53528,94,912,353,362,2267
53529,41,418,101,198,971
53530,195,620,215,353,1535
53531,30,469,126,236,1497
53532,299,2266,1093,991,6426
53533,205,838,358,739,2643
53534,215,1687,517,873,4299
53536,179,1079,237,511,3113
53537,20,91,14,31,296
53538,372,2246,845,1269,6582
53540,3,6,6,8,45
53541,30,58,26,69,245
53543,70,239,60,103,560
53544,5,109,38,73,246
53545,767,2717,977,1959,9478
53546,612,3986,977,2267,10826
53548,433,2550,769,1692,7621
53549,224,1006,429,595,3326
53550,15,171,54,82,378
53551,69,1548,298,611,3434
53553,4,91,15,43,226
53554,26,172,50,85,291
53555,166,957,356,396,2590
53556,44,214,73,127,773
53557,3,37,12,23,130
53558,252,1939,770,895,5038
53559,6,668,107,464,2440
53560,87,424,109,149,1019
53561,34,191,62,111,611
53562,405,3804,1341,2014,11427
53563,92,1469,1026,864,4483
53565,134,623,156,223,1402
53566,520,1682,686,1041,5250
53569,24,100,9,25,231
53570,36,264,88,224,898
53571,0,0,0,68,68
53572,280,1925,502,376,3721
53573,59,411,76,280,1091
53574,134,640,169,244,1447
53575,114,2373,749,898,6420
53576,42,245,159,171,868
53577,42,148,72,68,466
53578,168,726,242,257,2088
53579,10,285,78,118,663
53580,4,61,29,39,193
53581,275,1274,415,775,3113
53582,15,129,53,57,420
53583,158,783,233,386,2140
53584,0,0,0,0,0
53585,41,263,122,269,939
53586,70,343,92,123,688
53587,36,157,69,110,429
53588,135,322,161,200,1070
53589,739,2434,648,1632,6623
53590,1091,6111,2207,3013,18117
53593,467,4210,1309,1727,11144
53594,150,750,143,400,1695
53597,464,2832,1267,1209,7522
53598,56,431,89,357,1481
53599,3,4,0,27,46
53703,349,456,223,18732,31526
53704,299,5918,942,4203,21595
53705,514,2350,689,2846,11839
53706,0,0,11,3673,3684
53711,636,5196,1210,5686,21246
53713,112,2865,716,4123,12863
53714,327,1358,441,1307,6522
53715,85,404,192,10937,13341
53716,392,2093,568,1065,6817
53717,349,1130,301,1164,5215
53718,342,2234,573,1815,8498
53719,1081,3498,1297,2746,16721
53726,23,448,99,2501,3703
53792,0,0,0,0,0
53801,24,73,33,37,284
53802,0,7,12,36,76
53803,10,154,86,89,468
53804,36,237,54,57,429
53805,63,665,192,466,2164
53806,33,111,45,94,406
53807,139,572,165,353,1491
53808,68,115,26,87,355
53809,100,819,214,535,1875
53810,12,38,6,27,109
53811,200,436,102,208,1028
53812,0,43,0,17,102
53813,140,698,274,727,2321
53816,5,187,53,85,355
53817,0,14,11,7,82
53818,265,1353,641,5372,8981
53820,71,240,66,220,754
53821,276,769,214,567,2523
53825,3,103,12,23,136
53826,14,188,90,153,561
53827,7,21,10,8,123
53901,332,1430,452,1393,6117
53910,53,512,149,321,1160
53911,17,213,56,105,587
53913,640,2285,683,1743,8247
53916,523,2619,897,1686,8418
53919,29,285,115,227,827
53920,65,11,8,18,153
53922,17,82,68,61,378
53923,114,310,95,160,716
53924,29,167,66,80,359
53925,257,1248,413,577,3287
53926,9,267,104,216,700
53928,0,6,3,17,44
53929,97,393,159,260,984
53930,26,173,46,69,394
53931,8,71,19,15,123
53932,34,412,122,163,936
53933,47,415,103,182,1513
53934,249,325,127,209,913
53935,7,48,11,17,97
53936,12,97,59,42,292
53937,10,175,66,94,380
53939,8,23,9,8,70
53940,0,0,0,0,0
53941,50,392,129,291,1037
53942,0,19,15,16,65
53943,19,246,80,133,491
53944,30,373,133,127,864
53946,129,522,174,255,1199
53947,5,86,15,8,79
53948,281,796,319,543,2786
53949,210,644,224,328,1630
53950,129,468,154,256,1828
53951,25,411,141,228,879
53952,56,242,110,261,1470
53953,0,16,5,9,28
53954,94,1059,231,520,2258
53955,81,657,307,414,2096
53956,106,428,198,221,1056
53959,366,2260,542,933,4952
53960,46,335,147,323,1231
53961,24,102,32,72,352
53962,0,0,0,0,4
53963,439,1690,462,1151,5969
53964,90,491,147,283,1281
53965,219,1215,492,820,3669
53968,32,433,116,164,801
53969,48,27,11,31,86
54001,184,921,321,443,2489
54002,113,1228,118,494,2637
54003,5,111,92,134,463
54004,43,297,67,196,695
54005,34,414,112,190,1052
54006,11,82,12,38,209
54007,9,105,27,96,355
54009,44,412,131,190,1011
54011,81,1014,313,431,2484
54013,134,456,116,240,1046
54014,50,216,100,98,667
54015,29,618,145,356,1387
54016,512,4201,1834,2322,12238
54017,503,2970,789,1681,7786
54020,156,1104,349,579,2558
54021,128,874,266,449,2629
54022,214,2750,736,5702,11491
54023,39,834,168,422,1904
54024,143,431,266,398,1715
54025,48,1030,323,496,2525
54026,16,193,81,45,698
54027,21,140,59,72,364
54028,60,411,148,241,1017
54082,0,120,144,128,632
54101,17,300,106,245,1143
54102,25,29,3,17,115
54103,20,46,12,14,101
54104,56,30,23,22,202
54106,138,605,289,446,1949
54107,81,438,168,271,1153
54110,184,728,317,497,2201
54111,89,211,90,111,616
54112,108,408,154,195,891
54113,62,350,191,192,1274
54114,178,577,124,233,1374
54115,838,6307,2034,5554,20523
54119,12,43,19,136,215
54120,2,2,0,11,20
54121,59,313,91,115,778
54123,0,8,2,43,92
54124,56,469,128,237,1064
54125,23,68,16,3,92
54126,27,489,165,300,1473
54127,0,8,0,4,29
54128,56,248,78,74,614
54129,113,462,112,170,851
54130,435,3507,1253,2309,10890
54135,72,582,215,334,1123
54136,123,1299,172,348,2318
54137,57,144,34,47,459
54138,20,82,19,18,217
54139,89,441,161,169,977
54140,219,1042,291,970,3648
54141,52,214,77,127,884
54143,467,1484,510,1010,5206
54149,50,113,27,42,242
54150,14,214,33,74,345
54151,75,421,176,205,1037
54152,0,44,8,21,97
54153,69,802,157,611,2271
54154,162,808,276,445,2025
54155,24,1055,346,904,3345
54156,59,156,27,75,318
54157,229,889,349,533,2310
54159,9,153,63,107,376
54160,2,24,7,18,83
54161,40,220,116,103,742
54162,152,1609,358,788,3199
54165,88,831,303,730,3185
54166,433,1903,663,1367,5634
54169,27,440,154,259,1070
54170,66,375,116,224,1211
54171,0,587,195,240,1345
54173,16,435,188,208,1193
54174,96,271,120,151,786
54175,45,40,8,31,121
54177,58,158,82,133,598
54180,10,560,235,197,1317
54201,119,543,215,427,1673
54202,19,78,114,72,458
54204,148,213,48,129,548
54205,26,279,97,197,696
54207,0,23,6,9,58
54208,82,802,286,540,2137
54209,68,70,49,86,367
54210,9,27,6,60,193
54211,22,8,8,8,37
54212,24,66,22,16,161
54213,6,162,70,116,516
54214,51,29,14,21,96
54215,6,9,1,31,51
54216,209,608,251,340,2097
54217,158,1093,281,660,2614
54220,1170,4766,1621,2872,13528
54227,26,181,37,94,480
54228,26,351,87,153,917
54229,16,749,224,203,1700
54230,38,584,218,312,1415
54232,26,47,22,41,255
54234,133,148,35,93,468
54235,380,1872,528,998,5179
54241,304,1558,442,1120,4754
54245,20,189,97,182,701
54246,24,57,18,50,221
54247,36,275,139,214,930
54301,640,2955,888,1834,8778
54302,668,4880,1229,3249,12702
54303,495,3067,1047,2582,11519
54304,522,3272,910,2357,11409
54307,0,0,0,76,1008
54311,754,4915,1321,4463,15297
54313,516,5509,2089,2857,13894
54401,835,3879,1364,2435,11721
54403,943,3100,974,1857,9450
54405,94,509,135,247,1018
54406,30,427,188,286,1231
54407,25,201,64,66,404
54408,12,139,39,64,394
54409,524,1413,432,1009,4285
54410,27,310,142,159,808
54411,78,582,220,360,1682
54412,166,273,78,114,575
54413,3,25,4,11,56
54414,85,507,202,205,1196
54416,33,226,63,94,503
54417,0,0,0,0,0
54418,21,191,53,62,294
54420,17,319,99,108,507
54421,128,632,217,348,1432
54422,18,287,85,178,531
54423,29,213,96,174,722
54424,20,151,61,124,458
54425,59,272,142,145,709
54426,94,584,224,241,1343
54427,12,121,77,84,364
54428,9,62,52,53,233
54430,3,4,10,12,42
54433,52,240,86,137,629
54435,25,192,88,156,586
54436,60,378,98,247,738
54437,67,539,134,227,1016
54440,52,281,116,228,924
54441,13,138,18,52,268
54442,42,166,115,78,519
54443,24,372,71,125,619
54446,48,668,175,276,1216
54447,30,47,4,38,123
54448,126,532,274,322,1398
54449,821,2906,1067,1808,8984
54450,27,76,15,23,173
54451,289,1414,489,826,3631
54452,566,1831,642,1331,5992
54454,20,116,59,143,590
54455,216,2459,702,1697,7326
54456,209,653,279,465,1910
54457,234,686,321,394,1984
54458,2,10,6,22,43
54459,55,164,47,92,415
54460,104,399,113,255,927
54462,4,46,2,28,50
54463,74,33,9,27,165
54464,0,7,0,9,37
54465,26,45,18,18,87
54466,71,318,137,127,791
54467,213,1779,382,1460,5815
54469,77,296,105,170,635
54470,68,222,77,192,685
54471,24,259,62,109,451
54473,46,299,107,263,808
54474,47,613,101,326,1403
54475,44,131,21,52,269
54476,630,2930,465,1609,7084
54479,82,502,208,280,1392
54480,105,257,45,101,416
54481,588,2273,932,7617,14767
54482,137,1334,233,755,3320
54484,79,594,221,404,2036
54485,12,33,9,22,62
54486,47,255,46,194,558
54487,278,877,334,571,2683
54488,8,161,48,69,369
54489,24,163,69,113,480
54490,9,141,26,22,234
54491,25,84,63,60,353
54493,5,34,20,23,156
54494,1136,3295,890,1796,8659
54495,95,1199,342,807,3247
54498,33,397,108,181,796
54499,98,235,105,164,906
54501,565,2260,721,1499,6711
54511,24,136,33,96,378
54512,37,120,29,156,415
54513,9,24,14,21,102
54514,21,204,62,70,489
54515,5,46,31,14,146
54517,3,4,0,16,30
54519,20,119,18,89,321
54520,76,451,176,229,1347
54521,302,762,263,518,2115
54524,45,55,31,28,166
54525,3,36,22,4,113
54526,19,65,29,28,186
54527,50,57,54,57,213
54529,51,164,21,26,236
54530,20,65,17,26,170
54531,18,133,50,57,281
54534,83,282,50,152,712
54536,4,14,4,22,49
54537,9,93,43,26,150
54538,99,445,96,187,928
54539,33,101,34,43,363
54540,18,31,7,41,157
54541,104,136,37,227,528
54542,19,84,21,61,179
54545,29,19,22,11,113
54546,37,160,39,78,330
54547,27,76,59,34,276
54548,373,469,178,189,1395
54550,20,52,31,41,186
54552,214,411,142,271,1142
54554,59,53,14,45,218
54555,142,530,156,303,1321
54556,23,104,31,64,284
54557,45,25,9,23,117
54558,34,94,45,80,465
54559,13,68,20,66,308
54560,33,59,34,13,148
54561,0,4,3,0,3
54562,81,64,91,102,468
54563,3,129,26,35,259
54564,10,39,11,12,87
54565,1,1,0,0,6
54566,32,165,20,93,354
54568,107,727,286,168,1401
54601,1405,4444,1132,13281,26080
54603,266,1336,350,1375,6057
54610,61,181,28,80,376
54611,27,185,78,108,564
54612,77,974,287,394,1902
54613,85,149,21,112,444
54614,39,330,103,181,896
54615,257,1239,380,850,3905
54616,74,368,102,198,854
54618,30,388,69,242,780
54619,91,719,167,289,1298
54621,15,241,83,142,477
54622,55,159,66,123,635
54623,20,196,79,157,659
54624,14,125,44,92,428
54625,17,19,4,4,48
54626,20,174,68,48,423
54627,18,292,45,129,604
54628,33,40,29,30,209
54629,57,242,90,234,771
54630,102,515,235,365,1569
54631,36,201,69,157,563
54632,12,95,69,59,314
54634,91,686,205,256,1318
54635,17,133,59,152,530
54636,319,2587,914,1388,6327
54637,3,12,5,16,66
54638,20,189,70,114,431
54639,101,359,68,171,814
54642,37,345,121,182,889
54643,0,0,0,0,0
54644,27,187,115,66,417
54645,0,22,7,8,43
54646,76,448,137,201,1139
54648,21,290,110,132,647
54650,918,2813,1121,1880,9441
54651,33,212,68,85,406
54652,17,182,77,74,375
54653,70,235,65,64,450
54654,5,12,6,3,36
54655,60,208,59,113,516
54656,208,2721,656,1186,6548
54657,3,52,42,40,147
54658,35,313,65,154,746
54659,6,182,44,69,417
54660,573,1921,788,1187,5707
54661,53,515,140,263,1319
54664,9,274,94,130,603
54665,282,1300,448,634,2836
54666,26,314,120,187,878
54667,143,769,205,382,1614
54669,157,1497,331,504,2634
54670,21,372,170,197,791
54701,1100,4642,1261,7595,19111
54703,532,4480,1395,7798,20577
54720,225,1300,323,741,3589
54721,19,179,80,67,410
54722,102,539,159,268,1393
54723,8,86,19,67,357
54724,223,1245,416,403,2826
54725,40,372,123,169,1029
54726,17,248,79,154,657
54727,85,648,226,307,1732
54728,178,536,253,427,1778
54729,929,3948,1078,2786,11934
54730,51,797,278,258,1849
54731,5,41,24,44,176
54732,45,393,182,183,1056
54733,11,139,45,91,392
54734,13,99,48,17,233
54736,81,529,149,341,1429
54737,8,66,8,18,209
54738,50,496,338,289,1505
54739,43,766,272,393,2080
54740,46,171,83,161,651
54741,10,357,75,155,610
54742,64,738,290,416,1648
54745,44,220,65,102,560
54746,7,82,26,19,195
54747,66,299,100,164,847
54748,1,79,80,35,440
54749,13,155,66,190,583
54750,20,125,53,79,367
54751,541,2384,597,7328,13464
54754,17,204,55,51,441
54755,168,988,286,486,2609
54756,42,75,45,31,228
54757,33,441,162,276,1169
54758,88,441,263,358,1615
54759,31,181,36,85,369
54760,40,11,1,0,26
54761,55,154,44,79,417
54762,19,159,42,93,375
54763,18,140,43,49,294
54766,29,296,100,147,556
54767,95,391,180,213,1146
54768,158,1025,262,563,2802
54769,11,36,14,20,108
54770,93,340,92,163,843
54771,116,698,278,343,1536
54772,8,145,41,82,412
54773,201,567,141,265,1221
54801,206,659,132,286,1621
54805,30,210,73,172,534
54806,300,1261,519,1170,4443
54810,48,329,79,180,926
54812,185,1058,207,552,2106
54813,5,72,15,49,234
54814,61,287,63,232,822
54817,39,200,91,141,543
54819,30,274,60,120,633
54820,17,50,14,49,235
54821,46,148,17,34,271
54822,50,565,188,236,1584
54824,26,239,82,149,641
54826,10,32,30,86,183
54827,8,20,8,15,59
54828,5,73,49,74,291
54829,144,645,189,439,1785
54830,80,168,58,115,484
54832,13,41,13,37,92
54835,19,46,53,111,258
54836,9,179,61,44,282
54837,102,335,91,226,1051
54838,24,78,30,72,281
54839,1,45,5,24,100
54840,99,546,168,346,1647
54841,14,40,17,12,95
54842,4,29,26,0,82
54843,331,1468,450,748,3690
54844,6,10,8,8,41
54845,0,12,0,0,36
54846,7,126,9,35,168
54847,59,202,84,93,577
54848,239,666,245,450,1877
54849,18,251,61,54,442
54850,4,13,0,11,66
54853,103,397,148,172,1066
54854,5,99,35,96,322
54855,6,206,58,77,311
54856,35,183,91,116,457
54857,0,0,10,0,10
54858,30,145,10,114,477
54859,90,213,69,166,593
54861,0,34,7,9,81
54862,6,19,5,37,103
54864,11,238,70,99,460
54865,18,22,22,47,184
54867,19,91,0,43,171
54868,564,2046,533,1248,5419
54870,28,176,109,50,459
54871,101,468,138,303,1074
54872,114,283,151,139,776
54873,101,239,76,222,726
54874,111,475,143,188,1141
54875,23,144,33,60,336
54876,25,167,42,144,461
54880,712,3273,1136,3044,12540
54888,29,137,31,40,256
54889,78,319,125,161,867
54891,121,317,127,211,1008
54893,76,438,112,265,945
54895,30,34,26,68,237
54896,38,60,15,53,373
54901,481,3074,954,9479,19952
54902,664,2538,617,2171,8619
54904,759,2506,894,1632,7456
54909,39,207,141,169,758
54911,704,2830,1067,3520,11337
54913,432,3243,1010,2003,9091
54914,666,3973,1062,2667,13023
54915,806,5949,1917,3401,16965
54921,32,191,36,145,482
54922,7,78,47,74,327
54923,243,1202,328,703,3039
54926,5,0,0,0,1
54927,0,45,22,42,129
54928,7,98,19,11,147
54929,339,707,321,700,3301
54930,43,261,79,123,591
54931,0,52,0,16,109
54932,11,157,24,74,403
54933,18,93,4,9,99
54935,1248,5499,1538,4072,16850
54937,342,2282,796,1689,7307
54940,128,502,191,204,1247
54941,80,213,126,138,689
54942,76,1831,561,387,4071
54943,49,245,48,65,600
54944,154,1322,360,684,2956
54945,93,338,124,255,1065
54946,170,0,0,1,2
54947,103,237,119,111,759
54948,14,15,7,11,46
54949,61,344,162,216,1098
54950,52,337,95,134,749
54952,458,3348,993,2516,11065
54956,824,6194,2157,3825,18396
54960,52,252,48,100,522
54961,357,2089,704,1022,5105
54962,17,127,29,61,387
54963,101,1030,282,430,2236
54964,13,102,40,37,274
54965,24,154,30,60,285
54966,55,303,74,191,685
54967,1,35,11,19,126
54968,60,245,82,239,843
54970,79,306,92,239,1378
54971,359,1327,390,1175,3843
54974,42,144,63,140,467
54977,25,209,75,89,436
54978,2,11,0,4,24
54979,8,185,176,107,669
54980,0,25,22,10,77
54981,425,1781,408,1066,4775
54982,247,727,247,422,2086
54983,156,512,156,310,1388
54984,90,245,102,179,935
54985,0,1,0,41,299
54986,131,673,251,218,1379
55001,59,362,61,136,802
55003,92,410,93,287,1859
55005,19,517,155,543,1811
55006,49,582,142,231,1317
55007,27,250,99,138,753
55008,515,1882,573,1289,5950
55009,221,891,272,515,2835
55011,108,1524,428,904,4092
55012,74,168,17,230,706
55013,231,692,323,569,2382
55014,226,3522,1109,2141,10558
55016,565,6125,1746,3108,16087
55017,1,131,34,41,308
55018,16,113,39,54,301
55019,13,359,107,108,760
55020,24,698,174,277,1705
55021,634,3912,1289,2396,11711
55024,340,6084,2181,2401,14941
55025,403,3191,1159,2063,10021
55026,2,30,16,21,179
55027,36,544,166,220,1100
55029,0,37,0,6,18
55030,38,216,50,151,504
55031,6,262,79,174,689
55032,16,384,139,237,1197
55033,711,3626,1172,2204,10480
55036,0,1,2,1,9
55037,126,512,315,395,1737
55038,230,2967,1157,1622,9207
55040,103,1966,512,980,5295
55041,227,932,264,390,2158
55042,215,1693,744,953,4426
55043,35,321,128,298,1109
55044,707,10085,2623,4839,23351
55045,68,1131,500,391,2659
55046,99,1051,309,422,2602
55047,71,218,111,109,529
55049,47,445,100,197,1000
55051,280,1186,365,705,3100
55052,37,188,47,174,676
55053,17,133,49,87,364
55054,0,556,148,162,1084
55055,144,449,220,548,1906
55056,288,1950,481,1115,5362
55057,563,2576,813,6587,12156
55060,873,4157,1390,2463,10862
55063,204,1007,242,563,2949
55065,7,232,46,71,483
55066,565,2225,782,1606,6758
55068,283,4661,1466,2801,12325
55069,96,704,231,397,2350
55070,150,1506,339,667,3509
55071,63,671,231,680,2387
55072,121,387,120,371,1829
55073,115,863,122,85,1069
55074,19,306,82,182,932
55075,443,2633,900,2027,8990
55076,331,2242,862,1704,7819
55077,236,2183,685,895,5284
55079,121,1151,311,497,3000
55080,37,489,120,250,1142
55082,977,4669,1767,2700,12456
55084,34,276,104,109,740
55085,11,56,4,26,134
55087,2,54,9,10,132
55088,18,209,46,71,449
55089,28,217,87,203,605
55090,0,22,25,7,178
55092,170,1126,639,993,4001
55101,49,81,129,757,4305
55102,351,1165,300,1481,9107
55103,167,1916,663,1459,6240
55104,428,4830,1286,6855,22777
55105,203,2541,863,4884,13319
55106,486,9502,2517,5602,26212
55107,224,2444,865,973,6317
55108,456,1503,334,1869,7945
55109,1152,4925,1052,2585,13382
55110,988,4689,1475,2257,12616
55111,0,0,0,0,0
55112,1307,5911,1650,4480,19090
55113,2143,3889,1214,4410,16600
55114,15,123,48,809,2524
55115,203,1100,375,786,2869
55116,1167,2856,995,2321,10587
55117,454,7216,2351,4155,19751
55118,1173,2743,989,2221,10992
55119,429,7146,2090,3644,19529
55120,48,540,379,538,2049
55121,312,926,202,817,4133
55122,483,3764,1456,2623,12678
55123,253,4027,1172,2049,10505
55124,833,8732,2248,4219,20878
55125,515,6393,2282,4096,18172
55126,656,3154,1106,1663,8814
55127,675,2535,644,1093,5842
55128,612,3713,937,2836,10345
55129,174,6008,1190,1912,10994
55130,193,4298,678,1615,8065
55150,1,15,2,10,53
55155,0,0,0,0,0
55301,69,2517,550,937,5939
55302,142,961,369,613,2437
55303,981,7243,2255,3938,20020
55304,509,6812,2363,3680,17771
55305,744,2095,482,1215,8545
55306,351,1761,654,2116,6880
55307,93,549,115,292,1199
55308,133,1596,654,788,3569
55309,106,3323,1066,2193,8651
55310,28,222,41,86,415
55311,301,5477,2557,2196,13909
55312,18,217,93,92,473
55313,453,3883,1030,1963,8875
55314,75,102,59,54,274
55315,59,1185,418,549,2776
55316,198,3541,777,1544,8113
55317,175,3538,829,1660,7883
55318,588,4302,1509,2527,11680
55319,92,809,259,406,1931
55320,55,901,175,410,1984
55321,121,996,250,315,1799
55322,32,486,166,192,1234
55324,15,122,36,73,330
55325,36,715,244,379,1595
55327,33,694,233,222,1707
55328,165,1591,535,623,3670
55329,22,280,131,180,755
55330,643,6057,2009,3206,18225
55331,290,2467,1032,1098,5437
55332,136,243,76,113,561
55333,12,96,55,40,248
55334,150,316,114,246,1012
55335,29,167,51,112,470
55336,317,1186,313,638,3035
55337,971,5554,1710,3731,19417
55338,24,136,38,97,415
55339,6,113,42,70,363
55340,94,1699,315,316,2929
55341,7,665,177,212,1305
55342,33,207,60,190,671
55343,1035,2985,406,1329,10980
55344,327,1843,450,943,7042
55345,637,3133,868,786,6576
55346,169,2203,835,1181,6338
55347,192,4617,1673,1498,10688
55349,108,408,90,221,1113
55350,507,2100,730,1526,6463
55352,169,2003,513,1014,3950
55353,37,470,101,205,1214
55354,26,563,178,162,1304
55355,451,1078,409,778,3158
55356,79,986,321,205,1685
55357,45,563,236,207,1043
55358,43,752,336,501,2123
55359,134,1359,299,271,2072
55360,14,554,94,203,1479
55362,229,3061,879,1797,8340
55363,51,951,354,367,2259
55364,62,1702,584,888,4583
55366,9,61,15,37,168
55367,4,173,34,77,396
55368,27,229,96,130,759
55369,493,5124,1469,2119,14812
55370,8,96,22,93,283
55371,396,2585,607,1163,6556
55372,320,5437,1529,2593,12239
55373,53,630,368,534,2240
55374,182,2645,819,867,5042
55375,17,710,197,576,1737
55376,77,3148,1270,1213,7531
55378,187,4389,1737,2440,13085
55379,535,7271,2479,4520,21240
55381,45,195,100,162,657
55382,34,477,160,259,1036
55384,264,74,63,105,661
55385,32,163,79,74,439
55386,39,1504,539,605,3634
55387,418,2221,666,940,5470
55388,57,831,198,672,2320
55389,54,570,84,187,908
55390,29,482,111,120,1196
55391,618,2027,762,665,3950
55395,77,258,121,284,948
55396,92,268,107,100,719
55397,109,384,122,249,1173
55398,95,2885,746,1130,6513
55401,32,301,31,724,7194
55402,0,0,0,175,501
55403,369,501,83,1633,10173
55404,376,3338,898,4558,14329
55405,144,1582,318,1563,9940
55406,678,3382,964,1343,15230
55407,352,5311,1260,2362,17953
55408,336,2318,693,5331,21162
55409,173,1085,393,656,5303
55410,298,2891,869,810,7625
55411,151,6361,1756,2730,13231
55412,166,3941,1408,1911,11825
55413,238,900,164,1138,7808
55414,169,386,206,18964,27612
55415,0,319,59,775,3811
55416,1112,3033,1037,2657,17001
55417,335,3420,712,1242,10369
55418,797,2769,772,1748,14329
55419,345,4465,1311,1593,12190
55420,635,2968,1114,1879,9366
55421,1011,3440,848,2180,12690
55422,1127,3038,714,1725,11249
55423,1029,3746,1269,2719,16836
55424,147,1765,449,495,3071
55425,229,1476,262,920,4507
55426,1038,2446,467,1554,11250
55427,576,3218,883,1841,10459
55428,1003,4027,1502,2639,13811
55429,340,4315,1387,1967,12425
55430,255,3351,1022,2264,10831
55431,761,1750,561,1374,7211
55432,474,4474,815,3036,13455
55433,773,3912,1472,2784,14067
55434,216,4688,1414,3175,13330
55435,1337,830,388,795,5092
55436,523,2069,511,822,4223
55437,677,1470,750,1322,6678
55438,413,1536,436,1189,5478
55439,143,1323,494,571,2691
55441,407,2093,628,1220,7312
55442,234,1042,321,781,4354
55443,393,4931,1246,2353,12194
55444,130,2883,913,1409,7569
55445,92,2079,587,1188,5542
55446,438,4809,934,903,10125
55447,294,3043,836,1150,7540
55448,632,3582,1363,2573,11493
55449,296,5046,1858,1971,12715
55450,0,0,0,0,0
55454,11,1398,208,2239,4843
55455,0,0,59,4886,4985
55601,2,13,3,12,34
55602,5,13,0,38,76
55603,2,18,0,8,103
55604,131,379,86,166,1085
55605,18,66,40,38,228
55606,0,0,0,0,39
55607,0,67,5,7,50
55609,80,0,0,0,0
55612,20,18,0,33,123
55613,0,10,1,11,36
55614,151,210,60,116,618
55615,1,6,0,22,145
55616,215,894,300,480,2406
55702,8,56,31,21,138
55703,14,220,40,36,276
55704,30,140,56,71,384
55705,201,327,125,111,841
55706,104,115,38,113,492
55707,98,482,153,229,1052
55708,24,61,26,67,280
55709,145,540,183,488,1406
55710,1,228,75,165,504
55711,23,50,21,51,243
55712,54,79,10,34,153
55713,44,161,56,98,308
55716,10,20,12,22,77
55717,0,25,11,17,77
55718,90,327,126,193,1085
55719,187,679,380,359,1715
55720,333,2614,846,1741,6972
55721,77,408,228,241,1452
55722,12,167,50,97,365
55723,83,213,35,72,466
55724,10,31,23,19,182
55725,0,11,0,3,17
55726,56,96,51,52,338
55731,102,325,153,613,1605
55732,25,135,30,68,407
55733,17,795,242,245,1793
55734,167,739,325,454,2284
55735,32,198,50,66,407
55736,52,125,52,73,327
55738,1,78,25,33,186
55741,47,315,127,168,857
55742,6,16,5,4,33
55744,571,2568,677,1117,6371
55746,659,1850,721,1286,5960
55748,28,177,55,113,433
55749,1,40,12,33,130
55750,40,316,75,239,780
55751,29,148,43,43,315
55752,6,16,0,25,113
55753,58,157,100,88,368
55756,1,38,12,5,75
55757,15,87,23,44,220
55758,5,28,4,7,41
55760,113,283,65,152,734
55763,1,29,14,38,123
55764,5,46,8,103,254
55765,7,67,21,23,205
55767,164,303,70,269,1775
55768,65,250,149,157,767
55769,56,240,47,181,749
55771,15,171,109,182,549
55772,3,20,7,4,22
55775,45,129,61,124,441
55779,35,447,188,376,1457
55780,10,38,13,25,90
55781,15,54,48,94,231
55782,0,54,14,43,143
55783,34,241,90,133,679
55784,0,9,1,0,11
55785,8,19,17,32,122
55786,2,10,13,0,55
55787,12,61,22,35,145
55790,52,130,27,84,346
55792,391,1154,402,828,3532
55793,18,79,30,34,176
55795,23,209,67,144,705
55796,1,2,0,9,39
55797,32,175,51,55,386
55798,6,91,28,32,188
55802,168,100,40,219,797
55803,455,1865,642,1820,6574
55804,372,2054,597,1376,5993
55805,101,909,250,3000,6071
55806,65,1025,162,1385,4472
55807,259,722,150,868,3830
55808,78,568,103,544,2216
55810,211,897,228,578,2703
55811,990,3257,814,4205,11325
55812,90,862,201,5020,7428
55814,0,0,0,6,176
55901,1656,7798,2026,5141,25104
55902,739,3253,893,2327,9929
55903,0,0,0,0,0
55904,328,3617,1378,2460,12293
55905,0,0,0,0,0
55906,425,2371,955,1373,7575
55909,54,170,37,88,446
55910,14,147,65,33,354
55912,752,4206,1300,2434,11311
55917,187,575,186,267,1293
55918,14,154,21,84,353
55919,13,105,35,20,271
55920,141,1653,493,421,3186
55921,151,474,231,383,1531
55922,6,199,47,63,401
55923,179,601,245,290,1606
55924,19,147,45,87,393
55925,18,152,54,112,471
55926,32,39,37,71,308
55927,62,602,186,361,1646
55929,4,268,76,78,488
55931,12,68,21,22,136
55932,41,246,90,212,822
55933,15,40,17,28,99
55934,75,494,151,327,1273
55935,12,118,44,65,324
55936,50,264,58,136,614
55939,159,225,53,127,532
55940,130,406,155,256,1123
55941,9,175,61,100,513
55943,89,509,151,208,878
55944,122,1095,366,570,3150
55945,21,115,40,120,432
55946,168,359,104,234,1172
55947,245,884,201,487,2430
55949,75,332,83,110,611
55950,11,0,0,6,9
55951,80,180,80,108,394
55952,31,406,186,293,1126
55953,13,116,39,69,298
55954,92,177,56,86,417
55955,14,395,182,232,937
55956,19,224,99,104,646
55957,6,116,53,41,255
55959,17,209,67,221,735
55960,62,639,138,159,970
55961,20,74,26,33,185
55962,21,135,22,67,235
55963,90,896,250,453,2170
55964,95,758,231,279,1657
55965,85,309,93,125,708
55967,23,183,67,80,382
55968,2,15,0,2,19
55969,14,133,55,70,338
55970,30,161,71,86,398
55971,152,368,95,166,882
55972,94,871,213,382,2069
55973,1,25,9,13,95
55974,187,274,84,102,603
55975,113,639,227,348,1553
55976,134,1466,353,715,3147
55977,6,32,10,11,66
55979,47,164,54,127,405
55981,109,338,125,198,929
55982,6,106,13,29,171
55983,60,221,84,129,612
55985,16,259,90,180,714
55987,1075,2842,770,8615,16471
55990,28,100,40,113,370
55991,25,130,66,97,474
55992,204,752,152,230,1839
56001,976,4879,1543,13781,27654
56003,415,2291,572,1203,5831
56007,1031,2754,851,1538,7044
56009,26,165,56,97,451
56010,21,85,34,100,346
56011,408,1488,361,626,3376
56013,239,514,198,255,1573
56014,18,85,25,37,192
56016,11,117,34,80,406
56017,15,283,66,64,493
56019,18,154,19,35,242
56020,2,20,0,5,34
56021,19,139,52,95,408
56022,1,5,12,3,30
56023,8,68,47,11,156
56024,70,572,154,234,1482
56025,3,73,2,8,157
56026,42,207,77,127,564
56027,51,61,15,68,212
56028,23,77,31,67,332
56029,19,64,12,38,160
56030,0,6,2,0,4
56031,508,1480,437,625,3634
56032,16,51,27,19,130
56033,4,60,28,58,143
56034,2,13,7,39,149
56035,2,29,5,17,83
56036,27,164,52,132,534
56037,36,180,44,68,442
56039,9,115,32,87,307
56041,10,152,47,52,299
56042,6,116,30,59,358
56043,14,36,7,28,119
56044,39,307,68,125,681
56045,10,177,50,55,292
56046,2,14,2,14,68
56048,74,549,218,445,1729
56050,10,183,52,77,497
56051,12,95,68,39,283
56052,13,45,36,45,175
56054,7,128,45,110,402
56055,62,614,135,226,1281
56056,0,2,1,14,24
56057,94,518,120,382,1511
56058,183,753,200,426,2131
56060,4,35,18,44,158
56062,91,422,134,313,1201
56063,18,486,119,132,915
56065,95,464,87,107,1003
56068,20,125,42,66,319
56069,100,743,221,378,1739
56071,325,2253,533,1206,5058
56072,77,274,73,196,673
56073,577,2171,737,1837,6546
56074,19,234,76,194,769
56075,0,12,2,6,51
56078,4,88,24,42,197
56080,1,134,59,64,302
56081,281,893,234,508,1996
56082,360,1356,538,3000,6774
56083,27,118,35,62,257
56085,180,607,120,433,1646
56087,240,473,109,195,913
56088,120,270,49,189,793
56089,9,28,25,10,108
56090,23,70,15,69,254
56091,8,34,12,19,85
56093,300,1677,538,867,4840
56096,71,248,99,225,878
56097,107,498,118,261,1027
56098,66,224,60,212,672
56101,280,854,213,422,2092
56110,56,235,72,119,490
56111,1,23,23,27,118
56113,3,47,11,11,85
56114,4,47,6,10,75
56115,30,200,31,48,447
56116,2,127,32,35,215
56117,4,77,9,34,149
56118,6,58,29,29,142
56119,23,181,41,75,437
56120,31,102,35,65,292
56121,52,58,23,46,219
56122,5,99,27,49,194
56123,8,50,8,11,82
56125,1,0,0,0,5
56127,16,53,78,62,244
56128,97,354,98,144,665
56129,10,112,36,45,262
56131,120,325,79,162,698
56132,16,30,10,29,97
56134,7,29,22,25,130
56136,70,137,33,63,305
56137,49,145,31,72,371
56138,73,163,69,59,345
56139,6,50,14,47,173
56140,3,6,1,0,15
56141,6,52,18,13,94
56142,62,117,51,88,361
56143,197,442,168,313,1463
56144,27,179,36,60,322
56145,10,78,8,42,126
56146,0,6,0,6,22
56147,2,11,0,4,30
56149,50,171,48,60,351
56150,148,428,97,175,926
56151,17,83,19,48,181
56152,71,189,61,119,421
56153,3,30,2,2,29
56155,8,69,17,40,158
56156,201,973,275,497,2248
56157,1,204,30,46,311
56158,2,31,13,55,106
56159,123,359,203,202,916
56160,12,26,6,0,79
56161,2,31,19,21,112
56162,12,29,6,11,82
56164,178,853,281,310,1831
56165,4,43,10,32,88
56166,1,10,3,15,56
56167,7,44,20,56,218
56168,19,111,22,57,245
56169,5,102,14,26,195
56170,16,75,16,38,130
56171,96,195,74,94,452
56172,166,350,135,257,1029
56173,4,27,5,32,92
56174,4,51,8,30,99
56175,130,408,151,298,1030
56176,41,98,25,167,352
56178,115,227,87,114,560
56180,30,213,43,117,422
56181,63,225,30,73,387
56183,73,143,33,115,404
56185,41,41,7,44,128
56186,6,63,18,34,175
56187,462,2361,797,1562,6021
56201,848,3391,1019,2400,9294
56207,5,15,14,14,60
56208,77,326,53,101,456
56209,23,435,99,185,879
56210,0,4,0,0,5
56211,5,62,27,32,198
56212,16,65,17,16,153
56214,48,83,23,30,203
56215,182,423,306,385,1731
56216,3,79,23,60,246
56218,11,56,12,47,154
56219,28,160,0,69,237
56220,137,357,114,214,845
56221,31,98,40,136,313
56222,34,298,90,198,769
56223,60,243,52,110,541
56224,7,56,27,11,120
56225,5,85,26,14,156
56226,1,39,6,2,72
56227,2,23,5,21,67
56228,7,68,20,84,309
56229,25,225,75,121,604
56230,12,83,14,48,235
56231,13,38,17,9,114
56232,70,334,109,183,788
56235,7,37,18,92,204
56236,0,28,19,30,127
56237,14,61,19,26,164
56239,5,113,17,69,228
56240,84,117,44,37,252
56241,110,471,147,306,1298
56243,27,310,129,176,722
56244,10,336,65,209,667
56245,10,59,25,71,240
56248,28,53,41,129,281
56249,11,24,7,28,96
56251,15,93,33,52,295
56252,73,242,28,62,350
56253,46,86,20,83,261
56255,6,44,12,20,132
56256,135,211,57,121,575
56257,26,52,36,38,144
56258,351,2247,722,1823,6093
56260,19,94,19,59,297
56262,23,71,21,33,271
56263,6,68,17,32,156
56264,80,319,74,144,697
56265,269,1068,318,532,2571
56266,91,197,75,127,565
56267,205,770,251,1349,3224
56270,9,210,54,87,402
56271,50,158,51,182,569
56273,193,719,189,322,1693
56274,4,48,21,22,100
56276,0,11,7,17,76
56277,82,454,130,268,1138
56278,184,315,69,194,820
56279,19,145,35,102,435
56280,16,56,14,36,178
56281,16,119,26,51,256
56282,51,228,58,99,553
56283,196,816,272,533,2206
56284,86,395,74,123,769
56285,43,142,40,32,292
56287,1,27,3,15,39
56288,112,537,216,299,1308
56289,20,76,15,29,154
56291,13,64,21,28,147
56292,10,106,36,59,235
56293,66,168,40,34,300
56294,0,0,3,3,22
56295,1,47,23,27,133
56296,158,199,75,166,613
56297,16,112,17,62,270
56301,330,4304,1208,9111,18245
56303,437,2767,720,2979,10816
56304,536,2236,572,2376,8046
56307,107,959,282,431,1981
56308,937,3173,934,2156,9046
56309,34,185,40,60,371
56310,65,705,166,638,1899
56311,45,73,17,35,160
56312,50,333,89,165,805
56313,0,2,0,2,11
56314,17,163,120,143,538
56315,14,285,49,89,676
56316,84,199,53,127,496
56318,12,158,58,82,332
56319,44,172,36,37,353
56320,352,1210,322,711,2698
56321,12,0,7,1371,1456
56323,14,64,31,69,234
56324,13,129,42,59,335
56325,5,15,17,12,71
56326,32,300,87,130,586
56327,2,84,11,20,170
56328,2,20,1,3,30
56329,163,1229,408,497,2918
56330,7,350,139,107,713
56331,53,344,104,193,879
56332,68,194,25,64,542
56334,223,761,216,390,1846
56335,5,31,5,12,80
56336,48,143,36,109,405
56338,32,167,52,118,458
56339,32,210,31,55,368
56340,38,367,57,248,790
56342,94,240,99,148,623
56343,9,71,48,42,225
56345,548,1867,530,1038,5182
56347,234,1141,279,543,2730
56349,12,107,24,39,230
56350,8,15,16,19,100
56352,153,758,230,308,1826
56353,197,1270,373,772,3528
56354,25,162,63,59,395
56355,2,158,13,28,194
56356,11,31,5,19,99
56357,5,169,62,98,425
56358,37,404,191,270,1138
56359,108,529,215,227,1114
56360,148,386,163,155,1025
56361,58,338,130,171,919
56362,202,575,301,478,1833
56363,1,33,15,24,107
56364,136,935,206,401,1963
56367,72,1027,219,417,2602
56368,97,486,197,288,1316
56369,9,53,8,20,198
56371,6,6,12,7,54
56373,34,538,149,282,1201
56374,61,1192,279,2403,4705
56375,16,78,25,104,346
56376,13,42,5,20,118
56377,421,3115,1499,2244,9288
56378,360,1087,245,754,3090
56379,314,2698,793,1385,7260
56381,111,225,87,101,714
56382,14,196,40,96,441
56384,8,51,2,20,117
56385,18,76,17,34,260
56386,9,85,18,25,162
56387,311,782,406,894,3029
56389,0,15,0,6,31
56401,658,4159,1040,2279,11387
56425,452,1132,397,772,2993
56431,375,866,340,496,2179
56433,42,121,32,86,403
56434,2,46,7,39,72
56435,70,305,94,191,797
56437,18,224,62,140,487
56438,64,361,160,187,901
56440,67,243,60,107,386
56441,243,413,102,203,1091
56442,150,215,62,50,461
56443,21,95,58,73,320
56444,106,348,234,145,894
56446,23,293,53,87,476
56447,18,99,11,14,158
56448,15,14,4,28,64
56449,36,298,73,127,679
56450,30,76,40,54,235
56452,42,92,34,96,349
56453,5,48,53,74,331
56455,15,236,144,106,623
56458,0,32,5,43,109
56461,33,511,81,152,1078
56464,115,1000,215,236,1474
56465,27,215,44,169,531
56466,82,329,124,219,957
56467,66,339,79,112,593
56468,100,420,141,325,1243
56469,38,52,34,29,175
56470,451,1197,417,776,3202
56472,165,1156,379,482,2821
56473,70,415,143,243,1031
56474,128,532,108,245,1326
56475,31,183,62,157,594
56477,49,328,141,185,905
56479,210,638,245,383,1540
56481,37,406,128,110,832
56482,202,1081,375,653,2597
56484,122,278,124,193,851
56501,473,2225,741,1433,6192
56510,105,325,92,223,797
56511,21,251,147,130,688
56514,71,667,202,288,1546
56515,128,220,73,123,640
56516,8,41,30,12,123
56517,3,48,17,8,78
56518,9,73,15,45,145
56519,4,37,18,22,96
56520,241,460,146,373,1374
56521,6,86,33,74,300
56522,11,90,9,38,161
56523,4,48,30,20,135
56524,30,99,31,24,164
56525,20,3,1,6,23
56527,15,114,42,85,329
56528,53,162,71,97,483
56529,84,818,182,347,2000
56531,60,270,90,67,656
56533,2,31,7,20,85
56534,9,204,36,32,316
56535,65,172,28,67,304
56536,11,45,14,31,136
56537,709,2615,695,1570,6644
56540,120,311,94,162,606
56541,0,5,8,4,15
56542,117,315,98,129,728
56543,1,34,11,14,87
56544,152,814,236,396,1872
56545,8,100,29,43,214
56546,4,31,2,22,71
56547,26,429,137,190,1034
56548,37,80,30,38,274
56549,101,925,224,148,1664
56550,0,31,7,26,84
56551,98,198,104,201,674
56552,25,73,12,14,139
56553,5,8,0,3,32
56554,103,342,112,114,762
56556,71,174,45,70,477
56557,99,549,118,221,953
56560,983,5873,1638,6329,20276
56562,0,0,4,491,502
56563,0,0,0,1430,1449
56565,0,30,3,18,44
56566,2,131,29,80,239
56567,65,465,119,234,1138
56568,0,24,0,3,30
56569,46,177,73,108,482
56570,4,99,36,119,363
56571,37,112,40,42,381
56572,219,609,257,362,1843
56573,255,957,121,630,2125
56574,1,22,6,18,75
56575,12,115,12,30,123
56576,34,87,26,55,222
56578,3,114,38,12,183
56579,23,179,36,60,418
56580,13,235,80,24,522
56581,8,24,10,20,92
56583,11,32,5,8,51
56584,69,190,85,50,397
56585,71,124,43,23,224
56586,31,229,76,70,461
56587,19,129,24,39,288
56588,14,47,20,21,111
56589,26,315,94,126,552
56590,6,32,13,18,119
56591,0,137,51,77,339
56592,8,103,53,57,180
56594,10,57,34,50,201
56601,801,4398,1282,5070,14366
56621,161,671,172,335,1553
56623,90,171,132,91,789
56626,0,117,14,18,87
56627,7,4,2,0,14
56628,95,149,55,27,328
56629,0,18,0,2,23
56630,89,235,71,194,636
56633,37,939,250,340,1768
56634,53,281,106,142,618
56636,71,575,176,454,1507
56637,1,16,12,5,46
56639,36,19,7,21,84
56641,9,67,16,39,118
56644,12,82,33,46,205
56646,3,46,18,26,106
56647,15,133,8,54,293
56649,365,958,372,699,2944
56650,17,94,22,40,265
56651,5,112,23,42,142
56652,13,55,19,19,104
56653,49,109,26,67,291
56654,3,8,7,0,23
56655,56,53,30,59,209
56657,10,2,2,6,20
56658,0,0,0,0,0
56659,3,7,33,13,88
56660,4,31,6,4,71
56661,39,120,44,37,268
56662,20,11,2,22,124
56663,3,4,0,4,9
56666,0,377,71,130,426
56667,21,132,34,48,277
56668,12,21,9,0,55
56669,10,20,3,4,43
56670,0,318,76,55,461
56671,7,783,194,289,1250
56672,59,180,60,120,512
56673,3,60,18,15,156
56676,40,197,70,119,601
56678,11,221,103,120,648
56680,5,7,0,11,25
56681,6,16,1,21,61
56683,11,81,17,29,183
56684,4,48,16,46,138
56685,6,2,1,1,15
56686,0,176,0,68,312
56688,0,10,5,6,27
56701,258,1549,542,1099,4951
56710,32,59,18,25,117
56711,0,0,0,28,28
56713,50,128,75,33,359
56714,17,183,55,98,408
56715,4,30,13,7,74
56716,169,797,464,839,3714
56720,0,0,0,0,0
56721,194,1898,397,959,4257
56722,10,43,10,38,125
56723,17,118,30,79,297
56724,2,8,2,4,19
56725,14,124,59,71,325
56726,60,241,59,124,505
56727,26,86,36,87,292
56728,72,137,57,35,296
56729,2,28,6,2,28
56731,1,16,10,0,30
56732,43,73,38,98,339
56733,15,53,7,25,130
56734,61,51,16,75,187
56735,15,124,30,64,217
56736,6,58,19,34,161
56737,32,95,32,46,224
56738,46,204,46,136,473
56742,35,157,32,60,294
56744,39,116,30,31,227
56748,5,65,42,50,251
56750,100,329,85,115,697
56751,159,836,223,334,1865
56754,5,61,22,29,166
56755,3,6,2,0,5
56756,5,98,22,84,242
56757,32,79,12,23,206
56758,9,42,11,28,76
56759,4,47,20,32,130
56760,10,33,3,49,138
56761,1,37,13,6,98
56762,76,342,123,118,801
56763,101,650,285,459,1821
57001,97,153,35,101,427
57002,9,250,15,153,789
57003,12,399,75,101,837
57004,90,658,146,218,1478
57005,239,2090,645,492,4409
57006,325,2755,859,5763,12407
57007,0,0,9,2355,2366
57010,5,36,29,13,163
57012,35,114,26,107,438
57013,213,655,153,145,1323
57014,51,331,59,157,605
57015,14,186,26,61,263
57016,2,93,12,49,186
57017,52,218,128,141,572
57018,33,295,77,67,547
57020,0,286,66,112,699
57021,3,59,25,0,126
57022,100,988,276,238,1949
57024,2,105,12,10,131
57025,140,376,164,172,1204
57026,3,206,70,112,557
57027,16,11,7,4,41
57028,77,402,137,190,992
57029,98,361,104,133,688
57030,122,322,117,154,772
57031,24,80,31,35,314
57032,91,1810,267,519,3820
57033,31,970,235,345,2287
57034,5,99,47,63,236
57035,10,293,35,81,510
57036,3,93,22,32,204
57037,37,135,32,89,394
57038,21,312,59,41,510
57039,84,706,149,259,1497
57040,1,10,9,14,58
57041,0,11,0,0,37
57042,238,982,263,1079,2948
57043,138,228,53,60,414
57045,86,179,75,98,452
57046,5,53,38,50,241
57047,0,23,13,46,135
57048,12,151,78,164,509
57049,89,1161,339,758,2983
57050,1,26,18,3,59
57051,4,18,0,43,67
57052,0,110,0,0,47
57053,8,275,138,157,820
57054,5,53,24,23,207
57055,7,96,34,30,318
57057,0,52,17,0,99
57058,85,313,79,73,578
57059,76,143,44,120,421
57061,7,2,7,20,72
57062,46,102,30,291,1365
57063,14,107,39,54,304
57064,24,1578,224,468,3228
57065,2,35,3,43,126
57066,110,157,31,59,275
57067,0,67,12,14,62
57068,12,261,64,90,480
57069,187,1234,243,4936,7901
57070,93,144,51,97,430
57071,13,385,152,306,1383
57072,3,82,25,8,169
57073,45,74,39,10,136
57075,26,92,37,76,301
57076,9,27,10,34,110
57077,9,251,57,57,526
57078,580,2451,716,1948,7411
57103,446,5414,1406,3213,13771
57104,538,3129,733,2620,12816
57105,523,2210,956,2596,9865
57106,862,7408,1792,3915,22010
57107,0,1428,395,1173,5085
57108,433,4481,1639,2756,12759
57110,423,3418,1010,1720,8463
57117,0,0,0,0,10
57197,0,0,12,713,725
57201,619,3504,1148,2305,9989
57212,119,319,86,115,617
57213,0,102,34,19,175
57214,2,39,2,24,61
57216,44,112,74,104,422
57217,4,29,0,3,43
57218,2,21,9,70,135
57219,20,87,35,34,187
57220,34,123,23,29,263
57221,59,153,38,164,386
57223,29,247,61,72,444
57224,0,11,0,0,33
57225,161,271,57,83,481
57226,74,266,68,148,606
57227,23,170,21,38,153
57231,119,206,61,75,502
57232,1,83,0,37,146
57233,4,69,21,36,100
57234,44,213,79,71,462
57235,31,151,9,26,191
57236,0,25,1,5,27
57237,5,66,67,35,258
57238,17,40,1,9,74
57239,7,31,17,4,42
57241,10,244,30,60,380
57242,1,55,44,46,152
57243,14,77,34,20,172
57245,1,18,16,5,76
57246,2,8,5,8,33
57247,0,25,0,0,52
57248,29,127,69,126,403
57249,39,100,26,77,297
57251,0,38,11,50,94
57252,157,573,170,344,1559
57255,8,81,0,22,187
57256,0,45,13,11,65
57257,8,126,22,46,161
57258,11,10,4,12,133
57259,7,82,31,46,212
57260,33,156,48,118,295
57261,28,26,5,5,61
57262,123,905,259,497,1981
57263,11,95,34,26,154
57264,29,31,3,32,88
57265,3,25,9,42,94
57266,5,102,25,66,218
57268,18,99,12,28,140
57269,0,2,19,3,50
57270,20,104,14,64,245
57271,0,56,7,4,60
57272,4,43,1,4,87
57273,18,141,119,54,405
57274,151,315,79,221,888
57276,12,107,74,85,384
57278,20,210,76,73,307
57279,51,108,33,46,222
57301,537,2522,756,1639,7041
57311,4,224,115,147,652
57312,1,131,31,24,196
57313,65,216,62,76,331
57314,0,74,37,56,257
57315,28,216,80,52,343
57317,15,98,30,41,185
57319,29,182,60,8,260
57321,3,50,18,32,125
57322,12,74,11,13,64
57323,8,31,0,5,35
57324,0,51,43,8,163
57325,115,409,141,231,1145
57328,60,113,44,134,415
57329,1,42,7,30,103
57330,9,94,43,22,182
57331,1,21,1,2,46
57332,16,83,38,45,264
57334,63,135,27,61,231
57335,6,27,6,12,59
57337,0,0,0,0,7
57339,3,196,105,179,614
57340,1,12,10,24,75
57341,0,52,14,0,52
57342,14,13,22,23,79
57344,2,0,0,0,11
57345,53,141,38,20,318
57346,0,0,0,6,9
57348,15,203,17,38,192
57349,74,189,78,84,426
57350,589,2563,468,1111,5524
57353,20,124,50,47,279
57354,7,0,0,0,0
57355,40,251,99,139,485
57356,49,389,119,187,799
57358,0,0,0,0,1
57359,9,100,29,39,222
57361,0,34,4,26,74
57362,126,256,67,153,566
57363,4,157,56,38,338
57364,0,0,0,0,0
57365,1,38,23,20,132
57366,78,378,104,245,958
57367,3,34,5,12,66
57368,15,171,60,133,424
57369,128,448,106,115,808
57370,22,139,26,80,303
57371,5,17,0,79,119
57373,6,46,5,27,103
57374,12,49,15,21,62
57375,23,82,29,23,204
57376,73,59,54,49,266
57379,0,11,7,2,24
57380,112,646,170,348,1150
57381,13,56,9,23,154
57382,76,103,25,20,271
57383,64,97,36,35,242
57384,16,182,49,98,403
57385,62,156,47,85,393
57386,8,62,6,21,104
57401,869,4254,1103,3784,12783
57420,2,10,1,0,41
57421,0,34,0,0,16
57422,1,12,0,22,50
57424,8,25,19,14,110
57426,0,6,0,0,12
57427,0,19,34,30,180
57428,35,46,50,29,174
57429,9,0,0,0,8
57430,106,214,49,142,594
57432,1,19,20,11,64
57433,6,52,9,15,101
57434,14,58,17,23,168
57435,10,34,13,6,71
57436,5,56,6,24,118
57437,145,127,32,89,306
57438,115,108,35,106,363
57439,0,0,0,0,0
57440,7,14,22,87,252
57441,5,55,34,16,167
57442,81,345,127,102,663
57445,69,313,93,90,706
57446,18,142,2,6,200
57448,8,58,15,7,100
57449,5,43,68,0,184
57450,37,64,20,88,183
57451,70,364,40,157,810
57452,0,20,4,36,120
57454,16,83,87,67,289
57455,4,13,0,0,32
57456,24,62,34,18,214
57457,0,11,5,0,16
57460,0,42,21,25,102
57461,7,39,29,10,100
57465,14,86,10,37,108
57466,7,16,6,0,46
57467,21,66,40,0,153
57468,7,36,8,0,72
57469,195,335,225,194,1077
57470,0,39,0,0,22
57471,15,47,25,22,177
57472,68,141,67,78,369
57473,20,82,31,0,40
57474,16,15,46,16,91
57475,2,0,0,0,17
57476,5,81,6,12,96
57477,0,34,1,6,34
57479,0,101,25,29,228
57481,22,38,0,11,109
57501,317,2596,642,1087,6292
57520,11,8,0,0,46
57521,11,66,0,0,15
57522,2,36,4,67,202
57523,41,89,48,59,280
57528,59,210,39,16,242
57529,3,20,14,47,107
57531,0,8,0,3,23
57532,56,409,166,182,1058
57533,78,210,122,104,591
57534,0,14,0,0,56
57536,18,29,13,22,75
57537,19,8,0,39,39
57538,4,40,7,44,88
57540,6,7,8,17,44
57541,0,36,12,11,59
57543,57,73,10,57,315
57544,4,88,7,22,165
57547,0,0,0,8,17
57548,42,367,99,191,645
57551,54,338,181,133,801
57552,40,45,15,41,169
57553,26,44,10,0,104
57555,36,774,163,251,1343
57559,16,89,48,27,237
57560,4,52,27,29,218
57562,5,26,9,0,18
57563,0,19,0,8,19
57564,12,104,41,25,193
57566,0,271,52,127,384
57567,87,134,27,77,244
57568,10,14,23,35,206
57569,12,32,8,31,86
57570,1,467,205,406,1341
57571,0,3,0,3,4
57572,12,302,88,180,716
57574,0,0,0,0,23
57576,3,0,0,11,14
57577,0,275,148,84,539
57579,8,269,55,130,452
57580,116,474,125,198,1301
57584,0,5,0,0,0
57585,6,20,8,0,20
57601,68,511,53,165,1220
57620,15,73,14,13,146
57621,0,49,11,25,103
57622,0,39,13,75,135
57623,3,95,69,150,396
57625,9,868,210,376,1605
57626,25,83,48,29,254
57630,2,0,0,0,0
57631,10,9,6,81,121
57632,37,112,43,44,191
57633,18,63,12,30,168
57634,10,42,5,11,55
57636,2,5,8,0,26
57638,143,227,24,200,550
57639,0,62,17,38,135
57640,0,0,0,0,8
57641,5,39,8,15,61
57642,18,460,136,197,762
57644,11,28,27,10,87
57645,1,17,10,7,36
57646,4,77,0,12,82
57648,13,29,16,19,96
57649,0,34,29,10,90
57650,0,0,5,0,5
57651,0,15,7,0,27
57652,0,82,0,41,159
57656,6,126,50,71,347
57657,2,47,11,11,76
57658,0,92,40,33,183
57659,0,5,0,0,5
57660,0,8,0,5,26
57661,0,19,8,32,68
57701,1107,5220,1724,4459,18535
57702,1035,3918,1440,2472,11075
57703,167,2342,591,1401,6584
57706,0,265,39,1123,1793
57714,0,332,154,199,573
57716,0,12,0,57,130
57717,157,1127,355,595,3061
57718,89,1006,166,375,2820
57719,102,1703,270,1544,5416
57720,5,92,24,45,216
57722,0,6,0,4,11
57724,29,3,2,16,68
57725,37,13,4,21,73
57730,141,447,150,312,1504
57732,43,95,32,97,527
57735,16,164,141,169,579
57737,0,0,0,0,47
57738,0,25,1,0,8
57741,21,11,0,13,13
57744,10,362,115,93,716
57745,29,332,42,129,436
57747,191,421,78,215,1240
57748,0,49,17,10,117
57750,0,33,0,29,59
57751,8,77,73,58,272
57752,27,714,141,354,1064
57754,79,280,107,260,1188
57755,0,7,0,9,52
57756,0,69,5,76,309
57758,0,0,8,32,40
57759,14,0,23,199,226
57760,22,75,39,73,277
57761,35,194,87,91,455
57762,0,87,23,0,128
57763,4,30,54,31,127
57764,0,367,86,254,879
57766,0,0,0,0,0
57767,0,21,26,3,47
57769,54,653,327,260,1632
57770,71,1361,341,592,2425
57772,6,275,119,195,556
57773,0,51,8,17,94
57775,7,43,8,15,130
57776,0,0,0,0,0
57779,0,0,0,0,0
57780,0,0,0,0,0
57782,0,0,6,0,15
57783,470,1755,636,2054,6537
57785,304,1404,272,622,3494
57787,0,154,33,53,315
57788,13,37,29,14,337
57790,11,221,33,58,317
57791,0,8,10,0,55
57792,21,0,0,0,0
57793,14,303,135,83,567
57794,0,227,17,132,362
57799,0,0,0,550,562
58001,15,31,4,1,78
58002,0,0,0,0,0
58004,14,40,11,30,177
58005,2,178,23,44,323
58006,18,76,36,25,159
58007,8,0,12,10,58
58008,0,29,10,12,58
58009,0,0,0,0,0
58011,12,58,34,8,122
58012,24,495,77,222,1072
58013,0,3,1,0,25
58015,2,24,3,15,83
58016,0,0,0,15,104
58017,0,16,33,19,90
58018,5,72,40,11,196
58021,1,128,30,32,189
58027,102,128,29,144,464
58029,4,0,7,24,39
58030,8,120,16,36,183
58031,1,99,16,48,162
58032,60,53,24,99,250
58033,6,53,17,45,148
58035,0,45,9,0,42
58036,9,45,15,33,132
58038,0,24,3,20,60
58040,13,163,45,116,424
58041,60,201,69,42,475
58042,1,224,63,35,515
58043,3,23,3,0,26
58045,91,222,80,94,694
58046,5,133,15,37,203
58047,103,887,136,181,1487
58048,19,81,3,43,171
58049,6,22,8,11,78
58051,9,399,112,53,766
58052,5,70,5,4,167
58053,84,220,57,98,426
58054,143,500,128,273,1105
58056,34,7,3,5,23
58057,0,26,3,20,53
58058,0,11,3,0,45
58059,9,239,39,69,681
58060,10,140,33,44,423
58061,6,61,9,15,83
58062,1,0,3,4,54
58063,8,77,16,5,96
58064,8,90,14,29,151
58065,0,0,0,0,0
58067,9,60,4,10,79
58068,5,33,27,15,130
58069,7,4,2,0,28
58071,0,37,8,22,121
58072,320,971,311,1007,3012
58074,0,0,0,0,0
58075,269,920,339,1497,3696
58076,0,0,0,443,527
58077,6,103,24,44,269
58078,422,6208,1457,3859,18288
58079,0,50,45,0,140
58081,8,151,26,45,272
58102,369,2818,786,8926,17947
58103,947,5193,1467,5490,22742
58104,1069,5922,1487,6176,22394
58105,0,60,7,2439,2468
58201,878,4816,1335,6572,20004
58202,0,0,62,2866,2971
58203,141,1713,386,4140,9086
58204,0,452,81,268,1055
58205,0,0,0,231,253
58210,2,22,3,11,62
58212,11,22,2,16,119
58214,0,76,6,9,91
58216,0,23,8,27,66
58218,62,166,35,18,231
58219,0,0,0,0,0
58220,134,237,64,147,738
58222,8,15,10,16,49
58223,13,2,7,2,33
58224,0,0,7,0,7
58225,30,227,32,34,308
58227,10,30,17,44,182
58228,0,88,16,70,318
58229,5,0,2,2,15
58230,16,55,21,43,178
58231,4,64,13,44,171
58233,0,23,3,29,75
58235,15,120,31,49,165
58236,0,0,0,4,4
58237,277,812,163,406,1656
58238,0,27,0,0,13
58239,0,2,0,0,9
58240,83,155,34,62,336
58241,6,16,20,57,118
58243,3,54,61,12,187
58244,0,6,2,1,11
58249,141,202,83,121,587
58250,5,25,8,30,66
58251,42,217,58,128,557
58254,38,42,24,40,159
58255,0,0,0,0,0
58256,5,150,33,25,250
58257,94,285,137,557,1217
58258,0,35,1,7,58
58259,43,19,34,9,160
58260,18,62,0,2,50
58261,15,205,47,61,382
58262,2,14,0,2,17
58265,9,81,25,38,207
58266,0,45,0,1,44
58267,56,220,36,102,421
58269,24,11,0,2,15
58270,115,265,49,114,544
58271,21,67,18,26,194
58272,6,48,7,1,41
58273,0,12,10,0,32
58274,25,147,15,22,262
58275,11,121,23,44,258
58276,11,40,3,15,105
58277,5,4,0,13,50
58278,39,300,82,51,511
58281,1,3,3,0,3
58282,33,167,63,108,388
58301,305,1635,366,772,3513
58310,0,0,0,0,0
58311,5,5,0,6,30
58313,2,2,2,0,6
58316,90,1239,454,532,2421
58317,0,36,31,0,63
58318,90,539,112,429,1285
58321,1,0,0,11,29
58323,0,21,15,14,29
58324,71,164,46,66,398
58325,0,2,0,0,28
58327,0,27,14,42,134
58329,81,558,131,250,1107
58330,70,27,4,35,98
58331,0,17,9,11,58
58332,13,18,2,15,60
58335,4,350,96,146,421
58338,2,17,3,10,27
58339,0,9,0,4,6
58341,171,353,81,162,686
58343,4,4,3,0,7
58344,49,140,38,103,343
58345,3,2,0,50,66
58346,8,62,31,25,166
58348,22,63,19,55,233
58351,7,35,22,13,106
58352,3,77,10,16,178
58353,0,2,2,11,29
58355,0,13,0,0,16
58356,103,142,63,114,560
58357,4,108,26,45,173
58361,11,32,6,39,59
58362,0,0,0,0,0
58363,0,0,0,3,19
58365,6,6,0,7,31
58366,13,133,20,78,276
58367,39,342,60,101,438
58368,137,532,117,258,1129
58369,7,96,40,91,380
58370,0,291,92,135,548
58372,0,36,9,6,32
58374,17,51,29,16,152
58377,7,18,5,1,47
58379,0,95,8,21,115
58380,29,84,27,12,108
58381,3,72,25,28,174
58382,4,0,2,0,17
58384,2,16,7,0,70
58385,0,33,13,5,57
58386,2,0,2,12,16
58401,591,1884,561,1398,6441
58402,46,2,0,0,23
58405,0,0,0,672,680
58413,63,64,17,44,257
58415,6,41,6,15,64
58416,16,45,2,38,100
58418,18,42,6,10,100
58420,0,88,46,15,135
58421,163,361,124,169,976
58422,2,31,0,0,68
58423,6,0,0,0,0
58424,12,86,28,47,222
58425,97,148,82,50,326
58426,0,43,8,3,32
58428,0,37,19,3,90
58429,17,49,5,0,67
58430,2,13,17,12,38
58431,13,5,0,9,18
58433,48,130,29,68,322
58436,84,212,98,272,725
58438,13,95,12,42,206
58439,17,37,3,39,80
58440,1,21,0,0,23
58441,4,69,30,11,88
58442,22,83,12,15,122
58443,0,19,0,18,32
58444,0,13,3,9,44
58445,0,39,22,10,86
58448,6,22,10,37,107
58451,2,5,0,2,18
58452,0,33,0,0,15
58454,7,37,46,18,109
58455,5,42,10,8,133
58456,24,89,26,36,244
58458,45,110,47,110,384
58460,1,13,8,11,29
58461,10,70,5,11,171
58463,37,33,6,38,166
58464,13,63,12,0,44
58466,18,41,4,5,65
58467,14,73,24,28,150
58472,15,70,4,16,110
58474,95,422,112,260,972
58475,0,7,2,5,22
58476,3,70,2,17,82
58477,13,0,0,40,66
58478,4,0,2,2,28
58479,3,10,5,8,46
58480,14,13,16,7,40
58481,9,20,4,4,84
58482,49,107,38,66,266
58483,24,24,45,2,129
58484,0,20,0,0,22
58486,0,25,1,13,57
58487,11,80,47,55,197
58488,7,0,0,11,39
58490,16,27,15,10,89
58492,4,10,21,37,89
58494,0,75,46,45,182
58495,103,163,52,33,390
58496,0,0,0,2,14
58497,14,3,4,33,75
58501,1341,3018,1073,3096,11986
58503,961,5374,1477,2749,13799
58504,235,4021,1210,3040,12674
58505,0,0,0,0,0
58520,0,20,3,0,68
58521,0,51,22,37,205
58523,196,311,183,335,1239
58524,7,3,0,3,16
58528,0,182,42,49,284
58529,23,114,25,26,168
58530,8,226,20,54,288
58531,10,8,2,6,21
58532,1,44,2,37,82
58533,93,135,26,31,263
58535,25,61,10,15,114
58538,8,495,136,311,912
58540,127,419,170,132,937
58541,21,65,37,8,121
58542,19,54,15,3,56
58544,9,68,14,41,158
58545,59,420,100,148,930
58549,0,44,4,20,108
58552,106,118,16,55,324
58554,345,4016,1082,2505,11953
58558,7,102,68,83,363
58559,3,51,0,10,108
58560,2,80,3,38,72
58561,61,107,76,35,339
58562,7,27,25,8,73
58563,101,204,59,53,567
58564,0,12,3,0,33
58565,0,1,1,2,37
58566,0,59,1,5,69
58568,12,87,35,43,215
58569,9,20,5,0,38
58570,6,105,25,36,149
58571,14,149,39,45,235
58572,6,26,11,2,96
58573,48,84,35,80,239
58575,28,102,20,61,258
58576,10,147,55,89,315
58577,9,268,39,81,616
58579,25,122,30,80,314
58580,0,61,3,3,247
58581,12,13,12,26,75
58601,702,4264,1164,2503,12427
58620,12,40,0,3,40
58621,40,114,60,48,387
58622,26,397,59,61,647
58623,54,288,82,160,687
58625,25,75,3,14,50
58626,5,112,13,25,216
58627,3,33,0,7,56
58630,10,22,15,46,145
58631,68,68,21,53,300
58632,5,40,6,11,64
58634,0,42,13,0,116
58636,1,134,38,47,313
58638,41,159,69,47,307
58639,131,250,58,94,516
58640,35,131,34,50,429
58641,0,12,0,3,3
58642,11,69,14,10,77
58643,4,20,0,4,32
58644,0,0,0,0,5
58645,10,10,0,25,77
58646,51,109,38,40,331
58647,58,126,41,138,518
58649,8,15,7,13,86
58650,12,60,4,11,107
58651,13,73,21,15,154
58652,14,192,70,50,412
58653,9,140,33,26,199
58654,4,16,21,31,66
58655,0,111,12,17,180
58656,4,66,3,25,116
58701,847,3920,1295,3164,14527
58703,355,2870,776,3420,11555
58704,0,1011,62,724,2608
58705,0,0,0,269,285
58707,0,0,5,457,509
58710,6,53,11,21,171
58711,0,20,0,15,99
58712,16,0,0,1,7
58713,0,94,0,2,65
58716,7,72,21,13,89
58718,11,210,39,18,355
58721,18,58,10,12,124
58722,3,245,55,182,621
58723,8,27,21,20,87
58725,3,59,21,49,141
58727,0,3,2,0,13
58730,111,162,77,45,426
58731,4,31,16,70,149
58733,3,22,10,20,93
58734,1,4,0,12,18
58735,1,53,100,44,189
58736,11,50,9,25,131
58737,5,33,9,2,68
58740,1,109,23,71,303
58741,3,74,61,57,272
58744,7,0,0,2,11
58746,95,218,34,127,450
58748,0,17,1,1,27
58750,3,44,32,68,204
58752,8,60,15,29,121
58755,0,44,0,0,22
58756,0,6,0,0,28
58757,1,164,47,38,316
58758,6,29,14,4,80
58759,7,80,30,43,180
58760,6,26,22,25,89
58761,44,120,59,42,308
58762,3,62,0,11,40
58763,39,715,115,362,1537
58765,5,31,16,0,92
58768,4,101,9,8,127
58769,8,2,1,24,76
58770,11,241,62,125,604
58771,7,102,21,10,146
58772,0,5,6,2,50
58773,21,204,59,44,269
58775,3,16,10,22,68
58776,0,84,0,0,127
58778,4,2,0,0,59
58779,0,44,7,49,111
58781,10,96,13,28,155
58782,2,85,24,41,151
58783,21,23,50,8,108
58784,100,269,199,209,1244
58785,22,276,41,42,494
58787,4,7,0,0,28
58788,19,118,12,8,193
58789,8,99,2,12,131
58790,71,170,94,88,539
58792,15,74,6,2,50
58793,7,59,22,24,165
58794,0,52,0,31,99
58795,0,9,0,0,22
58801,452,6062,1131,2813,15745
58830,3,10,0,5,15
58831,25,203,65,89,492
58833,0,37,0,29,81
58835,0,204,35,0,318
58838,7,33,24,19,88
58843,0,227,35,81,312
58844,0,4,7,32,58
58845,0,54,28,30,109
58847,21,40,0,8,95
58849,58,150,50,90,379
58852,33,116,89,109,774
58853,0,79,14,37,144
58854,22,1627,409,780,4373
58856,0,0,4,5,29
59001,27,120,22,84,360
59002,0,42,9,0,71
59003,79,111,16,111,402
59006,90,263,69,0,392
59007,0,13,9,15,61
59008,8,41,21,28,164
59010,0,10,0,0,21
59011,91,319,126,331,1142
59012,2,2,1,4,9
59013,8,0,20,0,28
59014,18,130,59,143,560
59015,6,34,6,49,126
59016,6,124,60,82,323
59018,14,41,22,25,176
59019,123,577,248,270,1347
59020,0,5,0,8,39
59022,13,457,118,225,845
59024,7,46,22,19,99
59025,0,0,1,10,19
59026,0,10,7,7,28
59027,0,19,0,0,154
59028,1,27,2,7,83
59029,16,90,29,41,263
59030,6,42,7,137,446
59031,0,145,60,31,170
59032,13,6,11,50,108
59033,0,25,0,11,48
59034,69,847,279,616,2145
59035,22,9,14,10,92
59036,39,253,52,94,467
59037,29,375,17,37,849
59038,17,76,9,23,150
59039,0,0,0,0,0
59041,34,241,71,123,610
59043,13,750,284,430,1320
59044,196,2047,380,868,4374
59046,2,53,22,49,169
59047,334,1387,497,767,4904
59050,6,322,67,180,631
59052,2,3,4,0,26
59053,0,8,0,0,50
59054,7,34,4,2,62
59055,0,37,12,0,42
59057,20,52,26,213,359
59058,1,0,0,0,5
59059,0,10,17,0,55
59061,3,14,1,0,13
59062,0,10,0,0,0
59063,33,278,84,165,724
59064,0,16,64,0,101
59065,15,13,0,0,15
59066,2,146,27,38,246
59067,0,44,3,20,67
59068,121,361,39,149,807
59069,7,53,15,36,121
59070,37,163,79,53,495
59071,21,9,0,0,10
59072,78,509,164,309,1265
59074,16,21,14,10,75
59075,0,38,4,0,19
59076,0,4,3,1,14
59077,1,2,2,7,21
59078,2,10,7,8,19
59079,0,458,85,192,936
59081,2,13,0,0,13
59082,1,0,3,0,9
59083,3,0,0,0,0
59085,10,5,8,0,19
59086,6,63,7,24,134
59087,11,27,3,21,80
59088,0,189,48,95,411
59089,5,139,48,57,231
59101,570,5264,1589,4198,18051
59102,1843,5462,1583,4656,18268
59105,551,5046,1831,2705,14118
59106,583,2970,874,714,6795
59201,101,823,332,615,2289
59211,0,111,3,0,87
59212,0,42,28,10,157
59213,0,129,26,48,311
59214,3,5,0,0,6
59215,53,35,31,88,294
59217,0,60,25,8,47
59218,26,183,46,66,405
59219,18,25,0,11,63
59221,9,213,152,197,711
59222,6,22,12,3,48
59223,14,16,0,0,0
59225,6,121,26,36,182
59226,10,210,27,13,202
59230,95,620,189,256,1363
59231,14,49,0,29,225
59240,1,0,0,0,0
59241,8,17,18,33,148
59242,0,0,0,13,16
59243,8,73,22,43,178
59244,0,13,0,0,13
59247,0,30,11,14,91
59248,34,140,47,44,276
59250,1,0,11,53,186
59252,2,21,5,0,32
59253,0,6,0,0,31
59254,111,199,57,128,595
59255,8,739,153,317,1162
59256,0,30,23,0,65
59257,4,0,0,24,31
59258,4,13,0,41,82
59259,13,20,12,46,107
59260,0,8,6,0,36
59261,23,18,9,38,98
59262,10,132,23,85,340
59263,64,115,62,66,346
59270,86,1215,345,583,3200
59273,0,3,0,1,6
59274,6,36,10,9,66
59275,14,37,10,21,140
59276,0,0,0,0,0
59301,256,1296,433,1005,4269
59311,0,8,0,19,38
59312,0,0,0,0,0
59313,73,270,21,261,862
59314,0,7,2,7,14
59315,0,11,0,14,22
59316,4,0,0,0,0
59317,66,140,17,76,353
59318,5,32,4,6,59
59319,0,1,0,0,3
59322,0,30,4,0,58
59323,10,413,119,88,711
59324,31,46,39,47,187
59326,0,107,38,0,162
59327,59,243,44,178,770
59330,179,1100,282,684,3020
59332,0,14,0,0,29
59333,0,0,0,8,15
59336,10,31,25,7,83
59337,20,65,11,57,183
59338,5,15,0,10,41
59339,2,8,17,21,62
59343,1,0,5,7,16
59344,0,118,74,0,193
59345,2,2,1,3,8
59347,6,61,17,36,131
59349,41,79,21,43,213
59351,5,11,0,4,42
59353,21,141,66,53,323
59354,0,95,12,10,86
59401,257,1282,453,1332,6182
59404,663,3984,1144,1899,9777
59405,1193,4442,1005,4132,14196
59410,22,51,14,0,126
59411,8,257,47,43,359
59412,20,185,50,72,503
59414,0,94,13,0,202
59416,0,27,15,62,143
59417,77,1401,333,907,3275
59418,0,9,2,0,39
59419,2,0,0,3,19
59420,7,21,15,47,90
59421,29,181,77,80,576
59422,106,310,105,182,810
59424,1,12,0,0,18
59425,138,489,120,231,1153
59427,107,662,229,297,1635
59430,7,59,39,24,129
59432,0,17,0,10,35
59433,18,68,21,63,139
59434,8,37,9,46,172
59435,0,0,0,0,0
59436,82,376,109,170,823
59440,2,38,2,12,47
59441,1,28,0,0,51
59442,97,230,125,111,715
59443,2,62,20,11,202
59444,18,26,8,4,67
59446,14,56,21,56,193
59447,2,87,3,2,92
59448,2,127,55,91,305
59450,5,67,34,18,164
59451,1,24,6,8,112
59452,4,46,44,43,165
59453,0,37,0,3,65
59454,0,6,6,7,45
59456,0,26,0,0,57
59457,124,1028,324,477,2956
59460,4,0,0,0,8
59461,17,2,0,0,0
59462,1,7,10,14,41
59463,12,0,0,0,0
59464,23,47,19,56,180
59465,0,0,0,0,4
59466,0,0,12,19,39
59467,0,14,4,0,23
59468,18,86,18,13,183
59469,0,31,13,15,53
59471,3,27,21,35,112
59472,3,47,39,6,180
59474,88,240,149,227,1390
59477,0,110,5,0,58
59479,22,163,29,19,159
59480,0,17,11,11,53
59482,6,255,37,171,407
59483,5,21,17,42,103
59484,0,0,0,0,23
59485,0,112,61,40,227
59486,24,139,45,79,413
59487,1,146,86,175,593
59489,16,17,11,9,68
59501,150,1690,422,1318,4937
59520,19,133,67,51,375
59521,20,673,192,501,1512
59522,129,193,23,82,538
59523,88,314,93,50,593
59524,58,132,50,28,213
59525,3,35,5,12,46
59526,0,557,131,342,1175
59527,10,204,59,160,610
59528,7,25,2,12,47
59529,4,15,5,9,30
59530,4,13,34,0,48
59531,6,89,20,22,187
59532,9,0,0,8,17
59535,0,12,2,0,15
59537,1,2,0,0,19
59538,22,495,148,156,1031
59540,5,167,31,23,203
59542,4,24,9,6,116
59544,1,28,3,3,50
59545,0,5,0,0,0
59546,7,0,0,4,4
59547,0,7,0,3,6
59601,699,3464,958,3123,12124
59602,266,4259,1131,1775,10649
59623,0,0,0,0,0
59625,0,0,0,149,155
59631,0,35,11,41,104
59632,0,277,77,257,887
59633,0,19,12,0,34
59634,71,723,305,312,1720
59635,61,838,406,524,2669
59636,0,0,0,27,27
59638,0,124,0,13,139
59639,18,126,15,46,287
59640,0,0,0,4,4
59642,0,0,0,0,0
59643,25,35,27,0,247
59644,40,472,191,511,1364
59645,38,160,72,160,419
59647,0,139,0,0,81
59648,11,7,2,18,52
59701,628,3816,1105,3646,13029
59710,12,23,9,0,48
59711,235,657,232,850,3183
59713,3,12,41,8,79
59714,96,3249,1078,1804,10383
59715,581,3216,1103,9911,21414
59716,0,192,0,199,1231
59718,465,4668,955,7045,22571
59720,0,0,0,17,65
59721,10,49,11,11,118
59722,101,502,63,372,2059
59724,6,1,3,0,41
59725,205,817,323,1222,3390
59727,0,40,29,40,121
59728,10,8,19,43,142
59729,50,355,48,0,697
59730,26,319,131,52,899
59731,0,23,14,32,71
59732,3,30,9,29,81
59733,1,21,36,23,88
59735,0,20,2,23,105
59736,2,7,0,11,40
59739,15,13,9,17,67
59740,0,16,28,74,177
59741,147,950,229,332,1679
59743,0,15,0,3,53
59745,5,21,0,11,70
59746,3,5,2,0,17
59747,3,17,8,0,47
59748,0,43,5,31,134
59749,99,137,82,162,481
59750,0,32,7,141,246
59751,7,38,11,31,96
59752,95,497,234,240,1546
59754,15,66,44,80,317
59755,0,2,0,5,10
59756,0,0,0,10,149
59758,44,235,145,103,724
59759,64,221,132,193,914
59760,7,21,7,14,78
59761,0,1,4,17,51
59762,6,4,0,9,45
59801,289,2845,983,5463,17712
59802,425,1676,492,2949,9959
59803,339,2222,709,1296,6227
59804,337,684,181,486,2799
59808,194,3075,807,3200,10139
59812,0,0,5,1289,1318
59820,43,211,64,145,630
59821,40,488,101,149,886
59823,17,121,57,152,668
59824,12,153,34,92,479
59825,29,181,183,132,802
59826,37,23,18,23,105
59827,3,4,0,0,0
59828,88,486,155,334,1548
59829,46,134,63,102,531
59830,15,0,0,20,20
59831,4,82,48,64,227
59832,13,122,31,19,210
59833,62,589,300,502,1703
59834,0,248,42,89,568
59837,5,44,2,42,131
59840,639,1351,527,686,4637
59841,2,162,94,207,486
59842,0,29,0,0,36
59843,0,13,40,7,143
59844,15,73,30,13,174
59845,35,141,30,74,314
59846,50,90,0,30,247
59847,40,899,199,421,2852
59848,0,3,0,0,33
59851,0,0,0,0,20
59853,37,111,37,42,228
59854,1,3,20,11,70
59855,14,59,9,0,112
59856,18,4,0,8,23
59858,22,89,54,165,501
59859,116,349,129,281,1217
59860,173,1301,483,956,3442
59863,0,0,0,0,104
59864,79,1241,319,650,2654
59865,86,606,142,325,1390
59866,21,138,53,34,256
59867,0,0,0,0,0
59868,117,76,69,77,483
59870,180,1675,329,646,3681
59871,0,0,0,0,63
59872,81,193,87,116,590
59873,98,304,3,62,474
59874,124,203,169,126,551
59875,94,413,194,327,1304
59901,966,7766,2504,4926,22805
59910,0,15,38,47,278
59911,271,1047,286,493,2792
59912,143,2272,542,856,5803
59913,0,78,9,0,96
59914,32,19,2,13,84
59915,15,33,96,0,147
59916,2,0,0,0,12
59917,94,537,253,247,1356
59918,7,90,15,43,184
59919,0,217,0,49,233
59920,0,197,99,104,593
59922,25,336,110,0,578
59923,242,634,371,518,2573
59925,8,213,137,89,535
59926,0,0,0,0,39
59927,0,16,0,44,123
59928,0,0,0,18,18
59929,0,37,3,21,58
59930,67,45,4,0,99
59931,3,45,3,6,31
59932,92,31,0,53,222
59933,0,4,3,0,11
59934,3,157,24,46,261
59935,71,556,68,162,948
59936,10,22,6,47,130
59937,242,1292,449,642,4596
60002,275,2916,1539,2078,8860
60004,1377,6887,2054,2789,17850
60005,839,3585,901,1170,10200
60007,763,4193,1335,2121,11466
60008,472,2635,708,2035,9304
60010,1480,6922,2668,2899,13224
60012,129,1590,744,1061,4289
60013,233,3194,1325,2282,10322
60014,720,7285,2184,4334,18069
60015,812,3853,1421,2366,9253
60016,1905,7159,2316,4266,23144
60018,786,3504,1248,2672,10952
60020,196,888,126,955,3758
60021,0,640,256,246,1979
60022,76,1549,384,573,2230
60025,1280,5695,1750,1948,11807
60026,841,2291,756,614,4169
60029,23,79,39,41,151
60030,1111,3969,1549,3031,13277
60031,428,4640,1634,4221,14857
60033,142,2590,584,902,4871
60034,39,320,95,186,696
60035,870,4096,1195,1359,8214
60040,119,725,280,584,2169
60041,160,1172,429,768,3292
60042,171,867,243,747,3181
60043,34,594,103,146,630
60044,324,1377,518,547,3192
60045,724,2408,913,2664,7088
60046,363,4835,1881,3291,12965
60047,578,6482,2057,3591,14883
60048,668,4515,1417,2043,9303
60050,898,3554,1284,2339,12001
60051,181,2640,806,1781,8523
60053,778,3085,1125,1285,8353
60056,1499,6753,2111,3039,20648
60060,606,4393,1379,3231,14247
60061,731,4097,1500,1906,10224
60062,2064,4983,1438,2469,11751
60064,260,1894,580,2553,7453
60067,688,4657,1327,1857,13270
60068,1730,5510,1479,2382,11885
60069,846,863,473,723,2579
60070,273,1805,406,881,6025
60071,177,439,87,285,1305
60072,4,154,52,58,237
60073,377,10462,3061,6488,27700
60074,381,5185,1408,3046,14813
60075,0,0,0,0,0
60076,758,4403,1468,2085,11017
60077,744,3322,1292,2452,10402
60081,83,816,398,689,3032
60083,225,1278,516,946,3397
60084,316,2249,704,1732,6778
60085,879,10056,3484,8719,32605
60087,391,4049,1282,3013,12118
60088,0,807,2,9198,12614
60089,824,5936,2156,3078,15589
60090,643,4099,935,2827,16204
60091,1035,4542,1856,1071,7224
60093,505,3542,1071,936,5068
60096,77,678,153,550,2021
60097,49,1793,532,980,4418
60098,953,3754,1497,3556,13089
60099,343,4718,1641,3398,12866
60101,811,4045,1662,3824,15349
60102,628,3756,1334,2950,12165
60103,855,5140,1798,2938,15094
60104,157,2403,551,1401,7369
60106,478,2758,711,2019,8203
60107,487,5438,1694,3203,15663
60108,845,2740,591,1440,8391
60109,3,52,38,12,168
60110,153,6374,2062,4857,17248
60111,4,10,11,0,16
60112,31,702,99,436,2412
60113,3,28,15,16,124
60115,851,4464,1373,13218,24624
60118,296,1435,494,1451,5829
60119,339,1516,697,722,3462
60120,313,7415,2225,5150,21405
60123,1071,6381,2270,4994,19305
60124,280,2720,1414,1815,8890
60126,1294,6385,2183,3846,16545
60129,1,23,0,6,65
60130,252,980,320,875,5905
60131,180,2967,800,1680,7451
60133,211,6044,2008,3165,15701
60134,543,5058,1364,2658,11204
60135,76,480,80,1107,2675
60136,12,1803,320,188,3153
60137,1027,5561,1662,2842,13174
60139,334,3932,1342,4054,15131
60140,191,3248,755,1625,8208
60141,14,0,0,0,11
60142,1203,3487,1331,1360,8070
60143,144,1756,471,712,4138
60144,0,16,2,12,31
60145,19,516,65,136,852
60146,20,235,90,227,760
60148,1240,6041,1807,4562,21758
60150,12,278,70,213,773
60151,42,347,140,430,1360
60152,192,1423,543,1248,4633
60153,441,3341,713,2595,9386
60154,727,1291,639,1136,5093
60155,290,1142,372,550,2672
60156,155,4412,1543,2909,11973
60157,96,182,154,269,851
60160,466,3511,1230,2869,11009
60162,348,851,219,587,3024
60163,121,699,87,489,1766
60164,324,3255,1051,1917,8732
60165,30,783,169,679,2088
60169,250,4145,1184,3264,14602
60171,194,1931,230,864,4366
60172,449,2717,1043,2043,9085
60173,82,1533,540,703,7689
60174,698,3066,1361,2945,11900
60175,124,3779,1388,2388,8873
60176,175,1637,205,890,4229
60177,413,3206,1505,2149,9689
60178,259,3242,1166,2057,8643
60180,16,182,68,103,645
60181,509,3666,812,3596,13719
60183,0,0,0,0,0
60184,17,136,87,146,600
60185,326,4792,1889,3201,13447
60187,744,3427,1089,4183,12159
60188,933,4716,1951,4279,17031
60189,484,4323,1345,2422,11378
60190,190,1491,511,891,3773
60191,466,1521,441,1529,5414
60192,177,2003,825,817,5473
60193,1130,5051,1338,2702,13643
60194,699,3306,775,1274,7587
60195,48,554,91,457,2600
60201,1462,4398,1134,9508,19772
60202,407,4141,973,2505,13393
60203,147,744,216,309,1358
60208,0,0,11,169,191
60301,37,98,61,387,1931
60302,618,4327,1308,1850,11757
60304,89,3021,661,1133,6581
60305,156,1523,569,1178,4208
60401,213,1039,462,697,3028
60402,841,9228,3157,5819,27751
60403,454,1697,562,1712,7131
60404,343,2604,908,1518,6990
60406,388,3067,1242,2755,10965
60407,34,177,53,158,566
60408,8,591,349,538,2011
60409,369,4910,1673,2980,14246
60410,173,2250,782,1472,5349
60411,900,8110,2421,5757,20875
60415,223,1491,477,1308,6121
60416,149,1277,484,768,3561
60417,698,1318,707,1356,4852
60418,439,839,267,576,3566
60419,321,2771,891,1940,7711
60420,91,646,249,455,2075
60421,63,258,109,320,1528
60422,190,1092,532,593,3008
60423,279,4999,1933,2503,10814
60424,11,320,88,189,902
60425,254,1273,291,863,3055
60426,329,3451,932,2588,9366
60428,245,1900,389,940,4234
60429,246,2573,1082,1046,5744
60430,387,3237,1171,1501,7809
60431,272,4312,1288,2592,11247
60432,184,3286,849,2272,9235
60433,453,1854,642,1780,6259
60435,923,7346,1974,4819,20311
60436,219,2775,759,2081,8291
60437,2,5,2,6,46
60438,713,3972,1593,2173,10964
60439,939,3265,1023,1801,7749
60440,653,6845,2200,5459,21375
60441,337,4887,1955,2919,15607
60442,84,1942,696,1018,5521
60443,221,2519,803,1774,7166
60444,14,303,48,214,716
60445,94,2173,508,985,5482
60446,641,4678,2264,5368,18628
60447,121,2619,747,1610,6639
60448,183,3006,1148,1813,8601
60449,147,657,202,539,3328
60450,591,2577,783,1695,7492
60451,444,5508,1778,3279,14726
60452,212,3466,1254,2100,10405
60453,1157,7000,2216,3878,20725
60455,310,1969,862,1714,7034
60456,86,639,63,408,1609
60457,246,2580,491,1120,5835
60458,98,1725,514,2186,6975
60459,635,4247,1507,2537,11600
60460,12,175,65,95,437
60461,152,662,144,629,1702
60462,1055,4993,1659,2134,13291
60463,619,1416,445,942,4186
60464,444,1174,290,401,2338
60465,498,2262,790,1268,6908
60466,379,3152,1240,1714,8979
60467,959,2446,1257,2057,7910
60468,80,591,297,766,2322
60469,85,664,261,965,2434
60470,10,55,12,19,147
60471,368,1683,596,1565,4995
60472,74,796,118,543,2027
60473,637,2700,1022,1852,7798
60474,19,78,20,39,249
60475,249,1373,372,1013,4031
60476,64,137,131,189,817
60477,939,4089,1197,2522,13557
60478,207,1988,1093,1477,6671
60479,3,60,35,112,269
60480,88,419,318,358,1887
60481,274,893,384,932,4000
60482,275,1379,530,980,4592
60484,5,758,561,734,2927
60487,435,3466,1157,2223,9723
60490,120,3607,1066,2548,9302
60491,587,3128,772,1354,7358
60501,218,1614,564,1092,4897
60502,102,3495,1462,1658,9163
60503,71,2820,917,1182,7821
60504,207,5657,1699,3869,16922
60505,654,9946,3129,7068,26890
60506,835,6717,2345,5367,21328
60510,520,3666,1560,2091,10821
60511,43,283,32,64,514
60512,10,119,83,0,290
60513,355,2607,859,1155,7209
60514,37,1559,754,502,3406
60515,505,3935,1182,2062,9639
60516,634,3026,1123,1804,10294
60517,307,4420,1231,2756,13685
60518,55,378,108,375,1227
60519,0,0,0,0,13
60520,24,427,207,284,1103
60521,295,3417,1141,767,5219
60523,586,1224,342,680,2432
60525,998,4397,1487,1965,10024
60526,742,2090,639,709,4492
60527,1042,2864,1026,1651,9051
60530,6,133,41,163,403
60531,27,342,75,183,929
60532,784,3212,550,3133,12327
60534,118,1442,238,775,3854
60536,1,16,0,6,32
60537,2,80,23,19,177
60538,335,4811,2012,3544,14385
60539,0,26,23,42,90
60540,825,5631,1703,3882,15633
60541,52,510,136,260,1314
60542,323,2212,587,1204,6474
60543,599,6094,2363,3052,15845
60544,929,4100,1333,1960,10414
60545,203,2121,251,1109,5515
60546,579,2639,847,1133,5709
60548,179,1506,468,1550,4859
60549,5,84,79,113,270
60550,84,170,11,104,321
60551,13,391,84,334,2419
60552,95,583,105,486,1577
60553,6,82,29,50,217
60554,278,1853,575,770,3658
60555,156,1859,748,1148,6078
60556,27,394,84,232,1002
60557,0,0,0,31,81
60558,296,2503,763,674,3906
60559,560,2623,665,1743,9342
60560,282,4372,1035,2034,11333
60561,455,2444,702,1689,8077
60563,1087,4688,1651,2449,16440
60564,416,7448,2395,3426,17816
60565,540,5473,2294,2707,13234
60585,220,4315,1657,2058,9529
60586,222,7660,2513,5420,20514
60601,1,634,71,2224,10745
60602,0,67,0,126,554
60603,0,24,14,202,566
60604,0,0,15,107,427
60605,245,1891,183,4684,21443
60606,0,56,0,434,2526
60607,343,1292,292,5648,19925
60608,1101,8314,2078,8888,43131
60609,702,9035,2687,6620,27778
60610,911,2042,539,5014,24847
60611,854,910,58,3535,18257
60612,216,4425,1378,3396,16926
60613,666,2980,546,5343,31358
60614,728,5468,1630,10740,42971
60615,559,3803,1115,5990,21343
60616,1655,3966,978,4478,24656
60617,2170,12025,3595,7941,33180
60618,845,10288,2957,6006,45868
60619,1685,6790,2561,4778,22627
60620,1699,8764,2480,6419,25962
60621,708,3711,1076,2423,10567
60622,613,3295,845,3474,35445
60623,1116,10723,3475,8261,33127
60624,485,4897,1609,3966,15350
60625,1069,8283,2507,7791,40789
60626,530,3961,1099,7115,24983
60628,1667,7343,2131,5624,23087
60629,1265,15238,5079,12777,47536
60630,1032,5651,1876,3950,21735
60631,1494,4072,934,1696,10404
60632,1274,12848,3490,9349,37562
60633,275,1803,421,1103,4713
60634,1382,9022,3098,6588,29829
60636,573,3247,1362,3096,11931
60637,858,6392,2388,8461,24407
60638,1221,7845,2297,4203,22465
60639,1200,11966,4417,9030,36986
60640,1576,3957,1263,4582,35625
60641,915,8318,2391,5988,30379
60642,67,756,213,1469,15346
60643,1630,6325,2153,3506,16621
60644,533,7423,2061,4050,19903
60645,610,7312,1939,3541,18289
60646,885,3560,1260,1452,10489
60647,875,7042,1810,7228,50952
60649,870,6231,1507,3418,20588
60651,1007,9911,3029,6610,28530
60652,604,6073,2017,4083,17390
60653,823,4352,1437,2645,13448
60654,58,318,22,2504,16318
60655,565,4238,1128,2224,10068
60656,558,2866,810,1797,11603
60657,828,4287,856,9196,45592
60659,800,6047,2584,3638,16937
60660,821,2794,721,5743,22207
60661,62,325,6,754,8885
60706,940,2604,784,1394,8269
60707,766,5117,1465,2981,15742
60712,914,1958,485,680,4118
60714,2286,2889,1120,1915,10477
60803,543,2952,956,1848,8525
60804,645,12662,4883,11108,38463
60805,257,2308,806,1393,7087
60827,290,4906,1411,2407,10362
60901,759,4828,1165,2822,12806
60910,3,50,24,45,187
60911,24,137,27,86,461
60912,10,64,18,21,208
60913,49,127,61,78,342
60914,320,3574,1195,4470,12492
60915,160,1074,355,1410,4376
60917,0,49,1,11,127
60918,16,79,33,20,157
60919,14,45,4,40,213
60920,0,32,3,11,53
60921,31,176,41,123,493
60922,35,393,133,196,1083
60924,49,150,36,134,525
60926,5,2,0,3,22
60927,31,298,80,134,802
60928,22,55,10,39,178
60929,20,94,15,43,203
60930,57,81,44,75,261
60931,2,87,36,34,214
60932,0,182,6,0,36
60933,10,49,3,40,93
60934,2,20,7,18,85
60935,9,195,93,27,524
60936,114,471,183,328,1481
60938,36,154,80,131,618
60939,0,0,0,0,0
60940,23,675,184,130,1047
60941,59,253,41,113,550
60942,138,779,183,463,1871
60945,0,43,15,8,66
60946,2,50,22,37,200
60948,52,270,81,172,461
60949,11,73,23,85,203
60950,490,1240,706,707,4076
60951,14,67,10,41,255
60952,8,94,18,87,272
60953,27,345,137,250,926
60954,163,571,318,463,2130
60955,49,338,96,205,719
60956,4,11,1,20,49
60957,221,793,286,439,1983
60958,49,134,36,56,431
60959,31,73,21,85,286
60960,5,182,23,69,361
60961,35,120,62,40,242
60962,12,108,63,66,261
60963,46,253,56,153,495
60964,108,701,261,295,1594
60966,69,119,83,129,502
60967,0,0,0,0,0
60968,5,64,27,24,156
60969,0,7,9,5,25
60970,173,625,233,471,1792
60973,4,67,29,34,190
60974,0,51,25,9,116
61001,37,141,48,140,359
61006,110,189,60,71,413
61007,15,43,22,9,121
61008,594,4864,1519,3237,12541
61010,108,1003,335,642,2850
61011,35,190,55,420,933
61012,21,237,144,260,1124
61013,25,61,25,45,178
61014,10,66,25,63,353
61015,5,204,50,86,386
61016,95,686,209,242,1510
61018,17,104,85,104,350
61019,51,397,415,187,1248
61020,22,640,167,267,1345
61021,744,2328,848,1539,8452
61024,89,275,175,206,830
61025,96,257,248,350,1446
61027,0,8,6,0,43
61028,104,126,53,111,531
61030,36,338,172,56,972
61031,135,265,30,206,632
61032,1114,3237,860,2536,9606
61036,284,785,62,262,1496
61037,0,0,9,12,21
61038,0,109,77,253,454
61039,6,150,38,46,358
61041,40,225,135,33,529
61042,9,49,1,48,163
61043,8,21,7,16,55
61044,0,32,0,0,92
61046,68,313,48,295,760
61047,62,148,95,96,496
61048,146,483,226,92,1115
61049,2,88,28,43,194
61050,0,52,0,40,66
61051,65,184,93,140,595
61052,3,180,33,49,317
61053,47,425,82,342,994
61054,348,464,89,81,855
61057,0,5,18,4,23
61059,0,10,15,55,78
61060,25,188,80,126,534
61061,260,582,295,345,1989
61062,37,304,170,125,701
61063,179,510,247,320,1519
61064,87,490,102,202,1349
61065,294,1625,684,870,4308
61067,46,17,0,26,85
61068,431,1887,663,1927,5919
61070,94,181,46,72,337
61071,309,1703,551,1112,4698
61072,92,1512,424,937,3865
61073,189,3174,1065,1375,7051
61074,130,370,133,246,1338
61075,29,96,26,79,277
61077,0,0,0,0,0
61078,47,166,70,137,399
61079,6,18,14,37,68
61080,288,1627,304,683,3986
61081,699,2672,584,2065,7279
61084,76,388,103,210,900
61085,111,391,95,136,828
61087,31,308,66,111,573
61088,127,866,314,346,1805
61089,4,33,6,55,179
61091,0,0,0,0,0
61101,390,3609,1150,1569,7987
61102,315,2289,899,1872,7190
61103,800,2787,1012,1677,8427
61104,276,2842,664,1614,7358
61107,1238,3797,999,2038,9947
61108,1197,3749,1227,2776,11139
61109,330,2962,890,3129,10334
61111,469,2445,636,2356,9233
61112,35,0,0,0,0
61114,1093,1473,531,1209,4812
61115,243,2934,1024,2132,8528
61201,819,4643,1355,5660,15830
61230,18,164,55,20,330
61231,175,574,213,420,1812
61232,14,172,42,87,431
61233,7,18,26,7,72
61234,14,143,32,39,355
61235,50,192,112,44,515
61236,0,5,0,18,32
61237,0,0,0,0,0
61238,69,295,193,279,1156
61239,0,191,25,137,438
61240,57,910,215,270,1608
61241,54,741,321,603,2709
61242,25,131,72,23,328
61243,7,10,15,24,55
61244,652,3111,1017,1806,8589
61250,118,504,122,107,762
61251,11,34,34,30,172
61252,66,584,239,233,1718
61254,632,1935,356,771,3836
61256,14,233,100,193,777
61257,14,52,49,81,296
61258,4,33,12,5,84
61259,44,72,71,95,310
61260,29,50,13,63,213
61261,8,63,21,58,212
61262,11,69,28,51,265
61263,23,156,20,45,249
61264,237,941,399,569,3325
61265,1075,5903,1607,3054,16508
61270,211,912,307,459,2438
61272,10,306,56,72,474
61273,34,486,246,244,1266
61274,25,0,17,43,98
61275,25,562,186,283,1298
61276,0,18,0,0,23
61277,85,320,191,232,953
61278,25,126,18,40,185
61279,33,135,49,71,385
61281,15,252,204,158,788
61282,400,871,261,625,2833
61283,24,223,61,88,423
61284,68,170,41,9,393
61285,20,124,92,174,1241
61301,261,1125,417,1120,3990
61310,31,336,76,315,1103
61311,31,0,0,20,123
61312,1,58,10,27,125
61313,0,0,0,32,107
61314,4,117,32,46,263
61315,3,21,3,23,102
61316,5,18,8,20,74
61317,5,60,10,28,114
61318,11,58,36,88,250
61319,2,78,34,141,397
61320,15,79,29,39,203
61321,0,50,8,49,128
61322,10,161,138,102,562
61323,4,4,1,7,25
61324,7,7,6,0,6
61325,10,72,55,100,448
61326,46,238,46,187,708
61327,18,181,98,105,493
61328,0,0,0,29,38
61329,23,171,57,103,511
61330,23,125,76,131,426
61331,0,0,0,0,0
61332,15,16,6,14,49
61333,4,43,9,14,83
61334,5,64,22,87,228
61335,2,47,14,33,126
61336,2,33,43,14,173
61337,5,67,8,45,180
61338,7,19,5,19,86
61340,12,65,25,12,163
61341,91,967,367,283,2312
61342,297,1120,314,864,2947
61344,5,21,13,23,74
61345,28,55,21,50,207
61346,3,0,0,5,11
61348,145,702,116,304,1475
61349,27,183,41,52,370
61350,638,3052,1203,1530,8909
61353,23,255,32,69,446
61354,489,1125,573,675,3394
61356,473,1238,371,737,3569
61358,3,38,19,28,123
61359,11,48,20,32,141
61360,27,472,119,208,1034
61361,38,141,36,158,498
61362,69,698,306,591,2153
61363,29,32,10,18,100
61364,561,1985,600,1516,6894
61367,15,91,38,47,411
61368,18,134,80,140,507
61369,44,170,22,88,388
61370,36,146,71,116,460
61371,0,0,0,0,85
61372,4,46,6,42,123
61373,9,304,88,74,641
61374,4,0,0,0,0
61375,25,151,27,23,284
61376,113,260,47,129,632
61377,22,104,48,191,573
61378,15,89,4,5,182
61379,14,200,52,52,422
61401,1011,3157,935,3770,11372
61402,0,0,0,164,1097
61410,118,596,148,148,1332
61411,7,42,26,58,128
61412,51,178,23,24,268
61413,6,136,25,50,270
61414,5,81,24,80,246
61415,28,103,89,147,522
61416,2,16,19,26,106
61417,8,0,5,45,64
61418,22,74,26,38,181
61419,6,17,0,2,27
61420,47,103,12,68,342
61421,18,181,49,88,440
61422,96,221,129,306,1101
61423,9,37,0,115,238
61424,0,0,0,6,6
61425,4,22,11,11,83
61426,0,0,0,29,64
61427,47,256,118,188,727
61428,13,180,66,68,318
61430,5,47,11,34,172
61431,6,32,6,34,84
61432,19,125,33,49,208
61433,0,0,0,13,13
61434,79,419,145,107,993
61435,0,49,0,0,55
61436,0,50,27,43,199
61437,8,61,1,43,155
61438,21,79,18,79,249
61439,8,53,14,30,79
61440,7,163,38,44,279
61441,17,102,13,23,261
61442,18,60,10,37,215
61443,370,1397,551,1228,4668
61447,9,162,72,105,466
61448,114,559,189,251,1275
61449,15,29,0,0,58
61450,56,188,64,128,534
61451,0,15,17,36,87
61452,2,19,7,6,57
61453,19,59,17,78,322
61454,18,55,16,49,163
61455,632,1688,432,4881,9065
61458,15,47,17,29,119
61459,0,29,53,21,130
61460,4,29,11,4,45
61462,335,1425,496,1539,4018
61465,8,124,27,93,377
61466,4,46,2,31,123
61467,16,201,127,132,474
61468,7,14,10,0,75
61469,134,173,38,84,538
61470,7,35,17,59,134
61471,7,24,0,2,38
61472,9,10,3,30,109
61473,52,181,16,91,423
61474,5,67,0,26,79
61475,11,33,4,1,48
61476,29,88,10,42,241
61477,13,32,12,15,179
61478,0,103,33,15,157
61479,11,0,0,0,0
61480,62,165,99,123,471
61482,7,80,14,36,205
61483,54,247,65,127,581
61484,13,64,33,53,248
61485,7,55,38,29,175
61486,25,141,32,146,494
61488,14,134,19,114,440
61489,4,85,87,31,317
61490,26,124,42,34,388
61491,56,252,96,174,751
61501,34,212,83,141,626
61516,12,136,26,64,322
61517,59,485,280,130,1038
61519,1,37,9,28,75
61520,385,1587,416,1276,5851
61523,243,1477,317,555,3346
61524,6,22,11,30,114
61525,155,1984,657,522,4426
61526,4,57,20,29,185
61528,56,682,254,175,1200
61529,38,465,117,204,916
61530,350,824,57,1006,2500
61531,87,471,132,183,1198
61532,3,45,31,21,161
61533,20,450,43,120,942
61534,28,310,131,125,807
61535,120,466,183,95,768
61536,107,209,71,248,864
61537,94,354,63,194,840
61539,0,14,8,1,44
61540,153,289,177,175,941
61541,1,1,2,9,41
61542,78,458,92,259,1106
61543,4,13,5,0,45
61544,4,178,19,28,285
61545,8,124,49,28,236
61546,95,380,140,230,1135
61547,17,568,220,161,1275
61548,257,1535,635,767,4378
61550,993,2494,814,888,6024
61552,16,0,0,0,75
61553,6,28,68,13,149
61554,1055,4556,1388,3303,15085
61559,98,516,222,338,1163
61560,19,0,7,12,73
61561,87,318,155,220,853
61562,8,0,0,8,15
61563,17,31,20,48,228
61564,15,154,53,105,385
61565,25,228,50,49,470
61567,12,55,26,20,161
61568,86,772,184,359,1563
61569,6,128,29,98,365
61570,61,258,50,173,588
61571,509,4075,1376,1797,9492
61572,3,69,32,93,378
61602,22,32,0,87,458
61603,208,2532,666,1824,6639
61604,982,3320,1008,2262,10709
61605,196,2338,707,1001,5065
61606,43,608,83,3018,4539
61607,243,1472,566,604,3583
61610,54,415,64,549,2283
61611,422,2467,727,1979,8412
61614,1345,3348,823,2311,10528
61615,365,2450,690,1788,9549
61616,122,718,240,414,2268
61625,0,0,0,438,438
61701,792,3823,1021,5101,16249
61704,415,4794,1663,3786,15732
61705,180,1974,730,838,4831
61720,4,77,1,5,119
61721,2,64,10,17,86
61722,16,152,15,84,249
61723,19,319,53,246,900
61724,7,78,14,42,141
61725,2,291,72,145,674
61726,51,348,157,393,1031
61727,249,1164,277,844,3360
61728,42,197,54,124,535
61729,17,133,47,93,398
61730,0,51,13,13,78
61731,0,39,0,12,49
61732,15,234,73,118,746
61733,21,77,40,70,334
61734,66,392,91,134,753
61735,2,56,38,9,166
61736,56,585,102,95,892
61737,2,45,17,45,162
61738,98,598,216,439,1689
61739,230,708,237,221,1420
61740,95,254,48,123,516
61741,29,317,50,158,641
61742,8,267,95,54,417
61743,6,19,4,15,66
61744,34,176,71,134,434
61745,58,920,212,224,1473
61747,104,128,35,78,450
61748,75,492,105,199,904
61749,6,15,7,18,98
61750,0,47,11,9,64
61751,0,0,0,5,5
61752,61,557,266,397,1677
61753,52,317,85,279,1059
61754,4,160,23,54,415
61755,77,673,169,262,1734
61756,58,534,90,155,802
61759,21,105,116,159,542
61760,63,313,123,207,806
61761,857,5168,1651,17243,30418
61764,433,1491,565,1011,5268
61769,14,97,20,58,212
61770,15,166,80,87,403
61771,2,238,79,48,317
61772,0,29,8,47,88
61773,3,45,30,31,122
61774,11,81,11,39,325
61775,49,28,17,5,70
61776,6,101,35,78,375
61777,6,136,65,55,409
61778,1,42,26,37,249
61801,198,909,267,13084,20397
61802,619,2000,716,2258,8054
61810,1,12,7,10,56
61811,25,34,18,88,211
61812,0,30,23,1,83
61813,21,131,97,135,658
61814,75,176,41,76,384
61815,6,41,7,10,98
61816,2,56,5,86,175
61817,71,256,64,337,1014
61818,45,226,61,126,548
61820,166,1887,543,20268,28938
61821,518,3597,931,3568,12709
61822,561,3594,1081,2395,11112
61830,11,41,26,16,177
61831,3,10,0,0,19
61832,738,4405,1344,2877,11800
61833,60,80,45,216,574
61834,139,1013,319,549,3287
61839,1,97,31,70,200
61840,46,39,59,11,189
61841,32,185,47,53,346
61842,67,234,111,171,714
61843,7,276,63,189,883
61844,10,32,74,77,244
61845,9,47,0,0,56
61846,174,560,75,500,1660
61847,92,143,31,59,328
61848,0,27,10,30,127
61849,36,296,129,194,730
61850,9,44,21,55,143
61851,1,23,7,21,85
61852,5,6,1,7,34
61853,98,2760,545,1240,5384
61854,12,156,44,70,453
61855,25,12,6,0,6
61856,329,1123,291,476,2844
61857,0,9,5,16,48
61858,44,423,160,138,887
61859,10,173,41,139,490
61862,17,153,9,44,194
61863,9,145,30,30,252
61864,39,225,139,173,746
61865,11,245,87,89,466
61866,300,1671,944,1244,5377
61870,45,164,85,78,458
61871,12,56,9,32,123
61872,21,59,11,3,95
61873,61,959,299,361,2076
61874,439,1254,293,762,3298
61875,0,173,55,121,507
61876,3,130,59,41,302
61877,44,132,30,70,422
61878,13,100,22,60,389
61880,57,610,286,571,2197
61882,3,71,65,20,204
61883,64,648,206,257,1612
61884,46,60,6,239,355
61910,65,921,306,478,1870
61911,231,609,261,579,1807
61912,45,105,33,94,375
61913,20,132,60,84,421
61914,48,252,60,143,510
61917,19,45,24,8,83
61919,15,101,30,20,188
61920,503,1585,449,5791,11095
61924,92,270,57,132,693
61925,0,138,49,55,374
61928,8,80,11,13,195
61929,29,98,22,18,213
61930,4,140,17,21,257
61931,89,346,30,28,397
61932,11,50,28,43,182
61933,19,162,69,74,366
61936,0,35,53,16,147
61937,10,264,70,57,582
61938,662,2485,747,2008,7909
61940,2,32,14,6,83
61941,0,62,0,0,92
61942,191,80,21,20,236
61943,45,178,74,109,402
61944,325,1266,373,881,4045
61949,3,12,0,10,30
61951,178,1152,368,503,2728
61953,177,747,278,545,2521
61955,3,33,10,5,43
61956,53,342,128,242,1118
61957,19,268,42,129,625
62001,99,133,68,115,487
62002,684,4004,957,1992,10875
62006,6,79,7,26,171
62009,82,248,58,149,727
62010,241,1282,548,802,4141
62011,7,53,1,7,81
62012,112,927,253,459,2398
62013,40,27,61,49,228
62014,53,392,150,270,1390
62015,1,99,35,12,279
62016,99,346,110,322,1166
62017,45,102,13,59,358
62018,31,453,130,172,1100
62019,2,18,6,0,58
62021,49,81,14,41,210
62022,8,105,59,83,436
62023,2,37,22,13,69
62024,180,881,361,604,3328
62025,450,4423,1430,6515,15922
62026,0,0,0,1048,1054
62027,5,35,36,43,190
62028,2,98,3,579,673
62030,0,18,12,0,22
62031,4,50,51,33,238
62032,13,117,7,47,177
62033,172,549,126,278,1450
62034,511,2105,456,1403,5315
62035,480,1491,565,1302,5077
62036,35,48,14,51,105
62037,23,100,70,75,411
62040,693,5031,1623,2975,15692
62044,38,358,104,150,817
62045,3,43,10,2,64
62046,36,153,58,109,443
62047,62,237,46,138,491
62048,133,213,74,208,705
62049,292,804,459,485,3387
62050,0,21,4,8,119
62051,8,48,6,174,293
62052,330,1616,483,943,4221
62053,10,67,21,23,147
62054,11,17,18,43,130
62056,305,822,245,564,2942
62058,13,123,4,40,211
62059,10,108,0,13,222
62060,23,318,147,163,1339
62061,46,265,87,114,645
62062,247,907,292,494,2722
62063,27,29,20,27,366
62067,16,191,162,198,622
62069,119,335,67,253,968
62074,10,269,26,53,337
62075,105,530,97,269,1117
62076,3,4,0,4,8
62077,14,34,1,11,93
62078,0,7,2,3,26
62079,0,76,33,96,188
62080,76,433,116,172,829
62081,0,48,51,13,138
62082,47,280,28,181,726
62083,0,12,25,0,25
62084,19,166,64,74,629
62085,6,8,3,11,39
62086,29,114,58,103,425
62087,19,346,42,298,914
62088,235,821,274,552,2366
62089,22,30,3,20,105
62090,49,70,37,141,415
62091,0,60,2,2,89
62092,114,384,135,161,845
62093,7,52,32,43,234
62094,34,160,24,159,387
62095,266,1542,307,1107,4513
62097,23,195,142,225,1019
62098,0,0,0,0,12
62201,111,421,197,760,2336
62203,62,292,202,571,2502
62204,97,899,390,465,1876
62205,233,561,63,605,1969
62206,230,2667,644,959,4796
62207,74,1017,132,531,2122
62208,390,2164,779,1538,6658
62214,12,79,35,74,404
62215,30,247,149,170,806
62216,96,390,199,173,1246
62217,4,74,17,42,172
62218,41,307,82,87,646
62219,14,123,13,68,370
62220,455,2456,967,1121,7793
62221,479,3816,1617,2967,11877
62223,497,1846,482,1163,6122
62225,10,1339,173,603,2648
62226,728,3497,870,2819,11410
62230,204,679,202,502,2243
62231,110,699,213,700,2677
62232,140,681,195,467,2608
62233,194,441,213,632,3613
62234,631,3737,1083,2348,12762
62236,357,2177,674,633,4952
62237,78,263,97,159,690
62238,5,101,8,105,217
62239,44,331,123,373,1597
62240,38,413,35,124,746
62241,5,100,59,37,274
62242,41,227,63,81,494
62243,109,871,290,502,2204
62244,5,167,15,13,276
62245,25,208,116,67,532
62246,325,983,359,1484,4522
62248,5,99,18,51,226
62249,475,2056,776,892,6167
62250,23,154,25,37,224
62253,35,69,54,67,251
62254,147,602,194,1370,2942
62255,48,156,64,69,323
62256,1,5,2,4,12
62257,32,144,59,190,657
62258,170,1493,370,853,4164
62260,169,490,434,375,2322
62261,0,0,0,0,0
62262,59,224,46,276,747
62263,84,595,258,320,1895
62264,67,328,201,215,1268
62265,41,681,100,387,1438
62266,0,0,0,0,0
62268,34,61,110,100,396
62269,703,5768,1623,2395,13437
62271,77,211,111,141,625
62272,21,382,64,185,563
62273,4,35,5,13,66
62274,212,686,262,334,3428
62275,67,359,117,349,1162
62277,2,117,32,120,383
62278,268,990,188,513,2205
62279,0,11,0,0,25
62280,3,78,23,1,151
62281,34,348,122,141,1102
62282,4,74,11,16,260
62284,7,158,14,76,302
62285,19,726,149,257,1444
62286,139,718,290,540,1959
62288,151,280,117,285,876
62289,13,29,5,20,138
62292,28,47,20,72,336
62293,108,571,126,339,1537
62294,252,2199,682,863,5752
62295,26,136,77,102,579
62297,7,0,36,10,65
62298,508,1906,541,1572,6049
62301,906,3441,956,2869,12047
62305,693,2797,738,1247,6070
62311,25,98,29,81,241
62312,71,274,37,174,644
62313,0,38,9,25,100
62314,0,52,10,55,187
62316,16,134,35,40,306
62319,15,15,3,0,47
62320,80,419,234,136,998
62321,126,382,139,236,1269
62323,2,23,6,59,105
62324,16,176,10,128,429
62325,16,98,16,37,190
62326,25,343,111,182,879
62330,28,147,47,136,401
62334,2,23,4,7,32
62336,4,14,0,1,22
62338,14,80,51,91,297
62339,46,94,33,76,376
62340,81,152,92,151,604
62341,131,496,138,230,1128
62343,11,121,7,61,315
62344,0,0,0,0,0
62345,2,28,11,62,152
62346,10,5,20,6,49
62347,55,224,158,90,640
62348,0,36,2,11,76
62349,15,47,19,29,175
62351,36,355,40,160,671
62352,0,23,4,26,62
62353,95,425,109,548,2444
62354,61,173,53,159,512
62355,15,133,27,34,430
62356,4,121,108,85,262
62357,11,27,15,13,113
62358,28,91,7,45,156
62359,0,0,17,47,79
62360,27,395,38,145,613
62361,0,7,8,12,81
62362,12,55,17,15,95
62363,354,700,155,249,1580
62365,3,45,8,11,96
62366,4,251,69,126,562
62367,41,87,52,223,471
62370,25,31,0,22,79
62373,0,10,22,25,49
62374,0,6,6,8,75
62375,18,79,0,35,151
62376,6,185,24,48,363
62378,18,133,74,30,329
62379,28,254,73,47,569
62380,8,42,32,78,200
62401,584,2602,719,1612,6942
62410,24,187,46,100,429
62411,210,585,154,162,1379
62413,0,3,3,21,43
62414,76,194,89,128,656
62417,46,424,135,165,883
62418,56,202,44,203,823
62419,4,41,1,19,92
62420,134,558,155,262,1392
62421,3,46,18,2,103
62422,18,148,40,77,280
62423,0,208,49,25,350
62424,28,470,98,134,973
62425,0,134,41,74,371
62426,0,69,10,78,292
62427,30,361,38,113,691
62428,146,429,116,208,999
62431,19,116,7,20,213
62432,2,79,71,32,286
62433,4,106,34,144,488
62434,9,29,24,0,87
62436,0,53,20,38,210
62438,14,0,0,0,23
62439,252,729,276,654,2862
62440,2,58,42,79,336
62441,207,722,353,496,2406
62442,31,377,106,162,835
62443,20,203,61,147,643
62444,0,42,16,27,129
62445,33,112,92,158,497
62446,1,51,12,17,117
62447,126,397,97,198,1063
62448,121,568,198,442,1763
62449,80,300,124,142,902
62450,314,1591,589,948,4283
62451,15,219,113,148,613
62452,1,21,1,35,108
62454,298,1136,344,742,4235
62458,48,298,98,214,760
62459,6,69,10,18,107
62460,45,98,11,209,430
62461,25,60,4,15,174
62462,40,125,16,87,446
62463,44,126,68,66,391
62464,4,20,18,38,82
62465,26,135,19,103,344
62466,24,381,51,317,1833
62467,88,498,202,303,1526
62468,98,225,77,178,760
62469,0,40,65,0,117
62471,180,883,357,1046,4165
62473,8,88,68,61,392
62474,10,59,25,67,190
62475,0,48,0,49,93
62476,42,143,60,127,482
62477,41,90,11,144,296
62478,17,28,19,49,153
62479,75,191,2,25,265
62480,0,83,8,35,130
62481,0,64,28,14,109
62501,11,268,92,98,636
62510,32,157,92,209,548
62512,25,55,12,17,124
62513,40,189,40,114,473
62514,0,89,0,9,114
62515,49,110,54,9,225
62517,4,31,12,48,131
62518,0,46,0,14,56
62519,0,0,0,0,40
62520,24,179,18,74,383
62521,1058,4500,1411,2260,11079
62522,232,1481,604,2364,6448
62523,0,0,0,107,518
62526,1112,2943,1020,2873,11301
62530,33,187,35,92,567
62531,46,191,82,125,707
62532,7,0,11,11,38
62533,7,136,6,58,253
62534,31,64,25,116,348
62535,100,627,142,203,1234
62536,0,61,21,0,224
62537,4,65,40,10,165
62538,3,35,3,28,139
62539,13,140,35,50,355
62540,51,62,16,119,342
62541,0,0,0,0,34
62543,3,83,11,136,298
62544,52,164,90,82,561
62545,11,79,61,100,447
62546,51,222,68,118,471
62547,6,116,42,34,326
62548,84,414,64,93,662
62549,157,1560,159,408,2262
62550,36,486,151,138,1012
62551,13,128,29,51,319
62553,16,38,10,21,117
62554,5,152,81,121,592
62555,46,224,52,146,528
62556,3,41,16,24,96
62557,133,832,201,513,2361
62558,57,388,100,400,1193
62560,20,259,52,156,513
62561,252,373,359,215,1620
62563,168,804,391,338,1824
62565,297,1040,331,525,2403
62567,52,66,16,80,324
62568,425,1687,721,1238,6275
62570,4,146,41,63,269
62571,1,100,35,61,334
62572,8,45,42,89,218
62573,33,186,114,155,503
62601,0,40,47,45,171
62610,5,10,18,6,53
62611,19,197,21,25,391
62612,22,145,52,116,466
62613,14,693,196,283,1447
62615,78,827,300,419,2344
62617,5,16,8,25,115
62618,139,1195,343,717,3008
62621,9,97,113,88,493
62622,0,40,0,0,34
62624,0,13,5,0,38
62625,0,74,27,58,262
62626,348,776,304,791,2797
62627,58,80,32,115,303
62628,10,110,19,89,274
62629,166,2705,754,1376,6285
62630,0,96,47,30,231
62631,2,53,1,2,25
62633,15,39,4,136,216
62634,13,209,14,45,306
62635,34,142,14,32,222
62638,21,173,51,100,326
62639,0,18,11,19,75
62640,88,345,94,277,1053
62642,47,150,84,108,479
62643,11,117,22,64,287
62644,155,602,189,237,1592
62649,24,48,4,19,103
62650,977,2603,696,2763,9795
62655,2,159,24,50,250
62656,683,1489,737,2083,7732
62661,7,243,35,253,680
62663,3,18,12,18,55
62664,74,386,144,215,934
62665,28,135,79,72,396
62666,11,81,21,11,169
62667,8,43,18,39,162
62668,50,157,65,72,503
62670,29,323,108,191,828
62671,12,89,12,28,169
62672,9,8,0,13,46
62673,24,27,11,38,99
62674,50,197,64,110,397
62675,191,662,148,407,1888
62677,32,338,82,118,595
62681,120,644,174,324,1818
62682,9,107,42,38,303
62684,200,791,383,448,2108
62685,33,212,78,143,486
62688,14,104,50,28,248
62689,9,88,23,61,229
62690,33,356,332,353,1667
62691,108,317,79,168,799
62692,32,253,86,161,673
62693,37,309,84,89,600
62694,99,407,73,249,910
62695,3,14,12,46,148
62701,21,1,0,76,642
62702,541,4136,1031,2691,11926
62703,534,3339,1222,3317,11847
62704,996,4342,1368,3829,16548
62706,0,0,0,0,0
62707,182,847,238,508,2415
62711,721,2660,648,663,5129
62712,211,901,429,743,3481
62801,582,2253,761,1647,7333
62803,29,233,44,107,450
62806,98,424,189,225,1186
62807,14,134,6,26,344
62808,8,315,81,132,688
62809,4,89,3,0,108
62810,33,163,26,87,354
62811,2,55,11,15,75
62812,206,1487,519,769,3915
62814,24,229,77,120,578
62815,2,22,13,26,81
62816,15,98,34,73,357
62817,15,46,2,13,107
62818,13,60,15,18,93
62819,13,19,6,28,112
62820,0,16,0,30,50
62821,340,793,244,375,2247
62822,71,341,103,171,899
62823,52,247,33,177,608
62824,19,253,122,139,707
62825,4,4,6,14,74
62827,12,124,21,52,313
62828,51,189,52,103,382
62829,0,0,0,52,68
62830,20,150,55,94,483
62831,1,16,15,18,101
62832,265,1017,435,914,3356
62833,8,72,5,7,104
62835,90,146,29,98,359
62836,20,155,32,83,296
62837,341,935,293,624,2754
62838,32,213,57,130,528
62839,297,853,196,554,2129
62841,7,28,15,3,40
62842,13,85,24,40,235
62843,38,9,0,2,22
62844,71,305,83,117,707
62846,4,64,61,186,940
62848,22,20,28,53,182
62849,35,296,61,129,625
62850,0,192,52,58,261
62851,0,0,23,56,130
62852,1,2,0,3,33
62853,17,155,45,63,310
62854,24,192,104,102,493
62856,0,53,4,9,105
62858,85,491,177,171,1201
62859,196,623,248,347,1981
62860,6,65,4,21,108
62861,1,12,7,11,61
62862,4,28,23,13,102
62863,387,1195,345,672,3146
62864,649,3031,821,1820,8315
62865,30,121,76,105,562
62867,5,24,22,102,208
62868,22,230,26,117,627
62869,114,463,167,220,972
62870,60,275,69,128,670
62871,21,89,19,51,196
62872,7,205,28,103,371
62874,7,31,8,25,113
62875,27,203,66,74,376
62876,0,10,2,5,40
62877,14,51,15,24,143
62878,26,13,21,14,55
62879,2,4,0,6,13
62880,3,68,38,42,174
62881,242,1393,482,784,4132
62882,21,262,103,82,692
62883,5,101,16,28,204
62884,42,350,84,262,981
62885,5,33,8,3,104
62886,2,41,2,16,103
62887,0,36,0,8,94
62888,49,242,53,206,599
62889,17,121,82,104,329
62890,92,281,79,168,890
62891,8,125,9,27,183
62892,5,15,7,22,51
62893,14,102,37,51,314
62894,15,120,41,65,269
62895,109,204,142,108,637
62896,294,1326,533,852,3807
62897,0,47,12,69,232
62898,27,289,100,154,711
62899,31,228,33,108,567
62901,526,1815,553,7938,14234
62902,111,477,188,693,1773
62903,70,238,40,670,1277
62905,18,40,30,28,185
62906,319,859,198,463,2265
62907,34,237,100,171,547
62908,14,61,9,74,156
62910,30,327,69,130,827
62912,28,229,39,140,599
62914,76,216,71,137,669
62915,0,55,21,50,183
62916,10,51,21,161,345
62917,92,243,96,176,753
62918,266,1672,366,686,4072
62919,34,55,25,12,206
62920,34,242,141,240,948
62921,8,15,3,31,90
62922,76,312,168,152,975
62923,6,25,50,39,197
62924,50,415,171,194,1031
62926,48,360,83,184,770
62927,4,26,6,29,104
62928,6,2,3,0,11
62930,181,576,97,357,1725
62931,55,125,35,106,391
62932,34,154,38,65,416
62933,39,204,41,87,364
62934,23,72,14,29,185
62935,53,248,88,208,926
62938,85,245,67,218,837
62939,95,303,56,282,768
62940,9,61,6,210,370
62941,28,14,7,27,155
62942,2,71,6,91,217
62943,9,47,39,23,158
62946,407,1349,441,692,4091
62947,31,13,15,0,93
62948,358,1230,477,1058,4915
62949,24,125,21,44,249
62950,0,10,7,0,67
62951,152,572,223,552,1805
62952,97,321,215,149,1171
62953,1,43,25,52,135
62954,8,5,0,1,79
62956,29,155,25,145,360
62957,19,86,30,61,250
62958,23,201,118,93,620
62959,483,3242,964,1674,10186
62960,362,1283,436,705,3387
62961,6,1,5,5,19
62962,0,0,0,0,0
62963,0,153,50,71,341
62964,9,105,58,112,339
62965,3,4,0,5,9
62966,415,1866,517,1057,5043
62967,45,90,3,13,63
62969,0,26,0,21,76
62970,8,30,6,32,101
62972,0,99,50,100,297
62974,9,151,63,163,483
62975,0,0,0,0,40
62976,15,43,0,17,67
62977,21,54,27,52,210
62979,57,79,34,99,368
62982,2,122,32,55,385
62983,51,153,35,136,498
62984,19,240,73,48,486
62985,9,44,79,90,390
62987,42,393,96,106,566
62988,18,170,22,40,331
62990,11,253,25,87,305
62992,3,65,28,65,302
62994,10,171,5,70,207
62995,147,850,160,464,2712
62996,5,91,49,74,267
62997,6,94,24,84,330
62998,31,22,5,5,32
62999,24,211,22,90,511
63005,140,2414,1239,1749,6491
63010,615,3709,1593,2403,13567
63011,1237,4420,1614,2552,12197
63012,6,1256,383,1169,4547
63013,0,113,99,71,410
63014,0,45,6,16,85
63015,0,130,50,123,561
63016,125,543,274,497,2302
63017,1875,4904,1859,2421,12917
63019,102,476,261,561,1909
63020,424,2674,723,1729,6764
63021,1071,6893,2378,4080,20869
63023,15,693,268,152,1933
63025,284,2955,712,799,6171
63026,894,6159,2129,3649,16308
63028,517,3870,914,2024,10081
63030,0,84,0,17,115
63031,896,7303,2269,4453,20497
63033,1069,6398,1622,3813,16094
63034,339,2503,738,1604,6421
63036,23,88,0,27,226
63037,63,275,63,230,809
63038,107,901,542,384,1879
63039,0,116,0,0,160
63040,103,1100,654,738,3128
63041,0,4,4,0,48
63042,329,1729,620,2709,7960
63043,410,2696,686,1508,9505
63044,392,1609,405,605,3767
63045,0,0,0,0,0
63047,0,0,0,0,0
63048,172,529,62,439,1539
63049,367,2092,800,1186,6591
63050,133,2435,827,1462,6245
63051,184,1702,421,799,4299
63052,261,4066,1330,2611,11752
63053,0,3,8,0,26
63055,11,233,48,59,585
63056,119,187,28,126,529
63060,23,258,127,165,787
63061,0,13,0,0,22
63068,95,1018,301,460,2342
63069,199,1555,335,1299,5585
63070,48,1540,368,503,3318
63071,53,124,84,123,549
63072,14,639,199,295,1224
63073,40,287,15,0,175
63074,266,2174,469,1142,6833
63077,246,1466,459,701,4202
63079,0,32,11,12,74
63080,528,1714,529,1074,4459
63084,422,2686,778,1849,7548
63087,52,150,50,57,314
63088,369,940,187,780,3398
63089,127,666,243,413,2394
63090,482,2481,1302,1873,8138
63091,17,147,66,139,506
63101,0,157,0,304,1749
63102,0,0,0,389,1385
63103,144,287,113,2356,5608
63104,239,1339,439,1919,9872
63105,392,1889,879,5300,9955
63106,124,1683,318,674,3003
63107,158,1234,380,528,3239
63108,253,970,183,4165,11348
63109,623,2035,453,1120,10459
63110,228,1420,201,1289,8797
63111,202,2709,891,2142,9610
63112,479,1490,618,2281,9036
63113,814,935,267,1280,4341
63114,236,3846,920,2742,14281
63115,497,2163,543,944,5669
63116,478,4786,1227,3008,19466
63117,158,1079,161,652,4787
63118,90,3461,1011,1514,12520
63119,1605,4175,1121,3388,13351
63120,134,1270,197,622,2152
63121,486,2911,551,2805,9500
63122,1202,5853,2128,2738,13708
63123,1557,4820,1702,4166,20329
63124,742,1163,386,712,3270
63125,629,4217,724,2393,12443
63126,258,1912,461,609,5550
63127,362,779,157,257,1252
63128,983,2605,1193,2526,9932
63129,1262,5362,1907,5112,18099
63130,589,2129,1143,4081,13075
63131,318,2859,1107,922,5123
63132,254,1800,687,1126,5769
63133,98,787,314,432,2644
63134,309,2807,599,1178,5449
63135,384,2362,966,1788,8404
63136,930,6389,1735,3537,16247
63137,291,3186,961,1669,6424
63138,195,2773,706,2311,7521
63139,166,1394,547,936,11201
63140,0,31,4,80,157
63141,896,2140,718,1960,7326
63143,73,1135,134,713,4267
63144,88,928,170,879,4470
63146,949,2420,875,2775,13123
63147,247,1313,367,678,2516
63155,0,0,0,0,0
63301,1106,5035,1356,7841,23002
63303,968,5127,1396,2981,18103
63304,1096,5603,1981,3354,15250
63330,0,7,0,3,6
63332,21,266,120,115,628
63333,38,126,48,27,227
63334,76,893,197,582,2879
63336,36,133,72,32,345
63339,2,79,60,160,518
63341,37,454,214,283,1112
63343,116,667,332,393,1994
63344,20,204,77,140,522
63345,5,26,13,35,156
63347,10,291,70,187,704
63348,45,1509,669,497,3416
63349,21,204,73,155,484
63350,16,153,10,40,207
63351,25,252,61,36,475
63352,53,77,31,59,302
63353,112,811,245,332,1864
63357,38,1099,328,534,2725
63359,13,179,81,98,516
63361,59,529,162,360,1768
63362,113,1230,296,879,3923
63363,29,71,29,88,387
63365,1,13,0,0,10
63366,714,6467,2309,3886,20700
63367,309,3842,1478,2133,10595
63368,588,6607,2368,3140,17770
63369,40,247,40,329,977
63373,6,54,8,94,238
63376,1443,9636,2675,6200,28461
63377,65,445,140,251,1165
63379,385,4166,1288,1754,10930
63380,2,178,65,59,359
63381,6,120,43,114,316
63382,73,347,202,336,1960
63383,345,1797,653,1324,5522
63384,34,197,146,246,785
63385,509,8698,2406,3690,19104
63386,0,107,8,25,221
63387,0,2,0,3,35
63388,49,101,22,0,181
63389,32,1006,201,506,2426
63390,111,1488,323,691,3863
63401,660,2752,845,2101,7828
63430,6,67,37,1,91
63431,35,17,14,68,136
63432,49,40,7,44,109
63433,0,0,0,0,0
63434,0,159,81,42,262
63435,80,294,106,861,1791
63436,61,180,28,90,343
63437,53,149,89,158,547
63438,13,11,36,34,144
63439,0,0,6,0,68
63440,10,107,54,28,341
63441,66,184,45,73,396
63443,17,19,2,4,61
63445,82,615,167,313,1221
63446,5,21,6,38,55
63447,51,279,38,99,431
63448,48,184,79,140,525
63450,0,0,0,2,22
63451,4,5,3,12,87
63452,29,132,60,147,436
63453,0,54,16,13,106
63454,0,235,4,125,407
63456,108,707,225,306,1796
63457,16,34,4,73,222
63458,0,5,2,12,34
63459,97,583,201,313,1578
63460,0,6,0,9,100
63461,112,667,169,403,2122
63462,7,99,23,59,407
63463,0,148,51,77,317
63465,0,114,52,27,287
63466,0,0,0,0,0
63467,0,14,10,9,33
63468,131,393,83,185,803
63469,3,97,29,38,256
63471,17,185,42,106,273
63472,79,21,17,31,172
63473,0,40,22,42,135
63474,35,89,24,57,168
63501,434,1977,635,6358,10924
63530,3,191,54,59,504
63531,6,64,2,10,129
63532,49,83,19,133,405
63533,3,49,24,251,521
63534,10,86,17,21,176
63535,0,0,0,0,0
63536,6,205,27,63,283
63537,41,343,123,163,785
63538,12,1,4,23,44
63539,17,40,21,22,83
63540,0,76,0,0,89
63541,4,61,11,44,148
63543,8,29,27,22,88
63544,38,92,20,73,298
63545,26,121,19,22,232
63546,5,266,118,82,530
63547,8,44,10,29,138
63548,30,121,16,82,276
63549,142,293,86,281,797
63551,0,70,22,33,151
63552,172,943,361,496,2278
63555,162,530,153,257,1315
63556,86,406,165,313,1261
63557,11,8,22,43,98
63558,4,70,29,22,142
63559,19,238,75,174,625
63560,0,6,4,37,50
63561,45,70,36,104,439
63563,1,92,23,183,247
63565,127,568,114,238,1144
63566,8,0,0,0,19
63567,0,14,0,9,44
63601,339,1953,700,1538,6750
63620,10,127,42,55,347
63621,38,187,104,35,582
63622,71,81,6,120,216
63623,92,92,35,89,248
63624,19,412,342,176,1448
63625,31,31,58,44,183
63626,0,164,18,68,316
63627,34,504,113,225,820
63628,171,1471,499,1371,6496
63629,19,127,39,59,339
63630,24,400,207,191,1280
63631,25,33,8,62,268
63633,33,116,20,44,277
63636,2,77,8,52,191
63637,37,95,0,17,279
63638,112,330,92,253,889
63640,790,3799,1133,2249,11399
63645,141,1623,718,923,4241
63648,18,166,61,102,469
63650,188,486,142,215,1211
63653,10,180,50,218,539
63654,3,48,17,33,184
63655,43,210,40,72,402
63656,0,58,10,57,188
63660,1,523,120,193,1494
63662,49,31,0,60,113
63663,11,45,16,124,260
63664,216,1424,325,806,3091
63665,5,11,0,30,79
63670,297,1391,443,789,4228
63673,57,272,131,240,919
63674,0,0,0,0,0
63675,4,0,0,0,0
63701,631,3646,1136,7815,17842
63703,636,1108,213,1140,3132
63730,64,426,97,337,1483
63732,45,97,57,51,440
63735,5,83,44,95,337
63736,47,305,87,302,1490
63738,0,0,0,0,0
63739,10,226,10,39,240
63740,149,867,206,368,1742
63742,0,23,0,30,68
63743,0,14,0,0,19
63744,3,12,11,29,63
63745,0,4,0,0,55
63746,0,0,0,0,0
63747,9,99,60,29,241
63748,107,161,49,50,320
63750,0,6,0,0,10
63751,52,108,40,175,616
63755,452,3890,1280,2126,10618
63758,2,45,7,59,232
63760,22,112,21,30,163
63763,0,16,0,0,29
63764,55,491,266,276,1561
63766,15,102,35,82,506
63767,2,35,21,39,203
63769,9,245,130,127,645
63770,0,18,2,7,53
63771,22,321,132,229,996
63774,4,37,18,0,73
63775,291,2111,744,1397,5816
63780,5,661,221,655,2153
63781,42,218,40,39,473
63782,0,24,13,10,50
63783,0,13,0,50,70
63784,5,7,14,20,91
63785,2,196,0,56,184
63787,5,35,34,45,126
63801,603,3113,1001,1678,8143
63820,8,33,10,30,76
63821,15,56,10,67,193
63822,43,357,74,106,791
63823,37,220,54,101,391
63824,0,20,9,20,58
63825,75,481,227,143,1528
63826,0,58,6,0,39
63827,31,66,28,50,169
63828,0,18,0,10,35
63829,2,153,39,248,494
63830,45,820,182,729,2505
63833,0,12,0,0,6
63834,100,600,258,441,2189
63837,0,270,84,153,618
63839,0,71,39,11,134
63840,0,12,0,2,16
63841,340,1754,482,1249,4738
63845,129,818,250,360,1890
63846,22,144,70,82,457
63847,0,0,0,8,20
63848,58,130,46,78,309
63849,5,23,2,0,29
63850,0,0,0,0,0
63851,113,724,195,224,1216
63852,10,193,23,163,491
63853,4,3,1,6,24
63855,59,123,28,32,282
63857,274,2081,527,835,4127
63860,0,27,9,14,70
63862,25,176,45,66,419
63863,55,695,243,420,1993
63866,0,67,19,24,121
63867,34,169,16,73,316
63868,17,111,5,68,308
63869,114,296,93,329,1122
63870,0,232,111,74,481
63873,127,514,199,333,1383
63874,5,46,7,17,58
63876,52,244,115,166,707
63877,99,328,108,182,1017
63878,0,6,19,2,40
63879,20,48,50,55,301
63880,0,0,0,0,6
63882,0,71,5,8,95
63901,565,4731,1451,2659,12486
63932,0,104,30,115,374
63933,106,381,157,218,1030
63934,0,0,0,0,0
63935,159,1074,360,578,2795
63936,2,51,42,55,198
63937,1,252,54,315,729
63939,21,96,24,158,485
63940,150,146,65,10,306
63941,15,38,0,0,48
63942,6,61,18,24,116
63943,0,76,15,108,385
63944,66,158,15,105,404
63945,15,137,22,58,279
63950,0,0,0,0,0
63951,14,0,11,5,30
63952,0,36,29,36,135
63953,34,92,32,77,227
63954,6,125,22,52,286
63955,0,0,0,7,14
63956,0,122,16,4,158
63957,168,584,219,314,1758
63960,90,378,118,278,1212
63961,29,143,148,344,938
63962,0,0,0,49,95
63964,11,95,65,35,166
63965,43,365,152,67,652
63966,0,175,25,231,633
63967,11,136,24,54,423
64001,26,217,55,69,265
64011,2,245,89,377,1331
64012,378,3771,983,2213,10763
64014,330,3821,1515,1734,10551
64015,439,4803,1385,2351,11568
64016,69,628,254,302,1703
64017,2,17,9,15,64
64018,28,163,44,38,291
64019,1,290,71,157,785
64020,135,340,116,188,845
64021,11,107,30,82,194
64022,1,43,10,0,38
64024,178,2012,579,1682,6129
64028,6,32,10,40,87
64029,197,3821,1199,1648,8582
64030,343,3243,863,2246,10964
64034,12,1132,439,578,3167
64035,0,171,44,80,446
64036,3,41,5,152,259
64037,241,730,207,349,2321
64040,134,887,172,267,1949
64048,43,555,205,540,1690
64050,847,2409,584,1957,7877
64052,558,2858,934,1715,8733
64053,26,1021,346,453,2615
64054,58,293,150,199,1250
64055,1084,4218,1209,3097,13078
64056,262,3357,623,1193,7138
64057,612,1271,617,1162,5391
64058,97,1081,232,246,2274
64060,221,2246,903,852,5672
64061,21,418,197,170,1048
64062,75,1042,455,475,2489
64063,533,2970,1002,1745,9160
64064,339,3141,1003,1021,6173
64065,0,0,0,25,28
64066,0,9,0,3,12
64067,42,1135,282,298,2279
64068,580,5308,1645,3006,14381
64070,30,414,79,173,967
64071,3,81,33,79,259
64072,47,15,1,20,61
64074,12,104,17,11,132
64075,149,1603,432,914,4326
64076,122,1206,376,780,3225
64077,30,176,62,113,587
64078,103,1229,584,702,3704
64079,128,2359,713,1187,5108
64080,345,1736,747,1607,5412
64081,920,3646,1117,1502,9035
64082,183,3338,1210,1205,6996
64083,1000,3578,1341,1933,9250
64084,0,221,9,79,514
64085,285,919,354,601,2836
64086,209,3341,1119,1927,9905
64088,27,171,97,123,514
64089,181,1719,826,932,5027
64090,0,9,3,10,42
64092,0,23,0,0,28
64093,597,2940,898,7544,14856
64096,37,188,61,96,445
64097,37,174,29,66,319
64098,40,498,81,155,1037
64101,0,0,0,36,108
64102,0,0,0,0,0
64105,69,12,29,958,4229
64106,31,1201,173,1500,6073
64108,118,841,192,1179,5515
64109,45,1004,259,1602,5278
64110,144,1821,350,3812,10168
64111,452,677,124,1992,10494
64112,146,512,130,1372,4466
64113,161,2056,505,285,4089
64114,930,1987,557,1104,10008
64116,498,1688,563,1602,7288
64117,131,1878,537,1128,6343
64118,794,4805,1179,3703,18133
64119,583,3639,1132,2508,13326
64120,0,94,25,56,345
64123,130,2016,384,824,4439
64124,73,2093,331,1070,4854
64125,0,507,92,350,943
64126,39,884,473,459,2541
64127,291,3170,612,1371,6491
64128,382,1769,769,1111,4536
64129,88,1192,284,872,3393
64130,675,2811,882,1875,6973
64131,670,2093,539,2195,9868
64132,224,1604,820,1152,5285
64133,519,4751,1571,2559,13807
64134,314,3430,1101,2282,9502
64136,57,198,76,160,570
64137,365,1102,298,820,4664
64138,511,2680,837,2276,9818
64139,78,340,124,179,1014
64145,275,438,213,571,1661
64146,25,74,0,16,334
64147,0,229,0,177,314
64149,0,87,5,3,109
64150,60,540,92,251,1676
64151,417,3577,1227,2109,11777
64152,578,4303,1429,2580,11830
64153,172,727,332,557,2716
64154,189,1387,352,1371,6187
64155,311,4217,1218,2600,11539
64156,32,1584,420,429,2886
64157,29,4174,1216,1103,8808
64158,98,911,314,866,3835
64161,2,39,11,33,114
64163,1,68,28,102,376
64164,0,12,7,0,43
64165,0,60,33,45,141
64166,19,31,0,0,47
64167,0,11,36,0,64
64401,7,191,51,52,436
64402,56,242,80,186,809
64420,2,2,0,0,3
64421,5,102,39,35,297
64422,6,58,4,23,145
64423,9,137,54,47,354
64424,195,666,86,182,1081
64426,11,22,30,29,208
64427,3,104,50,43,234
64428,24,114,22,71,238
64429,419,1320,473,1005,5049
64430,12,126,8,61,174
64431,24,43,27,30,118
64432,38,3,1,5,18
64433,6,6,1,134,189
64434,5,67,27,14,144
64436,4,124,18,91,385
64437,10,60,9,10,105
64438,0,22,2,3,59
64439,25,315,83,101,595
64440,5,97,77,44,378
64441,0,23,6,3,18
64442,5,79,52,129,322
64443,23,227,81,78,499
64444,38,87,33,141,474
64445,4,35,38,18,151
64446,43,106,31,46,315
64448,0,104,29,51,315
64449,13,50,8,52,153
64451,2,35,14,23,83
64453,0,37,0,30,88
64454,55,406,97,153,882
64455,12,20,3,16,66
64456,40,177,47,163,520
64457,10,27,7,22,83
64458,27,14,18,65,132
64459,44,37,24,0,161
64461,19,102,38,128,325
64463,14,158,42,118,485
64465,74,553,209,359,1406
64466,12,25,6,50,148
64467,5,0,63,0,88
64468,358,1028,298,4530,7774
64469,39,242,172,172,896
64470,110,222,61,86,459
64471,4,91,28,53,174
64473,122,152,66,112,445
64474,13,71,50,29,212
64475,4,27,21,24,135
64476,17,38,18,22,103
64477,114,401,80,210,866
64479,15,149,38,31,354
64480,4,22,12,3,47
64481,16,124,50,40,329
64482,102,341,82,96,613
64483,2,58,22,96,248
64484,4,129,27,23,239
64485,438,1061,289,518,2657
64486,3,23,21,6,47
64487,12,76,12,48,189
64489,59,400,113,150,736
64490,44,329,55,119,654
64491,74,152,63,167,565
64492,36,165,42,74,529
64493,0,236,1,19,207
64494,45,142,40,132,381
64496,0,9,6,12,48
64497,23,111,11,14,240
64498,0,29,12,0,69
64499,0,8,12,9,34
64501,160,1605,352,1095,4317
64503,211,1304,348,1004,4502
64504,130,1616,350,559,3502
64505,252,1797,541,1132,5113
64506,735,2654,868,2426,8996
64507,262,1690,606,2126,6485
64601,418,1376,522,1012,4781
64620,4,59,7,19,95
64622,14,57,16,30,100
64623,6,42,24,52,117
64624,60,165,39,139,473
64625,6,138,18,99,294
64628,131,644,299,332,1835
64630,7,68,35,70,226
64631,22,116,17,39,233
64632,8,36,16,22,124
64633,174,670,186,293,1559
64635,2,56,15,23,132
64636,2,31,8,12,93
64637,16,93,28,37,177
64638,12,130,5,10,228
64639,15,5,1,8,27
64640,87,435,119,193,912
64641,31,65,16,47,207
64642,22,111,17,63,233
64643,63,154,45,135,414
64644,103,488,143,202,1157
64645,6,9,7,5,45
64646,13,30,0,2,83
64647,13,72,78,5,163
64648,27,456,128,322,945
64649,13,85,11,21,146
64650,10,27,30,98,240
64651,5,33,11,35,131
64652,17,54,19,35,113
64653,3,77,10,33,169
64654,0,7,4,2,15
64655,0,4,0,9,11
64656,3,25,8,12,92
64657,2,25,12,15,75
64658,86,511,94,357,1160
64659,13,165,36,82,372
64660,5,65,9,7,110
64661,11,79,35,66,225
64664,13,22,0,20,79
64667,9,46,32,16,92
64668,39,123,47,136,507
64670,31,100,18,81,399
64671,50,218,92,107,586
64672,3,0,0,2,8
64673,112,386,77,160,793
64674,2,30,8,14,106
64676,6,11,11,16,50
64679,18,87,43,103,310
64681,1,15,5,11,33
64682,15,37,9,22,100
64683,271,1033,309,599,2644
64686,2,4,2,14,53
64688,5,163,26,89,238
64689,10,53,25,46,184
64701,331,1832,554,1159,5308
64720,47,582,218,313,1644
64722,0,23,14,55,122
64723,3,22,24,35,119
64724,126,287,81,224,757
64725,41,397,64,156,777
64726,0,63,0,4,61
64728,21,40,20,36,128
64730,164,942,265,364,2166
64733,1,169,21,34,398
64734,24,396,85,72,658
64735,392,1380,544,1029,4539
64738,27,239,78,70,446
64739,15,168,31,86,344
64740,10,136,67,58,448
64741,0,5,2,42,52
64742,37,304,155,216,993
64743,1,17,5,36,95
64744,187,1167,489,697,2763
64745,0,3,0,6,23
64746,33,286,26,47,449
64747,32,719,80,202,1245
64748,34,101,27,87,378
64750,0,105,14,16,135
64752,8,92,23,89,238
64755,32,417,98,135,958
64756,0,69,16,12,121
64759,181,1055,413,717,2975
64761,33,299,73,46,483
64762,63,242,52,113,515
64763,50,70,42,155,468
64765,0,0,0,0,3
64767,21,19,0,1,108
64769,12,83,25,39,200
64770,49,128,48,46,327
64771,0,45,7,12,106
64772,160,1438,624,1147,4793
64776,106,314,128,161,937
64778,4,86,15,47,152
64779,61,388,103,235,908
64780,3,64,14,15,96
64781,0,22,4,2,16
64783,8,94,43,24,142
64784,37,174,20,88,375
64788,22,108,86,112,455
64790,26,118,17,127,284
64801,433,4042,1361,4822,15023
64804,875,4919,1183,3118,13851
64830,14,156,29,39,256
64831,99,981,139,510,2271
64832,5,144,84,105,369
64833,2,25,4,0,25
64834,132,1876,479,508,3718
64835,26,325,169,113,817
64836,535,3750,1365,2438,10165
64840,26,536,68,145,1091
64841,3,192,57,156,603
64842,16,178,62,70,354
64843,16,432,356,252,1493
64844,59,452,183,362,1728
64847,0,68,28,28,145
64848,2,151,92,126,366
64849,0,28,6,7,54
64850,394,3378,1112,2385,9458
64854,108,772,461,530,2142
64855,0,373,100,129,1010
64856,24,423,72,332,1414
64857,5,83,34,26,140
64858,0,0,0,0,0
64859,14,68,65,83,512
64861,35,160,52,44,358
64862,144,444,179,223,1019
64863,3,203,84,57,493
64865,117,962,221,446,2151
64866,27,128,30,46,244
64867,24,240,43,60,266
64868,0,0,0,17,17
64870,290,2463,558,1214,6286
64873,24,77,44,43,225
64874,0,104,13,41,249
65001,0,26,0,11,61
65010,77,852,262,379,2546
65011,79,444,94,248,723
65013,106,288,112,272,948
65014,44,288,71,257,825
65016,8,121,91,125,447
65017,0,69,43,182,479
65018,175,1034,396,686,3193
65020,199,1700,446,1151,4506
65023,36,174,56,84,422
65024,23,99,47,61,341
65025,4,106,47,101,312
65026,269,1631,432,804,4226
65032,17,121,73,101,354
65034,39,160,7,24,229
65035,74,345,85,78,496
65037,245,247,84,76,943
65039,8,442,142,119,1078
65040,24,232,0,50,297
65041,81,676,128,210,1675
65043,70,1459,426,752,3918
65046,50,150,58,85,407
65047,0,289,49,75,488
65048,24,12,0,0,10
65049,90,590,378,385,2147
65050,2,167,44,146,352
65051,87,638,217,646,2064
65052,169,308,95,186,850
65053,6,195,56,120,290
65054,28,273,25,94,423
65058,28,95,26,55,280
65059,15,119,70,37,380
65061,13,34,41,63,196
65062,0,0,0,10,10
65063,161,369,280,431,1473
65064,3,36,21,5,179
65065,184,620,280,451,2234
65066,245,699,307,442,1970
65067,0,50,28,30,201
65068,21,108,44,126,304
65069,10,64,23,32,174
65072,61,390,111,65,477
65074,10,450,81,263,989
65075,32,133,130,99,462
65076,1,56,10,64,195
65077,0,88,0,39,149
65078,53,420,86,76,1072
65079,177,209,60,202,780
65080,51,266,142,48,468
65081,160,538,257,523,1749
65082,46,173,69,44,380
65083,0,36,10,69,89
65084,144,1136,199,503,2379
65085,59,166,50,54,418
65101,450,3517,1238,2976,13368
65109,812,5290,1596,2998,14867
65201,783,2477,614,22797,34245
65202,565,6565,2078,4807,21173
65203,977,8177,2238,6313,25635
65215,0,0,0,263,266
65216,0,0,0,177,180
65230,0,80,15,13,168
65231,34,487,87,155,866
65232,0,26,5,13,84
65233,232,1279,404,944,4285
65236,76,198,34,75,370
65237,34,71,32,98,297
65239,8,265,103,171,630
65240,97,763,474,654,3225
65243,9,489,124,225,895
65244,0,45,1,17,148
65246,14,0,0,0,0
65247,0,314,48,64,403
65248,88,456,164,979,2049
65250,0,73,36,56,149
65251,331,2120,530,2855,9117
65254,58,273,100,129,626
65255,23,930,324,257,1878
65256,9,160,57,170,622
65257,18,226,50,238,650
65258,41,35,27,23,200
65259,94,305,80,311,1023
65260,2,44,35,42,143
65261,25,140,97,118,449
65262,4,156,0,20,495
65263,36,230,49,104,443
65264,11,215,32,49,332
65265,404,1814,721,1218,5782
65270,390,2124,595,1205,6708
65274,49,282,35,94,619
65275,79,314,103,220,701
65276,101,258,67,179,596
65278,0,2,0,0,22
65279,38,82,10,111,344
65280,0,28,2,25,80
65281,96,393,87,191,917
65282,0,0,0,9,9
65283,4,10,0,80,86
65284,60,350,48,189,781
65285,0,0,0,11,40
65286,7,16,21,0,31
65287,0,0,0,0,65
65301,809,5078,1387,3046,13451
65305,0,510,66,1418,2945
65320,1,9,3,0,14
65321,7,47,21,27,109
65322,27,107,37,73,283
65323,13,158,15,97,359
65324,0,111,28,92,217
65325,134,374,159,380,1090
65326,69,169,14,35,243
65327,3,43,8,25,98
65329,0,57,25,81,213
65330,3,136,26,11,156
65332,10,250,90,109,527
65333,25,80,11,34,202
65334,6,62,25,238,439
65335,2,0,0,0,30
65336,78,775,228,1019,3216
65337,15,253,92,175,728
65338,65,357,220,156,1132
65339,22,64,19,63,185
65340,421,2046,560,2646,6925
65344,2,36,3,10,46
65345,8,7,9,3,105
65347,10,32,23,117,355
65348,5,203,46,82,401
65349,83,197,89,244,954
65350,33,256,127,90,654
65351,45,347,146,225,831
65354,8,40,1,45,224
65355,413,798,262,446,2371
65360,95,948,171,385,1740
65401,592,3750,1095,6715,14992
65409,0,0,0,0,0
65436,0,0,0,0,0
65438,30,147,43,272,698
65439,0,0,0,0,0
65440,0,115,10,3,147
65441,34,585,118,380,1748
65443,0,7,34,0,44
65444,13,55,0,25,138
65446,51,66,0,38,201
65449,0,0,0,0,0
65452,50,321,78,246,1147
65453,161,1291,572,639,3455
65456,0,48,60,34,192
65457,0,0,0,0,39
65459,163,1120,198,1506,3567
65461,0,15,5,0,12
65462,17,198,23,62,308
65463,17,172,63,305,641
65464,0,30,0,0,85
65466,12,146,98,114,489
65468,0,42,0,0,0
65470,33,37,16,102,255
65473,0,1574,365,7955,12453
65479,0,0,0,0,57
65483,144,656,180,446,1767
65484,6,0,0,0,0
65486,47,315,151,251,975
65501,0,2,10,0,15
65529,0,32,35,9,119
65534,0,122,0,0,0
65535,0,218,66,220,598
65536,585,4030,1466,2132,10805
65541,7,17,0,17,24
65542,121,763,268,591,2800
65543,10,113,48,44,247
65548,173,1012,396,425,2424
65550,59,335,131,312,1282
65552,49,270,94,299,970
65555,11,161,20,62,411
65556,253,752,125,226,1510
65557,0,43,0,0,26
65559,206,1206,363,479,3051
65560,391,1759,573,924,4414
65564,0,0,0,25,74
65565,98,457,109,254,1287
65566,24,91,17,48,229
65567,58,70,73,79,407
65570,37,53,0,7,75
65571,82,237,149,95,470
65580,16,30,14,0,211
65582,44,235,64,179,676
65583,303,1947,576,1322,6475
65584,67,1284,370,1187,5433
65586,0,23,37,0,37
65588,25,180,87,101,560
65589,0,0,0,12,12
65590,42,144,51,63,881
65591,0,400,40,106,698
65601,5,52,40,33,208
65603,0,0,3,40,79
65604,121,530,92,151,1252
65605,170,1231,495,1100,4082
65606,107,371,111,137,867
65608,220,1223,376,371,2574
65609,44,19,58,81,281
65610,28,581,192,292,1481
65611,143,144,7,4,240
65612,30,204,82,105,437
65613,514,2181,805,2661,7251
65614,13,76,29,72,259
65616,647,3278,1347,2219,10459
65617,25,122,206,129,799
65618,0,34,0,0,90
65619,74,953,327,1010,3462
65620,0,14,0,0,53
65622,163,1050,272,473,2602
65623,0,4,2,9,17
65624,0,128,16,69,359
65625,237,791,451,723,2849
65626,23,321,81,191,678
65627,86,64,0,64,275
65629,33,104,10,48,190
65630,6,33,11,18,61
65631,98,830,403,614,2724
65632,54,363,118,319,933
65633,64,643,101,268,1379
65634,17,127,4,18,169
65635,12,45,22,97,277
65637,4,197,30,61,334
65638,13,86,10,32,119
65640,5,287,38,34,517
65641,4,52,140,0,234
65644,40,149,76,75,466
65646,76,191,73,83,423
65647,38,396,219,133,1224
65648,85,1258,333,687,2443
65649,20,268,108,105,581
65650,12,226,107,157,621
65652,81,518,134,184,1658
65653,273,566,136,328,1454
65654,7,12,7,36,134
65655,123,331,75,35,488
65656,283,356,270,489,1468
65657,0,50,38,32,223
65658,48,26,4,13,172
65660,0,9,6,0,19
65661,82,273,99,105,818
65662,67,153,33,74,281
65663,36,362,87,336,1010
65664,0,0,8,4,25
65666,0,0,0,0,0
65667,110,353,214,240,1044
65668,66,67,38,74,303
65669,80,300,157,340,1084
65672,246,1246,254,1026,3126
65674,91,621,162,151,870
65675,0,3,0,0,18
65676,16,47,0,0,70
65679,34,264,96,362,1063
65680,32,109,41,81,324
65681,16,204,16,80,284
65682,89,251,131,209,785
65685,2,201,42,43,298
65686,362,331,112,156,869
65688,14,0,0,0,0
65689,171,555,174,296,1428
65690,0,0,0,0,6
65692,27,140,62,62,265
65702,0,0,0,2,16
65704,64,624,231,532,1813
65705,123,552,205,499,1533
65706,197,2494,532,1604,6298
65707,33,183,168,163,780
65708,407,2326,606,996,5008
65710,36,147,30,47,390
65711,206,1146,330,673,2962
65712,349,1487,277,546,3473
65713,78,517,35,129,739
65714,776,5316,1488,2054,13014
65715,0,0,0,30,50
65717,34,548,174,235,1031
65720,0,202,23,7,236
65721,502,5180,1648,2818,13247
65722,19,35,29,117,334
65723,23,615,69,163,1200
65724,117,56,15,17,163
65725,23,439,158,287,1155
65726,0,0,0,1050,1050
65727,0,10,0,0,12
65728,0,0,0,0,0
65729,0,0,0,0,0
65730,0,0,0,0,0
65731,0,0,0,0,0
65732,89,149,68,156,460
65733,37,34,31,96,375
65734,55,452,63,348,986
65735,2,0,0,0,20
65737,263,574,341,420,2453
65738,293,3340,700,903,8440
65739,0,50,0,0,189
65740,15,578,173,251,1204
65741,0,0,0,0,0
65742,174,2259,592,825,5202
65744,0,6,0,0,6
65745,41,403,28,210,914
65746,92,1617,694,693,3019
65747,292,259,27,268,706
65752,3,22,13,0,46
65753,50,559,135,245,1573
65754,0,50,6,43,217
65755,52,32,47,0,160
65756,14,111,79,56,340
65757,151,1084,347,308,2253
65759,31,100,35,161,375
65760,30,0,0,0,11
65761,42,44,14,105,302
65762,6,68,29,55,199
65764,5,127,56,82,365
65766,0,4,0,16,33
65767,35,191,49,189,500
65768,0,0,31,5,49
65769,57,180,189,253,883
65770,49,358,111,96,917
65771,49,241,64,50,350
65772,66,412,36,118,685
65773,0,24,11,8,39
65774,9,141,62,74,305
65775,582,3469,939,1964,8894
65777,0,16,0,0,17
65778,14,82,0,72,176
65779,21,122,37,39,282
65781,73,1759,477,814,3454
65783,0,23,0,0,21
65784,0,0,0,0,0
65785,124,575,223,291,1662
65786,23,260,79,86,514
65787,14,14,54,94,377
65788,3,12,74,27,169
65789,55,315,0,99,476
65790,0,111,73,26,260
65791,64,563,198,267,1370
65793,45,610,285,528,1932
65801,0,0,0,0,0
65802,603,5554,1662,6865,21764
65803,891,5935,1397,5119,17304
65804,1442,4027,1378,3850,15906
65806,35,598,379,6104,9888
65807,1588,4561,1182,9091,26853
65809,371,1359,407,449,2982
65810,513,2882,1077,1680,7080
65897,0,0,36,3249,3294
66002,342,1777,583,2408,5817
66006,150,985,347,1158,3180
66007,419,1361,473,607,3522
66008,12,16,0,7,96
66010,13,51,4,8,97
66012,164,1681,445,579,3504
66013,23,738,208,65,819
66014,0,85,0,30,153
66015,13,39,42,106,275
66016,0,150,41,102,235
66017,19,16,4,18,105
66018,72,1218,416,381,2228
66020,25,180,187,83,654
66021,21,473,120,174,1034
66023,26,80,35,41,231
66024,15,51,18,137,283
66025,89,1261,361,530,2943
66026,14,140,38,29,208
66027,0,1468,222,788,3850
66030,178,4429,1144,2022,11026
66031,0,0,0,87,478
66032,137,738,202,317,1628
66033,25,31,15,129,264
66035,31,112,22,680,823
66039,4,115,36,24,189
66040,126,266,142,378,984
66041,20,42,73,54,300
66042,3,52,32,37,185
66043,188,1496,603,598,4257
66044,236,1896,566,11472,19223
66045,0,0,7,1658,1672
66046,105,1779,475,4777,11112
66047,282,1875,404,4445,10251
66048,528,3861,1079,3641,13918
66049,579,4149,1217,4067,13886
66050,18,229,69,163,557
66052,30,371,117,332,964
66053,112,1229,348,430,2465
66054,84,362,97,214,809
66056,31,207,63,63,486
66058,8,7,8,22,71
66060,26,201,68,61,456
66061,1125,10843,3122,5256,27015
66062,976,11696,4067,6453,33058
66064,87,663,205,631,2504
66066,52,370,71,184,1166
66067,420,2163,659,1564,6169
66070,4,259,83,66,650
66071,278,1802,533,1146,4322
66072,7,312,58,11,510
66073,20,348,76,222,772
66075,45,318,116,217,925
66076,21,331,144,89,774
66078,65,85,29,78,278
66079,20,80,6,19,125
66080,26,179,33,73,287
66083,152,1928,598,1288,4577
66085,110,1724,612,702,3765
66086,63,1696,433,847,4211
66087,55,245,137,93,678
66088,111,198,196,206,1031
66090,74,270,72,163,858
66091,0,77,49,46,160
66092,67,543,239,297,1633
66093,0,82,14,24,187
66094,22,59,22,44,135
66095,6,173,35,150,463
66097,38,99,66,76,334
66101,209,1687,644,1254,5606
66102,305,5617,1582,3360,12975
66103,200,1327,300,1543,6953
66104,355,4213,1116,2395,10701
66105,18,425,127,208,994
66106,210,3213,1097,2074,9011
66109,363,4201,1180,2137,11124
66111,105,1518,534,850,3956
66112,166,2380,416,1085,5269
66115,0,0,0,0,0
66118,0,0,0,0,0
66160,0,0,0,0,9
66202,207,1261,544,1792,8197
66203,394,1882,680,1799,8107
66204,581,1539,489,2636,9835
66205,401,1569,363,1280,6054
66206,251,1816,400,609,3733
66207,830,2017,574,1035,5604
66208,729,2805,590,1034,8173
66209,542,2333,678,951,5676
66210,349,1809,556,2257,8642
66211,276,595,179,414,2098
66212,810,3451,1309,3370,14660
66213,451,3181,1185,2630,12341
66214,385,1554,473,1364,5780
66215,931,2664,795,1998,10506
66216,367,2925,1153,2254,9088
66217,309,401,131,324,1697
66218,21,1252,390,317,3178
66219,62,1400,355,1709,6463
66220,108,1301,448,502,2605
66221,445,4610,1820,1423,8136
66223,522,3168,1098,1786,10023
66224,99,1854,554,745,3448
66226,197,3416,924,1500,6624
66227,78,1476,462,485,3363
66251,0,0,0,0,5
66401,84,270,46,52,483
66402,24,513,328,215,1122
66403,8,175,59,39,251
66404,42,51,26,0,95
66406,42,29,6,12,124
66407,1,45,0,1,103
66408,1,93,24,56,151
66409,70,317,78,126,793
66411,37,217,46,160,464
66412,3,48,7,5,197
66413,29,177,71,129,526
66414,71,356,157,205,916
66415,68,79,15,38,178
66416,2,96,32,30,167
66417,0,72,21,7,131
66418,0,22,27,52,166
66419,0,44,2,0,135
66422,7,413,32,66,470
66423,40,147,66,94,457
66424,6,24,46,36,243
66425,7,14,0,26,105
66427,28,120,47,104,376
66428,2,68,3,0,110
66429,0,44,26,72,219
66431,1,40,34,82,204
66432,4,57,5,21,134
66434,105,828,168,250,1410
66436,129,785,312,557,2229
66438,0,13,0,0,29
66439,100,364,160,171,912
66440,9,216,63,52,490
66441,493,4131,909,3682,12479
66442,0,1655,268,6251,12139
66449,55,125,23,126,316
66451,21,273,96,176,642
66501,0,28,6,121,190
66502,627,3938,1173,15157,28033
66503,333,1991,573,1738,7069
66506,0,0,12,3167,3179
66507,24,146,42,68,262
66508,137,674,184,196,1317
66509,25,299,65,235,806
66510,14,62,18,111,210
66512,46,533,146,192,1091
66514,0,439,72,43,691
66515,0,84,29,74,167
66516,3,25,15,64,136
66517,23,205,39,175,761
66518,3,13,5,14,42
66520,7,71,20,19,203
66521,68,188,43,57,355
66522,0,38,9,164,198
66523,94,477,176,276,1372
66524,84,362,164,61,701
66526,29,181,43,26,319
66527,4,33,7,9,65
66528,2,160,42,25,225
66531,1,171,53,63,547
66532,12,85,8,32,201
66533,40,303,90,193,718
66534,231,582,135,311,1288
66535,6,639,158,79,1447
66536,86,700,216,693,1785
66537,9,143,57,101,456
66538,137,580,163,186,1122
66539,130,459,145,136,712
66540,5,95,20,69,173
66541,5,21,2,19,60
66542,58,447,79,125,775
66543,15,129,17,87,340
66544,8,25,7,23,63
66546,0,147,50,13,203
66547,221,1400,569,598,3018
66548,18,84,24,89,296
66549,8,124,47,131,531
66550,25,116,46,24,207
66552,6,69,16,46,165
66554,13,104,5,19,161
66603,0,224,139,181,634
66604,605,2554,742,2145,8792
66605,395,3560,940,1902,8027
66606,225,821,345,1239,4203
66607,42,1593,318,836,4221
66608,247,338,153,611,2279
66609,78,950,452,510,2487
66610,81,1346,588,557,3062
66611,484,1355,560,1131,4222
66612,39,8,17,211,665
66614,932,4385,1038,2615,12148
66615,109,329,149,171,909
66616,231,638,151,743,2198
66617,105,1203,372,571,2941
66618,160,1477,618,464,3653
66619,0,614,133,374,1481
66621,0,0,12,627,656
66622,24,0,0,11,23
66701,327,1548,441,1129,4125
66710,14,66,40,88,261
66711,4,85,27,27,259
66712,80,119,41,164,614
66713,113,811,295,571,2195
66714,1,19,0,2,37
66716,2,201,47,54,383
66717,9,67,9,85,191
66720,285,1562,533,998,4009
66724,36,94,60,96,431
66725,118,509,398,444,2068
66732,8,69,14,10,109
66733,48,241,61,223,658
66734,0,16,11,0,35
66735,0,177,26,170,398
66736,195,405,136,225,1064
66738,8,4,0,2,29
66739,51,498,134,317,1526
66740,0,12,9,21,69
66741,7,17,0,8,29
66742,0,0,0,0,3
66743,74,518,158,558,1585
66746,0,34,2,16,59
66748,52,355,87,254,793
66749,246,1008,287,794,2794
66751,15,61,32,76,199
66753,22,177,62,88,531
66754,13,49,15,21,136
66755,43,52,11,20,304
66756,29,147,26,113,332
66757,64,570,185,172,1112
66758,15,53,18,11,93
66760,0,0,0,0,0
66761,8,42,36,0,155
66762,402,2985,983,5733,11934
66763,100,517,76,170,1328
66767,28,27,18,9,77
66769,2,208,52,14,213
66770,20,144,5,20,193
66771,85,129,59,65,327
66772,2,14,15,33,100
66773,12,42,17,41,153
66775,3,19,0,65,107
66776,9,258,54,114,457
66777,13,13,6,20,91
66778,0,0,0,0,0
66779,11,221,43,44,252
66780,54,41,38,37,168
66781,31,297,26,78,267
66782,9,30,7,3,53
66783,68,215,69,130,663
66801,554,3287,914,5359,12650
66830,10,36,19,11,92
66833,21,71,38,73,218
66834,7,179,30,52,279
66835,9,226,93,156,536
66838,1,0,0,0,21
66839,36,556,255,260,1428
66840,8,51,30,78,220
66842,10,37,33,33,178
66843,8,0,8,46,68
66845,32,123,33,90,401
66846,109,591,102,194,997
66849,21,59,22,51,185
66850,3,15,20,13,68
66851,48,54,22,21,119
66852,7,81,21,34,217
66853,2,28,7,39,90
66854,4,145,49,67,250
66856,37,305,29,148,551
66857,106,66,25,124,299
66858,1,8,23,60,153
66859,0,24,13,19,119
66860,65,142,80,108,477
66861,83,338,139,98,794
66862,0,14,0,0,5
66863,16,5,0,0,4
66864,14,79,39,25,170
66865,9,241,29,92,409
66866,84,187,55,202,616
66868,2,40,48,33,212
66869,29,87,6,32,237
66870,8,7,2,5,22
66871,63,106,64,62,404
66872,94,49,31,67,256
66873,4,14,8,9,71
66901,194,785,250,801,2383
66930,6,0,2,26,45
66932,0,3,11,0,22
66933,16,19,4,41,78
66935,144,401,84,125,664
66936,5,56,0,15,61
66937,55,131,50,116,343
66938,68,231,56,110,472
66939,17,42,9,39,123
66940,19,22,33,6,109
66941,1,5,0,0,9
66942,0,64,5,31,115
66943,8,113,13,42,221
66944,11,63,1,4,55
66945,64,140,59,53,317
66946,0,0,0,7,33
66948,1,89,27,38,209
66949,8,70,36,27,222
66951,28,105,34,93,258
66952,4,27,5,42,92
66953,42,40,13,70,210
66955,0,4,0,0,5
66956,63,88,43,29,300
66958,4,14,28,57,124
66959,0,9,0,21,51
66960,0,14,12,3,36
66961,0,0,0,0,0
66962,1,10,1,11,65
66963,40,53,2,26,74
66964,0,12,0,9,32
66966,35,85,17,19,194
66967,140,222,58,130,706
66968,51,162,39,21,344
66970,0,4,0,0,20
67001,14,491,128,167,794
67002,387,3365,837,990,6574
67003,91,330,152,276,847
67004,45,90,63,55,228
67005,407,2161,554,1679,6023
67008,53,46,5,38,150
67009,12,126,74,69,323
67010,409,1785,629,1417,5010
67012,0,0,0,0,14
67013,55,374,169,314,1096
67016,13,49,17,33,153
67017,18,260,107,230,852
67018,0,0,0,15,15
67019,10,134,83,91,447
67020,37,192,81,110,540
67021,0,0,0,0,0
67022,22,250,49,95,495
67023,1,11,6,4,19
67024,6,125,36,69,295
67025,83,616,298,349,1520
67026,75,951,238,251,1492
67028,9,30,21,10,78
67029,77,164,49,58,291
67030,149,403,141,330,1130
67031,56,443,68,304,977
67035,30,94,45,16,193
67036,0,0,0,0,20
67037,643,4741,1372,2517,11470
67038,4,129,54,69,261
67039,47,474,173,200,1064
67041,6,33,15,30,106
67042,380,1824,447,2140,7206
67045,120,425,133,99,943
67047,16,82,36,39,147
67049,0,27,10,0,10
67050,20,402,96,103,722
67051,17,12,30,15,129
67052,212,1451,582,705,3379
67053,37,95,29,48,163
67054,48,193,45,38,308
67055,0,0,9,9,18
67056,143,556,171,229,1093
67057,6,41,17,15,98
67058,60,316,42,73,599
67059,53,87,37,169,396
67060,156,2025,557,1728,5074
67061,0,12,10,0,60
67062,435,747,49,433,1194
67063,75,495,93,643,1464
67065,11,0,0,29,56
67066,4,34,12,6,81
67067,12,246,94,199,969
67068,189,354,118,355,1394
67070,35,110,27,48,309
67071,0,97,0,0,69
67072,12,69,8,89,153
67073,0,71,15,15,130
67074,20,99,61,55,272
67101,200,591,533,363,2131
67102,0,35,17,3,49
67103,4,7,8,15,113
67104,89,274,56,162,599
67105,1,29,4,6,63
67106,5,67,19,34,93
67107,268,310,88,223,862
67108,53,193,30,111,533
67109,13,44,17,15,164
67110,139,1391,439,687,2799
67111,3,29,6,0,60
67112,4,55,7,3,57
67114,396,2690,943,1602,7781
67117,120,180,76,423,853
67118,8,88,17,25,250
67119,22,184,39,43,279
67120,0,109,40,57,265
67122,5,40,0,71,102
67123,4,78,43,54,288
67124,166,1135,365,956,3125
67127,15,100,20,46,203
67131,7,31,13,11,75
67132,0,75,27,7,190
67133,79,1026,551,619,2816
67134,5,42,28,27,133
67135,71,469,291,379,1344
67137,3,61,18,16,104
67138,0,35,34,15,105
67140,15,153,84,76,452
67142,13,83,0,0,90
67143,1,8,4,0,14
67144,48,538,185,120,890
67146,13,314,44,159,613
67147,214,1769,517,560,3523
67149,58,244,60,120,458
67150,3,0,0,0,4
67151,1,92,9,57,187
67152,269,1328,396,632,3033
67154,81,290,77,134,573
67155,0,10,7,4,23
67156,555,1873,620,1546,5477
67159,3,35,0,9,37
67202,0,0,0,278,1274
67203,528,3519,833,3309,13302
67204,668,2735,1309,2240,8993
67205,700,3993,1085,897,6328
67206,849,2157,861,1614,6430
67207,236,2691,1037,3676,13434
67208,210,2292,727,2272,8317
67209,392,1735,481,847,4831
67210,90,1903,229,903,3979
67211,246,2180,661,1974,7838
67212,756,5587,1608,3425,17547
67213,416,3117,676,2437,8921
67214,227,2904,1104,1812,6682
67215,50,887,364,497,2732
67216,520,3203,722,2762,8912
67217,418,5512,1265,3217,13497
67218,460,3439,782,2150,9952
67219,66,1889,580,920,5362
67220,140,1624,493,2701,7506
67221,0,0,0,401,447
67223,4,271,0,31,253
67226,490,2780,891,2135,9268
67227,0,46,0,0,74
67228,46,481,92,197,1020
67230,115,1872,657,597,3541
67232,0,27,9,8,114
67235,83,2484,1072,926,5731
67260,0,0,0,209,209
67301,281,1889,497,1273,4722
67330,43,249,53,174,658
67332,0,45,7,31,61
67333,62,390,223,69,830
67334,0,3,0,2,10
67335,106,478,158,143,1140
67336,56,154,45,80,334
67337,276,1248,446,1058,3977
67340,4,48,23,42,136
67341,36,79,0,0,106
67342,101,90,19,42,225
67344,9,89,28,67,232
67345,2,4,0,6,17
67346,19,62,16,5,99
67347,15,115,31,29,161
67349,41,141,41,16,203
67351,8,67,7,37,98
67352,9,66,27,43,165
67353,15,36,2,27,89
67354,7,116,20,78,161
67355,0,10,12,19,74
67356,67,593,74,275,1015
67357,257,1497,505,862,4105
67360,0,22,2,36,81
67361,25,293,52,72,501
67363,0,22,0,0,21
67364,0,8,5,36,62
67401,1644,6547,1983,4810,19014
67410,289,1451,408,744,3590
67416,11,62,33,32,212
67417,0,7,0,0,67
67418,13,30,2,8,29
67420,89,506,184,409,1388
67422,10,219,72,67,389
67423,0,35,26,33,156
67425,2,136,15,105,268
67427,0,26,18,19,67
67428,12,166,50,43,407
67430,7,90,44,32,178
67431,106,188,127,91,622
67432,257,862,161,354,1739
67436,8,65,15,39,126
67437,55,74,40,43,279
67438,10,41,21,8,97
67439,79,287,84,232,1399
67441,47,119,18,125,338
67442,0,115,0,11,108
67443,39,238,171,107,790
67444,6,68,5,37,127
67445,21,33,11,7,109
67446,27,70,7,60,252
67447,1,15,6,33,63
67448,7,181,40,27,232
67449,27,213,51,156,891
67450,21,63,19,43,128
67451,17,192,83,75,382
67452,2,103,3,20,112
67454,13,43,56,73,238
67455,94,210,83,119,586
67456,141,526,234,794,2086
67457,27,109,18,19,167
67458,0,31,79,40,187
67459,4,66,14,28,180
67460,606,2064,536,2160,6657
67464,33,64,26,81,323
67466,4,56,44,53,194
67467,46,343,97,160,934
67468,1,47,5,11,116
67470,7,87,15,31,185
67473,105,200,69,185,630
67474,1,24,2,12,51
67475,6,6,4,36,51
67476,0,0,0,0,0
67478,0,8,1,10,32
67480,26,248,116,126,673
67481,29,97,25,39,155
67482,0,25,0,0,15
67483,7,99,27,66,174
67484,25,105,52,112,344
67485,24,23,14,30,83
67487,34,149,42,62,469
67490,50,122,14,66,267
67491,8,36,7,13,76
67492,3,21,16,14,58
67501,229,2635,1052,3048,11102
67502,1158,3474,956,1617,7360
67505,268,227,173,122,1128
67510,1,56,0,16,64
67511,26,5,3,21,44
67512,3,22,15,10,52
67513,5,36,0,0,45
67514,15,59,16,64,252
67515,0,0,0,0,0
67516,35,71,30,91,198
67518,0,0,0,0,12
67519,62,5,0,0,30
67520,5,35,0,33,105
67521,2,0,0,22,69
67522,158,347,82,125,641
67523,31,73,9,11,125
67524,8,86,47,33,213
67525,22,196,80,60,399
67526,85,399,104,242,943
67529,5,25,18,34,89
67530,653,2428,643,1446,6377
67543,38,315,70,157,661
67544,63,323,179,187,1110
67545,5,12,4,17,67
67546,176,315,138,222,826
67547,52,279,49,62,566
67548,93,81,62,139,435
67550,118,414,123,352,2067
67552,13,106,30,51,225
67553,6,18,5,8,33
67554,109,558,129,342,1589
67556,4,4,0,8,38
67557,0,106,26,50,181
67559,0,0,0,0,0
67560,48,192,81,106,465
67561,18,148,63,114,446
67563,13,17,3,31,95
67564,14,51,24,25,76
67565,10,84,41,23,190
67566,318,73,11,28,120
67567,18,63,13,44,288
67568,1,46,28,5,87
67570,42,246,50,44,585
67572,71,24,15,31,87
67573,1,28,7,2,35
67574,3,18,1,12,41
67575,24,36,10,17,117
67576,101,300,98,181,740
67578,35,140,40,61,306
67579,31,405,159,665,1352
67581,19,33,5,28,109
67583,76,69,37,69,245
67584,8,8,1,20,35
67601,656,2799,608,5230,11788
67621,13,48,2,8,55
67622,5,44,12,45,215
67623,9,30,19,6,73
67625,11,11,8,0,68
67626,8,16,4,36,53
67627,0,55,10,10,78
67628,5,22,4,3,9
67629,1,0,0,9,15
67631,6,5,1,18,28
67632,6,19,7,25,82
67634,1,11,12,31,88
67635,2,30,0,22,52
67637,146,423,189,196,1087
67638,2,4,3,3,23
67639,0,6,9,0,79
67640,11,39,11,87,179
67642,80,268,72,142,637
67643,3,18,5,8,48
67644,4,24,0,7,38
67645,18,3,54,65,156
67646,5,179,78,43,283
67647,0,79,6,20,76
67648,61,57,18,84,203
67649,17,9,15,14,60
67650,0,16,7,2,14
67651,32,110,5,3,109
67653,0,40,18,35,138
67654,96,495,105,246,1781
67656,0,0,0,0,61
67657,2,32,17,9,69
67658,0,15,10,8,44
67659,9,0,0,0,20
67660,0,0,0,0,0
67661,155,246,96,188,876
67663,110,353,123,182,872
67664,2,28,10,35,88
67665,209,645,214,201,1527
67667,0,23,3,17,80
67669,89,204,35,110,595
67671,15,146,96,101,596
67672,140,279,67,111,660
67673,5,6,2,0,9
67674,0,6,9,12,40
67675,0,15,13,3,41
67701,158,887,202,883,2326
67730,82,268,61,34,524
67731,7,171,29,71,307
67732,14,133,20,32,234
67733,14,13,12,35,71
67734,0,24,12,21,67
67735,113,622,216,681,1881
67736,0,9,1,19,43
67737,24,54,17,20,116
67738,22,76,31,15,175
67739,12,10,9,20,76
67740,62,293,78,97,511
67741,34,44,10,119,314
67743,0,32,21,27,110
67744,4,28,2,14,41
67745,7,23,9,45,113
67747,0,8,8,3,69
67748,117,307,82,233,1016
67749,120,232,86,36,591
67751,10,23,4,7,34
67752,48,273,79,93,522
67753,9,27,41,21,170
67756,101,142,56,107,565
67757,4,42,16,42,168
67758,102,149,37,88,326
67761,4,28,8,11,73
67762,2,20,1,21,67
67764,8,61,20,18,124
67801,386,5218,1513,3365,12940
67831,47,145,48,60,270
67834,28,140,10,107,231
67835,19,490,152,203,1045
67836,3,11,2,3,20
67837,10,200,113,121,411
67838,15,217,43,149,357
67839,46,133,14,113,318
67840,0,0,3,2,7
67841,2,16,2,77,115
67842,6,65,15,56,161
67843,35,0,0,0,0
67844,32,109,20,40,216
67846,546,5672,1603,3962,14380
67849,14,67,12,30,117
67850,2,58,45,17,174
67851,8,704,291,208,1321
67853,15,187,28,48,253
67854,50,117,66,101,370
67855,46,272,77,128,684
67857,0,17,0,20,77
67859,51,99,29,93,232
67860,79,538,117,251,969
67861,49,259,64,71,666
67862,25,36,0,21,67
67863,6,19,0,15,112
67864,57,216,68,161,623
67865,65,141,28,58,286
67867,53,251,56,192,587
67868,0,24,0,17,76
67869,4,237,89,168,641
67870,40,154,93,106,555
67871,184,784,307,381,1794
67876,54,249,67,75,460
67877,17,299,147,167,859
67878,52,460,126,234,1071
67879,36,213,72,67,446
67880,74,1503,253,565,2688
67882,7,7,0,11,39
67901,302,3700,1054,2258,8965
67950,51,298,26,75,462
67951,166,728,311,389,1755
67952,9,66,34,114,252
67953,0,10,0,1,7
67954,9,165,65,67,427
68001,6,13,2,0,16
68002,36,337,129,209,782
68003,168,566,194,303,1681
68004,55,119,37,36,273
68005,740,3289,799,2316,9043
68007,145,3274,754,713,6504
68008,287,1923,649,923,4422
68010,0,132,331,28,441
68014,7,9,5,8,159
68015,15,142,52,58,410
68016,9,57,14,24,113
68017,89,362,65,159,715
68018,0,128,20,24,189
68019,22,69,4,12,130
68020,24,32,15,74,183
68022,373,6519,1844,1862,12858
68023,67,401,33,94,752
68025,1037,4218,1264,2923,11434
68028,171,3347,1106,1139,7072
68029,11,42,14,155,349
68030,9,36,16,44,213
68031,43,329,66,106,558
68033,7,20,25,8,69
68034,2,57,31,74,273
68036,0,66,4,0,134
68037,66,428,137,289,1040
68038,71,183,39,36,409
68039,16,268,69,181,477
68040,15,25,16,40,125
68041,14,134,38,51,313
68042,0,13,0,26,44
68044,11,61,23,170,311
68045,61,294,159,285,797
68046,600,5195,1747,2576,13226
68047,60,320,86,135,645
68048,294,1899,418,1004,4688
68050,26,75,10,95,240
68055,7,55,13,34,118
68056,0,0,0,0,6
68057,41,199,86,107,509
68058,2,19,1,2,50
68059,25,432,128,201,994
68061,81,351,101,97,698
68062,8,38,21,31,120
68063,9,52,8,21,102
68064,151,480,56,211,1119
68065,41,143,75,106,391
68066,157,1074,287,301,1940
68067,4,284,83,97,461
68068,3,37,7,4,98
68069,27,471,123,116,786
68070,8,77,41,18,318
68071,12,362,167,178,835
68072,1,4,3,9,28
68073,13,417,101,223,1033
68102,22,80,42,1601,6024
68104,359,4954,1659,3080,16025
68105,341,2705,700,2846,10863
68106,440,2330,424,3213,10201
68107,251,5725,1477,3039,12849
68108,360,2298,638,1569,6645
68110,104,1375,382,894,4262
68111,236,4820,1408,2440,10010
68112,221,1957,545,603,4235
68113,0,80,0,395,642
68114,757,1586,603,2151,7364
68116,582,5246,1378,2109,14225
68117,225,1125,255,745,3379
68118,91,1498,459,519,2843
68122,88,1997,581,866,5655
68123,250,5795,1287,3612,15808
68124,631,1720,700,1017,5870
68127,232,1889,491,2511,9506
68128,317,2291,867,1891,8044
68130,289,3287,1115,1115,7480
68131,153,1032,288,3158,7927
68132,91,2257,638,1524,6926
68133,336,1564,912,753,5317
68134,319,3661,1400,2541,12496
68135,171,4702,1699,2175,11978
68136,59,3725,986,1200,7983
68137,485,3152,958,1309,9700
68138,10,1573,391,918,5276
68142,31,590,128,380,1838
68144,585,4050,1011,2320,9849
68147,63,1696,434,1324,5119
68152,274,612,251,252,1872
68154,702,2741,846,1833,9203
68157,78,604,218,479,2396
68164,251,3936,1194,2329,12797
68178,0,0,17,2243,2353
68182,0,0,0,753,756
68183,0,0,0,0,0
68301,27,211,43,88,431
68303,8,3,8,22,59
68304,0,33,12,22,91
68305,145,578,210,321,1598
68307,1,63,15,39,173
68309,0,3,2,0,9
68310,660,1791,553,902,4761
68313,2,70,66,54,198
68314,4,59,6,22,124
68315,4,2,3,16,33
68316,10,56,18,26,164
68317,41,236,37,55,567
68318,7,78,10,13,123
68319,14,96,4,10,184
68320,12,63,8,7,83
68321,3,20,3,18,79
68322,11,80,13,121,253
68323,11,39,15,22,80
68324,2,18,0,2,22
68325,5,10,1,4,18
68326,7,73,2,32,115
68327,11,31,2,11,93
68328,4,72,18,25,131
68329,5,99,69,81,275
68330,0,7,3,0,9
68331,19,149,98,101,438
68332,4,8,0,5,18
68333,113,1230,413,994,3318
68335,22,81,22,22,147
68336,13,51,25,18,193
68337,47,21,8,16,56
68338,5,44,8,5,61
68339,0,74,25,118,250
68340,47,153,55,42,296
68341,42,142,30,10,238
68342,12,111,12,12,165
68343,27,47,41,30,245
68344,7,69,37,23,151
68345,10,14,0,11,43
68346,24,17,0,31,124
68347,14,270,113,264,713
68348,8,12,8,27,69
68349,60,167,61,60,458
68350,50,29,10,13,73
68351,26,65,19,51,207
68352,180,600,201,369,1650
68354,69,53,18,10,182
68355,206,608,282,381,1642
68357,4,35,16,3,71
68358,41,254,168,201,712
68359,46,191,66,122,547
68360,1,82,7,33,142
68361,124,301,94,144,885
68362,0,0,0,0,7
68364,41,8,2,6,60
68365,0,23,8,2,62
68366,10,103,87,43,378
68367,2,24,7,62,149
68368,0,46,16,29,175
68370,128,228,105,153,576
68371,115,171,60,74,407
68372,40,1049,178,115,1418
68375,1,25,0,0,22
68376,54,186,22,69,429
68377,1,24,14,1,55
68378,15,110,38,21,183
68379,0,6,3,0,12
68380,3,5,2,3,15
68381,4,15,8,4,29
68382,2,12,0,0,14
68401,11,90,35,270,518
68402,25,189,57,111,427
68403,14,6,5,12,50
68404,44,126,26,30,265
68405,68,508,127,563,1465
68406,15,42,14,10,89
68407,30,157,31,37,325
68409,32,81,86,28,251
68410,245,1375,341,872,3112
68413,0,34,31,29,143
68414,0,6,7,6,85
68415,10,71,44,40,197
68416,14,20,3,16,96
68417,26,80,6,23,115
68418,6,190,39,53,522
68419,10,27,15,21,76
68420,44,191,27,53,345
68421,2,65,7,501,699
68422,2,109,34,104,305
68423,1,96,41,60,264
68424,26,89,21,13,125
68428,13,315,91,56,416
68429,4,0,0,5,32
68430,36,219,38,130,498
68431,0,26,10,14,62
68433,19,7,4,0,11
68434,315,1231,430,1597,3913
68436,5,72,18,36,159
68437,0,11,15,5,47
68438,0,8,1,2,20
68439,5,89,13,12,229
68440,2,10,0,5,33
68441,17,25,0,1,44
68442,3,10,2,7,30
68443,31,154,24,75,324
68444,0,1,2,0,11
68445,0,26,17,5,95
68446,182,297,184,49,887
68447,18,57,45,66,197
68448,5,40,3,16,64
68450,71,315,74,272,1415
68452,3,1,5,1,27
68453,6,25,5,2,48
68454,5,144,8,32,248
68455,2,62,16,119,349
68456,40,206,65,52,509
68457,13,23,20,28,218
68458,16,7,6,7,26
68460,8,80,27,26,143
68461,133,188,57,34,193
68462,60,977,238,205,1584
68463,31,226,122,124,576
68464,26,69,3,10,108
68465,129,463,90,144,926
68466,52,170,63,271,626
68467,195,1300,381,864,3575
68502,164,3584,936,3314,12226
68503,111,1757,670,3731,9011
68504,147,1801,448,4520,9392
68505,387,2497,642,2376,8572
68506,1372,2947,977,3227,10848
68507,390,2019,486,1445,6437
68508,67,577,362,10622,13796
68510,690,1955,704,1907,7790
68512,81,1657,582,1499,5889
68514,0,0,0,14,67
68516,871,7120,1707,4173,17954
68517,0,123,39,0,167
68520,53,236,74,45,454
68521,426,4875,2230,5837,18785
68522,27,2022,425,1734,6675
68523,0,321,98,125,540
68524,9,907,249,815,2847
68526,43,1333,436,592,2683
68527,0,263,66,221,556
68528,70,1005,216,1152,3626
68531,0,23,5,43,102
68532,0,137,52,11,201
68588,0,0,0,0,0
68601,820,4541,1228,2691,11271
68620,119,334,145,207,878
68621,0,0,0,58,65
68622,32,23,5,16,90
68623,0,29,2,6,117
68624,55,140,72,59,278
68626,7,29,18,45,198
68627,13,161,37,20,250
68628,6,117,42,61,298
68629,72,147,52,62,454
68631,7,55,15,8,105
68632,158,501,200,348,1389
68633,36,201,36,13,206
68634,10,105,28,58,210
68635,0,17,27,60,164
68636,79,112,9,89,327
68637,0,19,2,0,39
68638,72,287,79,184,671
68640,27,196,89,37,405
68641,54,117,52,77,320
68642,113,312,70,91,628
68643,37,206,57,29,267
68644,25,86,2,56,257
68647,7,65,119,14,252
68648,3,26,5,4,38
68649,42,245,157,79,595
68651,28,151,56,129,433
68652,27,95,24,31,158
68653,2,129,31,19,155
68654,26,79,57,34,206
68655,0,7,2,7,20
68658,10,117,29,59,237
68659,10,37,17,0,74
68660,58,130,26,114,354
68661,50,1323,319,633,2331
68662,19,168,10,106,387
68663,10,61,9,24,219
68664,0,47,31,12,125
68665,53,109,56,71,224
68666,111,218,104,129,545
68667,0,4,0,8,19
68669,20,113,2,12,116
68701,993,4315,1017,2959,11690
68710,3,78,42,111,294
68711,2,0,0,0,0
68713,50,331,34,166,662
68714,50,95,66,71,379
68715,41,285,126,141,725
68716,45,96,59,55,323
68717,6,39,11,67,127
68718,58,190,65,123,539
68719,9,26,0,9,22
68720,19,28,4,18,70
68722,20,30,19,43,154
68723,6,63,79,28,271
68724,0,21,5,92,154
68725,12,72,12,39,182
68726,14,75,47,26,231
68727,42,87,13,66,227
68728,0,32,29,16,84
68729,91,286,61,115,496
68730,11,230,100,112,610
68731,47,470,212,459,1523
68732,11,9,4,21,38
68733,38,148,48,114,406
68734,0,0,0,2,28
68735,38,179,52,22,267
68736,8,168,48,65,282
68739,139,363,156,180,752
68740,5,223,45,37,271
68741,17,131,5,36,230
68742,2,25,3,48,120
68743,1,147,34,39,207
68745,42,241,50,110,502
68746,14,18,0,3,25
68747,2,26,0,42,77
68748,18,353,198,219,998
68749,4,3,2,3,16
68751,0,4,0,11,17
68752,8,49,17,46,203
68753,5,16,0,0,12
68755,9,52,1,12,87
68756,86,291,115,144,613
68757,9,125,32,58,196
68758,62,215,59,56,501
68759,9,101,25,52,132
68760,31,241,52,106,341
68761,3,34,17,36,135
68763,329,677,244,349,1539
68764,12,150,32,66,238
68765,55,179,66,57,318
68766,1,132,46,0,124
68767,45,452,142,263,1245
68768,15,49,57,93,310
68769,59,250,95,119,618
68770,21,159,39,69,409
68771,99,227,61,76,511
68773,6,2,0,4,27
68774,2,69,7,16,92
68776,327,2579,744,1605,6471
68777,37,95,14,36,152
68778,30,77,66,50,192
68779,114,371,124,193,806
68780,19,109,24,70,318
68781,45,207,72,132,524
68783,49,85,30,67,233
68784,55,302,75,77,600
68785,5,33,3,36,68
68786,54,168,86,71,370
68787,229,682,185,2219,3612
68788,129,628,128,321,1389
68789,4,8,6,0,28
68790,18,110,26,46,351
68791,52,257,89,207,706
68792,8,36,10,18,89
68801,494,4669,1565,2840,13015
68803,905,3950,1003,1883,8572
68810,3,112,41,179,411
68812,5,144,21,25,190
68813,7,59,27,29,140
68814,11,125,25,52,340
68815,23,100,22,37,173
68816,0,26,6,0,39
68817,6,40,13,17,97
68818,138,832,299,443,1988
68820,19,12,6,17,63
68821,17,11,0,2,3
68822,179,765,234,310,1651
68823,77,299,76,115,641
68824,17,277,74,143,587
68825,39,127,26,79,265
68826,115,536,142,280,1388
68827,24,98,68,59,296
68828,9,0,4,16,54
68831,14,90,33,89,340
68832,36,282,46,100,554
68833,3,6,8,9,35
68834,5,21,6,14,48
68835,5,49,38,23,206
68836,18,297,56,180,757
68837,0,10,0,0,15
68838,0,2,4,13,63
68840,49,462,82,180,998
68841,28,128,46,55,340
68842,26,71,7,45,181
68843,19,79,27,41,226
68844,8,19,6,0,47
68845,553,2533,1010,3974,9942
68846,8,35,4,57,139
68847,387,2175,556,1584,6998
68849,0,0,0,1324,1324
68850,214,2219,539,1118,5118
68852,14,78,13,40,147
68853,95,164,80,47,394
68854,3,132,37,23,224
68855,9,13,9,22,103
68856,4,104,20,20,256
68858,3,87,2,18,140
68859,10,18,26,46,152
68860,10,31,8,30,79
68861,0,0,0,10,36
68862,53,414,105,209,916
68863,7,162,56,80,462
68864,8,117,58,72,394
68865,1,51,23,78,300
68866,16,172,43,75,315
68869,57,228,125,161,806
68870,9,168,22,43,230
68871,0,12,0,85,120
68872,8,77,22,72,267
68873,209,582,133,238,1118
68874,16,55,20,51,188
68875,34,53,9,32,200
68876,22,351,65,103,719
68878,11,72,48,35,257
68879,12,38,28,15,155
68881,0,38,11,11,47
68882,13,85,13,10,103
68883,27,342,131,205,897
68901,684,3787,883,2952,10092
68920,77,180,27,72,356
68922,61,152,68,51,298
68923,0,26,2,4,43
68924,22,220,59,60,559
68925,6,50,22,11,150
68926,24,54,12,68,197
68927,26,142,83,60,344
68928,21,48,10,14,86
68929,0,17,6,18,44
68930,68,176,59,90,483
68932,40,49,9,19,91
68933,14,112,40,73,317
68934,1,0,15,0,53
68935,16,150,27,47,211
68936,1,23,8,7,56
68937,21,144,64,121,474
68938,10,42,11,16,163
68939,100,81,39,85,317
68940,7,128,31,12,189
68941,4,139,53,49,246
68942,0,157,55,32,222
68943,0,18,2,33,57
68944,16,217,54,91,433
68945,0,35,0,58,101
68946,6,4,0,0,14
68947,18,94,2,21,176
68948,14,39,6,28,85
68949,276,806,193,672,2314
68950,4,12,13,19,93
68952,0,0,0,12,26
68954,0,0,0,0,0
68955,36,324,179,144,683
68956,25,125,40,88,361
68957,16,46,9,13,125
68958,4,124,64,17,230
68959,173,518,227,302,1356
68960,5,21,4,4,48
68961,17,46,5,31,144
68964,0,24,3,0,46
68966,14,51,26,14,99
68967,5,168,68,112,420
68970,42,126,30,76,329
68971,17,26,3,9,75
68972,6,47,14,10,75
68973,8,95,18,5,149
68974,6,9,9,26,107
68975,2,9,2,5,37
68976,6,34,11,8,94
68977,15,47,27,39,108
68978,93,290,106,177,725
68979,72,187,39,129,539
68980,31,69,15,14,172
68981,0,20,9,3,81
68982,3,64,32,58,251
69001,397,1100,292,809,3124
69020,5,33,165,50,295
69021,56,140,33,92,418
69022,85,184,77,56,477
69023,7,121,5,0,130
69024,11,145,35,83,379
69025,35,108,21,218,447
69026,2,85,3,2,41
69027,0,0,0,0,0
69028,34,73,44,22,185
69029,3,51,2,12,161
69030,4,26,20,16,80
69032,8,46,20,14,110
69033,117,327,100,213,881
69034,46,146,27,71,360
69036,0,10,0,19,30
69037,6,34,15,30,61
69038,10,52,28,41,161
69039,1,8,3,1,18
69040,34,89,25,56,236
69041,0,0,0,0,9
69042,1,0,0,0,0
69043,21,58,6,9,119
69044,46,55,50,10,179
69045,52,106,23,39,194
69046,2,9,1,14,28
69101,736,3615,1184,2199,9820
69120,26,183,42,65,374
69121,9,52,33,13,92
69122,41,66,24,25,222
69123,30,123,39,46,241
69125,14,9,0,16,102
69127,31,92,37,59,185
69128,25,42,25,41,146
69129,41,78,23,99,330
69130,155,610,179,331,1638
69131,26,56,55,31,205
69132,1,15,8,0,49
69133,6,52,24,35,139
69134,14,78,16,48,153
69135,0,0,0,0,0
69138,122,644,226,347,1432
69140,113,275,56,78,572
69141,15,54,26,10,102
69142,0,27,7,0,48
69143,36,227,72,98,699
69144,0,26,0,17,27
69145,106,327,50,159,769
69146,0,6,0,5,7
69147,17,31,25,4,61
69148,18,3,0,0,1
69149,9,82,15,14,206
69150,0,62,42,31,154
69151,10,193,64,64,331
69152,43,93,36,100,310
69153,300,686,219,300,1815
69154,52,236,18,63,356
69155,16,172,64,108,409
69156,32,64,24,32,162
69157,24,21,0,0,16
69161,0,0,0,6,9
69162,226,982,255,620,2724
69163,26,141,65,36,260
69165,92,166,113,185,680
69166,2,64,20,5,205
69167,6,54,10,28,96
69168,3,18,5,26,78
69169,5,48,19,23,161
69170,7,32,19,23,111
69171,0,0,0,0,0
69201,226,524,206,304,1412
69210,99,176,59,170,692
69211,16,30,10,18,129
69212,11,80,14,0,63
69214,0,24,0,13,58
69216,4,31,4,13,66
69217,17,62,12,5,106
69218,0,49,3,17,128
69219,0,0,0,5,5
69220,0,11,0,0,5
69221,0,0,0,0,21
69301,181,1513,379,552,3164
69331,0,0,0,0,0
69333,5,28,13,8,91
69334,75,217,102,242,850
69335,0,9,8,0,8
69336,49,314,117,152,791
69337,185,620,163,1531,3222
69339,89,183,70,69,399
69340,0,0,0,0,4
69341,244,1632,491,754,4115
69343,119,271,103,246,784
69345,13,62,14,7,119
69346,16,61,25,56,175
69347,55,205,48,104,432
69348,29,162,67,71,406
69350,20,28,16,25,127
69351,13,2,20,8,64
69352,15,55,37,53,265
69353,8,5,2,3,12
69354,3,0,0,0,14
69355,7,21,2,1,41
69356,54,288,68,152,684
69357,63,448,208,361,1285
69358,65,185,96,93,595
69360,94,127,89,75,446
69361,783,2547,630,1580,6201
69365,0,0,0,0,0
69366,0,54,21,35,118
69367,5,2,0,8,21
70001,839,5032,1304,2609,16057
70002,492,2173,343,1389,7302
70003,1287,3900,1399,3382,14258
70005,1077,2317,508,865,7856
70006,538,1691,690,1246,5545
70030,103,324,249,489,1669
70031,73,186,31,67,354
70032,82,550,151,369,1652
70036,15,91,18,83,235
70037,168,2603,765,1274,7171
70038,0,0,0,0,0
70039,6,282,90,104,778
70040,23,85,26,38,291
70041,9,447,75,232,806
70043,340,3355,936,1854,9771
70047,239,1943,463,1108,4706
70049,21,133,59,38,348
70050,0,0,0,0,18
70051,91,410,27,72,700
70052,21,442,165,340,1268
70053,363,1966,530,1418,7040
70056,402,6243,1660,3458,17041
70057,43,401,333,630,2031
70058,339,5640,1914,2831,15893
70062,269,2364,581,989,6085
70065,957,5961,1977,3842,19533
70067,19,417,174,404,1346
70068,457,4625,1776,3018,12978
70070,149,2445,644,1033,5680
70071,152,263,107,180,991
70072,1185,6949,2013,5075,20462
70075,54,703,185,431,2081
70076,18,0,0,0,30
70079,64,315,25,123,1175
70080,15,107,0,31,303
70082,0,0,51,9,131
70083,43,350,8,370,683
70084,156,601,171,698,2339
70085,18,836,228,384,2031
70086,41,234,48,192,646
70087,134,1243,380,630,2617
70090,65,638,293,745,2987
70091,0,45,0,10,162
70092,75,1305,322,387,2731
70094,339,4648,1333,3127,11574
70112,16,693,91,312,1847
70113,146,1004,365,756,4361
70114,610,2511,615,1671,8302
70115,693,2791,700,2036,13989
70116,390,748,228,523,4316
70117,376,2832,840,1694,10980
70118,616,3070,700,9216,19485
70119,646,2923,804,1959,17131
70121,327,1005,336,697,4039
70122,642,4026,1489,2385,14279
70123,746,2804,807,1911,10641
70124,289,2289,611,1034,7907
70125,256,2009,779,3282,8932
70126,424,4931,1087,3006,12625
70127,395,3531,1178,2744,11224
70128,244,2949,1019,1603,8720
70129,170,1419,447,518,3460
70130,99,1024,188,568,6282
70131,401,2826,845,1797,9938
70139,0,0,0,0,0
70148,0,0,0,194,261
70163,0,0,0,0,0
70301,843,5984,1909,4904,19477
70310,0,0,6,359,374
70339,224,533,228,413,1610
70340,0,0,0,0,66
70341,16,413,228,219,1243
70342,58,707,221,429,1629
70343,7,946,105,333,1314
70344,302,786,402,546,2124
70345,130,1087,217,355,2849
70346,315,1148,453,547,3302
70352,14,37,13,68,173
70353,28,87,73,71,282
70354,107,562,184,207,1391
70355,13,163,44,118,544
70356,17,114,111,58,517
70357,59,386,105,275,1012
70358,6,83,37,31,216
70359,177,1755,279,738,4067
70360,528,4638,1001,2235,10157
70363,133,3482,1247,1967,10197
70364,312,4087,1312,2670,12978
70372,13,181,61,199,592
70373,101,702,176,551,2333
70374,116,927,211,474,2259
70375,0,15,16,14,57
70377,12,269,295,262,1417
70380,476,2786,720,1421,7114
70390,87,1099,174,825,2856
70391,0,0,34,0,34
70392,108,1273,535,599,3339
70393,0,34,0,0,25
70394,270,1657,629,960,5200
70395,49,351,104,520,1571
70397,128,74,28,29,261
70401,181,2701,738,3807,9981
70402,0,0,0,1926,1943
70403,449,5088,1167,3023,13357
70420,163,988,237,994,3381
70422,341,1439,856,1268,5382
70426,34,679,155,357,2284
70427,250,2262,809,1513,6861
70431,96,513,289,473,1878
70433,990,4807,1695,2834,15513
70435,373,2502,893,1813,7679
70436,0,35,0,32,62
70437,164,660,213,469,2163
70438,607,2686,818,1754,7398
70441,73,560,272,962,2451
70442,0,76,0,0,139
70443,97,1022,620,625,3583
70444,79,1352,323,877,3470
70445,153,1081,311,588,2944
70446,64,1066,500,585,3255
70447,104,3242,752,1216,6206
70448,343,3753,1426,1936,9839
70449,18,285,49,265,865
70450,58,345,92,137,706
70451,0,0,0,0,69
70452,345,2025,552,1194,4173
70453,1,190,13,0,323
70454,424,4595,994,1455,11700
70455,0,26,172,25,750
70456,20,327,128,175,913
70457,5,0,0,96,130
70458,865,5684,1706,2721,14073
70460,736,2814,810,2081,8240
70461,527,4385,1782,2615,13425
70462,136,417,73,591,1706
70463,4,16,3,8,11
70464,0,18,0,26,42
70465,12,131,63,76,325
70466,112,946,152,747,4046
70471,384,3086,1127,1511,7323
70501,533,3151,1148,2994,11322
70503,431,3256,1357,4037,12471
70506,721,4840,1402,4032,17994
70507,202,2351,674,1540,7427
70508,839,5294,1435,2653,16474
70510,517,3115,1070,1909,8833
70512,110,1428,239,801,3485
70513,0,24,0,0,0
70514,28,58,0,179,1004
70515,71,624,276,464,2093
70516,9,85,133,58,566
70517,433,3902,1205,2232,10176
70518,240,2260,735,1301,7142
70519,0,0,0,22,22
70520,206,3270,789,1091,7736
70522,17,0,0,0,113
70523,0,48,25,37,143
70524,3,11,0,35,78
70525,162,2315,546,1299,5897
70526,375,2334,822,1339,6153
70528,52,384,86,150,795
70529,165,1886,442,892,5586
70531,11,212,30,157,840
70532,10,319,124,142,968
70533,46,1250,429,532,2772
70534,19,136,6,44,226
70535,270,2857,639,1618,6335
70537,0,18,0,25,61
70538,468,1745,498,1056,4534
70541,31,33,25,69,227
70542,23,313,71,359,1259
70543,43,636,180,581,1634
70544,148,1606,455,1011,3748
70546,309,2729,744,909,6165
70548,243,1183,500,826,3507
70549,34,422,149,410,1246
70550,0,0,0,0,0
70551,12,244,0,0,235
70552,4,149,37,113,393
70554,116,931,217,523,1844
70555,130,1293,348,945,3504
70556,12,43,15,52,172
70558,0,0,0,0,0
70559,18,658,100,213,1165
70560,694,5471,1574,3728,14948
70563,457,2955,761,1210,6773
70570,923,5722,2071,3168,14635
70575,0,0,0,42,42
70576,37,165,60,96,629
70577,69,508,230,451,1474
70578,287,2537,637,989,6368
70580,0,0,0,21,50
70581,7,88,0,133,397
70582,224,2373,722,1683,7491
70583,200,875,382,725,3451
70584,95,1067,240,673,2584
70585,12,49,5,19,96
70586,293,2692,833,1967,7510
70589,49,416,142,282,1231
70591,86,738,353,538,2182
70592,259,5390,1297,1584,12962
70601,878,3690,863,2593,13157
70605,988,6331,1572,3633,15918
70607,364,3546,1100,3915,12549
70609,0,0,0,438,473
70611,143,2974,678,989,7295
70615,207,1721,522,1577,5664
70629,0,0,0,0,0
70630,38,246,83,74,812
70631,0,55,0,45,152
70632,4,0,6,0,107
70633,84,1306,414,618,3310
70634,326,3341,1423,1954,10091
70637,0,122,11,27,292
70638,0,235,102,51,463
70639,31,89,13,12,127
70640,0,13,7,6,58
70643,0,0,0,20,22
70644,0,6,0,0,0
70645,7,123,13,44,233
70646,0,127,35,34,215
70647,116,1383,827,1283,5171
70648,145,793,379,641,3139
70650,0,0,0,0,0
70651,0,0,0,0,0
70652,61,326,78,244,765
70653,107,465,159,229,1463
70654,0,0,74,0,121
70655,35,419,131,240,1077
70656,14,496,184,55,1103
70657,0,444,199,552,1762
70658,1,85,58,164,358
70659,127,166,56,190,710
70660,0,511,17,171,779
70661,10,369,10,145,281
70662,10,94,0,104,203
70663,468,4500,1580,2246,11562
70665,178,2164,498,704,4507
70668,88,953,393,426,2545
70669,118,1256,319,545,3635
70706,310,3112,1195,1916,8867
70710,0,1091,179,240,3277
70711,27,601,220,412,2334
70712,0,37,19,58,1261
70714,211,2345,446,2014,6833
70715,31,202,55,104,455
70719,32,441,115,279,1699
70721,14,31,78,41,273
70722,16,685,152,413,1712
70723,13,216,62,77,393
70725,0,0,26,55,233
70726,783,9616,2784,5499,25248
70729,0,162,152,29,559
70730,110,235,124,235,1020
70732,17,168,46,67,427
70733,9,143,41,119,539
70734,33,1767,541,938,4517
70736,0,49,41,92,241
70737,514,6361,1730,3546,18588
70739,185,1922,689,1526,5362
70740,6,154,11,90,338
70743,0,199,40,6,251
70744,117,972,361,274,1961
70747,49,27,0,30,43
70748,42,473,213,697,3379
70749,0,156,54,79,403
70750,15,154,142,78,531
70752,44,86,0,29,157
70753,6,103,19,0,166
70754,100,1706,516,897,5498
70755,5,182,46,183,539
70756,65,257,53,47,197
70757,35,109,84,92,691
70759,48,127,118,67,619
70760,174,762,219,677,2668
70761,0,22,5,7,58
70762,17,185,25,71,326
70763,100,723,211,316,1642
70764,309,2435,611,1163,5246
70767,258,1877,627,993,5887
70769,234,7974,2499,3419,21006
70770,171,379,89,144,855
70772,31,131,4,177,499
70773,0,0,0,0,0
70774,191,1686,473,1330,3698
70775,95,1359,453,839,4871
70776,14,145,85,592,3331
70777,37,765,34,386,1505
70778,115,406,73,282,1414
70780,2,52,29,17,322
70782,0,7,0,21,49
70783,45,88,32,149,535
70785,354,3557,853,1570,9570
70786,0,0,0,0,0
70787,0,0,0,66,124
70788,27,613,178,457,1610
70789,11,109,6,33,222
70791,307,4963,1367,2666,12491
70801,0,0,0,43,166
70802,284,2081,948,5830,13098
70803,0,0,0,3273,3281
70805,168,3479,1254,2305,9789
70806,689,3458,1189,3405,12754
70807,257,1511,874,2538,7496
70808,765,3348,924,8357,17533
70809,597,2599,787,3342,12101
70810,850,5418,1521,4508,18020
70811,181,1926,299,1164,4633
70812,70,2063,519,717,4276
70813,0,0,68,1861,1994
70814,128,1441,636,1491,4435
70815,592,5196,1040,3467,12502
70816,950,5309,1894,4803,20537
70817,327,4818,1094,2479,12048
70818,39,1817,480,831,3694
70819,53,654,192,272,1618
70820,64,1247,394,11092,16896
70825,0,0,0,0,0
70836,27,0,0,29,217
71001,197,504,145,340,1470
71002,7,15,0,0,25
71003,14,71,44,11,183
71004,24,75,18,26,134
71006,116,2268,1056,906,5665
71007,10,273,0,48,213
71008,3,37,25,8,157
71009,15,0,7,6,13
71016,37,274,95,101,520
71018,9,169,51,119,380
71019,146,977,332,722,2873
71021,5,107,13,16,146
71023,40,244,121,122,930
71024,8,108,10,171,423
71027,19,45,73,176,386
71028,33,167,13,119,548
71029,3,8,3,10,32
71030,27,155,51,88,502
71031,11,100,37,30,132
71032,21,277,80,118,803
71033,191,305,117,107,883
71034,7,10,40,18,113
71037,424,3384,792,1893,8108
71038,218,372,84,245,1072
71039,2,421,192,112,1076
71040,83,954,197,649,3472
71043,0,36,6,26,137
71044,21,132,9,22,208
71045,3,60,42,101,360
71046,12,128,15,87,312
71047,292,1632,271,922,3881
71048,3,3,0,2,26
71049,56,537,154,183,1131
71051,13,306,161,76,838
71052,143,1022,399,843,3665
71055,540,2197,666,1513,6752
71060,139,313,80,178,676
71061,45,352,34,225,614
71063,0,59,0,109,195
71064,54,206,65,478,1306
71065,11,41,84,70,285
71066,0,11,0,1,8
71067,10,485,215,366,1507
71068,63,394,186,246,1024
71069,5,56,18,8,138
71070,14,212,65,37,285
71071,5,328,108,148,674
71072,16,261,24,71,342
71073,34,291,220,161,943
71075,42,888,132,540,1538
71078,174,1461,330,381,2753
71079,8,62,0,57,57
71082,90,560,89,441,1476
71101,270,458,289,432,1929
71103,333,689,153,362,2300
71104,80,1393,386,927,5558
71105,800,2038,488,1348,8448
71106,697,3979,1960,2527,12459
71107,523,5327,1147,3376,13383
71108,398,3222,1054,2301,8718
71109,180,2545,621,1755,6683
71110,0,380,126,871,2075
71111,957,6261,1687,3548,18462
71112,953,4459,1089,2523,13367
71115,585,1245,415,1274,5988
71118,573,4297,1201,2011,9727
71119,155,1154,471,573,3214
71129,210,1773,546,1069,4749
71201,747,2886,914,1415,7797
71202,228,4184,1324,2521,11023
71203,922,5561,1712,4711,17216
71209,0,0,0,1392,1399
71212,0,0,0,0,0
71218,0,0,0,0,0
71219,16,74,36,99,232
71220,498,2791,891,2048,7875
71222,101,205,143,148,927
71223,23,45,4,29,96
71225,67,1013,203,586,2870
71226,0,191,67,77,790
71227,18,659,185,253,1356
71229,32,34,16,62,635
71230,0,0,0,0,0
71232,137,777,223,505,2101
71233,0,9,0,52,57
71234,37,976,79,631,1724
71235,41,500,288,347,1516
71237,11,192,54,76,584
71238,12,286,115,163,819
71241,326,652,420,605,2453
71242,0,23,0,19,34
71243,0,54,4,11,39
71245,198,505,110,1766,2708
71247,38,176,43,129,383
71250,0,0,5,0,10
71251,271,830,226,460,2872
71253,69,27,0,20,58
71254,153,1076,292,719,2951
71256,3,179,18,5,113
71259,37,175,8,103,594
71260,15,353,159,65,995
71261,16,190,12,40,297
71263,154,852,189,472,2130
71264,34,173,126,11,374
71266,34,254,146,109,730
71268,43,290,82,208,662
71269,256,1835,565,1348,5107
71270,571,3704,1116,8249,17242
71272,0,0,5,1886,1900
71275,9,248,58,234,747
71276,0,32,5,31,72
71277,11,253,23,275,735
71279,0,0,29,0,65
71280,21,1040,195,299,1844
71282,75,1378,349,833,3702
71286,5,31,0,113,141
71291,533,3677,1323,2971,14044
71292,191,3450,870,1692,7880
71295,80,2051,618,1230,5565
71301,371,2748,752,1652,7467
71302,121,1621,807,1214,5296
71303,752,3221,943,1682,9445
71316,0,0,0,0,0
71320,0,0,0,0,28
71322,189,690,146,286,1135
71323,60,117,244,56,511
71325,90,174,56,258,611
71326,0,68,6,100,189
71327,30,567,143,609,2889
71328,145,1395,305,435,2541
71330,0,0,0,0,0
71331,0,158,35,32,356
71333,46,58,2,63,353
71334,166,1459,342,927,3976
71336,49,172,37,115,471
71339,0,0,0,0,0
71340,5,136,7,178,1138
71341,27,536,59,254,1010
71342,60,786,298,512,2841
71343,91,967,330,523,2346
71345,0,0,0,0,0
71346,36,235,64,220,773
71350,93,440,156,630,1866
71351,215,1786,554,861,4950
71353,44,280,57,104,642
71354,6,127,2,317,671
71355,14,312,93,133,664
71356,3,72,11,62,257
71357,13,211,17,51,347
71358,3,104,31,87,417
71359,0,0,0,352,367
71360,460,5352,1576,3320,13836
71362,68,214,133,164,586
71366,6,251,32,63,410
71367,0,197,14,148,553
71368,16,188,42,84,312
71369,21,305,81,191,703
71371,0,379,69,267,875
71373,193,715,351,398,2005
71375,8,82,103,161,482
71378,16,280,152,149,631
71401,0,0,0,0,0
71403,126,538,101,283,1312
71404,10,78,16,9,281
71405,44,891,156,552,2498
71406,0,46,0,0,12
71407,2,161,16,71,259
71409,59,602,290,425,1581
71410,0,6,5,11,22
71411,23,352,102,281,983
71414,4,19,6,63,118
71415,0,10,3,27,74
71416,79,41,29,51,223
71417,118,487,229,606,1952
71418,104,633,266,277,2212
71419,5,209,24,172,606
71422,23,271,74,103,699
71423,18,703,233,433,1668
71424,0,302,40,94,494
71425,0,0,14,0,24
71426,0,0,2,6,27
71427,46,68,6,36,82
71428,0,0,0,0,0
71429,75,407,190,120,876
71430,31,501,111,169,903
71432,28,139,53,51,272
71433,56,384,179,175,1505
71434,0,0,0,5,5
71435,28,536,95,197,1195
71438,0,0,34,161,418
71439,9,305,22,230,741
71441,0,189,88,16,350
71446,290,2824,806,1832,8735
71447,12,200,64,39,338
71449,185,1171,380,785,3195
71450,91,172,26,14,116
71452,0,34,0,19,76
71454,76,186,52,239,987
71455,0,144,0,0,44
71456,5,79,37,44,285
71457,485,3345,1164,4193,11487
71459,18,1562,207,3037,7155
71461,20,262,131,138,956
71462,18,235,79,161,542
71463,226,1265,148,670,3761
71465,31,447,129,637,1620
71466,0,0,19,38,155
71467,97,921,208,484,4555
71468,26,33,0,96,148
71469,43,366,89,393,1110
71472,0,43,0,0,92
71473,0,40,5,9,232
71474,0,38,9,50,136
71475,0,3,4,0,4
71479,4,111,58,65,191
71480,6,94,25,125,688
71483,136,1100,283,833,3758
71485,7,363,181,299,1085
71486,83,638,208,530,1942
71497,0,0,0,1347,1392
71601,196,1338,378,2559,6048
71602,216,2218,832,1393,5867
71603,650,3556,1103,2319,11213
71630,41,27,21,60,151
71631,9,44,4,56,167
71635,529,1301,391,702,3377
71638,77,292,129,313,1136
71639,62,779,175,410,1845
71640,132,387,91,107,752
71642,0,237,30,76,193
71643,14,66,26,404,3162
71644,40,33,1,7,49
71646,109,873,279,633,2339
71647,19,328,89,78,504
71651,0,0,0,16,16
71652,3,259,51,12,375
71653,132,585,190,460,1554
71654,87,688,295,212,1553
71655,231,1630,671,2317,6017
71658,6,42,31,51,164
71659,0,0,0,0,10
71660,31,76,38,59,320
71661,0,45,0,34,50
71662,0,0,0,31,31
71663,0,109,18,47,205
71665,140,472,235,424,1863
71666,0,0,0,0,0
71667,90,967,277,704,2562
71670,4,122,60,42,344
71671,290,1313,245,712,3156
71674,30,75,7,15,125
71675,12,196,101,78,555
71676,22,30,7,5,99
71677,0,0,0,22,48
71678,0,0,0,0,0
71701,524,2514,791,1631,6583
71720,18,196,57,131,555
71721,0,0,0,0,0
71722,0,0,0,0,0
71724,0,41,19,8,94
71725,0,18,3,1,16
71726,42,83,0,15,147
71728,0,7,0,0,9
71730,546,3905,1029,2579,10956
71740,78,274,60,72,605
71742,152,560,289,487,1841
71743,85,472,234,332,1339
71744,45,361,76,130,886
71745,0,12,8,7,52
71747,17,14,70,9,214
71748,4,17,6,0,35
71749,66,412,185,215,885
71751,0,52,28,7,168
71752,27,50,41,119,335
71753,585,1971,528,3224,7502
71758,0,42,43,0,115
71759,0,13,18,0,103
71762,21,458,98,254,1029
71763,58,153,28,49,510
71764,79,203,58,165,359
71765,19,444,168,87,813
71766,13,27,2,53,187
71770,113,376,72,212,1001
71772,0,0,0,0,13
71801,175,2504,691,1386,5678
71820,0,19,0,0,46
71822,118,892,383,549,2570
71823,0,11,6,17,36
71825,10,141,13,8,131
71826,5,196,70,113,445
71827,0,73,14,23,142
71831,0,0,0,0,10
71832,109,1746,620,1108,4454
71833,107,318,81,231,672
71834,12,136,73,97,608
71835,2,174,16,122,365
71836,15,495,55,338,1285
71837,22,741,235,423,1652
71838,0,42,5,41,243
71839,0,22,0,18,64
71841,0,83,32,50,219
71842,11,249,30,151,659
71845,24,84,83,204,542
71846,5,468,112,279,941
71847,0,12,7,18,47
71851,24,339,61,145,624
71852,99,1306,455,684,3959
71853,0,20,5,3,46
71854,457,4902,1408,3100,14013
71855,0,9,1,13,27
71857,113,1011,105,523,1625
71858,131,186,63,113,552
71859,16,0,0,44,44
71860,112,334,61,217,776
71861,82,184,47,157,516
71862,0,111,43,3,222
71864,0,8,0,6,20
71865,2,8,0,27,57
71866,0,94,15,30,199
71901,505,3635,1022,3119,10775
71909,1100,654,524,634,2899
71913,1261,5683,1390,2500,16081
71921,92,583,167,401,1429
71922,0,94,4,7,52
71923,237,1576,379,2965,6391
71929,37,426,204,318,1518
71933,0,132,21,27,472
71935,64,24,58,0,160
71937,24,386,46,167,764
71940,6,170,26,119,427
71941,12,207,62,186,968
71942,0,46,3,3,64
71943,75,350,130,272,1304
71944,25,185,22,108,329
71945,26,76,139,99,422
71949,0,48,49,0,119
71950,29,95,18,51,204
71952,0,0,8,0,8
71953,326,1489,477,961,4003
71956,14,125,27,59,417
71957,96,193,70,157,630
71958,55,284,88,164,690
71959,5,111,21,181,365
71960,5,168,61,100,513
71961,41,184,63,165,419
71962,5,155,0,100,309
71964,163,286,474,607,1869
71965,10,43,14,0,76
71968,17,516,118,434,1390
71969,0,0,0,0,25
71970,0,153,3,19,212
71971,0,5,24,59,94
71972,0,72,18,9,149
71973,49,299,111,118,560
71998,0,0,0,779,779
71999,0,0,0,478,480
72001,0,50,0,40,144
72002,294,3512,649,1557,8705
72003,7,182,30,28,302
72004,0,62,41,77,264
72005,0,0,4,9,28
72006,23,165,76,252,706
72007,66,1799,291,641,4305
72010,11,738,209,534,2024
72011,68,803,166,460,1914
72012,119,2021,624,916,5503
72013,19,89,84,131,597
72014,0,10,0,13,18
72015,449,3612,1109,2257,11151
72016,66,430,121,277,1076
72017,13,33,16,3,96
72019,412,3958,1480,2931,11864
72020,85,474,152,292,1004
72021,162,295,128,284,1166
72022,247,2543,1029,869,7358
72023,822,5053,2047,2664,14974
72024,154,810,165,166,1258
72025,21,97,26,35,253
72026,0,13,23,73,144
72027,73,110,57,94,401
72028,0,0,0,0,0
72029,75,281,82,176,525
72030,16,64,0,32,194
72031,215,861,440,645,2322
72032,240,4754,1154,4975,15548
72034,760,5737,1790,9287,24805
72035,0,0,0,2042,2055
72036,17,60,10,19,131
72038,8,0,0,0,0
72039,44,298,107,169,757
72040,36,108,131,220,695
72041,78,106,50,45,326
72042,138,548,200,374,1739
72044,21,249,0,25,173
72045,25,17,9,0,170
72046,48,455,207,178,1360
72047,12,110,118,52,412
72048,0,0,0,0,19
72051,0,52,15,31,198
72052,0,4,8,10,48
72053,0,0,0,0,0
72055,17,118,34,18,199
72057,50,140,56,70,427
72058,243,2986,1035,1152,6888
72059,0,0,0,0,0
72060,1,113,9,61,199
72061,0,0,7,26,44
72063,31,235,84,119,681
72064,51,381,156,231,1025
72065,62,677,169,688,2342
72066,33,0,0,21,91
72067,180,276,88,118,580
72068,2,117,72,158,478
72069,8,148,38,79,333
72070,5,196,101,97,729
72072,4,27,10,26,78
72073,39,66,18,136,303
72074,0,27,0,24,65
72075,0,0,0,0,2
72076,598,5054,1775,3725,16805
72079,13,23,0,14,26
72080,0,69,38,0,181
72081,82,933,326,463,2880
72082,47,322,82,68,746
72083,5,41,9,0,60
72084,33,241,65,179,521
72085,1,33,9,11,80
72086,150,1444,431,1545,5023
72087,7,264,84,8,386
72088,150,23,52,62,373
72099,0,0,0,604,673
72101,116,427,198,219,1144
72102,26,318,37,72,575
72103,141,2075,864,892,5343
72104,356,2816,692,2053,8845
72106,53,407,199,782,2200
72107,3,31,13,0,18
72108,0,0,0,0,0
72110,250,1856,321,1020,3969
72111,18,207,116,53,450
72112,189,1094,349,1090,4880
72113,521,3349,1385,2301,11547
72114,146,1433,407,758,3881
72116,688,2179,505,1518,7591
72117,483,2063,596,1481,5352
72118,371,3439,803,1482,8866
72119,0,0,0,0,0
72120,571,4308,1089,2767,12059
72121,55,530,170,169,954
72122,12,131,61,55,262
72123,0,40,11,13,69
72125,15,100,77,42,258
72126,98,475,144,194,1138
72127,57,202,115,165,730
72128,9,110,21,67,226
72129,6,165,54,53,459
72130,4,124,25,41,157
72131,84,401,71,234,1069
72132,20,604,138,282,1270
72133,0,0,0,0,0
72134,6,77,1,12,151
72135,16,391,188,126,809
72136,0,335,97,105,910
72137,21,405,160,115,823
72139,4,52,14,4,106
72140,7,70,38,12,98
72141,9,94,10,8,178
72142,34,232,50,164,558
72143,870,4267,1401,6062,14880
72150,177,1472,525,1056,4696
72152,7,47,0,20,138
72153,74,747,163,304,1397
72156,8,9,27,6,110
72157,24,127,35,93,439
72160,171,1304,219,647,3130
72165,16,11,0,0,50
72166,0,21,0,0,38
72167,19,120,74,85,526
72168,15,56,18,166,1124
72169,0,0,3,21,44
72170,8,13,12,0,81
72173,50,1321,565,698,4071
72175,0,63,0,27,209
72176,56,1435,343,650,3594
72178,1,0,0,0,9
72179,8,73,0,27,85
72180,0,0,0,0,0
72181,0,0,0,0,0
72182,0,0,0,19,19
72183,0,0,0,101,466
72199,0,0,0,0,0
72201,0,0,0,3,541
72202,155,630,253,1467,4847
72204,397,3984,1062,3648,13393
72205,800,2072,526,1835,9314
72206,628,2674,937,1715,8113
72207,217,1701,547,945,4536
72209,193,5687,1216,2862,13274
72210,161,1748,545,1099,5423
72211,763,2432,558,2216,10585
72212,580,1915,357,1351,4885
72223,315,3455,1029,2456,9472
72227,358,1454,585,821,3994
72301,376,3375,972,2480,9929
72311,4,4,0,0,22
72313,0,0,0,0,0
72315,340,3002,950,1617,7822
72320,0,20,7,140,1111
72322,0,16,0,1,25
72324,30,173,93,110,716
72325,0,1,0,0,7
72326,17,263,111,174,821
72327,25,185,47,73,381
72328,0,0,0,0,26
72329,0,0,0,0,0
72330,0,62,24,88,244
72331,29,328,130,180,697
72332,3,46,6,14,38
72333,11,36,0,0,51
72335,216,1944,523,1436,7243
72338,0,2,0,0,0
72339,5,9,2,47,76
72340,19,10,0,0,0
72341,0,7,2,14,50
72342,125,591,146,217,1348
72346,10,22,0,11,96
72347,4,114,36,36,209
72348,43,305,47,146,692
72350,8,128,59,96,370
72351,54,120,29,120,293
72352,0,0,0,0,0
72353,0,0,0,0,0
72354,155,185,84,212,820
72355,33,230,72,161,597
72358,27,232,56,200,764
72359,0,26,9,0,94
72360,233,709,225,516,1752
72364,145,2811,920,1412,6474
72365,61,261,91,194,797
72366,35,191,59,240,623
72367,0,0,0,0,0
72368,18,71,33,152,440
72369,0,0,0,0,0
72370,125,1156,353,862,2926
72372,28,284,54,147,511
72373,5,103,20,133,289
72374,24,68,37,98,201
72376,38,69,121,105,419
72377,0,0,0,0,0
72379,0,0,0,0,0
72383,0,0,0,24,24
72384,10,92,81,54,260
72386,8,296,93,138,539
72387,0,0,0,0,0
72389,0,37,19,51,151
72390,104,1314,402,592,2622
72391,0,5,0,0,38
72392,18,39,107,9,239
72394,7,41,9,79,151
72395,8,168,79,90,534
72396,178,1821,509,915,4665
72401,859,5563,1717,4805,18020
72404,469,4251,1067,2966,12458
72405,132,2910,723,2264,7904
72410,1,54,35,32,236
72411,16,545,108,138,1025
72412,0,53,33,21,178
72413,9,38,16,51,184
72414,0,43,15,8,101
72415,27,250,66,83,406
72416,29,689,468,290,2242
72417,23,797,249,332,2442
72419,23,209,68,155,619
72421,2,112,13,24,227
72422,106,552,171,402,1781
72424,1,0,5,2,20
72425,23,30,6,8,80
72426,12,7,14,19,60
72427,0,5,2,3,19
72428,0,5,9,8,60
72429,0,43,0,11,59
72430,0,24,15,45,167
72431,2,20,4,7,127
72432,142,936,344,721,2674
72433,67,361,75,289,984
72434,7,294,83,202,682
72435,7,10,0,35,74
72436,0,71,57,38,183
72437,110,296,124,299,1488
72438,0,405,157,122,792
72440,4,19,3,10,45
72441,0,0,0,0,0
72442,53,502,120,391,1716
72443,103,346,148,296,1050
72444,10,159,119,68,414
72445,0,4,0,0,12
72447,98,247,100,132,798
72449,0,12,0,0,27
72450,652,5499,1746,3483,16014
72453,5,9,2,0,31
72454,203,744,116,380,1408
72455,308,1974,448,1070,5082
72456,2,69,15,36,203
72457,9,16,6,44,106
72458,25,28,28,49,284
72459,14,175,64,63,456
72460,69,37,21,27,139
72461,31,288,206,279,1313
72462,6,51,7,73,212
72464,0,0,0,1,5
72466,0,172,36,80,337
72467,0,0,9,879,953
72469,39,88,16,64,300
72470,11,35,25,0,75
72471,40,246,34,54,443
72472,184,1251,321,548,3108
72473,16,252,64,149,687
72476,273,1039,332,817,2860
72478,0,27,24,30,85
72479,49,167,37,65,360
72482,23,175,38,103,400
72501,764,3771,1045,2806,10278
72512,81,205,63,156,772
72513,117,91,99,68,792
72515,0,0,0,0,0
72517,0,18,0,13,53
72519,194,196,96,150,1233
72520,10,75,0,0,7
72521,73,783,419,434,2108
72522,0,31,0,18,110
72523,3,27,66,39,298
72524,0,36,44,29,73
72526,0,8,0,0,25
72527,0,17,0,19,38
72528,0,0,0,0,0
72529,287,640,155,523,1416
72530,17,192,108,53,476
72531,15,87,0,69,177
72532,18,26,93,59,283
72533,0,61,6,3,50
72534,14,128,48,49,600
72536,24,33,45,19,146
72537,51,0,0,0,40
72538,15,37,4,191,195
72539,9,0,0,0,0
72540,2,0,0,0,49
72542,167,405,145,214,1083
72543,432,1280,494,1010,4365
72544,39,38,36,15,130
72546,0,0,0,0,0
72550,23,91,22,24,214
72553,0,0,2,13,27
72554,19,422,103,119,931
72555,20,22,0,11,99
72556,75,545,187,341,1316
72560,295,677,329,432,2179
72561,16,126,38,16,188
72562,26,423,113,153,850
72564,4,88,21,9,101
72565,5,142,13,96,303
72566,4,40,7,29,128
72567,7,32,0,9,83
72568,0,228,53,86,526
72569,0,0,50,79,277
72571,0,0,0,0,74
72572,0,20,17,14,184
72573,6,38,12,18,96
72576,170,224,101,224,985
72577,7,131,13,129,316
72578,0,0,8,0,8
72579,0,252,72,189,421
72581,40,85,0,63,120
72583,14,523,118,110,754
72584,14,17,0,0,101
72585,18,7,0,3,22
72587,0,0,0,0,0
72601,875,3743,1098,2112,10429
72611,11,200,158,102,529
72615,0,3,0,18,20
72616,270,1768,542,663,4058
72617,1,62,13,10,151
72619,81,173,31,41,441
72623,0,67,30,56,137
72624,8,25,13,50,148
72626,25,94,14,62,297
72628,5,35,21,38,138
72629,0,6,0,39,166
72630,5,5,5,0,18
72631,134,141,142,270,1092
72632,74,322,160,254,1040
72633,11,351,125,100,650
72634,182,561,116,219,1335
72635,79,544,124,297,1267
72636,0,0,0,0,0
72638,69,1078,305,654,2670
72639,0,107,28,45,294
72640,23,124,0,16,183
72641,43,257,50,266,645
72642,87,94,3,20,209
72644,64,499,258,191,972
72645,46,171,74,134,513
72648,9,83,85,61,207
72650,172,362,81,247,1003
72651,0,91,86,0,474
72653,1314,2723,1019,1953,8576
72655,0,24,54,8,109
72658,88,285,103,56,503
72660,13,53,6,10,114
72661,28,108,0,0,73
72662,24,280,73,474,1107
72663,0,33,0,12,145
72666,0,0,0,0,10
72668,0,0,110,0,349
72669,0,14,5,8,43
72670,0,43,0,9,73
72672,12,50,0,46,108
72675,0,291,144,109,639
72677,0,101,30,51,214
72679,12,0,0,0,20
72680,19,67,2,57,241
72682,0,14,0,0,70
72683,0,52,0,6,52
72685,5,68,86,107,421
72686,0,0,0,53,87
72687,70,800,166,518,1769
72701,311,4700,1111,17017,28940
72703,777,4043,952,4524,17229
72704,241,3270,731,3551,14406
72712,321,5306,1858,3168,17171
72713,238,4242,839,1986,12956
72714,330,1763,771,742,4827
72715,672,1414,496,505,4456
72717,73,22,22,64,442
72718,13,844,166,150,2157
72719,43,3155,755,1225,8552
72721,17,22,0,66,270
72722,25,298,79,232,1112
72727,15,725,308,540,2541
72729,0,0,0,0,0
72730,206,1858,578,573,4322
72732,30,529,340,195,1448
72734,119,1153,346,858,3313
72736,90,1451,463,939,3239
72738,47,282,20,192,696
72739,34,46,35,0,212
72740,150,1422,532,690,3619
72742,0,0,0,0,141
72744,72,753,173,457,1931
72745,278,2307,633,1045,5791
72747,38,0,0,0,0
72749,0,64,92,50,272
72751,110,1503,217,537,3359
72752,20,0,0,0,14
72753,93,1601,393,670,3492
72756,586,5094,1558,4134,16133
72758,754,7558,2151,4258,20673
72760,15,19,10,17,126
72761,331,3082,1111,2919,9454
72762,516,6713,2730,3910,19197
72764,648,9893,2835,6476,25538
72768,30,162,104,143,667
72769,0,132,15,115,342
72773,32,193,107,51,541
72774,48,826,667,697,2950
72776,7,84,28,127,199
72801,504,2091,296,4906,9568
72802,232,3026,939,1700,8422
72821,26,332,103,135,805
72823,172,843,333,443,2370
72824,100,166,95,124,814
72826,0,3,0,0,0
72827,7,0,0,0,3
72828,0,20,0,0,22
72829,0,0,0,0,0
72830,304,2100,739,1851,6065
72832,9,71,34,38,195
72833,119,694,167,314,1555
72834,241,1247,407,910,3605
72835,0,87,17,54,203
72837,210,1142,482,441,2774
72838,27,24,16,0,51
72839,0,22,38,28,243
72840,24,347,66,180,874
72841,0,13,0,0,65
72842,22,254,64,46,349
72843,44,274,100,183,717
72845,6,79,31,32,363
72846,32,608,160,141,1246
72847,20,656,149,127,1178
72851,12,37,39,2,91
72852,0,10,0,0,16
72853,22,291,146,122,757
72854,19,10,22,14,132
72855,179,608,206,339,2017
72856,24,69,15,6,138
72857,16,83,48,135,404
72858,56,509,153,145,1225
72860,4,14,0,10,31
72863,46,209,91,70,529
72865,4,129,121,130,464
72901,406,2520,682,2137,8605
72903,835,2976,893,3305,10734
72904,365,4286,1291,2114,9240
72905,0,0,0,0,0
72908,354,1525,534,823,5183
72916,111,1335,379,720,4379
72921,179,2289,529,1321,4755
72923,116,353,166,366,1528
72926,7,118,19,0,238
72927,149,1073,307,718,3120
72928,27,24,31,87,198
72930,0,22,6,0,36
72932,28,117,121,89,501
72933,507,824,187,475,1777
72934,9,5,64,28,235
72935,0,48,28,48,159
72936,294,2074,633,1149,5237
72937,41,247,193,246,866
72938,20,137,42,50,452
72940,20,236,102,125,703
72941,23,853,253,456,1799
72943,12,461,67,182,935
72944,59,352,117,278,843
72945,2,21,4,58,170
72946,31,346,33,271,1123
72947,96,312,162,246,1208
72948,0,0,0,0,0
72949,252,1107,383,620,3250
72950,0,99,0,61,174
72951,1,111,17,43,158
72952,25,208,123,97,862
72955,0,352,291,0,430
72956,565,4581,1350,2871,13544
72958,102,849,317,520,2272
72959,84,447,105,118,819
73001,0,10,4,20,38
73002,47,151,62,64,433
73003,439,2549,910,1822,8829
73004,13,115,31,59,319
73005,168,1261,287,590,3048
73006,54,284,94,293,984
73007,25,176,183,81,822
73008,416,3503,994,2314,8941
73009,34,69,30,46,230
73010,124,2998,842,1885,8109
73011,3,56,83,16,269
73012,462,7769,1631,2619,17471
73013,640,9405,3063,5234,24543
73014,31,217,65,174,502
73015,48,268,55,283,891
73016,7,495,68,301,953
73017,24,152,68,114,507
73018,421,2569,857,2233,8447
73019,0,0,0,0,0
73020,544,4274,1028,1343,8494
73021,0,4,5,8,33
73022,0,0,0,0,0
73024,42,55,38,36,225
73025,178,3035,870,1001,5534
73026,150,1261,586,617,3706
73027,12,131,54,89,520
73028,101,300,168,262,1251
73029,26,189,76,209,577
73030,92,624,136,319,1591
73031,2,6,3,0,13
73032,1,26,10,18,67
73033,4,94,18,89,278
73034,724,6838,2104,5417,18838
73036,267,2845,717,1951,8986
73038,33,155,74,100,559
73040,31,281,46,41,399
73041,5,38,3,25,90
73042,8,114,45,98,355
73043,3,6,8,2,33
73044,664,2597,773,2540,9306
73045,169,1943,422,780,4090
73047,75,752,230,493,3012
73048,139,362,111,168,916
73049,69,1028,329,509,2264
73050,0,75,39,1268,1433
73051,83,957,411,635,4154
73052,148,1009,269,452,2385
73053,7,82,28,25,211
73054,175,486,169,340,1454
73055,327,1518,393,700,3145
73056,11,91,17,41,194
73057,40,291,67,161,772
73058,20,31,4,5,72
73059,44,291,90,299,1008
73061,12,254,55,172,658
73062,32,79,39,32,330
73063,21,77,58,65,211
73064,359,4062,994,1774,9852
73065,83,1576,370,726,3851
73066,7,55,0,43,115
73067,51,266,74,95,596
73068,231,1741,413,839,4654
73069,427,2679,1071,6466,15305
73070,0,0,0,4,75
73071,476,4889,1521,9734,24445
73072,861,5014,1575,13303,26317
73073,0,75,11,28,146
73074,4,223,64,84,406
73075,145,1118,433,876,3541
73077,239,903,270,501,2117
73078,214,2031,747,557,4913
73079,0,77,26,23,208
73080,103,1568,492,703,3638
73082,94,396,138,244,1039
73084,137,886,302,266,1874
73086,306,1054,395,737,2818
73089,92,2057,599,880,4855
73090,7,55,23,58,338
73092,4,141,39,38,286
73093,11,588,253,223,1424
73095,28,270,70,207,838
73096,303,1784,455,3670,7517
73097,0,0,0,0,0
73098,65,504,155,214,1279
73099,732,12251,3968,6759,36039
73102,12,35,0,508,2498
73103,29,388,87,477,2973
73104,0,152,31,724,2355
73105,45,417,80,947,2976
73106,51,1081,270,2917,7793
73107,168,3221,842,2228,11767
73108,60,3035,835,1244,6359
73109,385,3838,1033,1855,7211
73110,684,5079,1473,3531,13866
73111,266,1681,751,629,3793
73112,520,2874,1115,2766,14176
73114,233,2880,880,2259,8634
73115,370,2729,742,1700,8311
73116,195,946,264,524,3934
73117,75,673,146,683,2452
73118,100,942,296,1132,7082
73119,256,5504,1344,3297,12776
73120,949,3144,741,3609,15530
73121,97,253,38,244,974
73122,235,1710,451,1458,5104
73127,188,4646,1024,2859,11310
73128,106,832,120,501,3193
73129,217,3732,1183,2487,8912
73130,273,2945,826,1578,7530
73131,8,350,26,185,939
73132,762,3312,1346,2215,11724
73134,118,511,82,1486,3861
73135,356,3150,1348,2191,10097
73139,425,2428,784,2031,8367
73141,12,533,170,117,972
73142,225,2250,396,1361,6911
73145,0,372,103,1508,2669
73149,65,1043,203,616,2466
73150,57,835,266,286,1604
73151,8,430,72,116,647
73159,436,5093,1376,3260,13641
73160,715,8477,2411,6451,27739
73162,653,3527,1300,1798,11116
73165,67,1103,462,716,2974
73169,17,600,406,286,1624
73170,645,5086,1855,3952,16351
73173,63,813,155,322,1658
73179,52,945,177,380,2370
73401,680,5228,1504,3023,14037
73425,0,5,0,0,16
73430,22,192,33,75,369
73432,31,94,16,60,335
73433,61,421,133,157,811
73434,11,61,8,46,152
73435,3,8,3,3,12
73436,0,9,4,17,53
73437,8,0,0,8,8
73438,71,280,122,198,970
73439,128,743,254,467,2073
73440,10,16,0,9,49
73441,0,27,2,13,51
73442,12,15,5,8,45
73443,37,526,185,353,1269
73444,0,39,0,0,39
73446,219,1209,350,818,3120
73447,12,190,30,107,429
73448,88,786,285,543,2235
73449,17,281,37,217,979
73450,20,190,40,87,399
73453,0,112,46,26,204
73455,10,65,9,44,237
73456,40,247,92,87,557
73458,6,135,46,119,366
73459,25,132,67,205,656
73460,62,525,227,651,1723
73461,7,128,35,45,308
73463,59,564,142,237,1314
73481,26,192,55,56,391
73487,0,19,5,34,75
73488,0,3,0,0,0
73491,12,107,18,24,213
73501,334,2078,711,1896,9595
73503,0,1751,345,4297,7997
73505,721,6570,1439,5080,20635
73507,364,2828,949,1952,8780
73520,1,21,0,0,14
73521,476,2916,779,2208,8709
73523,0,0,14,149,170
73526,13,248,82,144,620
73527,79,711,216,306,1861
73528,11,88,19,50,205
73529,115,482,267,413,1632
73530,16,40,26,30,119
73531,5,45,3,17,67
73532,7,52,8,43,168
73533,675,3576,1177,2260,10378
73537,4,85,17,97,239
73538,21,1295,467,416,2808
73539,5,0,3,1,72
73540,7,32,5,8,64
73541,196,499,135,339,1282
73542,53,537,116,379,1479
73543,12,192,35,240,821
73544,15,38,2,25,49
73546,49,181,86,42,375
73547,106,62,14,133,766
73548,0,38,3,0,73
73549,1,51,17,6,70
73550,45,298,101,150,763
73551,0,0,2,0,3
73552,19,110,57,148,540
73553,0,0,0,0,0
73554,86,558,138,261,1243
73555,1,6,66,16,108
73556,1,32,6,14,50
73557,0,10,2,0,43
73559,10,77,14,27,122
73560,2,114,62,53,285
73562,1,180,48,34,266
73564,5,43,13,14,115
73565,13,222,49,53,272
73566,41,199,54,92,443
73567,15,89,80,16,279
73568,55,49,54,18,329
73569,19,56,12,30,128
73570,15,118,63,151,349
73571,0,19,13,0,32
73572,27,472,139,270,1069
73573,39,307,68,216,823
73601,264,1385,391,638,3444
73620,6,336,26,116,605
73622,1,37,16,9,145
73624,7,367,103,209,834
73625,10,66,21,9,134
73626,4,186,74,75,408
73627,30,69,12,13,143
73628,25,262,37,153,603
73632,87,407,122,232,1074
73638,9,12,21,4,57
73639,1,123,78,82,333
73641,11,70,12,10,102
73642,4,8,5,23,44
73644,245,1972,444,1215,5303
73645,17,157,9,25,308
73646,9,13,28,14,89
73647,18,112,19,31,189
73650,11,155,40,32,249
73651,27,642,156,379,1527
73654,8,151,36,49,257
73655,25,110,46,50,279
73658,2,18,16,21,64
73659,0,8,0,55,77
73660,6,82,29,17,136
73661,0,44,20,58,277
73662,58,854,253,538,3699
73663,28,209,73,98,421
73664,20,146,37,107,399
73666,9,80,21,7,119
73667,16,100,9,10,149
73668,0,0,0,0,1
73669,51,315,146,112,599
73673,14,30,36,14,156
73701,417,4376,1520,2026,11289
73703,885,3702,1039,2934,11002
73705,0,0,0,303,317
73716,8,72,12,30,206
73717,222,860,148,1461,3455
73718,3,55,17,62,188
73719,1,31,1,2,25
73720,0,6,0,6,26
73722,0,123,8,46,164
73724,16,113,55,64,241
73726,11,52,4,3,105
73727,0,14,2,18,36
73728,84,278,99,134,674
73729,14,118,23,11,135
73730,4,101,17,25,216
73731,9,7,15,0,30
73733,1,47,22,1,75
73734,19,26,30,27,130
73735,14,127,6,44,193
73736,0,142,11,38,229
73737,164,623,154,173,1129
73738,19,156,28,64,399
73739,10,46,27,47,138
73741,5,46,16,13,608
73742,61,731,113,284,1424
73743,0,6,0,6,14
73744,1,2,0,18,28
73746,0,0,0,0,0
73747,0,18,2,32,101
73749,16,44,6,38,156
73750,224,1031,411,530,2813
73753,2,49,27,37,142
73754,0,123,80,90,413
73755,8,102,54,39,265
73756,3,32,16,28,120
73757,0,14,6,11,70
73758,0,40,0,4,35
73759,110,121,35,89,422
73760,0,38,15,40,149
73761,19,21,0,36,69
73762,29,371,119,248,905
73763,17,283,85,120,502
73764,12,35,21,9,72
73766,20,177,95,133,513
73768,9,199,101,120,555
73770,0,0,0,0,0
73771,28,83,11,15,103
73772,30,450,158,192,1583
73773,3,144,48,142,599
73801,328,2005,670,1307,6346
73832,38,47,24,47,239
73834,55,241,69,34,492
73835,3,51,17,14,117
73838,17,51,12,48,152
73840,0,61,43,55,199
73841,18,48,29,123,629
73842,9,18,10,19,97
73843,19,112,24,14,222
73844,0,9,0,20,171
73848,59,207,78,159,627
73851,0,3,0,27,54
73852,38,503,88,84,569
73853,4,93,22,74,192
73855,24,13,4,35,69
73857,6,141,59,48,343
73858,39,264,86,133,635
73859,23,234,56,129,506
73860,38,106,156,36,528
73901,7,69,29,0,119
73931,22,64,14,54,171
73932,40,335,87,140,704
73933,44,255,18,85,417
73937,11,30,13,63,96
73938,2,73,82,43,263
73939,14,189,50,404,750
73942,169,2244,687,1192,5796
73944,0,33,3,109,270
73945,128,303,69,146,735
73946,0,20,0,0,6
73947,5,47,10,14,91
73949,69,184,62,158,537
73950,6,244,93,128,556
73951,19,340,110,94,400
73960,0,0,0,0,0
74001,6,40,14,15,96
74002,42,320,159,202,704
74003,168,1973,546,1251,5695
74006,1204,3505,1193,2284,9857
74008,396,4937,1729,2243,12227
74010,209,1474,463,746,3677
74011,369,5014,1258,2128,12014
74012,1015,8313,3032,5365,25971
74014,470,6018,1915,3141,16108
74015,109,1111,348,835,3323
74016,93,593,282,578,2195
74017,897,3670,1037,2843,11112
74019,350,2917,902,1455,7546
74020,108,955,250,563,2565
74021,250,3394,1163,1911,9031
74022,17,282,56,121,543
74023,207,1480,430,1123,4933
74026,4,133,28,108,341
74027,10,105,26,81,304
74028,55,222,99,83,494
74029,99,722,290,330,1425
74030,124,326,107,225,1017
74032,65,202,76,129,646
74033,65,1737,630,1446,6046
74034,4,3,2,2,16
74035,56,318,94,321,1584
74036,81,953,330,655,2861
74037,271,4391,1127,1863,9210
74038,49,309,59,159,638
74039,24,493,133,393,1560
74041,35,502,95,249,1201
74042,9,37,21,37,161
74044,179,1214,366,571,2717
74045,1,56,2,14,110
74046,5,41,21,0,78
74047,88,1047,415,597,2813
74048,122,731,172,449,1859
74050,6,83,30,22,202
74051,63,201,49,242,752
74052,22,146,47,80,376
74053,51,640,312,712,2336
74054,17,95,33,61,282
74055,742,7031,2488,4395,19384
74056,69,622,159,305,1620
74058,101,437,197,282,1343
74059,58,947,287,416,2088
74060,8,67,9,39,151
74061,59,318,93,277,964
74062,2,110,39,64,282
74063,493,4481,1221,2681,10860
74066,586,4037,1223,2856,11867
74068,0,0,0,7,17
74070,374,1992,736,1344,5935
74071,0,7,2,4,36
74072,21,222,68,85,575
74073,57,682,224,452,1965
74074,472,3014,1043,9678,18137
74075,131,2901,621,9162,16225
74077,0,0,0,1626,1669
74078,0,0,0,450,455
74079,110,714,242,323,1615
74080,32,377,120,314,1062
74081,27,308,94,116,634
74082,0,97,7,1,148
74083,23,83,51,50,254
74084,11,12,10,24,104
74085,231,252,130,193,902
74103,0,10,7,210,1703
74104,149,1014,243,2991,6903
74105,493,2656,757,1816,10083
74106,258,2436,640,1410,6102
74107,307,2766,787,1830,7779
74108,38,1031,280,765,3287
74110,173,2376,1058,1576,6583
74112,362,2629,642,1948,9109
74114,248,2162,469,915,6318
74115,367,4205,1271,1979,9932
74116,36,413,165,318,1417
74117,0,0,0,0,0
74119,40,120,32,335,1669
74120,32,488,116,489,2752
74126,50,1835,550,1048,3965
74127,171,1754,604,1424,6400
74128,146,2398,681,1220,5414
74129,416,3207,652,1878,7927
74130,6,364,60,210,699
74131,57,193,56,189,751
74132,372,1592,323,732,4299
74133,1481,5807,1811,4701,19960
74134,163,4028,870,1741,9207
74135,699,2099,510,1484,7655
74136,1017,3637,1051,3503,13762
74137,614,3912,1123,2309,9650
74145,430,2459,883,1836,8151
74146,56,2984,781,1914,7357
74171,0,0,25,2131,2177
74301,237,1316,427,921,4171
74330,59,366,127,67,778
74331,126,643,169,430,1820
74332,28,273,76,122,629
74333,22,155,55,76,347
74337,90,757,173,257,1518
74338,77,648,174,338,1837
74339,41,407,114,195,922
74340,6,14,5,12,51
74342,22,279,167,155,665
74343,53,414,141,261,1084
74344,363,1682,403,793,3959
74346,89,977,338,558,2930
74347,20,209,102,356,950
74349,6,82,29,33,182
74350,8,80,27,57,289
74352,134,713,205,380,1777
74354,332,2394,652,2066,6689
74358,2,37,9,15,83
74359,0,51,57,10,137
74360,0,0,0,0,3
74361,328,2476,673,1669,6784
74363,61,389,152,221,950
74364,23,262,116,162,692
74365,108,411,210,745,2001
74366,34,184,25,54,341
74367,1,102,32,29,236
74368,0,19,14,29,59
74369,64,226,81,137,540
74370,48,557,130,306,1202
74401,259,2382,706,1099,5845
74403,569,4064,1456,3125,11848
74421,69,716,182,291,1748
74422,7,158,41,73,288
74423,4,137,26,52,247
74425,19,85,13,108,270
74426,250,891,297,631,3095
74427,46,77,52,61,356
74428,19,91,5,36,116
74429,220,2452,770,1251,6522
74430,3,32,16,34,152
74431,17,174,40,59,287
74432,348,1080,427,642,2832
74434,97,1300,261,885,3622
74435,80,321,72,227,858
74436,108,729,182,314,1702
74437,183,1227,331,781,3217
74438,10,50,17,40,121
74441,98,844,235,400,1967
74442,8,97,50,67,298
74445,9,485,150,134,945
74446,2,51,6,55,166
74447,332,1701,593,1895,5997
74450,22,190,64,165,537
74451,90,435,149,440,1334
74452,6,12,0,58,81
74454,33,410,143,335,1243
74455,19,555,45,191,853
74456,3,37,8,4,28
74457,0,0,0,12,25
74458,5,7,5,16,52
74459,6,6,0,0,16
74460,9,31,17,26,109
74462,192,776,271,584,2419
74463,8,6,4,125,1321
74464,641,3824,1106,5511,14279
74467,265,1687,416,1108,4828
74468,0,45,12,8,99
74469,54,189,79,546,1079
74470,11,161,42,62,392
74471,10,197,41,164,483
74472,4,97,46,24,233
74477,0,0,0,0,0
74501,731,3789,1134,2202,11213
74521,0,5,7,9,28
74522,1,19,0,19,33
74523,125,724,186,420,1913
74525,202,1213,437,789,4296
74528,3,20,5,30,47
74530,4,24,9,11,64
74531,28,161,43,68,293
74533,8,156,41,76,312
74534,1,23,1,0,37
74535,0,24,0,10,23
74536,26,125,77,136,555
74538,75,486,187,288,1356
74540,12,15,2,0,26
74543,1,29,0,20,32
74546,14,79,36,83,245
74547,85,534,184,259,1157
74549,1,23,0,0,57
74552,13,166,41,66,356
74553,20,225,32,68,412
74554,21,252,130,126,746
74555,16,65,16,51,192
74556,3,40,15,19,108
74557,9,104,41,23,210
74558,18,58,9,25,93
74560,4,54,8,31,100
74561,21,240,64,157,643
74562,3,81,25,55,180
74563,52,260,79,146,701
74565,40,58,7,41,154
74567,2,7,1,0,19
74569,8,84,55,45,229
74570,165,84,35,86,278
74571,99,421,141,186,1126
74572,15,93,41,128,368
74574,14,120,51,62,340
74576,5,27,5,0,58
74577,0,11,15,10,55
74578,49,724,184,609,2079
74601,272,2921,701,1730,7752
74604,566,1551,513,1067,4021
74630,56,31,8,52,254
74631,111,1033,336,576,2497
74632,21,42,1,57,129
74633,3,124,102,21,290
74636,3,48,16,22,96
74637,42,193,45,65,462
74640,11,18,2,0,50
74641,11,37,11,27,115
74643,14,52,12,72,198
74644,5,65,12,59,141
74646,0,60,4,15,40
74647,88,409,219,247,1180
74650,22,86,22,47,190
74651,14,123,40,76,288
74652,14,105,46,37,254
74653,101,528,171,436,1391
74701,507,3731,951,3068,11221
74720,6,53,27,26,160
74721,0,0,0,0,0
74722,5,38,6,22,70
74723,38,194,84,83,452
74724,0,7,6,0,52
74726,34,175,36,125,533
74727,19,267,47,126,660
74728,121,1901,472,841,3900
74729,49,356,185,146,850
74730,116,656,216,464,2162
74731,50,143,59,130,387
74733,34,410,78,221,1201
74734,33,101,43,79,304
74735,63,213,119,152,687
74736,4,109,33,68,235
74737,0,0,1,12,13
74738,5,74,12,28,121
74740,90,328,38,178,607
74741,33,80,35,72,355
74743,160,1129,337,693,2729
74745,136,1183,389,1006,3938
74747,3,80,5,75,128
74748,17,185,32,79,234
74750,4,14,17,22,76
74753,0,0,0,0,0
74754,0,175,25,25,195
74755,0,23,10,0,33
74756,1,82,28,33,226
74759,33,188,52,73,427
74760,0,3,3,5,44
74761,0,3,3,10,23
74764,60,432,136,267,1237
74766,17,188,68,91,401
74801,345,3058,810,1892,8378
74804,448,2815,773,3182,8993
74820,615,4453,1235,3310,12708
74824,26,285,55,103,542
74825,35,205,43,112,556
74826,16,205,41,122,442
74827,1,45,18,17,97
74829,44,31,9,92,631
74830,3,18,13,18,62
74831,20,67,31,39,209
74832,13,124,32,66,323
74833,1,100,28,92,231
74834,134,968,406,440,2620
74836,20,44,12,0,92
74837,0,12,4,13,33
74839,14,108,37,49,241
74840,39,203,123,171,736
74842,0,25,0,0,64
74843,27,42,14,0,58
74844,4,65,29,20,133
74845,10,52,29,50,150
74848,135,896,283,720,3418
74849,75,454,151,182,1009
74850,8,37,8,13,72
74851,85,1592,420,777,4611
74852,7,165,68,142,548
74854,31,249,102,179,692
74855,108,530,215,382,1386
74856,35,59,15,57,208
74857,45,1262,431,667,3492
74859,113,816,221,465,2086
74860,22,258,86,164,607
74864,219,583,213,473,1691
74865,43,313,105,137,739
74866,4,4,6,2,18
74867,6,70,27,61,180
74868,250,1653,515,1358,4735
74869,6,39,11,9,160
74871,54,266,44,100,720
74872,26,424,133,344,1253
74873,168,1503,718,1238,4743
74875,13,139,22,87,359
74878,22,270,35,85,512
74880,55,313,72,183,655
74881,46,653,194,327,1854
74883,31,321,88,254,884
74884,151,838,220,400,1967
74901,20,268,67,132,754
74902,77,627,176,383,1566
74930,4,180,48,179,529
74931,11,145,48,90,436
74932,31,331,128,184,948
74935,4,42,1,2,33
74936,11,165,85,142,575
74937,80,732,273,483,1991
74939,11,40,6,212,703
74940,50,396,91,248,898
74941,49,373,115,211,934
74942,3,20,17,2,55
74943,7,8,5,10,44
74944,2,222,50,71,373
74945,1,17,0,21,50
74946,0,6,4,7,23
74947,3,9,10,29,50
74948,214,1267,422,1137,3952
74949,0,17,0,7,43
74951,16,196,53,166,522
74953,178,1810,524,1143,4911
74954,99,606,168,566,2186
74955,169,2290,766,848,5059
74956,11,303,102,114,778
74957,11,95,18,43,253
74959,80,811,204,546,2129
74960,231,1871,484,1119,4384
74962,140,540,198,361,1469
74963,5,65,68,18,205
74964,70,303,115,202,764
74965,32,757,241,329,1939
74966,33,532,198,218,1204
75001,89,965,207,1720,9889
75002,694,11272,3641,7062,27098
75006,532,5922,1890,4338,21149
75007,382,5325,2373,4671,22790
75009,84,4836,1755,1647,12257
75010,653,3335,1043,2440,14194
75013,343,7992,1988,3598,18345
75019,259,7252,2289,2458,17078
75020,860,3419,1154,1871,8165
75021,117,868,345,681,2973
75022,254,4130,1859,2127,9164
75023,664,5390,1677,4766,20754
75024,479,5345,1770,3774,19966
75025,628,7878,2762,4470,21071
75028,448,7696,2416,2796,16108
75032,544,5382,2022,3205,14011
75033,195,8865,3858,3667,19485
75034,706,5770,2132,4969,23243
75035,429,15131,5192,5733,34560
75036,245,5619,1272,1610,11487
75038,299,3594,762,2822,17265
75039,0,1648,255,1256,13331
75040,411,9680,2750,6518,25918
75041,346,5339,1159,4317,13588
75042,368,6719,1987,4126,15966
75043,830,9184,3466,6581,26679
75044,528,5918,1621,4780,19248
75048,176,3870,1249,2476,10875
75050,738,6177,1685,4996,19886
75051,648,6878,2128,4467,17494
75052,930,14886,5572,8734,41296
75054,178,3438,1583,837,6747
75056,448,7066,2389,4567,29602
75057,179,2846,491,1626,8077
75058,46,628,263,387,1569
75060,326,7397,2601,5267,20466
75061,610,8950,2636,6098,25739
75062,346,7892,2350,6375,24992
75063,278,6410,1849,2693,21878
75065,21,1619,493,1506,5644
75067,802,8004,2632,5466,33067
75068,273,12210,3428,3943,31073
75069,944,5121,1846,4231,15735
75070,661,8741,2730,5633,26912
75071,768,11020,2750,4329,26301
75072,578,10584,2876,3572,20347
75074,594,6573,2196,5882,24064
75075,845,3933,903,3382,14773
75076,236,913,338,504,2867
75077,776,5170,2268,3281,15161
75078,256,8080,2378,2490,16193
75080,1106,6293,1918,8943,25511
75081,391,4204,1182,2695,15662
75082,171,2776,961,3010,13093
75087,453,6261,2307,2807,15423
75088,321,3058,1084,2034,10531
75089,288,4597,2188,2631,14596
75090,512,4160,755,2645,10064
75092,698,2762,1043,2601,10010
75093,739,5343,1762,2796,16953
75094,51,4701,2035,1822,8171
75098,355,9896,3036,6759,28618
75101,1,128,21,86,262
75102,2,293,139,115,737
75103,348,1751,532,1102,5504
75104,411,8425,2354,4493,19548
75105,0,52,2,16,45
75109,74,514,251,196,1506
75110,575,4697,1370,3724,12919
75114,31,1150,413,566,3110
75115,794,7185,2571,4680,20761
75116,484,3351,842,1932,8268
75117,20,711,257,454,1966
75119,385,4374,1424,3132,12533
75124,144,783,490,490,2245
75125,197,947,350,467,2640
75126,311,11969,3154,5805,31554
75127,193,205,90,118,503
75132,0,0,0,0,0
75134,130,3115,1144,1768,8443
75135,88,1297,778,579,3481
75137,248,2879,1078,1826,7305
75140,264,930,285,733,3047
75141,28,820,151,585,1832
75142,316,3758,1000,2152,9098
75143,238,2083,437,1103,4787
75144,102,527,188,229,1073
75146,221,4271,858,1862,9623
75147,89,1353,448,928,3258
75148,161,676,221,452,1933
75149,854,9840,2728,6143,24726
75150,1163,9255,3004,6711,27074
75152,21,1003,242,676,2602
75153,4,121,11,18,209
75154,373,7454,2405,4806,19123
75155,3,496,122,380,1212
75156,272,1614,674,1185,5187
75157,8,17,6,9,57
75158,124,1012,229,574,2380
75159,288,3410,1032,1935,9746
75160,391,3730,1590,2128,9835
75161,228,526,164,307,1820
75163,51,188,107,112,654
75164,0,14,16,64,119
75165,887,6668,2591,4761,21488
75166,30,940,246,446,2702
75167,112,2338,452,1336,5398
75169,187,2177,847,1080,5041
75172,41,652,129,518,2277
75173,41,1422,548,761,3757
75180,216,4651,1635,2809,11356
75181,224,5041,1464,2476,11006
75182,63,1550,298,628,2405
75189,247,5940,1403,3393,16669
75201,170,416,99,2546,12859
75202,12,23,14,177,1623
75203,222,2430,932,1412,7153
75204,89,1115,465,4479,22666
75205,322,3167,1041,5017,11509
75206,248,1836,306,4876,25660
75207,0,2,17,947,6522
75208,309,3529,876,2573,13604
75209,257,1131,405,711,5790
75210,113,1532,471,861,3312
75211,830,11577,4175,10490,32764
75212,346,4270,1407,3252,11755
75214,594,3794,790,2261,15462
75215,136,2441,991,1936,8617
75216,1021,9456,3319,5287,21735
75217,756,17503,5345,9924,37973
75218,492,2237,567,961,7925
75219,268,1021,273,2260,15488
75220,384,6477,1807,3932,18490
75223,40,1870,591,1419,5862
75224,240,5613,1472,3897,15098
75225,871,3136,1074,856,5752
75226,0,227,104,588,3336
75227,531,9656,2794,6894,25261
75228,950,11074,2581,7984,29616
75229,367,4761,1610,2230,13523
75230,919,2204,750,1585,9038
75231,422,4645,1213,3811,19807
75232,617,4918,2050,2813,11988
75233,115,3195,1049,1223,5953
75234,393,4355,1534,3328,15506
75235,47,1759,567,2298,10789
75236,208,3692,822,1677,7680
75237,76,3654,785,1972,8901
75238,891,4362,1265,2033,13998
75240,398,3676,1022,3061,12527
75241,472,6227,1545,2863,13143
75243,745,8027,1637,6286,29490
75244,280,1328,480,866,5782
75246,36,185,24,113,979
75247,0,58,9,28,273
75248,1004,4003,1284,2431,15395
75249,78,3420,425,1617,6949
75251,93,167,71,679,2776
75252,725,2237,1191,2408,12244
75253,102,5109,1548,3241,11217
75254,289,2372,584,2514,12809
75261,0,0,0,0,0
75270,0,0,0,0,0
75287,336,4434,1422,4361,28324
75390,0,0,0,0,0
75401,448,3473,550,1713,7887
75402,573,2641,969,1657,8493
75407,193,4717,1114,2620,11822
75409,64,3044,1119,2180,10800
75410,88,286,44,162,761
75411,23,115,8,73,262
75412,0,56,46,35,217
75413,0,6,5,16,68
75414,20,502,297,193,1371
75415,0,15,6,34,69
75416,45,447,81,163,883
75417,41,309,118,88,735
75418,375,1403,461,1184,6093
75420,9,191,92,112,631
75421,0,327,14,49,288
75422,76,373,143,127,844
75423,71,546,111,231,998
75424,24,574,127,208,1104
75426,51,296,70,226,747
75428,104,1215,213,3204,5950
75429,0,0,0,0,0
75431,40,234,8,158,604
75432,94,450,120,304,1177
75433,84,375,115,190,964
75434,0,0,0,0,0
75435,13,105,26,53,207
75436,7,339,84,221,852
75437,25,182,56,63,443
75438,9,133,41,156,384
75439,26,144,33,133,428
75440,115,765,271,448,2258
75441,0,0,0,0,0
75442,156,1145,638,655,3867
75446,91,610,133,191,1130
75447,16,197,5,86,443
75448,0,87,27,38,347
75449,6,171,81,126,378
75450,0,15,35,0,207
75451,11,281,78,19,482
75452,53,639,303,757,2116
75453,26,753,61,200,1057
75454,354,3071,747,1117,7186
75455,384,4258,1474,2591,10792
75457,83,784,278,492,2511
75459,15,1220,254,386,2447
75460,553,3267,902,2461,9414
75462,316,1493,574,614,4049
75468,0,196,40,124,365
75469,8,15,18,29,97
75470,0,0,0,0,63
75471,0,198,123,89,703
75472,114,341,101,263,1221
75473,141,324,181,106,1079
75474,334,1737,769,1620,5427
75475,0,0,0,6,6
75476,68,62,31,59,325
75477,8,135,71,43,487
75478,22,64,43,37,290
75479,23,213,69,110,688
75480,106,188,15,120,314
75481,29,82,15,29,109
75482,442,3611,1114,2346,9208
75486,24,311,115,288,682
75487,27,266,89,109,452
75488,0,188,17,61,329
75489,6,104,26,20,245
75490,32,350,147,129,1052
75491,36,697,291,475,1821
75492,7,34,61,19,122
75493,0,210,40,64,248
75494,266,1321,451,713,3970
75495,197,2054,475,723,3648
75496,53,464,167,286,1147
75497,71,208,140,253,953
75501,347,4121,1410,3311,13413
75503,747,4048,1097,2096,10514
75550,9,8,11,95,173
75551,393,1642,296,803,3444
75554,27,234,95,301,883
75555,61,141,94,85,458
75556,7,248,73,68,490
75558,13,285,66,141,620
75559,269,697,237,406,1628
75560,10,151,146,77,492
75561,98,643,311,461,1922
75562,0,13,0,0,19
75563,138,395,106,348,1026
75564,0,0,0,0,0
75565,0,60,30,25,83
75566,43,85,79,26,209
75567,124,537,146,218,1156
75568,188,292,61,162,896
75569,36,895,182,362,1788
75570,130,1201,308,1064,5159
75571,65,456,118,174,801
75572,24,315,89,219,1149
75573,0,68,0,0,91
75574,58,279,20,78,364
75601,294,2062,534,1564,6039
75602,102,3445,970,2741,8865
75603,151,874,350,834,2397
75604,481,5124,1506,2385,12680
75605,1111,3407,1439,3305,13908
75630,79,262,102,116,744
75631,2,374,204,229,1141
75633,296,1584,467,1310,4729
75638,89,638,299,513,1817
75639,66,180,105,169,718
75640,7,784,232,558,2338
75641,0,7,5,9,38
75642,0,0,0,0,0
75643,34,327,88,110,709
75644,311,1585,598,1124,4755
75645,42,1595,434,467,3292
75647,185,2178,292,719,4391
75650,34,1577,607,887,4117
75651,112,262,45,266,770
75652,411,1206,494,1331,6432
75654,310,1764,656,1072,4752
75656,81,685,180,398,1442
75657,164,605,131,667,2010
75658,0,0,0,0,0
75659,0,0,0,0,0
75661,53,316,166,313,896
75662,521,4017,967,2124,8919
75667,3,176,49,193,472
75668,29,330,120,376,947
75669,69,303,51,102,348
75670,379,3169,744,2479,8228
75671,0,0,0,0,0
75672,538,2027,869,1300,6328
75680,0,0,0,0,0
75681,16,301,93,361,948
75682,19,56,15,23,150
75683,37,596,177,294,1215
75684,179,1422,358,793,3278
75686,225,1925,629,1199,4652
75687,0,0,0,0,0
75689,0,0,0,47,126
75691,29,589,74,350,1585
75692,85,528,83,359,1410
75693,65,918,155,396,2265
75694,0,0,0,0,0
75701,973,4050,905,5623,14503
75702,189,4407,1642,3273,12109
75703,1324,5548,1521,4796,18247
75704,109,799,316,442,3469
75705,85,254,46,36,1088
75706,58,1854,511,884,4990
75707,408,2163,740,1296,5572
75708,46,1590,477,993,4190
75709,247,444,179,572,2009
75711,0,0,0,161,163
75750,82,388,67,106,1078
75751,649,2243,817,2094,7518
75752,95,1153,298,434,2272
75754,39,1076,262,399,2243
75755,75,687,234,468,1842
75756,97,550,179,296,1545
75757,435,2284,480,694,4711
75758,260,1123,160,751,2691
75759,0,26,20,0,49
75760,31,214,164,77,654
75762,338,1765,749,856,5121
75763,170,854,162,453,1933
75764,0,13,9,26,91
75765,278,757,206,1118,2530
75766,751,3770,1201,2838,9800
75770,47,185,92,62,761
75771,539,2931,842,1980,7273
75773,463,1786,522,1250,4872
75778,72,320,33,198,816
75779,0,0,0,0,0
75780,0,39,20,77,204
75782,5,4,6,8,28
75783,288,992,356,530,2214
75784,4,87,43,115,250
75785,99,1320,476,705,4283
75788,0,0,0,0,0
75789,78,1419,449,435,2972
75790,68,680,183,288,1509
75791,83,2293,906,1201,5933
75792,49,503,132,64,1135
75801,188,2150,795,1286,7270
75803,236,2023,670,1742,8878
75831,203,661,113,417,1819
75833,88,167,315,205,1054
75835,379,1500,397,887,3552
75838,0,22,22,32,72
75839,74,1076,250,707,2524
75840,163,957,438,399,2514
75844,158,474,194,316,1671
75845,120,190,65,109,783
75846,17,457,52,171,945
75847,39,260,74,43,514
75848,0,0,0,24,47
75849,10,0,11,5,58
75850,57,164,120,2,360
75851,12,344,78,199,2053
75852,20,178,14,363,2242
75853,39,98,0,78,368
75855,38,355,33,106,492
75856,0,30,22,65,126
75858,0,0,12,0,12
75859,118,218,46,190,737
75860,157,817,223,390,2490
75861,8,111,97,61,665
75862,336,1125,407,759,2736
75865,0,0,0,0,0
75884,0,0,0,201,2208
75886,0,0,0,130,1725
75901,372,4542,1399,2830,11503
75903,0,0,0,39,52
75904,685,4982,1653,2872,13414
75925,54,407,193,318,1207
75926,16,187,43,124,416
75928,0,25,38,85,240
75929,34,32,68,161,326
75930,23,266,66,68,565
75931,89,209,13,132,394
75932,56,135,16,142,369
75933,28,212,40,88,426
75934,0,27,7,10,67
75935,126,1824,508,971,4279
75936,39,99,47,30,287
75937,20,181,47,76,531
75938,35,274,106,144,663
75939,67,645,179,727,2044
75941,94,1215,339,820,2884
75942,0,0,0,0,120
75943,16,201,40,150,460
75944,9,67,49,7,182
75946,61,547,149,202,1336
75948,198,305,87,272,1246
75949,201,1135,235,754,3144
75951,285,1999,871,986,5287
75954,45,379,50,198,832
75956,133,907,155,843,2412
75959,0,263,48,5,303
75960,6,264,54,49,312
75961,320,2099,495,2472,6730
75962,0,0,26,3240,3324
75964,98,3630,1063,1775,7726
75965,383,1943,483,4136,8569
75966,192,717,209,351,1501
75968,57,246,116,230,774
75969,170,390,132,393,1308
75972,242,844,244,394,1804
75973,88,371,140,265,1049
75974,80,425,171,130,906
75975,49,725,274,435,1759
75976,11,253,29,107,385
75977,35,87,10,0,130
75979,365,1583,337,940,4670
75980,19,285,101,176,767
76001,256,7141,2019,3225,14940
76002,96,4961,1915,3609,15333
76005,0,914,179,266,1832
76006,38,2155,685,3089,12576
76008,240,4022,1098,1118,8886
76009,111,2942,958,1988,7882
76010,369,9808,2665,8872,27959
76011,149,2817,684,2260,12038
76012,840,3631,864,2347,10101
76013,931,4428,914,6340,17191
76014,394,5425,1420,3559,14751
76015,238,2231,715,1912,7965
76016,498,4058,1144,2836,11393
76017,405,5629,2340,5352,20053
76018,63,4229,2064,3016,13048
76020,383,4123,1420,2230,12036
76021,533,3585,1243,2587,14260
76022,313,1611,588,1402,5984
76023,50,973,299,609,2541
76028,1211,12430,3509,5232,29774
76031,144,2732,946,1800,7253
76033,657,3417,1089,2227,10474
76034,252,3735,1256,1315,6860
76035,1,568,197,238,1214
76036,222,4838,1712,3010,13260
76039,254,5302,1644,3871,19893
76040,268,4435,1015,2816,12927
76041,0,55,11,160,366
76043,218,869,418,489,2687
76044,74,1070,284,742,3352
76048,846,3068,1168,2140,8742
76049,795,2902,977,1625,8650
76050,131,1004,301,607,2610
76051,698,6087,1609,4113,19678
76052,23,4600,1612,1643,11718
76053,732,4935,1477,2631,12739
76054,265,1270,499,841,4250
76055,34,453,242,283,1347
76058,104,3376,1159,2420,8937
76059,66,835,127,1012,2371
76060,132,1172,245,572,2915
76061,0,0,0,0,0
76063,934,14092,4595,6785,31431
76064,18,263,25,127,536
76065,485,7297,1928,3436,16401
76066,27,1248,413,281,1789
76067,386,3077,734,1882,7668
76070,0,75,0,133,383
76071,31,744,269,523,2063
76073,76,811,473,331,2475
76077,11,159,85,84,325
76078,127,1505,389,891,3687
76082,160,3240,1012,1920,9557
76084,26,1613,504,1070,5517
76085,119,1448,445,814,4125
76086,813,2909,850,2677,9134
76087,409,4312,1188,2392,10970
76088,228,1910,592,1145,5175
76092,551,6328,2119,1488,8880
76093,12,420,280,206,1252
76102,284,352,186,1721,6782
76103,133,2274,949,2308,8026
76104,435,2991,1045,1941,8982
76105,522,3597,1105,3414,10416
76106,228,7245,2049,3447,16358
76107,522,2190,762,2944,13959
76108,460,6519,1774,3404,18480
76109,487,3127,880,4772,12591
76110,219,5278,1245,4343,15676
76111,77,3253,951,2592,9744
76112,585,6462,2440,3947,18980
76114,504,3374,1199,3007,11955
76115,158,4255,1168,2252,9794
76116,1310,5886,1420,4719,20799
76117,768,4882,1450,2996,14564
76118,219,1938,484,1514,6635
76119,514,9484,2563,4960,21881
76120,196,2531,784,1994,8912
76123,169,7188,2315,3805,17157
76126,384,3922,1095,1657,9305
76127,0,7,16,378,1154
76129,0,0,11,1687,1724
76131,198,8013,1875,3681,23322
76132,1016,2716,733,2962,11161
76133,884,8401,2258,4456,21690
76134,339,3960,1563,3562,13351
76135,299,2040,592,2136,7363
76137,215,7859,2042,6439,26820
76140,247,5385,2136,3036,14374
76148,223,3172,1075,1971,9866
76155,0,725,149,408,4276
76164,105,1778,869,1576,6080
76177,141,2870,319,2973,11408
76179,320,12560,3304,4922,31935
76180,961,4714,1283,3819,15861
76182,341,3856,1542,1817,10202
76201,494,1490,335,13279,21412
76203,0,0,414,612,1026
76205,146,1523,527,4821,12141
76207,275,1703,397,2003,6843
76208,492,4544,1342,2121,11189
76209,506,3086,829,4693,13975
76210,585,5446,2351,4485,19307
76225,14,227,88,270,1322
76226,273,6216,1942,1898,12707
76227,209,8361,1931,2812,21293
76228,13,110,100,90,465
76230,282,1429,370,614,3115
76233,73,392,135,243,1161
76234,283,2845,1125,1871,8001
76238,31,38,16,68,203
76239,7,114,37,73,341
76240,727,4001,1176,2606,11064
76241,0,0,0,0,0
76244,246,13402,4968,5611,32193
76245,30,75,18,24,200
76247,303,2837,930,1085,6789
76248,687,6148,2682,2462,12894
76249,43,1585,453,818,4113
76250,42,111,43,28,230
76251,13,79,23,40,242
76252,33,216,139,348,947
76253,0,2,18,71,167
76255,106,861,239,463,1942
76258,211,665,232,1047,2744
76259,58,794,294,290,2184
76261,1,14,0,5,41
76262,440,7087,1928,2482,15849
76263,0,0,0,0,8
76264,6,54,45,32,312
76265,39,326,76,58,509
76266,71,2351,565,1557,7175
76267,0,13,0,0,38
76268,0,21,9,7,77
76270,0,137,4,190,563
76271,11,219,53,223,669
76272,35,677,123,347,1548
76273,315,1224,244,1073,4167
76301,214,1880,739,1544,6687
76302,222,1251,314,1117,4281
76305,75,554,201,302,1589
76306,328,2608,518,1010,5177
76308,508,2535,580,3697,9980
76309,331,1882,641,1513,5608
76310,371,3116,791,1462,7755
76311,3,416,307,4463,6028
76351,33,222,144,127,577
76354,186,1246,604,841,4471
76357,0,65,35,4,125
76360,47,369,45,190,815
76363,0,26,2,25,66
76364,2,44,13,17,89
76365,184,593,150,365,1444
76366,40,255,48,169,716
76367,175,1444,344,920,6087
76370,4,78,13,5,128
76371,71,288,79,76,572
76372,6,174,67,56,298
76373,0,0,0,29,47
76374,67,455,97,236,1315
76377,19,40,0,28,95
76379,10,91,9,83,265
76380,92,504,151,190,1040
76384,256,1324,688,1088,4843
76388,5,21,0,27,56
76389,21,215,30,172,457
76401,536,3364,1080,6898,15766
76402,0,0,14,706,720
76424,192,1145,296,822,3519
76426,131,1686,434,796,3918
76427,4,217,37,98,392
76429,0,0,0,0,42
76430,61,193,164,219,805
76431,167,907,65,361,1593
76432,30,194,14,77,260
76433,26,254,81,81,530
76435,7,65,44,21,154
76436,0,0,7,21,38
76437,94,499,350,971,2373
76439,0,0,0,0,0
76442,133,1075,268,561,2340
76443,27,212,39,99,547
76444,70,504,168,211,1242
76445,0,15,4,33,177
76446,180,1089,391,818,3050
76448,249,442,194,217,1699
76449,107,158,74,119,617
76450,415,1883,552,841,4543
76452,4,0,0,0,10
76453,73,206,11,29,198
76454,63,247,67,118,510
76455,17,49,16,65,215
76457,246,525,111,352,1389
76458,92,728,224,545,2503
76459,0,0,0,6,17
76460,18,20,34,92,126
76462,62,1071,64,420,1614
76463,1,19,22,32,155
76464,21,6,7,15,67
76466,0,141,0,83,192
76469,0,4,0,8,20
76470,48,405,52,466,1212
76471,26,189,51,79,432
76472,32,122,136,201,614
76474,0,73,21,0,34
76475,8,132,14,28,294
76476,104,667,110,210,1183
76481,24,0,39,0,39
76483,18,41,31,74,252
76484,23,16,75,84,283
76486,0,166,49,178,591
76487,23,368,83,250,986
76490,0,0,0,18,39
76491,14,51,24,37,230
76501,285,2386,993,1691,6669
76502,1152,8441,1866,3274,18988
76504,432,2698,703,3083,11165
76511,109,337,65,158,768
76513,591,6924,1451,5197,18586
76518,17,147,89,179,574
76519,0,31,0,18,140
76520,230,1456,160,655,2521
76522,404,6526,1639,3882,18616
76523,7,103,23,44,134
76524,16,356,85,408,1233
76525,9,150,44,84,381
76527,14,604,165,337,1365
76528,313,2352,827,1134,7790
76530,100,215,96,193,890
76531,166,487,187,559,1678
76534,47,404,109,177,885
76537,28,1584,701,970,6248
76538,45,120,48,56,311
76539,34,1273,185,604,2759
76541,202,2289,581,2484,8929
76542,519,7302,2662,6011,25224
76543,274,4758,1259,3877,15819
76544,0,2625,355,12164,19623
76548,200,6020,1870,2742,14346
76549,191,9913,2268,5695,26249
76550,345,1545,527,1057,4756
76554,48,450,60,180,972
76556,62,241,162,243,809
76557,102,606,416,533,2141
76559,0,1302,295,726,2895
76561,6,213,55,64,388
76565,0,0,0,20,30
76566,0,42,18,4,87
76567,112,767,474,666,2843
76569,81,452,254,423,1350
76570,131,239,125,207,636
76571,105,1296,524,473,2959
76573,0,0,0,7,7
76574,337,2551,666,1386,6940
76577,98,374,63,248,1141
76578,19,113,30,67,428
76579,20,958,422,232,1961
76596,0,0,0,71,763
76597,0,0,0,149,1998
76598,0,0,0,28,318
76599,0,0,0,44,1341
76621,11,173,25,35,344
76622,22,267,107,114,573
76623,0,48,8,3,70
76624,51,167,140,433,846
76626,34,148,46,130,458
76627,12,119,35,235,495
76628,0,20,10,14,36
76629,75,258,39,65,544
76630,22,326,69,134,616
76631,0,60,75,59,283
76632,2,300,78,147,641
76633,72,852,283,545,2360
76634,313,1107,124,412,2067
76635,23,344,39,89,533
76636,10,205,83,167,737
76637,5,28,10,32,171
76638,12,422,228,198,1097
76639,59,259,87,208,613
76640,10,503,112,175,1082
76641,30,185,69,173,592
76642,172,879,208,370,2064
76643,261,2423,693,1634,6712
76645,178,1376,335,1150,4263
76648,48,416,54,221,813
76649,24,57,45,26,192
76650,0,12,10,5,46
76651,35,656,360,327,1366
76652,8,75,5,49,183
76653,33,150,28,174,479
76654,2,6,7,21,92
76655,142,1192,378,629,3255
76656,8,402,63,224,893
76657,132,1857,583,914,4467
76660,11,148,55,55,248
76661,243,871,192,934,3283
76664,79,622,251,321,1321
76665,53,307,186,202,825
76666,8,3,4,14,79
76667,190,1256,422,856,3850
76670,4,209,112,116,721
76671,17,151,79,140,495
76673,29,227,73,56,335
76676,14,46,8,6,102
76678,3,0,0,25,38
76679,20,199,54,43,308
76680,0,0,47,0,114
76681,0,52,11,25,108
76682,65,517,88,332,1297
76685,0,0,0,0,0
76686,4,14,1,39,64
76687,55,71,82,63,328
76689,72,611,277,383,1720
76690,15,216,17,100,504
76691,140,919,232,553,2075
76692,292,1128,395,542,2644
76693,46,347,78,238,948
76701,27,114,68,375,1087
76704,145,1555,244,693,2450
76705,543,4405,1362,4320,14309
76706,484,4322,1347,14473,24459
76707,191,2564,656,2539,7312
76708,475,4133,1396,2720,11369
76710,850,2257,562,2054,8995
76711,124,1083,533,1318,4307
76712,823,4465,1306,1552,10401
76798,0,0,5,2863,2907
76801,721,2761,1062,2807,10085
76802,144,878,261,318,1909
76820,0,0,0,20,20
76821,85,650,187,259,1453
76823,86,210,104,245,880
76824,0,0,0,0,0
76825,183,863,175,514,2124
76827,218,58,16,62,146
76828,3,16,17,0,56
76831,0,0,0,0,0
76832,10,60,67,42,259
76834,112,551,233,418,1478
76836,0,0,0,0,0
76837,92,222,57,158,845
76841,0,38,63,0,63
76842,0,4,6,0,16
76844,146,406,202,198,957
76845,4,26,23,2,59
76848,0,0,0,0,0
76849,54,401,156,309,1315
76852,14,38,9,7,70
76853,100,157,54,170,510
76854,0,33,14,0,14
76856,81,390,118,275,1086
76857,7,246,107,76,713
76858,10,20,9,17,57
76859,124,149,35,66,378
76861,30,288,106,209,829
76862,9,30,0,4,22
76864,40,89,15,43,215
76865,22,0,0,0,26
76866,22,108,22,8,117
76869,4,29,0,11,46
76870,0,5,2,0,11
76871,56,49,6,128,188
76872,16,149,51,13,194
76873,0,19,18,0,46
76874,0,0,0,0,0
76875,41,76,2,15,99
76877,105,541,135,392,1816
76878,21,349,67,82,522
76880,0,0,0,0,0
76882,9,6,3,5,55
76884,0,3,0,11,30
76885,0,10,21,6,39
76887,0,0,0,0,0
76888,5,0,3,0,12
76890,24,109,21,93,241
76901,607,4666,1122,3029,12583
76902,0,0,0,0,0
76903,891,3792,1354,2603,12173
76904,866,5369,1397,4389,16292
76905,163,2042,675,924,5475
76908,0,0,0,1620,1943
76909,0,0,0,512,512
76930,0,14,0,0,19
76932,36,601,103,320,1449
76933,32,199,68,104,400
76934,13,123,87,62,512
76935,0,240,32,40,521
76936,87,282,107,221,920
76937,0,2,10,0,11
76939,0,0,0,0,0
76940,0,0,0,0,5
76941,60,215,36,33,373
76943,20,343,72,74,802
76945,94,254,49,108,554
76950,69,851,50,286,1361
76951,24,336,20,90,429
76953,4,0,0,0,21
76955,9,36,12,10,94
76957,0,55,0,0,88
76958,0,61,18,8,115
77002,29,49,137,2669,13418
77003,19,460,229,825,6639
77004,404,2638,789,6330,20044
77005,695,3804,1202,4372,11636
77006,137,981,475,2903,14983
77007,53,1577,300,4118,26606
77008,669,2631,648,2265,20591
77009,588,4055,1164,2519,15976
77010,0,11,0,8,273
77011,252,1790,699,1852,7033
77012,40,3017,815,2055,7737
77013,145,2872,869,1967,7978
77014,267,5581,2365,3632,17445
77015,360,10571,3730,6672,26691
77016,799,5128,1436,2799,10824
77017,317,5306,1308,3516,13610
77018,673,3534,986,1279,12473
77019,205,1626,195,2046,11717
77020,584,3070,1047,2655,10455
77021,458,2760,1060,2867,11425
77022,523,3179,1465,3033,11956
77023,520,3132,1091,2545,11334
77024,1035,5187,1717,2367,12828
77025,1025,3617,630,2183,12871
77026,526,2840,884,1932,8104
77027,277,950,365,1701,10916
77028,301,3294,1144,2078,7160
77029,315,2277,786,1556,6108
77030,151,1227,130,1448,6531
77031,315,1905,1156,2098,8332
77032,93,2462,840,1442,6415
77033,783,5095,1641,2560,10476
77034,374,5865,2083,4492,17440
77035,259,4531,1781,3034,14371
77036,729,9884,2471,8500,36223
77037,128,3228,1107,1831,7635
77038,243,5514,1748,3289,14678
77039,213,4813,1367,3193,11815
77040,290,7725,1839,4968,21217
77041,293,3751,1715,3041,12747
77042,489,4341,1249,3715,20796
77043,473,3254,988,1746,10611
77044,187,10658,2833,4462,24812
77045,126,4456,1436,3645,13446
77046,0,8,0,65,478
77047,283,5288,1353,2247,14519
77048,138,3131,879,1524,7959
77049,94,8058,2651,4829,19093
77050,15,1232,551,364,2928
77051,314,2700,1039,1909,7171
77053,176,4669,1462,3268,13116
77054,282,1483,102,4277,17440
77055,287,5943,1973,3963,18612
77056,801,1007,377,1755,10361
77057,738,5440,755,3391,22187
77058,415,1733,395,2188,8156
77059,277,2460,1138,1151,5750
77060,145,9149,2020,5518,22366
77061,299,3951,968,2765,10157
77062,612,3237,754,1724,8490
77063,778,2921,689,4217,20817
77064,245,7918,1871,5615,21947
77065,456,5062,1232,3984,16356
77066,313,5725,1857,3988,16790
77067,170,6469,1552,3285,13243
77068,107,1257,504,1306,5048
77069,290,3964,628,1753,7743
77070,695,9405,2373,4824,25042
77071,264,3339,871,2874,10472
77072,958,9241,3889,7611,27663
77073,209,6245,2211,4346,20167
77074,464,6761,1057,4291,17044
77075,253,6734,2871,3894,18489
77076,227,6098,2290,3771,15356
77077,965,7863,1726,4732,29969
77078,183,2742,655,913,5731
77079,421,5580,1512,2788,15059
77080,708,7474,2533,4927,22265
77081,274,6861,2163,7064,28637
77082,1018,5569,1904,5561,24099
77083,944,9259,3551,10084,31758
77084,603,18713,5221,11321,47522
77085,86,2014,751,2001,7293
77086,88,5255,1862,3348,12864
77087,474,5757,1829,3793,14379
77088,893,7494,2549,6029,22352
77089,476,8797,3378,6787,25405
77090,316,5762,1672,5123,20259
77091,492,4734,1211,2725,13049
77092,347,4255,1376,3475,17795
77093,401,8710,2925,4869,20935
77094,33,1419,380,528,3172
77095,755,8326,2639,6557,27879
77096,861,4251,1376,2030,13988
77098,134,1298,425,1656,8292
77099,446,7924,2908,4515,21038
77204,0,0,198,3859,4293
77301,503,5213,1300,3815,15890
77302,297,3320,1027,1463,7412
77303,120,3692,1253,2305,10150
77304,937,4989,1187,5160,17193
77306,74,2994,1148,1944,6957
77316,447,5360,1139,2076,9815
77318,132,2087,608,1261,6395
77320,589,2681,837,4522,18112
77326,0,0,26,0,73
77327,370,6102,1798,3631,13629
77328,122,2521,528,1651,6227
77331,192,818,178,405,1955
77334,0,62,0,0,62
77335,34,409,170,454,1244
77336,84,1917,625,1332,4403
77338,310,7952,2571,3388,21380
77339,1349,5921,2387,3642,17523
77340,728,2908,727,9945,18627
77341,0,0,0,0,0
77342,0,0,0,0,0
77345,273,5197,1556,1571,9003
77346,520,11741,3556,4794,29009
77350,0,22,0,0,46
77351,526,3490,1193,2265,12162
77354,433,6564,1889,2796,15684
77355,394,4448,1570,2933,11013
77356,307,2904,1028,1804,8971
77357,140,5035,1849,4214,14035
77358,141,526,209,377,1871
77359,40,20,0,0,46
77360,60,1000,94,339,1590
77362,84,858,604,524,2984
77363,101,371,180,105,1087
77364,75,110,37,28,302
77365,625,5727,1759,3882,17440
77367,13,38,0,7,93
77368,0,0,0,0,0
77369,0,62,24,25,168
77371,47,1356,423,697,2631
77372,100,2387,767,1171,5407
77373,503,9810,2268,5681,29518
77374,8,0,48,56,104
77375,824,10926,3083,5340,29463
77376,0,32,0,147,280
77377,522,6154,1700,2914,13690
77378,115,2581,910,2128,7993
77379,965,14503,3586,6350,31187
77380,423,2277,803,2765,13574
77381,744,5429,1792,2316,11523
77382,414,8141,2502,2919,13797
77384,1027,2647,664,1464,9301
77385,336,4006,1229,2659,11766
77386,294,12625,3608,4180,28147
77388,307,7755,2966,4011,22266
77389,250,8076,1919,3059,17619
77396,271,8843,2511,6122,28824
77401,279,2763,876,868,5142
77406,275,9670,2593,4133,24375
77407,428,13231,2948,5943,34338
77412,0,0,0,0,0
77414,522,3533,821,2240,9075
77415,0,97,35,39,142
77417,127,892,258,267,1350
77418,103,1705,426,889,3572
77419,0,212,0,81,252
77420,26,273,91,157,919
77422,171,1574,730,1096,5124
77423,135,3080,441,1534,6823
77426,83,110,98,94,781
77428,0,30,0,0,0
77429,472,14345,5107,5718,35671
77430,20,211,115,119,556
77431,209,0,0,59,59
77432,0,0,0,0,0
77433,262,21861,5287,7055,44501
77434,11,647,173,684,1784
77435,22,622,285,277,1515
77436,0,0,0,0,0
77437,517,3103,1005,1447,7011
77440,0,58,0,0,0
77441,234,5278,1922,1596,10207
77442,53,503,81,77,379
77443,0,0,0,0,76
77444,97,127,2,96,291
77445,64,2088,880,2368,6905
77446,15,199,92,5213,5693
77447,100,3617,597,1397,7565
77448,0,46,0,0,128
77449,382,22210,5702,9186,53323
77450,711,11612,4228,4974,28500
77451,7,94,36,14,172
77453,0,62,0,0,63
77454,0,0,0,0,0
77455,27,214,91,227,826
77456,44,190,86,172,490
77457,0,0,0,0,103
77458,0,0,0,0,0
77459,587,11843,4064,7068,31326
77460,0,25,0,0,49
77461,258,1928,1013,1008,5162
77464,2,25,14,12,153
77465,148,862,394,388,2673
77466,5,6,8,40,76
77467,0,0,0,0,0
77468,0,0,0,0,0
77469,849,9913,1880,5285,25713
77470,14,57,13,34,168
77471,559,6108,1635,5053,20130
77473,6,0,0,0,10
77474,200,1961,656,1138,5414
77475,0,13,0,28,36
77476,29,50,9,0,46
77477,332,4522,1072,3554,15401
77478,610,2080,1011,2035,8009
77479,945,14283,4875,7223,32759
77480,364,1493,422,440,2689
77481,12,0,0,0,0
77482,0,195,0,197,518
77483,0,83,0,0,107
77484,161,1582,481,2463,6177
77485,42,349,119,273,1378
77486,95,1150,337,981,3010
77488,424,1666,505,1557,5373
77489,343,4890,1929,3456,16145
77493,474,9673,2353,4978,24517
77494,1302,25204,7730,8257,50965
77498,344,7967,2546,6733,22956
77502,460,5848,1604,4134,15326
77503,185,3853,1226,1847,9719
77504,422,4229,1152,2830,11542
77505,353,3971,706,2681,9031
77506,130,6580,2200,4289,16858
77507,0,21,0,114,467
77510,134,1331,653,1397,5154
77511,859,7467,2231,4958,21110
77514,98,742,145,336,1811
77515,306,3841,817,3269,14024
77517,19,958,202,303,1873
77518,60,1902,579,939,4455
77519,8,32,34,42,144
77520,482,5557,1936,3154,14707
77521,757,10943,2735,6785,29299
77523,126,4602,1257,2439,12537
77530,375,6266,1380,3911,12398
77531,139,2253,631,1969,7869
77532,272,4694,1244,2644,12285
77533,7,174,45,135,353
77534,12,553,307,346,1294
77535,172,5363,1341,3048,15434
77536,544,4215,1794,3777,13603
77538,11,182,66,52,343
77539,276,6923,1974,4486,19879
77541,171,2841,654,1243,5990
77545,161,3364,1427,3236,12808
77546,860,8087,2498,4372,19509
77547,58,1736,611,1224,4147
77550,351,1718,520,3270,10060
77551,537,2604,713,2094,9698
77554,148,341,266,1454,3400
77555,0,0,0,0,2
77560,0,215,0,54,342
77561,0,0,0,0,34
77562,58,1285,395,750,3701
77563,82,1307,275,825,3546
77564,8,402,34,38,444
77565,216,495,404,462,2204
77566,581,4483,1394,2790,12726
77568,308,3241,559,1485,7882
77571,565,5424,1427,2949,14688
77573,1432,15498,4738,6319,39022
77575,320,2224,862,1548,6586
77577,1,106,70,89,363
77578,385,3729,1267,1841,10572
77580,0,0,0,0,0
77581,625,7954,2491,4202,20549
77582,0,55,0,9,103
77583,216,6489,1590,3740,19827
77584,1141,14274,4639,6062,37780
77585,0,186,51,28,546
77586,171,2937,1145,2138,8832
77587,119,2819,1308,2000,7295
77590,602,4358,1876,3090,13574
77591,324,1973,534,1557,6379
77597,0,27,24,0,188
77598,309,3269,764,2644,12725
77611,221,1579,513,816,4019
77612,298,1583,424,608,3507
77613,26,110,53,27,358
77614,0,16,73,14,171
77615,0,30,12,36,93
77616,11,83,0,207,307
77617,0,0,0,0,0
77619,325,2262,520,1086,6286
77622,65,349,202,306,868
77623,26,14,11,19,94
77624,10,70,9,0,110
77625,96,960,381,754,3149
77627,716,3314,939,1693,8698
77629,19,62,6,28,176
77630,721,4324,1282,2233,11712
77632,349,2808,909,1895,8105
77640,270,2210,584,1794,6612
77642,519,6329,2101,3754,15403
77650,28,47,0,0,149
77651,238,1777,576,1015,5610
77655,3,14,0,15,44
77656,363,2129,829,1223,6174
77657,348,3212,597,1500,7806
77659,17,1321,441,558,2654
77660,27,51,38,166,336
77661,0,124,41,0,138
77662,279,3321,1056,2044,9410
77663,0,158,0,75,283
77664,0,189,190,201,794
77665,123,897,375,858,2474
77701,197,1849,517,1098,5018
77702,73,499,72,334,1219
77703,12,1817,522,1125,4595
77705,501,3170,1066,3995,18016
77706,1000,3589,940,2851,11594
77707,341,3464,859,1528,6984
77708,241,1676,554,1153,5830
77713,142,2321,425,1035,5352
77801,4,2320,587,4563,9036
77802,1179,2460,704,3027,10287
77803,157,5526,1295,3603,14925
77807,81,1436,305,1557,6611
77808,241,1602,493,801,5351
77830,26,334,222,205,1072
77831,107,420,87,161,849
77833,691,3852,1037,3828,10490
77835,131,355,184,61,854
77836,203,1583,453,700,3693
77837,28,187,120,113,494
77840,189,2678,1004,30785,43964
77843,0,0,96,7367,7591
77845,616,10120,3031,12623,35235
77852,0,0,0,0,14
77853,44,122,30,57,323
77855,14,0,0,0,28
77856,125,838,198,303,1699
77857,2,160,37,49,275
77859,244,696,329,870,2967
77861,34,545,102,281,866
77863,0,267,0,0,81
77864,147,1036,310,745,2966
77865,9,422,129,248,776
77866,0,0,0,0,0
77867,33,36,6,24,44
77868,326,2224,562,2086,7097
77871,96,177,87,145,636
77872,36,399,130,199,855
77873,11,145,138,102,402
77875,0,0,0,0,0
77876,3,33,0,0,40
77878,5,11,57,41,364
77879,71,442,137,422,1778
77880,182,166,50,14,441
77882,0,0,0,0,0
77901,675,5971,1615,4464,17425
77904,585,3725,1504,2304,11354
77905,204,2427,523,1508,5831
77950,2,9,0,12,22
77951,92,223,73,33,400
77954,194,1097,401,762,4306
77957,151,1197,444,543,2920
77960,0,0,0,0,55
77961,45,0,0,0,92
77962,73,430,182,403,1744
77963,191,760,214,465,1822
77964,284,1085,378,548,2602
77968,70,651,101,166,998
77969,28,12,16,0,37
77970,0,42,3,61,96
77971,0,109,0,102,122
77973,0,0,0,8,8
77974,10,123,28,34,189
77975,97,258,67,87,435
77976,11,0,0,0,5
77977,0,64,102,0,272
77978,24,42,0,31,186
77979,450,2251,781,1437,6259
77982,53,0,81,30,139
77983,0,345,52,263,857
77984,178,541,231,277,1285
77986,0,0,0,0,0
77987,0,16,2,7,48
77988,0,0,0,0,19
77990,20,61,37,38,227
77991,0,259,0,35,124
77993,67,46,30,0,73
77994,16,68,18,2,150
77995,345,1695,437,1039,3835
78001,0,0,0,0,0
78002,23,1251,433,1173,3463
78003,197,1639,135,383,1864
78004,56,0,11,0,144
78005,19,33,0,30,801
78006,1101,5370,2144,3151,14720
78007,2,66,0,0,53
78008,0,119,0,0,120
78009,113,1017,344,954,3136
78010,57,503,201,319,1211
78011,5,174,228,220,773
78012,0,41,14,52,116
78013,86,517,148,241,1472
78014,131,832,297,420,2431
78015,162,3944,1150,1562,7297
78016,490,1628,684,936,4039
78017,154,703,325,603,2944
78019,102,97,111,513,973
78021,2,0,0,0,0
78022,163,606,186,350,1621
78023,412,3662,1244,2388,9605
78024,91,88,10,33,277
78025,156,641,213,323,1636
78026,241,789,280,375,2478
78027,0,33,14,0,186
78028,1773,3943,1345,3726,13216
78029,0,0,0,0,0
78039,74,230,62,131,865
78040,939,6396,1945,4354,14905
78041,848,7352,2472,5884,20403
78043,499,7491,2327,5801,20083
78044,0,62,32,17,168
78045,566,12477,3477,7027,29251
78046,454,14316,4052,8448,30731
78050,0,120,114,31,323
78052,53,827,144,723,2421
78055,54,171,39,137,614
78056,14,270,77,123,731
78057,17,116,0,0,115
78058,71,55,2,99,167
78059,163,762,281,679,2401
78061,145,1463,481,1574,5238
78062,0,0,0,0,0
78063,141,867,386,761,3024
78064,395,2785,647,1355,6252
78065,108,2024,565,957,4347
78066,0,12,0,0,25
78067,23,112,126,12,304
78069,192,599,388,931,3191
78070,123,2348,926,1062,5669
78071,62,284,70,335,1794
78072,12,87,8,27,147
78073,27,1473,467,962,4007
78074,0,0,0,0,0
78075,17,0,0,35,40
78076,246,2542,619,1439,5281
78101,137,1436,582,406,2994
78102,413,2919,836,2916,13544
78104,0,25,0,0,29
78107,0,20,14,22,77
78108,407,7801,2433,4734,19728
78109,368,9650,2083,4659,22298
78111,0,0,0,0,0
78112,54,1334,400,922,3853
78113,56,467,101,202,761
78114,305,2952,920,2032,8883
78116,11,0,12,0,23
78117,15,136,15,22,267
78118,97,458,193,515,1907
78119,117,665,176,550,3670
78121,156,2160,650,996,5256
78122,0,0,4,12,32
78123,57,240,116,54,723
78124,177,860,338,650,2805
78125,0,3,0,0,0
78130,1521,12395,3656,8338,39537
78132,510,5615,1750,2372,12281
78133,452,2319,688,986,6394
78140,26,619,167,409,1664
78141,36,79,37,21,245
78142,8,0,0,0,4
78143,0,0,0,0,68
78144,0,0,0,0,0
78145,0,19,0,0,16
78146,13,172,58,31,180
78147,41,236,46,185,757
78148,93,3720,714,2100,9017
78150,0,0,0,0,0
78151,33,172,111,199,607
78152,48,184,166,370,1337
78154,397,5498,1512,3286,16516
78155,978,6278,2103,5384,21259
78159,28,55,61,35,231
78160,46,451,239,673,1941
78161,15,36,0,117,204
78162,17,0,80,25,185
78163,338,1811,759,1023,4830
78164,109,486,67,275,1014
78201,1361,5638,1965,4656,19372
78202,105,953,459,771,4254
78203,71,769,268,406,2237
78204,280,1457,305,1142,5480
78205,0,65,0,286,793
78207,956,8580,1945,4936,20891
78208,37,485,139,344,1763
78209,1062,5527,1693,4453,18703
78210,370,4292,1314,3218,14203
78211,320,4463,1538,2802,12800
78212,638,2011,780,4389,12587
78213,643,5724,2083,3933,18742
78214,254,3400,1370,2342,8705
78215,4,12,6,420,2148
78216,928,4305,1647,4577,20564
78217,1091,3481,1070,3619,14824
78218,704,4759,1071,3169,15232
78219,207,2507,623,1476,6890
78220,223,2805,990,1617,6619
78221,626,5628,2201,4607,16772
78222,385,3107,1080,2202,10514
78223,852,9196,2203,4519,22436
78224,237,3228,1105,2454,9641
78225,407,1807,492,1379,5441
78226,120,898,526,891,3545
78227,566,7097,2727,4992,19779
78228,1373,7872,2684,6485,24332
78229,807,3201,1338,5507,19367
78230,1179,3198,1302,4924,19296
78231,186,1210,432,1043,4250
78232,611,5037,1149,2586,14344
78233,698,6340,1848,4785,20750
78234,0,1031,219,1873,3749
78235,0,349,40,466,1680
78236,0,515,188,5319,7256
78237,531,6240,1870,3707,15369
78238,478,2910,1603,2385,12727
78239,660,4588,1091,2723,11665
78240,1196,7021,1900,6659,28215
78242,377,6982,2251,4076,16161
78243,0,0,0,242,299
78244,91,5708,1304,3409,17052
78245,1063,14719,3769,9388,45795
78247,579,5869,2087,4655,21257
78248,229,1418,612,780,4826
78249,349,6075,1936,14827,35707
78250,541,9299,2311,5083,25477
78251,428,8684,3044,7644,30647
78252,60,2312,588,1268,8058
78253,413,11363,2815,5864,28138
78254,385,15006,3233,5312,36193
78255,150,2626,884,1466,6363
78256,152,1424,763,2460,7510
78257,150,879,398,1021,4953
78258,580,7985,2151,3454,18919
78259,272,4702,1019,1637,10614
78260,407,6328,1448,2398,13097
78261,169,3349,1658,1579,11584
78263,85,819,426,516,2132
78264,86,1851,547,1176,4619
78266,202,803,232,596,2098
78330,22,23,27,15,176
78332,329,4524,1530,2659,10908
78336,163,1493,747,613,4405
78338,0,0,0,0,0
78339,30,55,0,0,35
78340,32,30,2,20,148
78341,40,212,67,201,598
78342,51,25,0,93,93
78343,302,507,192,237,1549
78344,0,30,48,49,180
78347,0,0,0,0,0
78349,78,132,0,10,65
78351,0,184,60,74,336
78352,25,81,0,0,63
78353,45,34,0,0,103
78355,110,1078,365,597,2790
78357,24,439,111,352,1149
78358,40,5,45,0,46
78359,35,293,147,221,942
78360,0,0,0,0,0
78361,33,595,215,832,2127
78362,36,1818,556,948,4532
78363,521,3973,1088,6008,14564
78368,257,977,580,857,3308
78369,5,29,4,30,70
78370,88,681,192,394,2052
78371,2,6,11,25,47
78372,65,736,65,356,1802
78373,17,218,168,133,733
78374,339,3154,625,1933,8553
78375,168,324,126,512,1438
78376,5,47,5,2,48
78377,105,537,167,241,1109
78379,7,159,113,121,448
78380,1045,3544,1130,1973,8308
78382,510,1774,622,813,5652
78383,108,492,172,45,1495
78384,90,911,221,493,2439
78385,6,0,0,1,35
78387,87,1476,174,982,3445
78389,24,369,116,121,867
78390,104,1102,255,397,1944
78391,0,37,0,10,33
78393,16,227,70,187,768
78401,271,47,176,427,1960
78402,7,50,0,19,117
78404,347,1676,573,1015,5418
78405,266,1985,843,1625,6419
78406,0,244,103,333,1209
78407,15,237,93,263,698
78408,207,1344,701,650,3609
78409,24,381,67,205,989
78410,327,5250,1158,2738,11741
78411,420,2455,1222,2581,9964
78412,517,4481,1410,7884,21096
78413,569,4099,1119,4364,15499
78414,753,7208,2278,4791,22350
78415,577,7039,1702,3606,17513
78416,395,1767,506,1105,4934
78417,52,466,155,463,1943
78418,242,4544,1172,1783,10393
78419,0,128,28,14,264
78501,1333,9031,2769,5543,25009
78503,225,3444,1235,2321,9682
78504,560,10137,3561,6507,26858
78516,402,6507,1593,4276,13964
78520,1305,8884,3141,8661,27634
78521,1217,14409,4821,11306,36851
78526,482,10700,3019,6548,26133
78535,0,58,23,98,240
78536,0,51,44,20,177
78537,748,10051,3081,6028,20890
78538,71,1392,839,1395,4481
78539,617,5024,1430,5119,16809
78540,0,0,0,0,0
78541,283,9020,2175,6725,23609
78542,616,17470,4533,10245,38798
78543,40,1390,322,1285,3373
78545,68,57,42,75,161
78547,0,79,13,82,142
78548,19,323,76,152,467
78549,45,181,104,0,250
78550,1099,9034,3306,4454,22471
78552,731,6938,1635,3177,14829
78557,73,2640,579,1836,6108
78558,0,0,29,57,153
78559,272,2761,799,1172,4946
78560,72,751,82,402,1997
78561,6,91,48,189,369
78562,55,365,159,401,1906
78563,0,0,0,0,5
78564,0,0,0,0,31
78565,0,0,0,0,0
78566,599,4658,1622,2809,10034
78567,15,85,16,69,195
78569,196,431,159,326,1611
78570,483,6899,2216,4533,15626
78572,1665,12249,4219,7912,27962
78573,437,8314,2503,5222,19418
78574,222,12164,3719,7188,27624
78575,62,754,276,578,1841
78576,41,3553,1208,1793,5771
78577,1041,14560,4585,8607,34787
78578,234,1332,367,545,3322
78579,2,526,127,350,1077
78580,178,2133,484,1712,6236
78582,771,8508,2575,5550,19656
78583,116,1008,268,533,1996
78584,397,2865,650,1890,6796
78585,0,0,0,0,0
78586,990,8727,2898,6525,20168
78588,12,17,12,0,27
78589,720,7704,1964,4483,16035
78590,1,88,68,137,325
78591,0,52,0,4,104
78592,0,36,19,88,221
78593,98,883,255,678,2098
78594,94,82,65,140,531
78595,17,986,214,507,2173
78596,677,6500,2144,3404,14406
78597,0,55,59,234,453
78598,0,0,0,0,15
78599,54,6842,1961,4162,15447
78602,497,4230,1355,3801,13687
78605,85,874,258,861,3225
78606,142,1005,212,397,2093
78607,2,11,20,11,65
78608,29,22,26,0,47
78609,49,93,23,74,343
78610,252,6836,1826,3370,19821
78611,386,1693,207,1020,4249
78612,69,4417,1150,1333,7456
78613,1085,13094,3581,6512,38230
78614,0,22,3,20,61
78615,51,370,48,138,643
78616,87,1625,481,888,3800
78617,46,3987,1755,3362,14512
78618,44,25,3,0,37
78619,25,994,170,347,1954
78620,269,2721,989,1588,6990
78621,262,4007,1229,1767,9558
78622,34,75,14,6,115
78623,15,123,0,29,177
78624,891,2604,918,1589,7182
78626,308,5285,1676,5319,19121
78628,1202,5743,1878,2793,15358
78629,235,2034,567,1014,4345
78631,48,514,112,104,791
78632,4,64,59,65,488
78633,1376,1686,371,818,3704
78634,105,5455,2217,3532,19519
78635,0,0,0,0,0
78636,171,301,169,240,1014
78638,46,153,89,128,731
78639,289,1067,218,488,2187
78640,307,9871,3733,7420,32618
78641,574,14555,3813,6094,36720
78642,159,3043,1114,1552,8286
78643,204,666,258,472,1954
78644,371,2760,694,1819,7829
78645,381,1283,428,535,3691
78648,356,494,133,725,2832
78650,30,308,47,174,787
78652,48,273,235,144,1941
78653,119,5818,1719,1908,14564
78654,560,2689,1010,1543,6602
78655,51,276,160,231,1129
78656,12,251,90,204,1261
78657,378,398,264,396,1624
78658,0,0,0,0,0
78659,0,355,91,72,753
78660,581,18655,5509,8258,52727
78661,14,61,53,38,169
78662,95,309,214,119,920
78663,21,6,8,14,108
78664,622,7696,3256,6558,29838
78665,529,9859,2318,5156,27465
78666,1111,6707,2242,27335,52860
78669,99,1183,309,436,3008
78670,2,43,7,0,34
78671,61,11,10,114,232
78672,62,52,0,12,54
78674,0,29,21,24,144
78675,0,14,5,0,13
78676,358,1450,514,1443,4486
78677,0,0,0,0,12
78681,585,10159,3094,4283,22183
78701,25,125,33,752,5809
78702,410,2182,554,1342,14802
78703,232,1946,555,1182,10772
78704,339,2804,1052,6358,31015
78705,88,191,257,25087,30337
78712,0,0,0,200,210
78717,295,6276,1696,1904,15181
78719,43,89,62,209,588
78721,164,997,318,684,5865
78722,98,403,107,391,3541
78723,412,4192,968,2115,18377
78724,76,4079,1355,2831,14362
78725,0,1032,393,291,4533
78726,63,1444,553,950,6415
78727,388,3056,445,1690,15461
78728,150,2748,625,2036,14806
78729,221,2864,945,2679,16615
78730,38,1284,513,533,3385
78731,1360,2891,675,1884,11331
78732,153,3061,1532,1470,7217
78733,31,1979,551,283,2701
78734,468,2402,1028,856,5867
78735,295,2303,645,1269,8400
78736,141,1038,216,875,3655
78737,374,6035,1215,972,8688
78738,323,4934,1387,806,9295
78739,244,3602,1021,629,7191
78741,199,3476,825,7984,30303
78742,55,220,124,140,616
78744,150,6593,2255,4633,25957
78745,830,4604,1060,3852,30488
78746,257,4067,1846,1779,10143
78747,171,2718,875,1343,9912
78748,543,5464,1535,3231,26076
78749,278,4193,1069,1826,13887
78750,370,4021,1013,1459,12074
78751,74,498,175,2675,12333
78752,251,1438,864,2975,13656
78753,452,8207,2206,6008,31587
78754,550,4664,754,2164,15488
78756,208,781,200,1238,5667
78757,551,3091,1032,1101,11035
78758,458,5879,1516,4693,28055
78759,1145,3859,1169,3641,21144
78801,515,3094,910,2506,9107
78802,0,0,0,0,0
78827,28,78,5,63,199
78828,0,0,0,0,15
78829,0,233,62,156,404
78830,2,90,18,41,165
78832,50,133,103,250,1204
78833,31,99,73,102,334
78834,151,1286,371,830,3225
78836,0,6,0,0,34
78837,0,6,0,10,17
78838,0,0,0,0,0
78839,201,1157,474,634,3171
78840,998,7338,2247,5089,19871
78841,0,0,0,0,0
78842,0,0,0,0,0
78843,0,0,0,386,459
78850,9,179,51,102,293
78851,0,0,0,0,0
78852,606,9768,3007,6692,23933
78860,0,0,0,0,0
78861,314,1410,416,1444,5760
78870,15,167,97,145,536
78871,0,14,0,0,18
78872,21,224,0,241,444
78873,34,258,83,45,280
78877,10,69,0,0,161
78879,0,25,8,67,89
78880,23,143,82,269,524
78881,7,169,47,183,384
78883,35,0,12,24,71
78884,22,224,39,14,295
78885,0,0,7,12,19
78886,13,32,5,85,145
78931,0,13,43,0,64
78932,11,60,26,15,63
78933,62,182,0,18,218
78934,303,784,170,462,1869
78935,12,12,41,0,148
78938,6,28,1,8,74
78940,75,183,25,49,463
78941,102,412,242,278,1210
78942,166,1038,386,904,3651
78943,0,14,0,0,12
78944,12,55,16,41,130
78945,386,1250,317,704,3268
78946,47,75,23,83,383
78947,89,662,143,369,1584
78948,21,70,20,4,163
78949,6,43,0,186,268
78950,9,320,98,14,600
78951,0,0,0,0,0
78953,0,33,16,82,387
78954,14,129,56,24,377
78956,223,738,167,329,1544
78957,166,1226,295,551,3281
78959,83,125,51,176,588
78962,171,573,181,519,1780
78963,9,38,20,3,151
79001,8,38,10,3,56
79002,0,0,2,0,6
79003,0,9,7,44,60
79005,22,259,77,218,637
79007,311,2100,742,1473,5566
79008,0,0,0,0,0
79009,4,141,166,147,696
79010,0,78,251,26,321
79011,8,29,2,19,51
79012,0,0,0,0,0
79013,2,426,178,441,1301
79014,124,454,178,248,1159
79015,365,3363,843,3626,9633
79016,0,0,0,600,600
79018,16,42,5,7,132
79019,55,250,40,148,554
79021,0,0,0,8,20
79022,79,1812,316,465,4354
79024,4,53,15,35,98
79025,0,0,0,0,0
79027,14,751,229,567,1797
79029,297,2870,674,1479,6350
79031,36,161,72,97,471
79032,3,33,0,12,45
79033,0,0,0,0,0
79034,12,92,40,17,196
79035,50,756,220,574,2265
79036,233,704,119,288,1791
79039,23,107,38,22,233
79040,35,300,169,225,978
79041,63,318,104,215,756
79042,14,266,37,90,431
79043,2,280,52,137,699
79044,3,98,30,56,207
79045,311,3324,887,2042,7577
79046,16,134,40,5,213
79051,0,0,0,0,0
79052,22,169,28,65,461
79053,3,16,22,0,36
79054,21,101,10,31,196
79056,0,7,0,2,19
79057,24,151,120,48,468
79058,0,0,0,0,0
79059,18,125,21,35,203
79061,12,65,15,13,63
79062,0,63,10,84,158
79063,23,64,59,15,197
79064,93,362,93,282,873
79065,307,2866,761,1777,7542
79066,0,0,0,0,0
79068,125,310,183,363,1226
79070,155,1682,557,841,4218
79072,505,4089,1243,3427,11227
79073,0,10,0,0,6
79078,0,28,2,4,22
79079,24,298,110,169,969
79080,28,73,28,24,120
79081,126,545,173,283,1192
79082,4,38,4,8,63
79083,32,194,88,122,661
79084,27,154,92,102,468
79085,0,0,0,0,0
79086,16,549,147,238,1279
79087,10,163,45,19,288
79088,180,783,191,582,2094
79091,0,38,0,0,17
79092,28,116,59,92,542
79093,0,10,0,0,12
79094,0,0,0,0,0
79095,73,546,100,235,933
79096,67,324,82,75,670
79097,29,157,39,100,431
79098,5,35,18,22,126
79101,319,68,189,177,1008
79102,98,1356,389,914,3534
79103,89,2271,414,1079,4382
79104,65,1078,321,342,2342
79106,966,4204,1201,2974,11837
79107,292,5908,1582,3973,16859
79108,73,1553,680,943,4198
79109,859,5543,1782,3674,17292
79110,185,2652,751,2125,8593
79111,0,445,67,94,963
79118,320,3817,1154,2315,11291
79119,266,2865,1127,1650,10337
79121,253,447,165,355,1901
79124,233,1938,473,665,3698
79201,110,718,166,546,3608
79220,4,37,35,0,96
79223,0,34,0,0,37
79225,0,45,65,159,357
79226,71,318,77,463,1049
79227,57,50,130,164,417
79229,2,8,8,0,52
79230,0,4,5,0,15
79231,0,0,0,0,0
79233,0,25,4,7,30
79234,0,9,3,0,36
79235,120,627,121,274,1221
79236,0,24,4,1,70
79237,5,25,8,22,95
79239,2,0,0,0,3
79240,0,101,0,29,78
79241,49,187,131,177,854
79243,0,0,0,0,6
79244,11,88,29,49,268
79245,63,311,97,180,707
79247,0,3,0,0,4
79248,42,219,76,134,629
79250,15,135,61,95,370
79251,0,0,0,0,13
79252,58,360,93,164,928
79255,1,26,12,48,114
79256,18,4,6,26,57
79257,20,105,44,16,274
79258,0,0,0,0,0
79259,0,0,0,0,0
79261,3,36,28,57,183
79311,80,612,360,252,1668
79312,27,240,42,98,475
79313,46,228,102,92,507
79314,0,44,0,0,30
79316,205,1597,436,1071,4120
79322,20,266,67,146,647
79323,109,1513,327,867,3174
79324,0,0,0,0,0
79325,42,506,82,128,846
79326,0,0,11,19,30
79329,21,682,87,211,1049
79330,0,0,0,0,0
79331,237,1701,442,1286,5134
79336,357,2175,678,1680,6375
79339,144,1079,337,545,2386
79342,0,42,7,38,107
79343,24,163,86,128,569
79344,0,0,0,0,0
79345,34,103,27,122,314
79346,32,223,59,118,758
79347,160,992,379,737,3320
79350,14,39,13,15,107
79351,37,124,94,39,386
79353,0,0,0,3,5
79355,23,220,112,94,546
79356,154,518,192,682,2469
79357,36,312,97,160,814
79358,42,294,50,130,481
79359,90,532,272,187,1263
79360,69,3328,964,1636,7107
79363,104,977,246,317,2012
79364,168,1188,275,748,2911
79366,11,89,57,74,267
79367,4,135,31,47,273
79369,0,0,0,0,24
79370,25,91,29,83,382
79371,57,206,68,151,553
79372,19,233,48,182,658
79373,78,402,123,215,1172
79376,1,56,0,0,33
79377,0,17,16,18,76
79378,0,65,16,4,68
79379,8,111,63,41,260
79380,0,10,2,13,33
79381,41,325,79,142,599
79382,95,1775,380,644,3503
79383,2,17,11,9,52
79401,8,336,151,5241,7645
79402,0,0,0,0,0
79403,220,2677,960,1693,6180
79404,355,1014,353,679,3628
79406,0,0,85,7593,7765
79407,465,2607,633,5153,12645
79410,301,1302,443,2109,5808
79411,29,507,412,1342,3321
79412,228,2611,695,1813,6242
79413,285,3586,857,2587,10740
79414,198,1805,582,3740,9895
79415,253,2332,1399,3408,8887
79416,542,3988,989,7560,18338
79423,557,6404,1723,3480,17720
79424,807,7630,2024,4429,19540
79501,82,276,111,187,930
79502,57,124,99,180,482
79503,6,8,0,0,72
79504,96,384,47,226,1004
79505,1,41,0,1,81
79506,24,46,4,0,74
79508,8,104,75,51,396
79510,153,1022,450,816,3150
79511,22,207,56,34,368
79512,174,599,185,1720,3928
79517,4,0,0,0,18
79518,4,26,8,0,25
79519,0,0,0,0,0
79520,98,463,90,321,988
79521,101,317,145,314,1371
79525,78,401,187,275,968
79526,39,120,54,38,280
79527,9,13,28,4,117
79528,21,88,7,39,125
79529,21,152,73,92,430
79530,2,20,15,32,153
79532,7,156,40,89,307
79533,6,72,29,17,125
79534,4,12,15,12,55
79535,0,6,0,20,24
79536,87,1004,216,568,2294
79537,8,0,8,9,31
79538,2,2,0,5,34
79539,8,29,5,35,84
79540,5,5,0,5,5
79541,0,318,5,32,327
79543,37,185,23,124,478
79544,10,80,15,66,245
79545,62,314,82,211,800
79546,54,211,51,129,607
79547,7,81,16,54,215
79548,6,17,5,6,54
79549,213,2367,614,1538,6601
79553,156,484,143,348,1203
79556,410,1789,582,1108,4495
79560,0,0,0,0,9
79561,5,40,10,36,162
79562,120,609,219,158,1508
79563,0,126,18,111,308
79565,0,79,54,29,174
79566,0,59,0,0,38
79567,81,432,89,287,1139
79601,513,2147,761,7274,15638
79602,252,3740,730,2182,9935
79603,420,3894,1478,2663,10624
79605,872,3703,1145,3765,13076
79606,614,3644,986,3433,12402
79607,0,637,24,1114,2445
79699,0,0,0,116,116
79701,321,5055,1371,2617,11927
79703,170,3874,1102,2414,9871
79705,800,6052,1107,3410,18583
79706,319,6380,2052,2066,14573
79707,858,5482,1272,4074,18109
79713,13,164,37,94,333
79714,173,3197,925,1696,7750
79718,84,52,3,92,179
79719,5,45,17,44,121
79720,483,3998,1152,2943,13742
79721,0,0,0,0,365
79730,0,6,0,14,20
79731,31,466,271,434,1637
79733,2,63,14,0,158
79734,39,107,50,67,391
79735,133,1760,468,904,5533
79738,4,80,41,12,109
79739,21,135,46,64,400
79741,4,90,15,21,178
79742,20,57,23,58,125
79743,10,32,0,25,105
79744,8,334,115,174,708
79745,44,1016,410,637,2724
79748,0,72,9,168,266
79749,0,117,16,38,182
79752,33,447,61,70,680
79754,16,5,0,5,21
79755,0,18,0,0,31
79756,110,1514,533,704,3898
79758,4,529,96,99,1283
79759,0,0,0,0,0
79761,282,4736,1539,3984,13939
79762,548,5904,1769,4471,18158
79763,383,6980,1609,2852,14570
79764,94,4811,1110,2505,11434
79765,144,3189,1048,1608,11195
79766,47,1961,606,1172,5183
79769,0,0,0,0,0
79770,0,0,0,0,0
79772,224,1728,635,1542,6236
79776,0,0,0,0,0
79777,0,30,4,4,54
79778,14,233,29,127,394
79780,0,0,0,0,32
79781,0,0,0,0,21
79782,34,683,210,566,1642
79783,0,10,0,11,30
79785,7,0,0,0,0
79788,4,193,8,61,410
79789,5,213,26,88,392
79821,49,841,262,627,2947
79830,190,797,215,459,2504
79832,0,0,0,110,121
79834,7,0,2,0,183
79835,154,1887,706,953,4989
79836,87,1325,407,821,2953
79837,9,19,0,0,120
79838,187,730,107,557,2023
79839,29,144,111,318,772
79842,0,0,0,12,123
79843,71,331,130,108,567
79845,55,643,233,424,1449
79846,0,0,0,0,0
79847,0,0,0,0,0
79848,9,87,10,36,126
79849,274,2450,778,1540,5521
79851,2,50,40,170,934
79852,76,81,9,0,124
79853,57,379,88,410,1353
79854,0,0,0,0,22
79855,15,280,19,161,676
79901,269,1017,417,853,3081
79902,646,1809,473,2636,8205
79903,621,1723,334,1374,5337
79904,837,4440,1259,4264,13584
79905,743,2953,1231,2543,8413
79906,0,1264,156,1248,3318
79907,1237,6284,2485,5663,19822
79908,0,1391,246,150,2149
79911,0,1217,430,776,4472
79912,1611,10943,2522,7615,32861
79915,1331,5654,1581,3412,12846
79916,0,0,9,2387,3295
79918,0,0,0,228,311
79920,0,0,0,18,33
79922,232,1006,413,406,2180
79924,1234,8141,3150,7396,26314
79925,746,4970,1997,4317,17029
79927,233,6065,2225,4539,18445
79928,248,16397,4731,9118,37446
79930,406,3053,806,4050,11673
79932,631,4458,1475,3150,12489
79934,62,3964,1345,3084,13955
79935,252,2378,803,2379,8108
79936,1464,14379,4816,12863,45964
79938,445,18365,4502,10112,47122
80002,263,2016,584,1542,9646
80003,458,4350,1201,3241,16042
80004,1324,3390,1181,2112,13317
80005,533,3612,1068,2183,10521
80007,146,2843,800,984,6492
80010,436,6561,2255,4519,20030
80011,595,7229,2253,5549,24679
80012,426,6833,1761,5989,24763
80013,567,10437,2932,6604,31470
80014,1324,3189,1039,3026,16108
80015,641,10742,3383,5325,29416
80016,400,10445,3533,4404,24105
80017,193,5765,1991,4711,19939
80018,58,2447,591,1137,6800
80019,0,543,186,565,2641
80020,1086,6563,2363,4579,23074
80021,797,2632,857,3945,17641
80022,547,9722,3957,4123,25713
80023,409,4217,1339,1565,9302
80024,0,27,0,0,13
80025,0,0,0,8,15
80026,348,4492,1042,2180,12636
80027,555,5424,1650,2400,13067
80030,531,1944,690,1878,7739
80031,512,3965,1483,2361,15246
80033,1004,2287,637,2126,10776
80045,35,0,0,318,1135
80101,1,28,23,15,108
80102,9,922,435,417,2647
80103,9,557,248,357,1409
80104,333,4430,1704,3052,14651
80105,11,176,55,102,556
80106,67,337,276,423,1325
80107,88,1863,564,1072,4988
80108,310,4975,1664,2435,11946
80109,400,4864,1340,2273,11297
80110,287,2404,735,2300,12155
80111,728,4669,1737,2439,12385
80112,341,4374,981,2781,17194
80113,514,2571,596,1437,9487
80116,42,548,220,228,1339
80117,51,269,95,217,731
80118,104,341,282,517,1757
80120,1041,3122,771,2021,11998
80121,888,1771,738,1146,5734
80122,942,3598,1504,1718,10937
80123,1006,5043,1700,2584,17778
80124,355,2417,951,1966,9722
80125,56,1749,628,792,5058
80126,637,6742,2739,3091,15384
80127,305,5960,2057,2684,15063
80128,632,4605,1617,2820,14863
80129,832,4087,1329,2375,11339
80130,419,3779,1378,2253,10415
80131,0,21,0,21,66
80132,227,4050,1953,1814,9521
80133,68,207,49,209,929
80134,507,11221,3444,5949,30971
80135,88,344,257,335,1184
80136,8,1163,332,593,2236
80137,23,150,332,246,899
80138,398,5147,1938,3459,14345
80202,201,211,123,2884,12087
80203,170,324,63,1519,15546
80204,239,3200,1039,3075,19584
80205,352,2660,606,2340,20506
80206,402,1634,308,1080,12738
80207,430,2945,869,1129,9423
80209,795,1358,477,976,12834
80210,568,3180,807,5766,19706
80211,446,2339,486,1898,21985
80212,129,1749,489,659,9534
80214,375,2115,270,2470,14774
80215,689,1644,539,1565,7656
80216,57,1882,528,3194,10163
80218,279,479,199,1275,11374
80219,955,10046,2904,5497,29660
80220,366,4238,1065,2458,16362
80221,773,5215,1398,4822,19642
80222,647,1970,509,1905,11431
80223,194,2032,560,1901,10358
80224,602,2025,534,1084,8009
80226,967,2857,1046,3421,14866
80227,1092,3476,1103,2619,15002
80228,404,3586,985,2585,14948
80229,333,7674,2613,6379,27903
80230,32,1091,142,634,3700
80231,589,3799,1264,2429,17088
80232,571,2034,682,1944,10164
80233,779,6788,1414,4737,22185
80234,242,3330,913,2393,12898
80235,243,609,245,926,3990
80236,409,2185,580,1299,6712
80237,444,1959,425,1837,11089
80238,86,5815,1348,633,12402
80239,241,6947,2725,4982,24000
80241,147,4865,1773,2954,15060
80246,85,853,130,1508,8442
80247,902,2521,482,2462,13794
80249,200,6111,1972,4363,17981
80260,367,5537,1703,3865,16714
80264,0,0,0,0,0
80266,0,0,0,0,0
80290,0,0,0,37,200
80293,0,0,0,0,0
80294,0,0,0,0,0
80301,412,1992,481,2514,12049
80302,436,1338,467,13406,20514
80303,902,1455,589,7776,14270
80304,407,2591,1160,2178,10370
80305,205,1747,645,2570,7534
80310,0,0,60,7486,7597
80401,679,4059,1584,5082,18991
80403,432,2519,679,1370,6940
80419,0,0,0,0,0
80420,0,48,14,138,301
80421,33,1017,372,367,2838
80422,92,478,147,108,1223
80423,0,0,0,0,63
80424,33,860,195,934,5587
80425,0,127,35,3,85
80426,0,0,0,0,0
80427,1,71,52,32,321
80428,7,91,0,15,165
80430,4,9,9,9,57
80432,88,0,0,0,0
80433,9,891,340,248,2344
80434,0,0,0,0,0
80435,26,1178,312,566,4196
80436,0,0,11,15,120
80438,2,34,18,8,275
80439,637,3227,1102,1057,6904
80440,0,233,116,170,1252
80442,0,172,31,204,1262
80443,89,439,252,281,1391
80444,54,49,9,89,474
80446,103,310,15,132,1017
80447,20,173,136,55,673
80448,0,0,0,0,0
80449,14,9,0,63,266
80451,0,143,47,42,371
80452,23,229,41,339,1220
80453,0,31,0,0,229
80454,0,244,50,29,354
80455,0,26,17,31,111
80456,0,0,0,0,52
80457,9,20,23,9,233
80459,13,451,165,182,909
80461,26,695,204,891,3683
80463,0,0,0,0,31
80465,157,1488,601,1353,6059
80466,6,248,44,254,1115
80467,18,299,36,72,1048
80468,0,8,0,87,127
80469,0,36,0,0,121
80470,67,287,71,126,1044
80471,0,0,0,0,0
80473,0,0,0,0,29
80474,0,0,0,11,82
80475,0,0,0,0,0
80476,3,16,0,0,62
80478,55,162,91,177,697
80479,0,0,0,0,12
80480,40,118,76,96,361
80481,27,10,11,7,226
80482,0,21,53,49,304
80483,5,46,12,44,163
80487,278,1817,633,1492,7256
80498,12,683,92,205,2981
80501,930,4728,1649,4195,19162
80503,1045,4261,2041,2791,13642
80504,735,7440,2317,4506,23070
80510,5,66,37,12,141
80512,2,109,57,47,395
80513,183,1909,715,1177,5823
80514,6,990,176,211,2755
80515,0,0,0,115,215
80516,237,6493,1550,1775,13189
80517,312,527,197,432,2923
80520,0,148,93,182,857
80521,234,1864,581,17981,28823
80524,558,4045,1379,5044,17511
80525,1118,5363,1940,7249,26374
80526,968,4640,1602,7685,22860
80528,141,4570,1389,2464,10023
80530,42,782,214,441,2757
80532,0,20,20,31,74
80534,29,2899,569,2203,8265
80535,20,218,107,89,894
80536,12,234,206,56,832
80537,1328,4427,1226,4096,16464
80538,1684,6236,1861,3584,17477
80540,26,634,212,99,1262
80542,15,874,535,226,2075
80543,98,1219,226,267,4270
80544,0,0,0,0,0
80545,35,59,5,11,213
80546,0,0,0,36,75
80547,5,1431,445,240,2801
80549,42,2218,477,933,5842
80550,516,6360,1942,2412,15714
80601,262,6697,1896,2909,17212
80602,186,6945,1636,3491,16352
80603,61,2146,674,1302,6615
80610,203,421,142,94,1209
80611,11,133,32,49,300
80612,0,34,0,0,76
80615,92,1076,134,484,3232
80620,45,3415,1519,2871,11001
80621,245,1912,769,1235,5941
80622,0,14,0,0,112
80623,0,156,67,113,483
80624,13,46,18,65,284
80631,932,7419,2401,10199,29114
80634,1336,8084,2388,5410,23777
80640,0,2505,459,1076,5509
80642,33,628,185,495,2147
80643,47,407,96,508,1605
80644,63,322,98,160,889
80645,68,739,195,395,2012
80646,0,0,0,0,0
80648,13,253,16,56,519
80649,18,4,4,8,100
80650,43,315,65,147,667
80651,55,505,128,385,1607
80652,39,111,0,0,69
80653,4,121,52,59,302
80654,5,454,97,142,971
80701,289,2601,733,1471,6768
80705,7,112,54,169,415
80720,123,247,63,233,886
80721,0,131,0,45,108
80722,0,70,41,26,193
80723,110,924,261,765,2614
80726,2,12,22,48,87
80727,13,108,29,7,163
80728,24,185,37,113,370
80729,22,28,6,20,110
80731,39,212,35,101,423
80732,0,12,0,0,0
80733,1,70,29,57,192
80734,138,412,93,229,1127
80735,4,34,29,16,117
80736,6,58,38,72,237
80737,65,170,95,71,549
80740,0,23,5,11,35
80741,10,102,34,237,427
80742,9,9,2,10,64
80743,22,189,72,53,476
80744,13,46,17,48,139
80745,0,4,6,0,8
80746,6,0,5,17,30
80747,2,53,9,24,186
80749,7,11,2,23,98
80750,0,18,0,5,47
80751,409,1737,524,1636,7392
80754,3,20,3,5,36
80755,0,30,25,0,40
80757,2,16,0,18,67
80758,91,555,180,241,1201
80759,120,750,106,346,1629
80801,9,0,8,3,22
80802,0,64,5,0,79
80804,7,44,17,23,86
80805,6,89,8,13,84
80807,142,678,190,302,1633
80808,80,900,292,437,2265
80809,28,37,0,99,250
80810,22,164,35,54,333
80812,3,89,15,8,91
80813,34,251,45,69,529
80814,4,108,0,133,678
80815,69,91,38,40,282
80816,50,828,259,170,1718
80817,239,5046,1587,3236,15341
80818,12,74,31,6,94
80819,0,7,51,52,362
80820,0,8,5,0,50
80821,74,224,64,60,434
80822,28,22,2,11,74
80823,18,38,4,2,31
80824,9,50,2,3,71
80825,1,26,19,16,134
80826,0,0,0,89,884
80827,16,8,0,14,60
80828,90,211,88,216,883
80829,59,470,296,474,2313
80830,16,10,2,2,17
80831,255,5756,1767,1941,12049
80832,2,197,36,38,374
80833,6,48,14,36,160
80834,7,53,6,8,92
80835,31,91,76,29,358
80836,27,143,17,48,351
80840,0,513,155,4470,5457
80860,0,9,18,32,147
80861,5,38,8,29,74
80862,3,0,0,0,7
80863,342,1291,508,896,4311
80864,7,142,38,59,359
80902,0,2408,477,1614,6933
80903,257,1003,211,3640,9574
80904,686,1319,413,1792,8563
80905,648,1670,441,2257,8188
80906,1065,4530,1092,3420,14853
80907,561,2473,797,2977,12575
80908,194,3693,1027,1160,7534
80909,964,3787,1587,4325,17158
80910,475,4240,1180,3671,15513
80911,512,5256,1318,2681,13959
80913,0,0,0,5677,6697
80914,0,0,0,410,468
80915,238,3420,973,2879,11208
80916,159,6796,1607,4631,20204
80917,689,3728,1033,3471,14513
80918,733,5929,1497,6112,22546
80919,575,3277,1455,1938,11030
80920,237,5430,1607,3818,16300
80921,634,3444,1323,1595,7433
80922,62,4261,1045,2432,13492
80923,289,4601,1201,2953,13773
80924,270,2729,917,987,6359
80925,58,2655,860,1006,7003
80926,59,226,115,137,616
80927,0,1077,383,307,2634
80928,2,64,23,88,280
80929,22,0,0,0,0
80930,25,269,48,195,907
80938,0,201,10,0,379
80939,0,0,0,0,0
80951,0,640,230,268,2391
81001,748,4492,1086,3292,12659
81003,313,1507,480,1485,6767
81004,466,3358,1052,2441,10581
81005,1077,3594,1338,2494,11041
81006,420,1364,549,734,3902
81007,491,5269,1472,2513,12408
81008,450,940,509,1200,4724
81019,0,152,76,239,578
81020,20,20,2,141,210
81021,1,0,0,0,1
81022,11,152,56,304,644
81023,61,134,33,73,352
81024,0,0,0,0,53
81025,63,38,2,18,184
81027,4,15,3,7,48
81029,13,51,10,21,97
81030,4,17,1,13,37
81033,1,33,3,0,61
81036,15,93,48,77,327
81039,94,165,46,75,435
81040,0,0,0,15,38
81041,12,77,40,28,212
81043,0,8,0,4,18
81044,5,23,0,30,50
81045,4,12,10,0,35
81046,0,0,0,0,0
81047,61,210,30,68,411
81049,9,5,3,0,16
81050,393,1046,396,807,3577
81052,212,1359,442,1170,3585
81054,90,457,154,269,2133
81055,44,62,0,54,259
81057,15,41,16,34,143
81058,20,77,46,123,395
81059,0,0,0,9,18
81062,15,59,17,300,868
81063,77,415,102,416,1388
81064,6,25,18,31,118
81067,151,1035,279,486,2081
81069,14,463,107,79,721
81071,3,37,2,15,69
81073,76,299,61,95,599
81076,48,34,4,58,330
81077,24,141,55,95,367
81081,9,1,2,7,25
81082,215,1257,444,961,4248
81084,0,0,0,11,15
81087,0,21,7,5,59
81089,158,301,322,557,1561
81090,45,112,6,52,298
81091,33,185,30,64,247
81092,26,139,36,67,273
81101,202,2109,585,2505,7016
81120,28,167,48,256,696
81121,21,17,14,35,60
81122,118,1294,239,383,2947
81123,13,56,45,65,219
81124,0,73,9,2,79
81125,34,426,174,420,1472
81126,0,4,0,50,169
81128,0,0,0,0,0
81129,0,0,0,0,0
81130,4,37,8,14,212
81131,29,36,0,0,137
81132,58,400,50,151,994
81133,0,182,38,122,331
81136,10,102,25,104,243
81137,90,692,227,568,1997
81138,0,0,0,0,0
81140,8,384,109,141,727
81141,35,136,36,51,391
81143,5,73,76,14,212
81144,215,983,254,586,2859
81146,11,143,23,122,359
81147,205,1418,350,647,3847
81148,21,50,13,30,182
81149,61,95,17,45,235
81151,14,297,104,159,550
81152,12,112,28,49,336
81154,9,87,81,43,318
81155,5,0,6,0,21
81201,191,794,260,463,2934
81210,0,35,0,0,44
81211,341,577,212,614,3036
81212,950,2952,964,2061,11864
81220,6,0,0,12,29
81221,4,12,50,80,261
81222,18,44,0,29,68
81223,22,72,26,44,310
81224,0,441,110,180,1345
81225,13,44,0,45,522
81226,86,498,195,635,3628
81227,0,0,0,0,0
81228,0,0,0,0,0
81230,120,881,452,2715,6201
81232,0,0,0,0,0
81233,7,78,14,19,386
81235,4,69,9,23,221
81236,32,254,30,4,384
81237,0,0,0,33,43
81239,0,0,0,0,0
81240,41,757,87,265,1389
81241,0,42,0,4,24
81242,0,35,0,44,276
81243,2,11,0,12,29
81244,4,78,72,15,195
81248,7,17,0,0,97
81251,0,11,13,0,46
81252,125,402,247,212,963
81253,7,33,0,42,84
81301,424,2744,760,3858,12482
81303,175,995,580,463,3773
81320,36,50,36,16,128
81321,375,2081,547,973,5090
81323,96,551,154,338,1546
81324,31,92,37,50,321
81325,9,0,0,0,0
81326,16,174,98,148,731
81327,13,23,0,13,92
81328,144,357,108,151,1138
81330,0,0,0,28,28
81331,0,0,5,77,82
81332,0,28,31,18,183
81334,0,318,131,246,784
81335,0,0,0,0,11
81401,622,2833,854,1533,7409
81403,100,1315,324,708,3498
81410,29,131,63,94,574
81411,0,0,0,0,0
81413,52,695,263,387,1672
81415,168,355,25,321,651
81416,406,1752,517,1109,4562
81418,70,119,106,54,464
81419,144,124,53,159,856
81422,7,47,21,25,134
81423,103,144,31,56,437
81424,60,121,36,36,282
81425,182,768,280,594,2262
81426,0,21,7,0,74
81427,40,91,57,64,416
81428,76,419,167,110,1104
81429,0,0,0,6,11
81430,11,50,20,34,209
81431,4,112,29,37,192
81432,36,159,119,67,754
81433,19,47,21,52,253
81434,0,4,9,21,59
81435,8,637,179,400,2619
81501,631,1909,355,4570,11796
81503,206,1867,535,1103,5910
81504,427,4582,962,2043,11986
81505,235,1303,443,864,4793
81506,1113,1221,370,1077,3923
81507,434,2083,595,585,4398
81520,195,1539,697,1618,6117
81521,540,2530,1136,978,5879
81522,0,0,0,0,0
81523,36,5,11,0,33
81524,0,591,146,259,1024
81525,0,244,154,80,544
81526,129,442,132,229,1515
81527,0,47,54,102,430
81601,315,2119,794,1206,6889
81610,5,188,49,22,245
81611,74,688,283,960,4126
81612,0,0,0,0,87
81615,258,177,176,17,612
81620,87,1094,362,812,5446
81621,51,730,105,147,1817
81623,135,1677,463,789,6822
81624,8,173,111,288,738
81625,141,1769,524,857,4758
81630,0,172,39,103,387
81631,0,1292,417,842,3727
81632,19,1383,399,913,4718
81633,0,0,0,0,0
81635,180,1084,332,818,2893
81637,53,1447,657,695,3829
81638,0,0,0,0,12
81639,10,287,101,193,987
81640,0,6,4,2,64
81641,85,575,125,217,1354
81642,0,0,0,0,0
81643,12,42,5,20,91
81645,0,177,0,13,391
81646,0,66,13,0,95
81647,55,741,404,657,2594
81648,21,311,100,386,1135
81649,9,23,20,13,112
81650,186,2499,478,1663,5802
81652,19,1080,250,363,2403
81653,0,0,0,0,0
81654,8,181,37,19,457
81655,0,61,0,0,63
81656,0,65,49,0,170
81657,73,220,67,500,2099
82001,681,4141,1450,3909,17386
82005,0,0,0,425,481
82007,361,3735,711,2376,9491
82009,976,4458,1643,2071,11188
82050,1,20,3,3,26
82051,0,0,0,5,12
82052,0,0,0,0,0
82053,15,83,37,9,411
82054,0,158,59,24,300
82055,7,0,0,0,30
82058,16,0,0,0,0
82059,0,19,0,7,20
82060,0,41,35,50,271
82061,0,0,0,0,0
82063,0,0,0,0,0
82070,231,1665,429,5278,10973
82072,72,1472,549,5285,10539
82073,0,0,5,0,25
82081,0,16,0,0,16
82082,67,310,45,156,621
82083,18,44,12,43,169
82084,0,9,9,0,26
82190,0,0,0,171,494
82201,228,596,343,311,2184
82210,0,9,10,2,37
82212,9,20,7,41,184
82213,32,62,48,5,159
82214,36,156,19,28,271
82215,2,38,22,17,118
82217,0,0,0,0,0
82218,0,0,0,0,0
82219,6,0,0,0,0
82221,1,36,8,125,265
82222,0,11,0,0,75
82223,21,40,19,78,230
82224,0,0,0,0,0
82225,8,229,62,95,586
82227,32,15,44,26,131
82229,0,19,13,0,51
82240,358,1084,390,823,3305
82242,4,0,0,11,101
82243,0,0,43,121,257
82244,0,86,0,0,194
82301,71,1156,357,796,3622
82310,0,0,0,0,0
82321,13,81,30,24,188
82322,0,3,0,3,17
82323,6,137,2,6,127
82324,6,21,3,11,34
82325,0,24,2,0,129
82327,2,142,106,26,417
82329,15,8,7,57,121
82331,6,233,43,199,678
82332,0,0,0,0,0
82334,2,115,26,11,231
82335,0,0,0,0,0
82336,0,14,0,7,45
82401,183,922,351,468,2309
82410,59,177,86,92,665
82411,7,128,41,54,237
82412,14,108,48,43,234
82414,282,1845,501,951,4886
82420,2,125,52,47,286
82421,24,30,4,5,70
82422,0,0,0,0,0
82423,3,25,6,28,87
82426,47,510,101,250,1060
82428,0,0,0,21,23
82430,2,0,0,7,16
82431,85,591,194,214,1184
82432,14,16,4,25,67
82433,24,116,41,44,263
82434,0,0,0,26,26
82435,357,1599,588,1227,4629
82440,0,0,0,0,0
82441,0,0,0,15,15
82442,18,82,12,46,283
82443,152,561,136,337,1390
82450,0,0,0,0,63
82501,303,2862,677,1905,6952
82510,0,202,64,154,473
82512,0,24,24,23,88
82513,42,73,35,73,318
82514,20,262,104,155,515
82515,14,63,12,35,174
82516,10,17,22,20,80
82520,159,1929,600,827,4778
82523,6,156,53,53,319
82601,449,3242,1076,2643,11731
82604,482,4465,1078,1665,10092
82609,318,2256,817,1928,7283
82620,0,0,0,0,109
82630,0,0,0,0,0
82633,230,1241,304,545,3322
82635,4,18,4,6,39
82636,31,530,189,281,1756
82637,31,597,218,381,1393
82638,0,0,42,0,81
82639,22,166,40,7,188
82640,0,0,0,0,0
82642,0,0,0,0,0
82643,0,10,7,4,47
82644,27,295,68,13,618
82646,0,0,0,0,0
82648,0,0,0,0,80
82649,16,99,70,90,437
82701,54,611,361,519,2282
82710,24,77,54,0,200
82711,0,0,0,0,0
82712,10,0,0,0,60
82714,0,0,0,38,38
82716,286,3132,507,1623,7024
82718,19,3900,1338,2153,10973
82720,24,126,37,42,236
82721,52,626,83,83,800
82723,0,0,0,0,0
82725,0,0,0,0,0
82727,0,137,28,172,368
82729,77,196,94,235,852
82730,66,132,28,48,309
82731,0,0,0,0,43
82732,0,188,65,69,580
82801,628,3333,954,2179,9178
82831,0,16,58,2,71
82832,18,234,116,0,460
82833,0,0,0,0,0
82834,244,804,248,536,2576
82835,0,36,0,11,157
82836,4,178,65,57,318
82837,0,5,1,5,17
82838,0,25,0,22,124
82839,0,246,58,76,462
82842,0,44,0,27,197
82844,0,0,0,0,0
82845,0,0,0,0,17
82901,315,4050,1232,2904,12022
82922,16,0,10,39,109
82923,0,144,0,0,121
82925,0,0,0,0,0
82929,0,0,0,0,21
82930,224,2437,531,1203,5610
82932,0,95,33,28,257
82933,0,179,101,70,342
82934,0,41,11,4,95
82935,154,2096,577,795,4571
82936,0,0,0,0,0
82937,6,557,230,136,1083
82938,17,20,22,0,56
82939,28,150,83,107,430
82941,60,723,176,401,1894
82942,0,0,0,0,61
82943,0,0,0,0,22
82944,0,75,56,18,234
82945,0,47,0,20,99
83001,153,2259,529,722,8064
83011,0,0,0,95,95
83012,0,0,0,111,127
83013,0,0,0,27,228
83014,14,103,72,80,809
83025,0,78,0,115,340
83101,54,614,93,152,1035
83110,64,817,398,439,1988
83111,28,116,0,0,114
83112,0,195,78,16,278
83113,33,300,157,176,782
83114,30,101,59,62,312
83115,64,9,0,32,32
83116,16,33,25,64,191
83118,0,69,0,0,167
83119,76,0,0,0,0
83120,0,85,32,14,98
83121,0,0,0,0,0
83122,0,254,26,144,425
83123,13,46,11,98,150
83124,0,2,1,0,11
83126,0,34,61,100,369
83127,97,430,85,152,975
83128,0,196,112,158,782
83201,735,5893,1783,4649,17976
83202,357,3947,1386,1617,8713
83203,0,0,0,0,10
83204,210,2173,644,1560,7699
83209,0,0,7,1053,1247
83210,129,725,188,568,1508
83211,72,1215,307,507,2371
83212,2,99,39,34,112
83213,29,191,57,27,409
83214,2,93,63,71,322
83215,0,0,0,1,1
83217,7,89,42,207,449
83218,7,93,23,21,142
83220,13,0,0,0,0
83221,511,5355,1495,2564,11233
83223,7,24,16,21,83
83226,7,260,76,96,495
83227,0,0,0,3,3
83228,17,183,124,160,459
83232,5,70,32,83,207
83233,0,0,25,0,25
83234,16,255,100,66,560
83235,0,9,0,4,90
83236,25,284,126,83,670
83237,6,178,96,234,665
83238,0,16,0,0,18
83239,7,171,93,96,409
83241,36,314,244,168,969
83243,0,0,0,0,0
83244,0,134,0,3,184
83245,21,399,93,108,770
83246,3,57,0,53,246
83250,29,290,46,184,605
83251,38,80,13,125,303
83252,160,739,218,380,1557
83253,7,0,4,17,21
83254,98,487,111,305,1208
83255,32,170,28,88,329
83261,15,226,41,18,251
83262,39,89,94,126,438
83263,167,1843,518,710,3644
83271,3,62,8,6,82
83272,0,12,17,13,77
83274,146,1607,584,954,4344
83276,63,715,190,241,1417
83277,0,17,33,0,83
83278,0,0,0,0,40
83281,0,6,0,0,5
83283,0,40,15,47,89
83285,0,0,0,6,6
83286,15,270,96,111,595
83287,4,6,0,0,6
83301,911,8975,2445,6085,25580
83302,0,61,48,82,183
83311,20,172,3,16,188
83312,0,20,0,0,27
83313,26,327,95,335,1686
83314,7,188,13,59,259
83316,218,1831,471,842,3615
83318,318,3418,937,2039,7748
83320,20,269,134,85,732
83321,13,71,5,17,145
83322,0,10,0,0,21
83323,2,170,198,117,713
83324,12,131,52,63,267
83325,0,164,63,39,258
83327,11,186,71,58,455
83328,66,868,478,480,2161
83330,164,1222,331,655,2281
83332,85,277,120,96,684
83333,183,2233,507,813,3713
83334,21,423,143,87,926
83335,27,332,156,285,939
83336,12,1397,359,407,2494
83337,0,0,0,0,0
83338,310,3649,1097,1818,8642
83340,135,332,201,458,1831
83341,91,1813,410,540,3267
83342,0,241,114,109,457
83344,25,196,154,124,573
83346,10,278,85,81,523
83347,167,393,209,223,1086
83348,7,0,0,49,49
83349,20,175,45,117,421
83350,219,1868,511,1310,4884
83352,67,501,170,228,1403
83353,53,31,48,107,292
83354,0,0,0,0,0
83355,85,743,279,522,2409
83401,505,8342,2567,4757,20419
83402,362,4511,1033,3021,11664
83404,496,4766,1367,1336,9430
83406,474,3305,1183,1517,7880
83414,41,70,42,52,210
83420,39,391,53,249,843
83421,15,15,30,0,159
83422,78,362,240,243,1468
83423,6,52,40,98,297
83424,0,53,0,0,14
83425,4,143,72,50,260
83427,12,698,146,148,1101
83428,5,51,7,89,133
83429,5,11,15,9,48
83431,1,200,42,72,291
83433,0,0,0,0,0
83434,38,241,112,130,553
83435,25,66,30,24,237
83436,0,120,42,89,381
83438,0,38,16,47,195
83440,342,4519,1676,23833,34839
83442,264,4959,1338,2289,9913
83443,6,116,50,144,476
83444,19,152,119,70,447
83445,134,1057,475,672,3089
83446,0,0,0,3,6
83448,27,674,185,436,1495
83449,4,16,4,20,72
83450,2,209,107,67,445
83451,25,182,20,71,295
83452,61,125,125,302,869
83454,5,94,29,22,152
83455,20,954,152,323,2538
83460,0,0,1,17,18
83462,0,17,7,56,86
83463,0,0,0,0,0
83464,4,43,12,25,116
83465,2,0,0,0,11
83466,0,0,0,0,6
83467,275,675,244,533,2059
83468,16,24,0,19,43
83469,0,0,0,0,21
83501,1161,4443,1406,3421,14074
83520,7,8,8,49,129
83522,65,356,137,350,1292
83523,20,77,24,38,222
83524,13,83,15,55,208
83525,0,0,9,1,100
83526,2,36,16,29,96
83530,130,756,136,332,1642
83533,0,51,0,0,46
83535,19,111,27,27,233
83536,81,441,171,212,1222
83537,13,183,36,12,233
83539,93,165,142,202,621
83540,29,398,120,182,886
83541,31,42,33,26,257
83542,17,0,15,0,15
83543,11,170,49,54,256
83544,164,584,198,324,2015
83545,4,39,19,4,69
83546,2,34,3,11,71
83547,0,24,2,6,42
83548,0,40,11,7,47
83549,32,96,7,9,138
83552,26,33,13,8,91
83553,3,39,18,30,172
83554,25,4,0,2,9
83555,15,33,11,7,91
83602,0,0,0,0,0
83604,9,81,15,25,158
83605,441,6542,2143,5028,17525
83607,427,5906,1809,2353,12841
83610,43,136,43,28,246
83611,202,189,119,85,786
83612,28,180,69,24,432
83615,34,215,0,2,257
83616,533,4627,1958,1694,10285
83617,261,2203,706,1171,5698
83619,143,1332,430,747,2971
83622,17,199,57,116,541
83623,3,195,22,144,445
83624,58,200,65,154,668
83626,2,204,21,141,453
83627,0,38,40,21,156
83628,127,742,242,518,1901
83629,38,182,57,117,500
83631,113,116,27,75,524
83632,21,60,6,11,175
83633,12,32,54,60,164
83634,67,5458,1656,2405,16584
83636,0,47,0,123,197
83637,0,38,4,5,47
83638,67,831,282,479,2947
83639,53,448,154,91,989
83641,30,656,173,460,1463
83642,802,7870,2425,4105,21809
83643,0,0,0,0,27
83644,73,2352,1069,1643,6193
83645,8,111,45,44,216
83646,915,12907,3344,5506,28119
83647,353,2941,871,2105,9311
83648,0,479,11,1055,2300
83650,0,57,12,41,126
83651,526,4907,1459,3687,15855
83654,12,208,37,74,436
83655,38,835,336,335,2029
83656,4,108,42,92,299
83657,11,103,33,11,171
83660,72,1278,329,417,2553
83661,360,1303,353,694,3390
83666,0,4,0,0,7
83669,168,2120,571,1142,4651
83670,15,67,48,20,152
83672,210,1177,321,685,2891
83676,41,1083,340,263,1893
83677,0,0,0,0,0
83686,683,8127,2254,5888,22758
83687,714,6104,1619,3485,15893
83702,283,2130,886,1796,10236
83703,427,1831,531,1243,7198
83704,837,3726,1653,3698,18182
83705,496,2672,787,3154,13983
83706,301,2479,677,10599,21512
83709,720,8391,2364,3825,23007
83712,128,791,442,644,3436
83713,616,4568,1282,2424,11015
83714,601,3047,1497,1708,9373
83716,441,2986,1083,1175,8325
83720,0,0,0,0,0
83725,0,0,0,0,0
83801,32,880,402,787,2503
83802,0,4,2,40,88
83803,7,20,36,0,46
83804,0,83,50,25,425
83805,162,1215,319,654,2805
83806,2,30,3,5,37
83808,2,34,0,2,15
83809,12,0,0,57,167
83810,0,190,71,15,276
83811,97,123,51,98,515
83812,0,0,0,0,0
83813,0,260,28,0,337
83814,691,2432,698,2109,9938
83815,894,6356,1394,3208,15585
83821,0,11,8,0,23
83822,77,89,88,114,446
83823,16,180,70,45,478
83824,0,93,43,15,98
83825,12,8,0,9,37
83826,0,0,0,0,0
83827,8,19,3,10,33
83830,0,10,12,17,42
83832,0,291,40,51,528
83833,23,70,19,48,170
83834,0,35,32,13,45
83835,700,2661,837,1702,7037
83836,0,38,9,30,91
83837,171,322,71,354,1221
83839,6,61,43,0,222
83840,8,82,51,27,283
83841,0,49,66,33,166
83842,5,0,0,0,11
83843,512,2606,796,4712,13048
83844,0,0,85,4307,4478
83845,52,184,63,122,556
83846,16,51,32,16,189
83847,0,134,132,143,565
83848,21,0,0,0,8
83849,33,410,43,111,619
83850,29,298,52,110,770
83851,14,352,93,264,754
83852,26,98,54,88,407
83854,669,6894,2414,3537,20392
83855,14,198,30,52,480
83856,187,823,170,396,1861
83857,18,245,32,0,221
83858,484,2231,881,1575,6816
83860,153,807,461,732,2634
83861,151,735,202,378,1982
83864,644,2487,612,778,6120
83866,0,0,0,0,90
83867,41,122,60,0,174
83868,8,40,24,223,378
83869,11,908,118,290,1689
83870,1,102,56,7,129
83871,35,266,123,67,669
83872,0,126,37,13,158
83873,43,124,110,72,565
83874,0,0,0,5,5
83876,8,187,44,72,417
84001,1,130,42,68,304
84002,0,66,0,0,73
84003,401,10322,3595,6637,24388
84004,110,2070,762,1084,3602
84005,18,11005,2197,4584,21247
84006,6,163,84,59,425
84007,6,55,19,98,175
84008,0,0,0,0,0
84009,221,8221,2091,2017,16721
84010,1085,7674,1983,4015,19929
84013,5,123,47,97,341
84014,353,2497,871,1102,6139
84015,417,11043,3652,8158,32461
84017,62,695,197,341,1813
84018,0,114,12,0,76
84020,351,8385,3431,4153,22524
84021,46,601,202,218,1158
84022,0,45,5,74,219
84023,0,29,8,0,34
84024,0,0,0,18,48
84025,171,5379,1553,2205,10610
84026,5,124,19,177,447
84027,28,111,0,4,159
84028,20,145,24,43,206
84029,76,2703,775,1222,5286
84031,0,11,15,34,77
84032,251,4553,1454,2656,10330
84033,5,211,56,107,358
84034,3,21,3,5,50
84035,0,55,0,21,132
84036,51,1313,427,727,3146
84037,459,8954,2357,2814,14856
84038,0,22,42,34,128
84039,0,61,41,19,230
84040,247,4266,1478,2164,10628
84041,406,10146,2895,5710,26683
84042,83,2417,895,1408,4362
84043,340,17177,4394,8109,36906
84044,139,4715,1449,2654,13110
84045,36,10074,2647,3718,18091
84046,8,64,33,40,161
84047,381,4422,1099,3734,18728
84049,23,1122,400,276,2414
84050,86,2431,844,1180,4711
84051,6,144,23,17,204
84052,0,207,85,78,508
84053,20,126,43,75,320
84054,218,3580,1302,2407,10480
84055,5,285,36,146,615
84056,0,541,85,829,2129
84057,518,5786,1761,6070,18851
84058,390,4274,1407,9187,19968
84059,48,2353,494,3309,9589
84060,71,964,235,919,3404
84061,20,11,26,0,162
84062,539,8596,2755,6235,21139
84063,0,34,16,41,113
84064,0,207,32,108,432
84065,531,9281,2480,3597,20235
84066,144,2814,725,1165,5840
84067,394,6497,1533,3502,17295
84069,5,79,19,30,137
84070,518,4818,1142,3078,14097
84071,66,504,44,147,888
84072,23,57,43,7,110
84073,0,17,0,0,24
84074,325,10000,3319,5400,25636
84075,120,7610,2495,3018,14093
84076,8,94,58,63,188
84078,283,5717,1619,2638,12548
84080,9,31,18,21,84
84081,65,10601,2704,5131,24963
84082,14,76,10,117,261
84083,2,231,34,142,537
84084,126,4792,1512,3251,14132
84085,0,115,24,0,89
84086,10,76,50,12,144
84087,15,2573,735,1463,7363
84088,424,5865,1784,4113,17492
84092,511,4168,1470,1908,9502
84093,354,3502,1501,1760,9039
84094,464,3693,1181,1907,12064
84095,556,5663,2180,3226,14977
84096,126,14096,3539,5130,32904
84097,414,3788,1335,2832,9487
84098,99,2708,1072,1540,7088
84101,49,412,149,698,4293
84102,273,412,148,6202,13779
84103,421,1528,589,2875,11806
84104,157,3849,1114,2605,11251
84105,145,2156,572,2782,11598
84106,799,3861,997,2787,17315
84107,627,3695,843,3549,17825
84108,316,2230,745,3715,10241
84109,492,3626,1221,2509,10931
84111,174,793,87,1636,7815
84112,11,9,23,1982,2496
84113,0,0,7,214,259
84114,0,0,0,0,0
84115,389,3245,992,3674,14870
84116,214,5373,1303,4686,17110
84117,834,2341,993,1935,9703
84118,265,7278,2414,4771,18993
84119,395,8063,2928,5989,24872
84120,279,8497,2658,5418,22393
84121,1189,4694,1372,3212,15203
84123,449,5349,1509,3345,17004
84124,628,3028,1271,1686,9214
84128,231,6226,2436,3140,14634
84129,411,6426,1695,3154,15782
84138,0,0,0,0,0
84150,0,0,0,0,7
84180,0,0,0,0,0
84301,22,147,30,45,269
84302,406,4397,1605,2409,10937
84304,0,14,0,14,43
84305,42,91,18,60,236
84306,0,90,42,0,105
84307,7,264,78,85,470
84308,3,42,20,16,102
84309,18,132,76,115,301
84310,17,814,91,251,1422
84311,10,129,17,97,312
84312,84,889,238,445,2147
84313,0,0,0,0,0
84314,9,281,72,107,441
84315,115,1945,652,876,3974
84316,2,58,6,14,111
84317,39,294,61,98,602
84318,109,1080,284,625,1978
84319,268,2163,523,938,4187
84320,62,527,205,209,1010
84321,246,6478,2258,14684,30030
84322,0,0,0,0,0
84324,25,284,73,140,551
84325,10,391,100,235,870
84326,2,323,105,245,755
84327,10,188,109,124,465
84328,14,212,126,170,615
84329,0,0,8,42,92
84330,3,27,15,40,136
84331,7,45,4,10,69
84332,137,1860,436,665,2961
84333,30,634,189,197,1137
84334,0,64,34,0,51
84335,218,3315,891,1534,6712
84336,1,164,1,42,114
84337,126,3008,776,1379,6282
84338,8,79,23,82,227
84339,34,1480,478,439,2333
84340,67,464,110,281,1229
84341,332,3597,1118,5557,13459
84401,321,6867,2250,5386,21647
84403,675,4661,1793,4306,16902
84404,949,10642,2929,6153,28323
84405,553,4849,1619,3538,15297
84408,0,0,0,73,75
84414,303,5805,1833,2941,13570
84501,217,1990,734,1260,5131
84511,107,877,308,420,1793
84512,11,133,42,47,233
84513,5,305,69,76,438
84515,0,0,0,0,0
84516,2,0,0,0,7
84518,13,155,41,41,266
84520,60,174,18,73,342
84521,26,119,49,31,172
84522,7,70,67,19,146
84523,25,285,66,188,597
84525,4,111,40,22,355
84526,59,608,174,311,1430
84528,17,453,134,251,1145
84529,0,0,0,0,40
84530,165,0,0,0,21
84531,11,118,26,62,261
84532,140,1162,294,959,4281
84533,0,0,0,25,66
84534,19,428,139,270,1003
84535,32,441,156,315,1140
84536,32,171,91,124,710
84537,27,178,91,162,493
84539,0,36,12,7,129
84540,0,0,0,0,0
84542,8,222,27,155,588
84601,249,4320,1335,7580,18499
84602,0,0,30,1508,1601
84604,582,4414,1789,18061,28549
84606,124,2317,769,18925,28406
84620,7,182,30,99,383
84621,0,0,0,0,0
84622,33,165,83,200,563
84623,0,30,0,0,38
84624,197,1055,281,441,2023
84626,0,103,42,19,296
84627,80,769,341,2010,3542
84628,25,112,100,99,316
84629,20,426,219,366,1215
84630,0,131,80,63,247
84631,63,586,269,254,1271
84632,9,170,38,224,605
84633,4,171,49,78,345
84634,34,416,116,259,2056
84635,8,130,6,65,358
84636,19,74,20,67,204
84637,10,195,44,91,292
84638,0,66,12,25,88
84639,15,174,17,57,251
84640,1,54,4,29,125
84642,47,569,226,322,1318
84643,5,97,27,73,240
84644,6,50,5,16,76
84645,6,600,270,388,1291
84646,0,222,77,252,657
84647,61,667,290,483,1983
84648,150,1441,391,624,2997
84649,24,140,28,26,229
84651,266,5352,1950,3767,12872
84652,25,139,76,65,399
84653,35,2240,780,1009,4472
84654,19,328,91,275,1095
84655,80,3727,956,1391,7138
84656,12,58,24,32,152
84657,0,135,48,48,315
84660,298,8892,2985,5126,20870
84662,22,211,76,89,469
84663,286,7410,1939,3701,15856
84664,228,2662,746,1283,4367
84665,3,48,22,27,205
84667,5,65,44,26,178
84701,125,1591,511,764,3530
84710,7,89,16,9,143
84711,12,149,58,29,276
84712,3,15,6,1,24
84713,43,533,197,208,1309
84714,0,0,138,136,447
84715,6,52,20,32,192
84716,2,38,0,14,197
84718,37,33,21,27,120
84719,5,8,3,11,20
84720,391,3417,1016,4781,10860
84721,70,5071,1515,4140,13252
84722,0,133,0,38,212
84723,5,50,30,69,149
84724,20,166,82,34,357
84725,30,357,91,135,612
84726,37,46,8,3,172
84728,0,0,9,0,19
84729,17,135,31,13,84
84730,3,138,20,24,173
84731,9,0,0,0,0
84732,0,4,3,0,7
84733,0,10,0,37,85
84734,6,32,5,42,91
84735,0,40,0,0,32
84736,0,51,22,6,124
84737,300,2419,1077,1677,7755
84738,156,1043,392,552,2554
84739,0,52,49,98,319
84740,4,12,8,13,62
84741,87,709,243,353,2180
84742,1,30,28,20,98
84743,0,64,7,72,135
84744,3,57,54,15,106
84745,51,565,227,550,1861
84746,18,94,69,77,381
84747,5,169,46,102,380
84749,7,31,4,8,68
84750,21,77,11,37,160
84751,30,525,125,310,1054
84752,12,154,85,153,419
84753,0,0,0,0,0
84754,100,570,259,357,1448
84755,0,0,0,0,5
84756,0,15,13,21,122
84757,43,122,51,82,319
84758,0,123,16,25,172
84759,74,350,148,142,849
84760,8,197,38,45,395
84761,118,501,126,226,1081
84762,0,0,0,0,0
84763,7,13,0,0,28
84764,0,5,5,14,193
84765,99,1225,394,656,3218
84766,0,10,0,9,48
84767,13,21,19,174,333
84770,1937,6514,1883,6159,18647
84772,0,17,13,0,75
84773,0,46,36,0,81
84774,46,396,86,202,748
84775,1,0,0,0,32
84776,4,51,24,33,169
84779,5,113,84,35,199
84780,484,4536,1287,2385,11835
84781,0,34,0,0,65
84782,0,54,35,0,81
84783,0,55,0,0,133
84784,0,237,82,142,530
84790,1465,8448,2480,4221,18505
85003,5,782,100,680,4398
85004,79,483,243,2963,7279
85006,189,3311,970,2811,12083
85007,102,2044,407,1034,6028
85008,431,8591,2671,7925,32763
85009,462,7897,2511,6950,25684
85012,235,441,221,786,3982
85013,268,1895,452,1288,9609
85014,427,2462,654,2143,12579
85015,324,6445,2114,4404,19707
85016,660,3334,705,3253,17860
85017,505,7725,2278,8030,21459
85018,1205,4354,1322,2362,15709
85019,283,4481,1944,3262,12815
85020,1165,2707,1052,3609,13693
85021,945,4924,1372,3587,16491
85022,1342,5091,1687,4460,23002
85023,487,4038,1259,2931,13808
85024,249,3109,992,2126,11034
85026,0,0,0,0,0
85027,409,4794,933,3499,17946
85028,460,1677,688,874,5352
85029,776,5481,1796,6532,22615
85031,236,5171,1688,4516,14639
85032,1331,7118,2494,5976,29427
85033,324,11012,3531,7890,29654
85034,18,531,162,744,2697
85035,217,10550,3971,7801,27952
85037,545,9175,2351,5920,23908
85040,253,5637,2101,4328,17338
85041,294,10510,3230,5926,27671
85042,423,6287,2461,4739,21332
85043,114,7263,1851,3787,19262
85044,888,4279,1411,3455,15859
85045,16,979,370,699,2551
85048,311,5008,1406,1888,12294
85050,668,4668,1349,1975,11195
85051,624,5638,1403,4966,19001
85053,305,3721,885,2233,12329
85054,35,581,182,1072,4244
85083,240,3110,1209,1096,7031
85085,119,4213,1107,1738,11692
85086,428,6078,2258,3197,14504
85087,164,1402,378,483,2483
85118,428,320,266,389,1650
85119,786,1962,782,1500,7162
85120,1295,2123,951,1614,7651
85121,0,284,18,445,949
85122,1315,8697,2179,5793,22362
85123,120,1074,318,471,2869
85128,271,2616,1085,1822,7787
85131,85,1198,444,1660,8827
85132,426,3207,651,2675,17445
85135,17,34,5,135,214
85137,86,384,138,191,882
85138,78,8114,2246,3625,19845
85139,171,2601,936,2233,8284
85140,309,9308,2463,4012,19886
85141,12,14,7,17,60
85142,971,14242,4692,7535,33384
85143,456,6554,1685,2994,16540
85145,123,423,137,158,1226
85147,15,620,173,616,2235
85172,29,134,58,285,678
85173,151,135,89,202,862
85191,0,0,0,0,0
85192,21,266,83,128,527
85193,71,813,337,594,2407
85194,131,676,247,312,1760
85201,708,6713,1853,6649,27216
85202,540,4698,1125,4839,19084
85203,495,5762,1657,4232,16580
85204,665,10187,2435,6125,28994
85205,1545,4158,1400,3037,13227
85206,1827,3449,824,2950,12409
85207,936,5200,2090,3420,15823
85208,968,4650,1654,2582,12837
85209,1685,4287,1055,3403,14000
85210,183,5643,1902,5345,20407
85212,366,7977,2181,3985,19222
85213,730,6105,1428,2811,13550
85215,1019,1698,414,796,4099
85224,956,5488,1643,2741,22604
85225,512,9418,2596,7890,33642
85226,331,5375,1503,3046,18153
85233,312,5170,1390,2897,15228
85234,489,7298,2535,4530,20836
85236,0,0,0,0,0
85248,2002,2855,1229,2001,8779
85249,799,7731,2677,2823,15129
85250,533,845,255,920,5726
85251,1174,2809,644,4387,20048
85253,655,1289,812,796,4739
85254,1066,5117,1484,2181,14721
85255,1357,4441,2186,2136,11785
85256,0,693,263,286,1785
85257,1557,1611,471,3123,14709
85258,971,2569,746,1362,6777
85259,855,2177,1223,1241,5998
85260,1317,3593,1183,2538,13960
85262,177,432,296,322,2030
85263,115,0,57,57,132
85264,5,258,112,121,645
85266,457,797,366,505,1911
85268,1186,1657,516,880,5234
85281,403,3613,1250,26627,51437
85282,1120,4188,1500,7272,28811
85283,468,4801,1495,5216,23115
85284,282,1877,812,1616,7142
85286,436,7832,2075,4606,20161
85295,421,10082,3732,5143,24787
85296,586,8750,2531,4773,21386
85297,233,7402,1823,2745,13820
85298,532,7821,2626,2915,15328
85301,645,11623,3870,7763,30986
85302,807,5126,1358,3891,16410
85303,246,5967,1790,3743,15803
85304,645,3736,1210,3528,11499
85305,57,2088,631,1757,7454
85306,685,2863,612,2699,10560
85307,72,1771,418,2178,6592
85308,1130,6779,2216,5457,24298
85309,0,0,0,707,807
85310,137,2866,1026,1188,7121
85320,9,98,19,46,169
85321,169,293,88,357,1285
85322,0,52,5,18,168
85323,395,6574,2143,5218,22157
85324,23,28,14,135,576
85325,27,22,0,1,61
85326,413,11748,3459,6175,33464
85328,85,0,0,0,0
85329,121,498,152,121,823
85331,571,3251,1521,1771,7919
85332,112,111,0,0,142
85333,20,95,14,36,155
85334,0,42,0,291,421
85335,304,5569,1532,4103,16603
85336,49,1881,514,1323,3762
85337,12,376,135,156,951
85338,459,9020,2458,4908,24011
85339,222,8854,2563,4764,21985
85340,277,5210,1975,2988,14628
85341,0,14,0,0,0
85342,84,110,25,125,395
85343,0,32,0,0,33
85344,136,1150,426,368,2901
85345,1134,7760,2605,5554,25457
85346,220,202,0,75,386
85347,0,121,40,39,324
85348,60,9,36,47,98
85349,212,3914,1424,2879,11871
85350,304,2943,1216,2625,8442
85351,3170,132,0,261,1024
85352,0,74,0,45,154
85353,189,8244,2347,5393,21835
85354,39,867,350,771,3151
85355,77,2159,660,646,5151
85356,123,354,139,254,837
85357,19,42,0,1,108
85360,6,0,0,0,0
85361,8,1100,160,887,2581
85362,25,32,18,16,50
85363,256,944,515,551,3053
85364,1279,11032,2687,7361,30604
85365,1604,6545,2241,6491,21705
85367,951,1673,377,643,3870
85371,0,43,9,2,110
85373,1928,1482,480,834,4592
85374,2424,3707,1175,2237,9723
85375,4054,111,0,42,407
85377,223,16,59,161,458
85378,212,948,280,580,3354
85379,426,9192,2501,4030,20547
85381,907,2454,1100,2826,10548
85382,1509,4766,1378,2677,13904
85383,623,11350,3963,3710,24385
85387,412,1279,565,801,4235
85388,196,6418,2376,3174,13203
85390,483,885,301,222,1607
85392,416,5925,1998,3921,16854
85395,877,4126,1212,2671,12979
85396,460,5424,1464,1546,12063
85501,159,1282,539,941,4537
85530,7,279,81,156,716
85531,0,72,0,2,165
85532,0,51,65,60,183
85533,47,219,126,471,1113
85534,9,300,172,223,1017
85535,0,0,0,0,0
85536,12,77,5,0,129
85539,76,331,113,182,876
85540,0,990,94,346,1909
85541,1067,2319,481,1064,5227
85542,8,680,163,336,1398
85543,130,807,303,417,1790
85544,232,33,11,64,283
85545,0,20,0,11,34
85546,299,2683,773,2103,9144
85550,9,1133,206,621,2320
85551,10,63,0,42,160
85552,120,1232,430,902,2862
85553,133,85,64,45,281
85554,17,42,11,21,95
85601,46,0,0,0,23
85602,339,889,300,614,2478
85603,183,582,112,393,1755
85605,11,115,20,42,246
85606,20,88,50,81,274
85607,167,2331,683,2168,6842
85608,0,0,0,274,2245
85609,0,0,13,0,13
85610,21,87,51,110,288
85611,48,213,26,29,231
85613,0,651,91,1583,3536
85614,2161,959,172,751,2575
85615,273,902,632,612,2794
85616,68,577,135,237,1687
85617,60,139,9,82,211
85618,61,109,35,27,328
85619,0,0,0,0,0
85620,63,297,48,152,386
85621,495,2898,1241,2144,8569
85622,441,143,61,11,127
85623,199,444,105,120,786
85624,49,137,16,36,328
85625,75,200,23,51,339
85626,25,220,0,100,364
85627,0,85,23,5,121
85629,181,5582,1618,2521,12342
85630,48,294,141,143,749
85631,278,304,74,235,1004
85632,42,59,23,56,195
85633,0,0,1,24,30
85634,64,1119,404,761,2525
85635,985,4463,1266,2712,13402
85637,0,128,57,29,220
85638,25,100,52,91,387
85639,0,69,53,57,189
85640,0,0,0,0,0
85641,192,5008,1130,2216,10899
85643,219,974,408,681,3844
85645,54,130,14,70,275
85646,81,32,16,0,193
85648,109,3877,947,2275,8276
85650,329,2203,527,682,3814
85653,309,2594,667,1489,8451
85654,0,0,0,0,0
85658,292,1609,391,857,4327
85701,68,372,85,779,2796
85704,1795,2786,854,3648,12709
85705,777,5982,1963,9354,26648
85706,590,8812,2834,9282,27793
85707,0,0,0,461,568
85708,0,752,96,1026,2541
85709,0,0,0,0,0
85710,2635,5441,1299,5324,20568
85711,970,5233,1277,4831,16879
85712,1092,2576,725,3122,12310
85713,826,6746,1797,5353,19838
85714,266,1785,652,1975,6694
85715,574,1471,614,2074,6928
85716,368,2953,493,3618,14499
85718,946,2058,867,1598,7804
85719,653,2539,1225,22680,34874
85721,0,0,0,0,0
85723,15,0,0,24,63
85724,0,0,0,0,0
85726,0,0,0,0,0
85730,632,4613,1388,3662,15782
85734,10,12,49,703,3696
85735,209,1543,377,1208,3811
85736,31,426,201,134,1412
85737,836,2751,908,1470,6089
85739,686,1061,241,519,3455
85741,345,3326,1243,4187,14743
85742,561,3472,1232,2544,11389
85743,490,3884,1281,2143,9968
85745,781,3580,1205,5815,16195
85746,455,6775,2510,5795,19919
85747,236,4392,1256,2019,10227
85748,306,2432,718,2366,7238
85749,550,1672,675,1145,4442
85750,979,1919,999,1775,6686
85755,1039,1885,534,549,3192
85756,456,5605,1764,3932,16103
85757,110,3931,1205,1994,8604
85901,236,2105,687,1352,5512
85902,0,0,0,0,5
85911,0,358,99,122,651
85912,0,0,0,0,33
85920,7,18,11,18,51
85922,0,0,0,0,3
85923,0,0,6,4,74
85924,25,119,47,51,329
85925,5,611,134,177,1414
85926,0,205,24,26,303
85927,20,0,0,0,14
85928,12,9,0,12,81
85929,237,717,303,455,2138
85930,0,330,111,205,635
85931,0,12,0,4,21
85932,0,0,0,0,104
85933,165,230,61,238,888
85934,0,149,0,22,47
85935,82,272,220,241,1054
85936,24,1018,195,278,1514
85937,114,2158,496,470,3231
85938,68,238,105,150,717
85939,21,654,105,319,1141
85940,59,124,32,73,363
85941,61,2118,707,991,4332
85942,0,0,0,0,0
86001,265,2525,1004,14600,24968
86003,3,0,0,4,16
86004,318,4984,1586,3797,15998
86005,58,2504,518,2350,7346
86011,0,0,52,3813,3908
86015,0,125,21,34,668
86016,6,0,0,5,15
86017,0,56,0,167,205
86018,20,98,12,39,224
86020,19,320,71,234,833
86021,0,1214,383,583,1757
86022,0,118,139,45,670
86023,0,180,99,339,1262
86024,10,39,0,0,105
86025,56,954,180,465,2018
86028,0,0,0,0,0
86029,0,0,0,0,12
86030,9,129,26,11,175
86031,88,276,97,174,685
86032,8,496,222,199,879
86033,38,1515,360,832,3395
86034,77,113,46,184,588
86035,40,284,81,171,725
86036,0,26,7,33,112
86038,10,120,0,0,69
86039,30,126,56,205,610
86040,91,1595,559,803,4053
86042,24,339,128,117,756
86043,25,486,126,304,1078
86044,33,358,210,500,1231
86045,174,1813,476,1423,4774
86046,25,674,299,459,1968
86047,145,2278,762,1364,6849
86052,0,0,0,82,173
86053,67,384,91,366,949
86054,39,204,62,173,497
86301,1227,2024,624,2412,6918
86303,728,1420,523,1002,4547
86305,780,1246,396,839,3628
86313,30,0,0,0,36
86314,1112,4883,1322,3094,13517
86315,178,763,209,520,2573
86320,31,281,57,139,600
86321,0,768,90,469,1508
86322,211,1897,707,850,4873
86323,349,1795,463,1528,5377
86324,119,263,30,47,714
86325,119,387,243,324,1529
86326,815,2080,877,1729,8083
86327,693,672,293,231,2354
86329,52,331,92,12,359
86331,0,18,12,4,49
86332,45,180,21,28,376
86333,58,413,436,1117,2396
86334,53,698,144,452,1118
86335,14,203,32,416,1075
86336,330,845,147,330,2281
86337,17,88,56,131,515
86338,2,36,6,36,103
86343,0,10,0,6,13
86351,222,93,113,179,885
86401,785,3403,1165,1490,10020
86403,496,1914,466,1528,5931
86404,631,1297,586,968,5021
86406,750,2400,600,893,5592
86409,954,2384,1095,2372,8946
86411,0,95,0,5,239
86413,342,309,125,365,2475
86426,360,1472,389,715,3478
86429,146,477,266,460,2127
86431,26,0,0,0,90
86432,69,342,134,242,802
86433,0,0,0,0,0
86434,14,424,107,259,835
86435,0,0,0,0,0
86436,0,0,0,0,0
86437,2,8,5,9,26
86438,9,21,0,8,40
86440,216,1114,144,287,2632
86441,27,40,0,36,217
86442,849,3074,954,2783,10543
86443,0,0,0,0,0
86444,123,9,0,10,67
86445,0,23,0,0,50
86502,17,108,37,64,364
86503,146,1415,664,817,3979
86504,83,834,322,759,2587
86505,122,1318,380,705,2987
86506,14,215,42,153,490
86507,22,367,100,122,793
86508,21,48,38,47,252
86510,73,498,145,378,1355
86511,88,612,182,284,1322
86512,35,494,110,205,1059
86514,17,507,168,372,1286
86515,72,350,115,233,1123
86520,39,367,88,239,884
86535,12,201,35,92,488
86538,13,274,80,197,681
86540,8,228,21,119,325
86544,58,151,43,237,638
86545,16,181,71,133,473
86547,8,259,69,115,385
86556,24,536,178,821,1605
87001,20,503,104,382,1301
87002,490,2101,570,2112,6819
87004,239,1101,205,994,4408
87005,25,0,0,0,0
87006,67,375,45,319,828
87007,23,364,104,280,900
87008,35,271,80,57,557
87010,29,22,0,33,165
87011,0,0,0,0,0
87012,19,0,0,0,118
87013,140,767,463,636,2612
87014,0,0,0,143,272
87015,360,1606,471,652,4375
87016,27,170,149,221,914
87017,43,49,24,40,154
87018,0,110,36,71,475
87020,208,1441,180,880,4434
87021,0,402,87,138,1011
87022,10,29,25,34,225
87023,0,19,12,0,70
87024,33,671,43,117,805
87025,35,67,101,41,423
87026,126,664,185,389,1412
87027,27,54,0,26,185
87028,0,15,0,0,80
87029,0,43,0,0,3
87031,531,7073,2054,3909,18826
87032,0,0,0,0,0
87034,37,406,176,214,1033
87035,88,1068,348,773,2918
87036,53,236,83,143,399
87037,102,206,50,84,642
87038,0,49,0,21,197
87040,0,79,19,30,249
87041,1,111,57,84,359
87042,109,536,185,319,1250
87043,58,51,57,85,652
87044,0,0,0,0,32
87045,13,593,133,147,719
87046,0,45,0,0,78
87047,89,635,275,357,1435
87048,372,773,173,433,1953
87049,2,114,0,0,0
87051,0,375,63,169,771
87052,27,423,169,370,1288
87053,2,197,72,102,607
87056,11,99,41,73,215
87059,176,1115,241,619,2666
87060,0,0,0,0,0
87061,0,0,0,0,102
87062,0,391,33,12,228
87063,9,38,72,36,208
87064,0,0,16,0,37
87068,119,612,207,315,1775
87070,0,0,0,0,0
87072,22,79,26,58,251
87083,11,32,11,15,68
87101,0,0,0,0,0
87102,454,1889,627,2162,9991
87104,327,1698,752,815,4907
87105,1003,7599,2043,5536,21762
87106,396,2124,638,5433,13861
87107,518,2154,1041,2371,10620
87108,840,4381,1165,3659,15090
87109,1522,4359,1096,3972,14854
87110,823,3947,1315,3459,15781
87111,2338,5678,1775,3644,20702
87112,1037,4344,1473,3932,17742
87113,280,2114,612,1124,6315
87114,939,9626,3463,5576,29187
87116,0,723,89,1101,2628
87117,0,0,0,21,28
87120,1110,7913,2307,5050,26874
87121,530,12765,4719,8967,37412
87122,369,2812,869,1081,5628
87123,1441,4629,1242,3554,16727
87124,1242,7702,2548,4428,21719
87144,322,7316,2436,4248,19642
87151,0,0,0,178,1097
87301,338,4146,1263,1671,9183
87305,5,299,69,219,913
87310,8,204,26,135,498
87311,45,874,259,533,2426
87312,10,63,40,58,244
87313,71,715,271,382,2149
87315,0,0,0,0,0
87316,17,180,45,180,789
87317,59,296,0,114,513
87319,12,387,140,252,1218
87320,24,58,13,60,233
87321,50,170,29,135,489
87322,0,144,12,99,271
87323,46,647,324,504,1639
87325,65,429,70,155,778
87326,18,301,86,186,881
87327,24,1419,384,1019,3409
87328,19,533,240,282,1269
87347,0,0,0,30,58
87357,6,134,44,134,418
87364,25,194,44,163,565
87365,0,0,0,0,18
87375,139,612,180,526,2042
87401,996,7558,2443,4649,19491
87402,74,1768,440,572,3763
87410,345,1939,694,1029,5597
87412,70,53,5,35,278
87413,290,2666,489,1301,5272
87415,46,365,68,132,741
87416,70,546,135,481,1773
87417,87,904,379,540,2348
87418,54,66,17,40,189
87419,0,29,31,18,151
87420,142,1335,649,1061,4917
87421,3,172,117,113,661
87455,50,144,68,162,654
87461,23,205,74,83,504
87499,16,45,3,164,355
87501,537,649,244,959,4016
87505,1011,2025,786,2730,10611
87506,320,1400,561,1157,4403
87507,817,7051,2213,4522,20571
87508,336,1815,534,839,4920
87510,9,58,47,129,324
87511,3,330,213,299,1340
87512,0,0,0,0,0
87513,0,94,0,0,27
87514,49,0,41,115,729
87515,0,0,0,0,13
87516,0,0,0,13,32
87517,0,46,0,0,91
87518,0,0,0,0,0
87519,22,91,68,84,266
87520,61,41,2,62,228
87521,53,87,76,49,266
87522,13,158,183,196,986
87523,0,0,0,0,17
87524,0,84,71,0,330
87525,0,13,0,1,11
87527,17,126,0,62,246
87528,36,407,38,189,879
87529,43,520,43,192,1454
87530,0,108,0,82,262
87531,0,0,0,0,35
87532,339,3048,935,2059,7455
87535,14,29,53,103,580
87537,6,720,55,107,704
87538,0,95,62,27,150
87539,0,0,0,0,179
87540,0,23,1,0,150
87543,0,0,0,0,121
87544,450,1540,604,940,5299
87547,101,904,175,283,1883
87548,0,314,68,0,262
87549,123,57,0,131,347
87551,0,161,0,0,38
87552,93,312,16,79,545
87553,50,282,36,113,597
87554,0,0,0,0,0
87556,19,239,32,292,860
87557,0,907,376,331,1673
87558,0,144,0,18,321
87560,23,198,31,130,614
87562,0,105,0,0,223
87564,0,0,1,0,1
87565,21,90,0,0,134
87566,46,373,130,321,1294
87567,47,70,40,43,415
87569,6,0,0,0,146
87571,339,837,320,946,3601
87573,0,0,0,0,0
87575,0,219,44,171,464
87577,0,100,96,0,276
87578,0,35,2,1,48
87579,7,38,21,35,153
87580,0,0,0,0,0
87581,0,0,0,0,0
87582,0,22,28,0,378
87583,21,60,0,45,164
87701,543,1521,598,2275,6887
87710,9,121,83,103,280
87711,4,172,111,46,477
87712,0,40,49,0,98
87713,0,0,1,0,1
87714,35,114,56,131,427
87715,0,20,0,152,205
87718,0,31,6,21,62
87722,29,99,7,0,151
87723,0,0,0,4,65
87724,0,0,0,0,0
87728,7,170,64,31,217
87729,14,9,0,19,19
87730,0,0,0,0,0
87731,20,39,18,156,260
87732,0,149,89,0,235
87733,13,5,0,0,25
87734,7,34,5,10,79
87735,0,0,0,0,0
87736,0,0,0,0,0
87740,259,706,191,523,2423
87742,44,0,0,0,45
87743,5,37,34,49,193
87745,0,21,85,70,282
87746,0,6,0,0,5
87747,102,70,24,137,482
87749,0,0,0,0,0
87750,0,0,0,0,0
87752,41,31,0,0,77
87753,29,0,0,0,0
87801,113,857,280,1662,4017
87820,12,0,0,26,61
87821,169,0,0,72,72
87823,8,63,47,0,125
87824,15,0,0,0,0
87825,87,404,74,229,811
87827,0,12,0,0,0
87828,0,185,0,0,39
87829,27,141,0,0,110
87830,62,41,72,164,381
87831,25,0,0,0,0
87832,0,0,0,8,59
87901,165,722,354,296,2302
87930,113,27,0,0,0
87931,29,0,0,0,44
87933,0,0,0,0,0
87935,60,40,0,35,315
87936,0,0,0,23,44
87937,29,554,215,521,1395
87939,16,0,56,0,56
87940,73,90,0,0,56
87941,0,249,0,112,335
87942,160,128,29,164,382
87943,33,0,0,0,0
88001,679,4825,1380,9653,21242
88002,0,159,15,553,888
88003,0,0,15,442,458
88004,0,0,0,61,793
88005,906,2983,1206,4583,12344
88007,320,3540,1201,2829,9197
88008,133,1660,364,1297,5221
88009,0,0,0,48,48
88011,1116,3527,884,3693,11290
88012,126,5317,1506,4027,14225
88020,2,101,52,29,257
88021,302,2330,643,2389,6765
88022,43,13,0,40,132
88023,91,305,159,413,952
88024,0,62,21,0,148
88025,0,0,0,0,0
88026,62,187,97,176,578
88027,0,127,39,72,315
88028,6,18,0,0,36
88029,43,265,151,86,545
88030,629,3410,958,2062,8634
88034,0,0,0,0,0
88038,20,45,0,40,61
88039,69,111,39,26,258
88040,0,0,0,0,37
88041,92,110,23,80,336
88042,0,0,0,0,0
88043,37,315,56,168,482
88044,32,547,33,114,614
88045,77,468,33,258,1073
88046,60,46,0,117,215
88047,0,124,110,181,493
88048,71,294,370,219,1367
88049,75,15,0,0,127
88051,0,0,0,11,14
88052,0,0,0,0,0
88053,0,0,0,0,41
88055,0,0,0,0,0
88056,0,0,0,0,0
88061,516,1971,592,1352,5799
88063,149,1655,783,1528,4842
88065,7,123,11,47,212
88072,16,913,120,187,1101
88081,166,2707,844,1907,7796
88101,762,6655,1832,5586,21045
88103,0,0,0,19,19
88112,4,60,9,0,70
88113,0,46,0,0,35
88114,0,9,0,0,7
88115,0,0,0,0,0
88116,11,47,41,23,137
88118,0,20,1,4,23
88119,18,157,50,125,749
88120,14,45,6,0,57
88121,5,17,0,7,26
88124,16,85,20,43,229
88125,0,17,0,0,21
88126,2,0,0,0,0
88130,345,2358,770,3283,8234
88132,0,75,2,27,112
88134,25,34,0,0,0
88135,56,233,57,66,360
88136,0,0,4,8,12
88201,652,3601,1175,2749,10209
88203,564,4426,1446,2949,12285
88210,174,3170,758,1331,7495
88220,606,5499,1752,3944,16301
88230,91,753,302,381,2049
88231,81,748,281,358,1460
88232,30,380,129,283,1173
88240,640,7050,2143,5006,17685
88242,125,1146,438,681,3092
88244,0,0,0,33,864
88250,0,29,0,80,226
88252,30,327,221,176,931
88253,3,82,61,161,587
88254,0,0,0,0,0
88255,0,0,0,0,0
88256,19,319,97,209,791
88260,138,2870,613,1435,6783
88262,4,0,0,0,0
88263,0,51,0,0,68
88264,0,0,0,0,0
88265,0,0,0,13,23
88267,0,169,84,76,540
88268,0,0,0,0,0
88301,39,59,30,117,478
88310,1055,4073,1287,3893,15433
88311,66,80,5,13,205
88312,49,297,57,26,280
88314,0,0,0,0,0
88316,37,290,38,61,525
88317,79,281,166,57,493
88318,20,37,1,7,27
88321,0,121,2,42,170
88323,0,0,0,0,0
88324,0,0,0,0,0
88325,29,307,23,213,438
88330,0,539,50,1527,2906
88336,0,126,0,0,14
88337,8,104,62,191,517
88338,0,0,17,0,17
88339,5,52,0,2,115
88340,23,558,254,460,1869
88341,6,67,0,11,143
88342,0,0,0,0,0
88343,12,0,0,0,0
88344,0,0,0,0,0
88345,71,793,407,763,3079
88346,94,298,68,284,1015
88347,0,0,0,5,9
88348,72,21,0,47,49
88349,0,0,0,0,0
88350,0,0,0,0,0
88351,11,0,0,15,47
88352,115,882,143,163,1342
88353,9,59,14,115,283
88354,0,0,0,0,0
88355,0,0,18,78,179
88401,177,1115,159,245,2127
88410,18,30,12,0,39
88411,0,0,0,62,62
88414,10,3,33,0,40
88415,93,343,58,312,1157
88416,37,0,0,0,8
88417,0,14,0,0,14
88418,16,139,10,13,168
88419,0,10,0,0,14
88421,0,0,0,0,0
88422,0,0,0,0,34
88424,0,0,0,4,4
88426,67,139,53,28,171
88427,2,10,12,10,34
88430,19,45,5,30,51
88431,0,0,0,0,84
88434,5,25,15,7,113
88435,152,453,80,81,1283
88436,0,0,0,15,15
88439,0,0,0,0,0
89001,13,255,29,51,345
89002,562,5835,1581,2281,14079
89003,0,0,0,42,91
89004,6,0,0,20,81
89005,663,1741,381,804,4022
89007,0,313,76,0,321
89008,25,69,117,122,493
89010,0,51,0,10,102
89011,551,3701,1227,2629,12826
89012,803,4664,1443,1914,12764
89013,9,4,6,1,18
89014,531,5596,2000,2784,16491
89015,1122,5661,1570,2903,14934
89017,11,0,0,0,14
89018,15,121,115,54,422
89019,14,59,31,206,533
89020,9,194,22,258,423
89021,0,702,166,42,1176
89022,0,0,0,0,0
89025,0,170,3,74,289
89026,0,0,0,0,24
89027,434,1440,686,881,4370
89029,263,416,85,466,1976
89030,365,8705,3156,6773,24684
89031,888,10984,3630,6291,31280
89032,759,6934,2615,4874,21569
89034,82,0,0,0,69
89039,31,7,0,28,48
89040,71,765,205,452,1459
89042,9,208,49,0,320
89043,0,79,0,153,449
89044,632,3068,771,1114,8415
89045,0,340,88,411,1014
89046,11,0,4,1,43
89047,0,5,10,0,95
89048,719,2408,974,1426,7452
89049,59,111,50,49,768
89052,1368,6648,2588,3667,20075
89054,0,98,0,0,89
89060,184,1034,374,343,3011
89061,168,753,149,171,1584
89070,0,0,0,618,3835
89074,607,5871,2085,3583,20373
89081,84,6596,1366,3642,16956
89084,273,4593,1986,2619,14704
89085,19,765,289,122,1789
89086,0,1078,360,812,3474
89101,238,5551,1800,4511,20205
89102,435,5136,1545,3325,16163
89103,865,5486,1164,3976,21543
89104,400,5120,1269,3706,16239
89106,271,3583,1275,2261,11165
89107,495,4622,1577,3505,15409
89108,736,10320,2700,7727,31609
89109,53,625,16,272,1933
89110,645,10334,3058,7579,28915
89113,624,3645,892,2592,17263
89115,163,13646,2854,7359,29399
89117,1321,5050,1678,5209,22344
89118,280,2044,586,1675,9622
89119,610,5321,1547,6348,24721
89120,493,3303,543,1937,10112
89121,1065,8108,2615,6493,26992
89122,576,6811,1709,4646,20815
89123,538,5211,1695,5013,23688
89124,26,98,24,34,151
89128,633,4824,1423,3431,15429
89129,777,6608,2446,4333,21905
89130,663,4176,1428,2473,12864
89131,498,7181,2714,3321,18642
89134,1711,1739,586,825,4379
89135,1200,3297,952,1759,9780
89138,203,3718,1058,1049,8216
89139,130,5689,1542,3465,20393
89141,205,5227,1412,3037,16926
89142,310,5360,1989,3227,15275
89143,71,2177,751,997,5522
89144,360,2740,818,1159,6051
89145,936,3281,865,2105,10022
89146,275,2260,572,1909,8358
89147,847,6456,1552,4842,23731
89148,438,7122,2322,5683,28633
89149,543,5398,1849,3752,18370
89156,207,4621,1679,3332,14169
89158,0,0,0,24,150
89161,24,55,0,18,36
89166,124,4157,1329,3374,14571
89169,228,2837,722,2297,10651
89178,134,6502,1447,2359,18670
89179,8,1678,325,735,5796
89183,289,5539,1641,3067,18676
89191,0,0,0,411,470
89301,115,752,264,407,3078
89310,0,0,0,0,0
89311,0,0,0,0,43
89314,9,26,0,9,47
89315,0,32,0,0,22
89316,40,244,28,68,305
89317,0,165,14,4,56
89318,0,120,15,60,217
89319,0,0,0,0,47
89402,0,0,0,0,0
89403,272,1688,560,1095,5396
89404,0,0,0,0,0
89405,0,22,22,19,41
89406,556,3171,875,2201,9245
89408,173,3358,939,1849,10103
89409,28,0,0,0,0
89410,474,882,422,509,3221
89411,54,93,34,0,163
89412,0,0,0,16,16
89413,57,41,0,0,5
89414,0,0,66,17,102
89415,84,318,44,233,1193
89418,0,0,0,13,15
89419,112,489,66,343,2055
89420,0,0,23,25,62
89421,4,39,3,17,60
89422,0,0,6,0,6
89423,230,698,382,687,2908
89424,0,60,3,31,172
89425,50,142,17,0,136
89426,0,0,0,2,16
89427,4,199,27,142,396
89428,0,26,12,0,39
89429,193,679,143,329,2434
89430,14,0,0,0,9
89431,464,5744,1627,4028,17685
89433,164,3647,1151,2146,9592
89434,952,3036,887,2658,10859
89436,736,6908,1514,3657,17672
89437,0,0,0,0,0
89438,0,0,0,0,0
89439,22,140,10,30,371
89440,0,107,23,31,242
89441,127,1667,500,668,3942
89442,6,95,17,136,342
89444,61,188,51,100,611
89445,130,2626,713,1437,6696
89446,0,0,0,4,63
89447,234,1183,416,630,2250
89448,48,141,79,127,469
89449,10,168,22,146,974
89450,0,0,0,0,0
89451,22,816,335,603,3157
89460,415,1742,577,1127,4467
89496,0,0,0,46,78
89501,111,0,20,419,1621
89502,603,5388,2029,4487,20708
89503,521,2045,750,6508,16505
89506,199,6332,1844,3878,19404
89508,44,2235,805,563,5171
89509,900,3399,994,2284,14868
89510,6,90,14,6,284
89511,934,3174,1171,1373,9891
89512,261,2887,531,4911,13355
89519,422,1009,482,395,2418
89521,360,5078,1651,2367,13960
89523,907,4415,1270,3080,14643
89557,0,0,0,439,546
89701,679,3229,1062,2418,11532
89703,383,895,333,651,3009
89704,198,214,138,291,1235
89705,179,501,141,280,1645
89706,664,2717,715,1631,7395
89801,334,3757,797,2742,11141
89815,76,2499,989,1061,6213
89820,86,966,338,368,2162
89821,0,27,32,7,87
89822,0,243,45,341,926
89823,0,15,118,0,144
89825,0,185,69,212,693
89826,0,0,0,0,0
89828,0,63,0,74,74
89830,35,0,0,0,0
89831,0,0,0,0,0
89832,8,184,84,80,606
89833,0,36,7,17,43
89834,0,0,19,32,66
89835,9,209,81,31,445
89883,0,922,158,169,1867
90001,540,9740,3127,6402,26300
90002,407,9028,2735,6710,24554
90003,822,13690,4209,7922,34231
90004,770,6219,1402,5802,27442
90005,905,3844,995,3532,19413
90006,703,6759,1957,5766,26627
90007,477,3009,1029,14839,26960
90008,728,3530,703,2938,13430
90010,65,50,48,543,2764
90011,467,17795,5781,13100,50901
90012,927,1520,641,4201,23167
90013,302,208,67,687,7293
90014,476,247,27,536,4758
90015,361,2017,637,3494,15831
90016,954,6051,1682,4079,21980
90017,261,3001,1045,2684,15933
90018,990,5915,1676,4917,22290
90019,1276,5481,1763,4404,27022
90020,629,3544,1029,2955,18526
90021,46,223,88,175,1393
90022,899,8656,3068,7201,29078
90023,753,7798,2666,4889,20070
90024,1594,1684,577,24626,35202
90025,841,2095,549,4767,25467
90026,1032,4821,1752,4974,34404
90027,1246,2656,618,2398,23283
90028,643,1483,378,2776,17801
90029,645,2934,1115,2753,17784
90031,1285,3809,1324,3202,16498
90032,1118,5095,1459,5063,19440
90033,1028,6959,2228,6191,21408
90034,565,3969,1080,4747,30685
90035,771,2851,717,1741,11942
90036,438,3009,765,2840,20470
90037,467,10849,2849,7279,30882
90038,200,1734,810,3280,16062
90039,691,2134,422,1766,12572
90040,162,1621,545,1144,4913
90041,794,2580,813,2809,11884
90042,914,5450,1575,4037,28172
90043,1113,5504,1491,4013,16930
90044,1034,16767,5379,10547,44426
90045,882,3076,1177,6987,20374
90046,1189,1939,329,2361,25481
90047,820,6925,1846,4625,20569
90048,822,847,148,980,9787
90049,1152,3562,898,2474,15278
90052,0,0,0,0,0
90056,327,1113,178,410,2890
90057,773,6051,1456,4801,22971
90058,6,350,161,497,1490
90059,471,7223,1848,3851,17105
90061,409,4742,1155,2872,12472
90062,397,3614,1593,3088,15312
90063,886,6647,2649,5706,24615
90064,754,2697,542,1367,10457
90065,618,4365,1198,3259,20100
90066,1224,4353,1331,3182,24798
90067,317,191,20,110,586
90068,367,910,523,828,9865
90069,403,550,106,815,9040
90071,0,0,0,0,174
90073,50,0,0,19,256
90077,230,992,459,490,2367
90079,0,0,0,0,0
90089,0,0,90,3941,4160
90094,163,980,176,318,6232
90095,0,0,0,0,0
90201,1019,14936,4653,11095,43246
90210,975,1827,1110,1125,5468
90211,434,1129,443,400,3580
90212,551,817,324,711,4134
90220,815,7900,2184,3952,19660
90221,387,8261,2808,5786,23431
90222,353,4998,1462,3723,14961
90230,673,4035,719,1394,11865
90232,549,1694,294,1204,7464
90240,496,3427,1103,2151,10359
90241,856,5743,2003,4539,20165
90242,557,5662,1983,4113,18126
90245,234,2373,476,889,7653
90247,1081,5852,1595,4265,19775
90248,546,792,229,1100,4230
90249,320,2859,907,2107,10399
90250,960,13736,3890,9125,43901
90254,168,2098,709,768,8187
90255,983,10168,3579,8282,32925
90260,361,4120,1569,2998,14405
90262,536,10064,2415,7381,30448
90263,0,0,14,1732,1803
90265,417,1818,804,1263,5005
90266,831,5652,1983,1507,11048
90270,272,4112,1102,2945,11245
90272,759,3270,916,831,5602
90274,1297,3472,1135,1419,5919
90275,2211,5026,1836,2819,11139
90277,949,3934,1181,1620,12654
90278,333,5809,1259,2289,16367
90280,794,13160,4245,10205,41082
90290,26,447,317,273,1578
90291,438,1605,665,1208,12777
90292,414,1147,282,1506,12068
90293,145,784,77,734,5915
90301,880,4174,1357,3766,16013
90302,204,3723,1098,2819,13298
90303,402,3447,770,2085,10042
90304,200,3791,1048,2623,11419
90305,444,1299,549,1196,5186
90401,380,229,29,546,4036
90402,505,1430,514,244,2993
90403,859,1728,446,877,9599
90404,531,2400,567,1876,10563
90405,717,1889,662,1429,11315
90501,808,5340,1609,3543,17733
90502,388,1576,405,1110,7179
90503,1422,5375,1263,2462,16981
90504,935,3895,1083,2636,11822
90505,1207,5481,1474,1956,11513
90506,0,0,0,0,0
90601,747,3370,1012,2774,12431
90602,498,3745,1407,2939,12076
90603,835,2817,602,1653,7847
90604,741,5595,1822,4135,17456
90605,558,5555,1416,4631,17633
90606,619,3891,1269,2538,13388
90620,1014,6129,1363,3800,18918
90621,636,4918,1048,4031,16046
90623,583,1656,698,1198,5506
90630,775,6648,1943,4018,17974
90631,1663,8211,2792,6373,28094
90638,1414,5520,1608,4239,16632
90639,0,0,19,1750,1833
90640,1995,7249,2271,5696,25703
90650,2099,11989,4039,9591,44180
90660,1706,7321,2847,6307,25454
90670,431,2015,575,1641,7202
90680,569,4464,976,2920,12723
90701,376,1745,642,1420,6610
90703,1679,5442,1594,3708,16203
90704,85,461,170,291,1462
90706,897,10575,3250,6931,34367
90710,415,3729,934,2549,10526
90712,435,3613,1128,2776,13323
90713,505,3079,695,2153,11296
90715,592,2499,674,2365,9306
90716,268,2096,592,1571,6262
90717,380,2052,898,1699,8519
90720,657,3711,1089,1687,7877
90723,426,8657,2447,6070,23841
90731,1026,8292,2182,4695,26344
90732,911,2015,751,1549,7657
90740,2087,1934,670,718,5484
90742,0,10,12,27,99
90743,0,25,28,52,112
90744,647,8699,2707,5890,24463
90745,1367,6474,2553,5520,23896
90746,629,3027,996,2428,10256
90747,0,0,0,25,25
90755,129,1255,256,751,5135
90802,198,2701,1096,3953,22603
90803,524,1466,756,1884,12676
90804,297,3667,861,4152,19149
90805,828,13208,4690,11020,44761
90806,826,5553,1431,4211,18133
90807,841,3750,1133,2814,12597
90808,1180,5314,1399,2327,13390
90810,666,4702,1705,3771,15797
90813,567,8173,2285,6320,25291
90814,430,2012,494,1576,9947
90815,997,4456,1378,6035,18682
90822,20,0,0,1,3
90831,0,0,0,0,0
90840,0,0,0,0,0
91001,1098,4257,1125,2159,12137
91006,862,4390,1129,2189,10202
91007,1633,4064,1027,2232,11327
91008,8,56,6,47,192
91010,996,2540,886,2177,10186
91011,420,3434,1330,1119,5826
91016,689,5343,1611,3141,17094
91020,193,1228,250,261,2860
91024,237,1196,294,379,3503
91030,467,3663,916,1288,10255
91040,414,2100,601,1240,7440
91042,634,2659,715,2131,9751
91046,19,0,0,0,0
91101,801,951,292,1390,10718
91103,636,3303,1148,2304,11120
91104,628,4344,1021,2640,13820
91105,703,1079,241,533,4312
91106,505,1751,552,1914,12109
91107,1045,3202,706,1647,12053
91108,329,1490,817,591,4020
91125,0,0,3,671,769
91201,422,2700,556,2318,8659
91202,822,1993,612,1476,8767
91203,112,1578,521,1156,8010
91204,465,1586,684,1468,8491
91205,1214,3444,1079,2939,15228
91206,1124,2738,792,2245,12245
91207,250,918,488,686,4088
91208,371,1542,734,1287,5136
91210,0,14,0,12,100
91214,682,4772,1364,2370,11382
91301,521,3667,1292,1820,8420
91302,563,3442,1212,2367,9151
91303,518,3690,820,3336,15104
91304,1361,6307,2158,4916,21173
91306,938,5829,1757,4921,20477
91307,634,3035,978,2243,8377
91311,1158,4029,1686,2685,14819
91316,892,3043,635,1434,9532
91320,911,5859,2011,3901,14842
91321,685,4735,1555,3710,14443
91324,760,3121,866,3215,13173
91325,660,3828,1130,4263,15651
91326,786,4331,1547,2239,12563
91330,0,0,30,2498,2699
91331,1142,14237,4563,10978,44006
91335,1796,9239,2787,7561,32165
91340,349,4792,1302,3444,15360
91342,1488,11275,4264,9364,39860
91343,1184,8192,3148,6735,27680
91344,1537,5977,1876,3911,19858
91345,712,1638,698,1579,7606
91350,299,7245,2341,2756,17090
91351,414,4189,1341,2464,13127
91352,740,5853,1754,4568,19465
91354,456,5252,1499,2550,12326
91355,767,2977,791,2848,11418
91356,1010,3571,1146,2304,11189
91360,2084,4377,1504,4679,15713
91361,862,1894,692,779,5022
91362,902,4343,1196,2686,12096
91364,762,3366,974,1095,9882
91367,1179,3804,1855,3534,19066
91371,0,0,0,0,0
91377,291,1845,768,859,4716
91381,160,3082,1381,1593,7498
91384,151,3786,1137,2596,12527
91387,429,7071,1986,4775,19456
91390,281,2534,1085,1071,6198
91401,613,3895,1206,3333,17775
91402,931,9899,2723,7196,29909
91403,577,2105,689,1388,11519
91405,965,7075,2155,5171,25925
91406,642,6528,2108,4569,23632
91411,557,2519,726,1757,11242
91423,471,2428,929,1698,13992
91436,551,1980,538,1095,4817
91501,521,2014,423,1920,7771
91502,402,1062,351,1103,6322
91504,574,3462,843,2100,10301
91505,362,3500,1159,2419,13702
91506,321,2164,669,1216,7909
91601,454,2321,864,2949,21207
91602,238,1205,365,1228,9751
91604,837,2895,824,1906,13722
91605,411,6281,1877,5918,23564
91606,755,4819,1219,3901,19514
91607,603,3308,582,2075,13789
91608,0,0,0,0,56
91701,1002,4301,1634,3686,14772
91702,514,7763,1987,9794,30067
91706,1115,8758,2805,8522,31154
91708,34,2873,285,633,7301
91709,1130,9420,3188,7091,30884
91710,971,9776,3482,7142,34177
91711,1170,3709,1248,6153,15252
91722,584,3937,1186,3429,14695
91723,228,1676,1006,1710,8338
91724,433,3743,773,2381,11764
91730,907,8428,2447,5960,31239
91731,697,3281,1318,2720,11738
91732,1269,7527,2285,6344,24615
91733,803,4996,2159,4221,18018
91737,471,2764,973,1750,7960
91739,124,6060,1497,3190,17203
91740,489,3599,1166,2259,10874
91741,697,3415,1138,2210,9415
91744,1014,10741,3530,8530,34367
91745,1679,5919,1740,4560,20424
91746,425,3464,1061,3412,12292
91748,1055,4202,1463,3194,16311
91750,994,3968,1334,2932,11456
91752,507,4935,1694,3939,16545
91754,1580,3499,1127,2448,12544
91755,1245,2518,997,2023,9666
91759,0,21,8,12,103
91761,573,8088,2789,7162,28436
91762,812,9301,1955,6498,28040
91763,485,5323,1862,4551,17281
91764,380,7714,3072,6682,27825
91765,1030,5132,1735,3168,15625
91766,937,9609,3568,8148,31392
91767,795,6641,2182,5435,22061
91768,534,4388,1110,6960,16919
91770,1961,5496,2662,4938,22618
91773,585,3953,1135,2503,12050
91775,738,2405,940,1912,8648
91776,1212,3399,1305,2545,14345
91780,875,4432,1294,2548,12529
91784,655,2901,1053,2095,8566
91786,971,6791,2117,5784,25818
91789,638,4685,1296,3078,13707
91790,1072,5988,1736,4226,18217
91791,1080,3527,1102,3108,12581
91792,675,3266,915,2753,12906
91801,1448,4766,1600,3381,21928
91803,771,3109,1089,2302,11199
91901,207,2342,691,1667,6749
91902,585,1732,476,1023,5750
91905,3,49,12,119,502
91906,82,766,230,211,1440
91910,1451,8854,3400,7003,32080
91911,2001,11842,3820,8089,38378
91913,676,10198,2475,5400,23532
91914,104,2415,904,1544,7226
91915,232,6369,1960,3028,15377
91916,31,240,34,145,492
91917,0,268,83,6,371
91931,0,209,0,0,189
91932,358,3166,841,3142,12509
91934,0,50,33,114,364
91935,122,950,286,493,2430
91941,835,3622,1214,2708,12845
91942,1313,4324,1203,3381,18516
91945,305,3288,1250,2509,11663
91948,0,0,0,15,62
91950,1536,7694,2136,5589,24560
91962,61,269,1,156,704
91963,0,82,22,117,282
91977,1024,9125,2824,6071,28812
91978,260,1062,380,956,4773
91980,0,0,17,34,51
92003,195,389,196,384,1471
92004,141,105,69,133,677
92007,143,1452,421,450,4248
92008,709,2714,838,2390,10978
92009,1072,7273,2855,2320,15718
92010,318,2182,788,1119,6419
92011,577,3643,1132,1608,8105
92014,403,1102,421,348,2990
92019,946,6028,1925,4578,17504
92020,1177,7813,2102,5535,24876
92021,1338,10223,2680,6085,28482
92024,1125,5769,1899,3032,17887
92025,1001,6919,2168,4568,21241
92026,1769,5768,1626,4409,21520
92027,864,7530,2176,5908,23883
92028,1122,6772,1936,4355,18573
92029,456,1931,624,1022,6991
92036,0,126,19,138,831
92037,1688,3380,1251,3680,13238
92040,861,5608,1992,4649,18486
92054,425,3911,1059,2757,16754
92055,0,0,0,9776,10618
92056,1331,6161,1590,4316,20993
92057,1097,7863,2396,5613,23893
92058,349,6674,1038,11859,27560
92059,7,272,60,131,516
92060,0,0,0,0,79
92061,3,98,49,158,532
92064,903,6464,1552,3307,17118
92065,433,4690,1383,3216,13591
92066,14,28,14,6,66
92067,331,1504,229,486,2348
92069,949,6295,1957,4817,20229
92070,49,68,25,37,305
92071,872,7114,2121,4377,23651
92075,245,1493,339,548,3469
92078,1273,8155,1938,5005,21181
92081,529,3323,1232,2151,12218
92082,427,2643,807,1612,7219
92083,542,4743,1706,4312,17617
92084,823,6547,2135,5455,21961
92086,50,107,20,50,411
92091,92,151,8,0,125
92092,0,0,0,446,521
92093,0,0,0,1882,2031
92096,0,0,0,0,0
92101,463,846,268,3528,26990
92102,636,4897,1169,3544,19936
92103,905,1567,378,1631,15910
92104,321,3609,910,3295,26632
92105,807,10059,3353,8126,34132
92106,336,1941,473,3016,8725
92107,422,1821,552,2372,15802
92108,158,1201,358,2980,14819
92109,548,2167,700,3823,27588
92110,509,2473,585,5273,15818
92111,1175,4631,1512,5482,22580
92113,606,8117,2458,5227,24011
92114,971,8420,2270,6890,27535
92115,425,5087,1372,15557,35534
92116,380,1793,507,1696,18381
92117,1446,4993,1844,4712,24275
92118,747,1998,625,2131,6781
92119,990,2899,719,1810,8994
92120,764,3262,1065,2894,12968
92121,24,290,23,831,2298
92122,1295,3105,1035,10038,26975
92123,456,3194,827,3365,16154
92124,497,4487,729,2061,13503
92126,918,7954,1729,7238,35786
92127,461,8197,1962,3541,19756
92128,1664,5566,1407,2624,17423
92129,852,7003,2175,3641,19418
92130,557,9466,3156,3307,21323
92131,516,5314,1983,1783,11446
92132,0,0,0,0,0
92134,0,0,0,217,240
92135,0,0,0,890,1095
92136,0,0,6,5546,9509
92139,510,4743,1293,3520,15842
92140,0,0,30,2602,2807
92145,0,0,0,2293,2787
92147,0,0,0,155,180
92154,991,10703,4155,9629,37411
92155,0,0,0,143,196
92161,0,0,0,0,0
92173,444,4023,1167,2749,12058
92179,0,0,0,136,1716
92182,0,0,0,0,0
92201,976,7369,3225,5876,27101
92203,596,4847,1590,1813,11595
92210,269,138,68,47,469
92211,2151,1946,404,903,5818
92220,1943,4365,1171,2404,11229
92222,0,0,0,0,0
92223,1124,10070,2526,4666,24447
92225,275,2281,918,1934,9918
92227,383,4372,1340,2897,11667
92230,39,154,11,42,716
92231,606,6557,1764,3718,15487
92233,24,662,220,682,4023
92234,850,5856,2052,4782,20039
92236,403,5353,2041,4481,20638
92239,0,5,2,5,70
92240,493,5708,1952,4408,16889
92241,486,872,111,430,2027
92242,54,101,15,36,166
92243,1071,8866,2406,4891,19980
92249,67,1104,407,1018,3676
92250,166,1399,340,1034,2942
92251,198,4305,1472,2653,11827
92252,229,673,314,562,3048
92253,962,3959,1353,2727,11123
92254,68,1090,437,1211,4286
92256,44,399,55,129,1069
92257,101,162,68,45,292
92258,0,77,15,14,221
92259,0,0,0,28,56
92260,1665,2507,869,2269,8900
92262,797,1801,457,1727,7312
92264,874,664,252,973,4352
92266,10,0,0,0,0
92267,0,0,0,0,0
92268,15,0,0,0,77
92270,1166,802,388,369,2621
92273,0,200,0,186,728
92274,296,1839,428,1589,6604
92275,99,175,188,234,628
92276,271,1315,590,540,3258
92277,168,3446,842,3806,13494
92278,0,0,0,3285,3574
92280,0,0,0,0,0
92281,45,436,120,314,904
92282,3,147,51,153,568
92283,16,400,98,177,688
92284,994,3671,1157,2223,9511
92285,110,168,0,439,1005
92301,372,7519,2167,4210,17830
92304,0,0,0,0,0
92305,16,113,0,34,128
92307,618,5857,1873,4177,15869
92308,821,7345,2477,2749,15069
92309,0,60,36,82,277
92310,0,1490,87,2642,6089
92311,351,5814,1687,2943,14165
92313,183,1597,410,1022,5371
92314,183,1289,420,947,3666
92315,78,712,182,117,1412
92316,403,4758,1758,3612,14810
92317,0,19,0,0,146
92320,183,1305,406,685,3389
92321,0,111,13,0,154
92322,16,60,0,103,216
92324,643,7893,2793,6474,26718
92325,169,984,147,555,2941
92327,0,60,26,120,318
92328,64,9,27,63,544
92332,0,21,0,12,85
92333,0,6,8,62,197
92335,997,16830,4780,11863,43990
92336,634,15316,6367,9767,46164
92337,226,5389,1895,4573,17718
92338,0,0,0,0,0
92339,7,195,52,31,523
92341,0,20,12,13,98
92342,57,913,255,365,2387
92344,132,3581,833,2553,9545
92345,1070,14785,4485,8984,37377
92346,855,8390,2767,6810,25508
92347,0,105,0,23,83
92350,0,0,0,278,468
92352,58,780,248,504,1855
92354,883,2509,862,1725,9537
92356,30,935,275,565,2571
92358,17,35,7,119,373
92359,49,1438,351,619,4050
92363,83,685,227,282,1609
92364,0,0,0,0,0
92365,8,158,147,179,796
92368,0,173,45,79,372
92369,0,0,0,75,1618
92371,80,3517,1196,1725,8643
92372,36,766,85,291,1793
92373,1202,4433,1180,2757,13394
92374,611,5819,1700,6178,20950
92376,1024,13943,4329,10936,40470
92377,233,2879,1225,2312,8886
92378,0,87,23,25,191
92382,24,603,213,246,1834
92384,0,0,0,0,7
92385,0,0,0,0,36
92386,37,78,26,108,655
92389,11,0,0,3,7
92391,81,292,15,159,828
92392,682,10991,3123,6207,27197
92394,434,6782,1659,4549,18159
92395,626,9303,2089,4985,19451
92397,139,599,24,97,1279
92398,45,114,31,29,578
92399,1061,7798,2426,4574,20109
92401,11,373,59,390,950
92404,724,9960,3460,7133,28997
92405,168,6401,1382,3117,13898
92407,477,10258,3311,8776,32384
92408,112,1663,523,1541,5481
92410,481,8893,2289,4900,22455
92411,505,4658,1675,3468,12413
92415,0,0,0,0,0
92501,275,3151,863,2619,10739
92503,1085,14228,3903,8178,38424
92504,1073,6752,2416,8319,26616
92505,775,7533,2535,5951,24573
92506,645,6297,1904,3644,17137
92507,540,5954,2216,17209,37270
92508,313,5750,1659,3596,14926
92509,1235,11754,4185,9578,37147
92518,138,265,13,18,350
92521,0,0,0,0,0
92530,670,8911,2963,6254,25754
92532,15,4177,1287,2388,12899
92536,64,309,52,120,709
92539,60,505,11,261,1092
92543,927,5420,1929,3325,14454
92544,859,7736,2746,4405,20536
92545,2085,5923,1560,3232,15702
92548,57,1413,267,701,2838
92549,96,242,161,230,1195
92551,287,5986,1333,4818,17528
92553,435,12583,3942,8813,34533
92555,311,6590,2066,4398,19618
92557,358,8395,2165,6171,24316
92561,73,63,26,47,358
92562,1223,9563,3175,5655,25643
92563,1085,12249,4403,8012,33938
92567,118,2020,657,1145,4655
92570,516,9113,3186,6826,24894
92571,227,10705,2940,6672,27666
92582,343,3842,1734,2268,10529
92583,221,4926,1638,3371,14164
92584,555,9279,2316,3775,21828
92585,282,4520,1780,2348,12250
92586,1334,1663,355,984,4834
92587,205,2857,775,1132,7053
92590,54,610,149,701,2030
92591,712,6251,1576,3290,16062
92592,1108,13760,4522,5555,30922
92595,675,4354,1494,3792,14901
92596,315,6755,1855,2566,14200
92602,155,4056,1466,1362,11707
92603,460,2002,568,1251,7677
92604,776,3378,1185,2886,10548
92606,273,3044,636,2635,11499
92610,94,1476,479,1079,5173
92612,737,1631,701,8903,20910
92614,377,3393,1038,2617,13953
92617,34,1076,312,11769,16649
92618,419,6950,2172,4539,29339
92620,468,9432,2956,3879,25094
92624,129,706,238,353,2095
92625,587,1262,554,455,3235
92626,830,4815,1358,4142,23091
92627,1264,7020,2304,5987,29558
92629,616,2398,1050,1509,7687
92630,1341,6706,2350,5475,27014
92637,3396,51,0,0,346
92646,1295,5930,2286,3863,18520
92647,1017,6038,1938,5802,26517
92648,908,4197,1682,3098,17135
92649,1020,2933,987,3053,12640
92651,609,2206,883,1072,5891
92653,1121,3696,959,2101,10709
92655,243,1063,337,664,2967
92656,661,7255,2052,4179,21625
92657,85,1325,428,320,2652
92660,1262,4211,1303,2257,12131
92661,207,213,114,206,1463
92662,279,39,125,194,589
92663,1197,1365,233,2008,9368
92672,949,3852,1331,4185,14699
92673,646,4886,1707,2077,10002
92675,1008,4574,1867,2643,12208
92676,19,200,144,127,714
92677,1324,6517,2057,5521,21858
92678,11,22,27,33,164
92679,238,3786,1508,2503,10378
92683,2297,10817,3584,7808,32892
92688,617,5851,2153,3555,18173
92691,1738,5032,1855,3181,16608
92692,1260,5179,1358,3308,14305
92694,311,6837,1740,2186,12328
92697,0,0,0,0,0
92701,879,8548,2399,6026,24056
92703,861,7746,2978,7386,29329
92704,1087,10000,3834,8775,37416
92705,1133,6439,2134,4074,18283
92706,1007,4423,1624,3846,15663
92707,754,8217,2088,8003,28451
92708,1438,6208,2407,4798,20344
92780,1044,7701,2149,5474,23834
92782,282,3853,992,2523,11831
92801,1103,8358,2372,7275,28263
92802,577,6748,2179,4424,19851
92804,1972,10409,3548,9016,36005
92805,678,9923,3422,8718,36010
92806,561,4795,1432,4235,18913
92807,917,4103,1449,2999,13396
92808,186,2198,851,1330,7315
92821,909,5277,1773,3336,16363
92823,188,666,294,421,2187
92831,778,3501,1380,7158,19081
92832,327,3742,1105,2037,11574
92833,812,7541,1594,4558,20891
92835,1231,3529,735,1790,8622
92840,1228,6477,2457,4962,22113
92841,756,4072,1481,3280,13142
92843,771,5703,2172,4915,19896
92844,562,2282,897,1928,8925
92845,474,1764,467,1466,5400
92860,455,2848,670,2179,9775
92861,262,791,236,259,1460
92865,520,2750,638,1606,8857
92866,267,1291,544,2048,6954
92867,638,5186,1802,6417,18830
92868,449,2775,1009,2830,14975
92869,591,4305,1354,2884,13662
92870,1081,7195,2512,4587,21201
92879,612,6806,2069,5654,21677
92880,439,12051,3424,6255,31639
92881,253,4373,1602,3095,12102
92882,641,10043,3175,7360,30928
92883,519,5321,1626,3412,13964
92886,1173,7357,2179,3512,16497
92887,325,2261,636,1254,6352
93001,207,3372,1048,2474,12277
93003,1816,6248,2536,3869,20608
93004,519,3386,1247,2922,11748
93010,1334,5209,1804,4545,19116
93012,1267,3442,1324,4280,13691
93013,327,2021,266,973,5263
93015,412,3189,789,1900,8308
93021,639,4923,1726,3151,14165
93022,94,671,174,317,2168
93023,656,1847,643,1489,6378
93030,689,8576,2509,6385,26771
93033,1210,14032,4209,9007,37191
93035,423,3209,1019,2016,9730
93036,561,7449,1909,4640,20194
93040,0,184,49,167,684
93041,450,3380,568,2070,10446
93042,0,0,0,77,107
93043,0,0,0,410,713
93060,692,5162,1701,3875,14869
93063,1127,6421,1846,4378,21502
93064,0,0,0,0,0
93065,1565,8801,3382,7080,28311
93066,18,246,106,276,840
93067,19,61,60,59,221
93101,468,2858,944,3968,14982
93103,406,1929,411,2032,8092
93105,1202,2143,905,2019,9459
93106,0,0,88,4606,5350
93108,717,817,257,1652,3528
93109,760,742,486,2136,4981
93110,684,1694,495,1215,5867
93111,805,2626,453,1900,6046
93117,412,3903,1586,21975,33991
93201,4,248,25,194,535
93202,33,1000,135,611,1871
93203,127,4314,1169,2866,9643
93204,12,2284,507,1414,6718
93205,23,304,109,48,800
93206,3,375,132,169,709
93207,0,36,7,36,63
93208,9,0,0,0,0
93210,285,2630,1061,1980,9124
93212,132,2920,820,2180,11427
93215,378,7219,2972,6423,25833
93218,10,114,47,85,329
93219,164,1747,639,1656,4818
93220,0,0,0,0,0
93221,212,2660,567,1360,5480
93222,14,167,99,66,525
93223,117,1853,601,1467,4746
93224,4,95,33,44,167
93225,47,499,156,606,1795
93226,16,0,0,0,2
93227,0,44,0,47,149
93230,1097,11378,3232,6423,29362
93234,25,1329,394,758,2997
93235,13,1009,82,765,1488
93237,0,0,2,0,2
93238,81,138,1,8,153
93239,28,149,87,28,639
93240,40,930,147,66,1273
93241,166,3283,725,1956,6471
93242,52,362,265,210,1080
93243,6,72,0,75,344
93244,0,16,0,1,13
93245,394,5182,1612,4508,18036
93246,0,0,0,805,1129
93247,342,3375,1043,2020,7024
93249,10,453,143,246,902
93250,105,3218,873,2118,7365
93251,6,55,9,50,146
93252,14,280,61,101,675
93254,18,103,4,74,265
93255,67,0,0,146,242
93256,66,999,443,765,2809
93257,1098,13934,4521,8821,34767
93258,16,151,20,58,564
93260,3,17,11,16,61
93261,25,416,89,204,840
93262,0,0,0,0,18
93263,237,4538,1473,2654,11012
93265,34,391,86,232,1120
93266,0,290,52,277,798
93267,151,986,613,191,2145
93268,159,2809,590,2011,7696
93270,81,999,303,571,2571
93271,54,306,75,63,511
93272,20,999,334,559,2176
93274,662,14953,4419,8841,34215
93276,0,28,6,6,60
93277,1216,7475,2543,5047,22262
93280,143,4569,824,3007,13869
93283,46,237,46,88,421
93285,162,102,55,170,516
93286,20,1624,801,886,4457
93287,5,2,4,21,53
93291,1070,10839,2592,5419,27535
93292,486,7207,1880,3965,18054
93301,244,2792,477,1153,5357
93304,591,8339,2542,5868,22508
93305,188,7436,1603,3829,15491
93306,1135,13551,3827,7523,30988
93307,579,17103,5445,11212,42201
93308,1216,7924,2032,4738,22178
93309,1009,9055,2502,6584,26939
93311,653,8628,2794,4398,22181
93312,677,10326,3185,4918,24863
93313,587,9399,3851,6569,27938
93314,287,4974,1616,3454,13770
93401,660,2455,699,5327,13876
93402,365,1433,457,1135,5210
93405,471,977,329,13983,18216
93407,0,0,0,309,309
93408,0,0,1,10,11
93409,4,0,0,150,1440
93410,0,0,96,6388,6523
93420,1033,3918,1117,2510,10168
93422,484,3631,1217,3094,12799
93424,146,64,0,190,283
93426,21,109,47,240,644
93427,148,602,219,297,2365
93428,243,469,142,267,1142
93429,11,0,0,0,0
93430,32,183,8,199,651
93432,76,44,191,30,564
93433,349,1638,392,731,5263
93434,91,1597,483,879,3629
93436,966,8759,1819,5653,22434
93437,0,665,47,875,2570
93440,0,48,18,32,155
93441,26,96,42,44,229
93442,281,702,377,1037,3691
93444,329,2632,1009,2152,7861
93445,270,745,295,397,2342
93446,1068,5852,1524,3807,16606
93449,280,458,243,318,2447
93450,7,117,39,101,375
93451,37,823,127,597,1969
93452,9,37,0,0,37
93453,279,74,25,71,434
93454,1081,6592,2383,4692,17815
93455,1255,5390,2369,4102,17137
93458,648,11115,2687,8529,26861
93460,105,790,172,542,2156
93461,32,195,78,91,707
93463,336,816,262,476,2199
93465,334,1604,343,339,2842
93501,146,878,179,376,1799
93505,128,2155,462,1495,7247
93510,30,815,198,746,2352
93512,12,12,4,0,95
93513,11,160,65,106,517
93514,417,1875,418,1062,5213
93516,44,406,103,158,976
93517,6,29,0,126,185
93518,9,65,30,38,171
93519,0,0,0,0,0
93522,0,0,0,0,0
93523,0,819,114,300,2057
93524,0,0,0,90,93
93526,47,92,50,54,294
93527,57,131,157,51,407
93528,0,0,0,0,60
93529,0,0,0,0,43
93530,0,0,0,0,0
93531,0,29,14,42,64
93532,9,253,98,208,1136
93534,668,6903,1726,3197,16941
93535,780,15979,4171,8392,34042
93536,1109,9107,3198,6410,30489
93541,0,245,53,0,232
93543,98,2262,469,1173,3991
93544,41,96,28,105,547
93545,41,208,44,19,301
93546,37,971,445,573,3728
93549,0,0,0,0,4
93550,747,14162,3823,8995,34688
93551,423,7947,2496,4675,20630
93552,356,7364,2796,4365,19012
93553,31,49,9,78,209
93554,0,0,0,0,0
93555,658,4937,1361,2753,13686
93558,0,0,0,0,0
93560,275,3684,1314,2010,9561
93561,558,4410,953,1917,10305
93562,10,362,82,148,660
93563,0,25,0,13,126
93581,0,0,0,210,2201
93591,43,1248,430,706,2896
93601,20,40,32,97,208
93602,98,344,102,178,991
93603,8,0,0,7,7
93604,12,32,17,19,62
93605,9,32,4,3,13
93606,13,177,75,199,575
93608,15,206,25,139,450
93609,4,704,367,677,2480
93610,386,3004,951,2276,10790
93611,997,7271,2213,3636,17786
93612,541,5903,1756,2927,16316
93614,477,1505,387,699,3966
93615,28,1200,341,659,2203
93616,5,365,122,274,900
93618,281,6538,1760,3803,14375
93619,562,9783,2366,3592,19115
93620,47,1119,484,1059,3913
93621,4,0,0,0,8
93622,93,1913,646,879,3374
93623,0,0,0,0,1
93624,6,120,100,136,431
93625,140,1422,509,857,3254
93626,46,313,190,166,1126
93627,0,34,62,0,131
93628,0,0,0,0,194
93630,220,3800,1335,2300,8878
93631,332,2318,1022,1849,7205
93633,0,0,0,0,0
93634,0,0,0,6,22
93635,588,9222,2659,4454,19577
93636,178,2137,525,1078,4612
93637,916,7461,2049,4120,16961
93638,261,9208,2974,5958,23755
93640,26,3088,640,1615,6319
93641,0,13,0,0,64
93643,35,273,88,266,758
93644,272,677,214,442,2395
93645,33,115,88,189,360
93646,57,2160,695,1343,4495
93647,121,2217,623,1299,5215
93648,94,2688,1021,1887,7224
93650,89,329,160,427,1240
93651,19,95,13,196,681
93652,7,23,7,36,178
93653,28,112,111,82,496
93654,648,4734,1589,3213,12490
93656,47,954,243,588,2760
93657,646,5485,1764,3299,14855
93660,9,780,231,459,1732
93662,391,4364,1545,3647,13750
93664,16,3,6,3,47
93665,0,0,40,77,204
93666,14,185,35,68,270
93667,61,211,46,63,547
93668,0,107,93,72,420
93669,45,52,2,0,15
93670,0,0,0,0,39
93673,2,42,2,72,146
93675,62,973,283,371,1595
93701,82,1945,468,992,4688
93702,325,8873,2258,5120,19460
93703,397,5211,1680,4015,14439
93704,489,4638,1066,2031,11281
93705,499,6413,1650,3810,16104
93706,760,7189,2559,4324,18115
93710,928,3711,1081,6027,15928
93711,1421,5029,1094,2811,15621
93720,1061,6418,1843,4005,19531
93721,174,621,169,929,4379
93722,856,14033,3863,8529,38952
93723,159,2187,692,1086,5584
93725,316,5118,1265,2881,11603
93726,596,6918,1755,5621,20853
93727,1239,14476,3539,7020,35701
93728,332,2354,666,2112,8246
93730,554,2050,625,703,3951
93737,127,1087,282,310,3054
93740,0,0,22,1109,1174
93741,0,1,1,1,57
93901,1041,3974,1170,2447,11685
93905,476,12696,3531,7186,28988
93906,1358,10302,3060,7225,29199
93907,280,3893,1118,2369,9625
93908,323,2246,652,783,3842
93920,0,309,20,257,785
93921,182,189,16,15,455
93923,855,1099,545,316,2627
93924,139,834,218,229,1522
93925,8,320,81,152,618
93926,142,1309,399,1195,3909
93927,47,3885,1246,1965,8603
93928,0,0,28,597,1040
93930,200,2788,1093,1621,7333
93932,0,7,8,19,46
93933,338,3482,947,3695,12095
93940,1092,2252,601,2294,12886
93943,0,0,0,0,0
93944,0,0,107,1912,2578
93950,555,1596,444,690,4624
93953,291,279,80,223,770
93954,0,119,34,55,207
93955,747,4089,1309,4220,14908
93960,71,4154,1113,2774,11851
93962,0,0,0,0,8
94002,634,3521,1445,1334,10919
94005,85,585,99,410,1625
94010,1218,6249,1854,2318,15197
94014,1106,3585,1713,3823,19934
94015,2238,5404,1549,6538,27119
94018,18,353,158,135,1139
94019,411,1658,397,1419,4886
94020,19,185,18,64,690
94021,0,34,0,0,28
94022,729,2671,989,969,5369
94024,732,3650,1289,1583,6532
94025,775,5465,1287,3443,16187
94027,252,863,433,1014,2492
94028,502,555,216,506,1646
94030,1062,2164,889,1556,7698
94037,6,32,6,496,917
94038,144,288,275,190,1058
94040,817,4242,1386,2503,17036
94041,112,1637,388,1028,7787
94043,351,3430,974,2152,16066
94044,485,4051,1354,2331,13933
94060,13,77,14,126,571
94061,947,4056,1651,2571,16725
94062,725,3559,950,1489,8617
94063,309,4559,1236,3384,17177
94065,108,1619,349,540,4052
94066,709,4878,1185,3412,18720
94070,780,4272,1402,1621,11083
94074,0,29,0,0,46
94080,1477,6514,1915,5586,26133
94085,211,1819,543,1898,13025
94086,610,4219,1064,3106,26383
94087,1776,8668,1999,3138,23374
94089,340,1695,463,1956,11601
94102,899,1780,428,2281,17199
94103,518,1618,429,2161,17756
94104,0,38,14,28,155
94105,112,98,124,1009,9454
94107,520,1380,264,2020,17849
94108,573,602,244,834,5387
94109,2041,1558,459,3542,30814
94110,1127,5675,1163,3439,33442
94111,160,241,95,327,1855
94112,2084,8052,2489,4879,31567
94114,536,2302,364,1153,15033
94115,1281,1703,548,2011,16642
94116,1800,4413,867,1823,15454
94117,339,1944,494,2517,23529
94118,1300,2826,1011,3884,19515
94121,1559,3516,1273,2455,17187
94122,1733,4374,1352,3748,26032
94123,394,1300,494,1308,14354
94124,684,4553,1664,2753,15726
94127,929,2334,567,740,6972
94128,0,0,0,0,0
94129,103,496,37,235,2105
94130,0,243,157,896,2290
94131,569,2699,527,1633,11992
94132,893,1920,798,4931,13352
94133,1221,1193,370,1590,10411
94134,1027,3894,1043,2572,15047
94158,241,639,159,522,6079
94188,0,0,0,0,0
94301,970,1923,882,1116,5924
94303,840,6319,2597,4088,20173
94304,577,391,95,175,1826
94305,144,483,324,9858,14616
94306,868,3571,1244,2142,10372
94401,1290,3582,899,2999,16572
94402,753,3273,1042,1568,9394
94403,1001,4731,1291,2765,18706
94404,1087,4364,1252,1585,14437
94501,1583,7431,1883,3668,25276
94502,293,1917,563,746,4758
94503,283,3257,1121,2409,8816
94505,317,1764,705,1267,5260
94506,481,3982,1508,1625,7831
94507,410,1810,838,982,3657
94508,25,274,126,1020,1817
94509,735,9406,3552,6404,29472
94510,609,3148,1066,1595,9029
94511,0,272,27,198,602
94512,0,0,0,0,0
94513,1271,10773,3995,6247,25056
94514,29,282,107,389,746
94515,180,366,235,464,2290
94516,2,4,2,1,51
94517,252,1706,656,1188,4280
94518,670,2890,909,1947,10770
94519,329,2580,611,1144,8082
94520,320,3869,1238,2980,17455
94521,887,4043,1128,3099,15359
94523,943,3624,1492,2934,13730
94525,53,229,204,176,1273
94526,842,4973,2004,2469,9813
94528,0,134,18,88,252
94530,714,2485,675,1732,10617
94531,644,5302,1987,4053,18186
94533,1538,10184,3441,7261,33550
94534,807,5390,1443,3459,15597
94535,0,707,86,681,2326
94536,1801,9248,1881,4112,29546
94538,1331,7739,2267,4427,30747
94539,1061,7380,2776,3377,19130
94541,1280,7460,2597,5090,29054
94542,223,1427,470,2743,7499
94544,1209,9249,3107,6624,34730
94545,812,2974,904,2450,13466
94546,1183,5477,1930,2497,17133
94547,359,3384,660,2048,9507
94548,15,57,47,26,290
94549,674,4389,1214,1632,8198
94550,1326,6072,1986,3028,17339
94551,518,5082,1084,2729,15937
94552,304,1834,690,853,4559
94553,1058,5529,1355,3306,17991
94555,441,6592,1303,1788,15635
94556,475,2143,636,1879,5345
94558,1882,7453,2416,5101,22998
94559,369,3486,1187,2201,11985
94560,616,4671,1604,3549,21400
94561,329,6296,1592,4274,18714
94562,0,0,0,0,0
94563,723,2737,1106,795,4844
94564,553,1842,525,1157,7322
94565,1196,12948,3711,11272,45167
94566,938,6522,2092,2781,15151
94567,20,117,49,21,217
94568,429,10964,2572,3898,31701
94569,0,0,0,0,18
94571,307,391,118,354,2012
94572,159,978,398,855,4125
94573,0,17,0,16,44
94574,334,599,273,459,2625
94575,10,0,0,970,1020
94576,24,29,0,0,0
94577,1137,4356,1895,4126,20050
94578,897,4866,1350,3699,18157
94579,516,1869,658,1676,7287
94580,521,2984,980,2252,11355
94582,346,8595,2616,3083,16983
94583,829,6045,1935,2915,14281
94585,564,4237,1197,3012,12176
94586,5,143,38,14,297
94587,1551,7108,1953,5430,28191
94588,602,4982,1540,2045,14079
94589,677,3869,1144,2566,10907
94590,564,4277,984,3794,15983
94591,959,6735,2327,4765,23473
94592,5,43,0,169,633
94595,2520,961,346,547,2773
94596,433,1898,812,2135,10929
94597,592,1840,770,1605,10680
94598,1090,2929,794,1377,8518
94599,500,114,33,29,639
94601,649,6677,2111,4619,24544
94602,703,3040,634,2222,11698
94603,390,5634,1454,3679,16820
94605,928,4604,1431,2916,17868
94606,756,3724,1085,2282,18364
94607,567,2390,688,1908,13872
94608,367,2221,415,2417,19372
94609,413,1870,456,2024,14017
94610,675,2509,789,1223,15486
94611,1043,3607,1241,1461,14203
94612,697,855,226,1288,9438
94613,0,0,20,564,605
94618,464,1717,699,844,6493
94619,287,3313,709,1688,11277
94621,197,5314,1861,3511,16369
94702,324,1989,599,1161,7244
94703,229,1608,701,2423,10728
94704,161,640,155,15362,21138
94705,279,1405,304,1004,5564
94706,306,2871,848,1350,8891
94707,493,1398,370,525,3053
94708,220,1177,371,680,3599
94709,256,358,121,3114,7445
94710,75,489,451,796,4074
94720,0,24,188,4626,5160
94801,370,5013,1629,3937,14624
94803,569,3061,730,1642,9778
94804,639,5563,1900,4032,20028
94805,244,1369,554,1083,5797
94806,991,8866,2654,6425,28064
94901,723,5015,1456,3440,15053
94903,1640,3036,1072,2644,10065
94904,689,1556,481,650,3060
94920,487,1510,613,741,3497
94922,39,118,40,73,187
94923,45,16,113,62,397
94924,39,61,0,27,320
94925,381,1587,324,618,2888
94928,902,4754,1389,7597,22291
94929,0,32,0,0,213
94930,136,801,356,675,2779
94931,131,785,192,786,3678
94933,14,98,16,111,412
94937,89,35,0,26,129
94938,0,13,21,12,148
94939,160,710,319,595,2441
94940,0,10,31,48,79
94941,734,4352,1753,1858,9717
94945,678,1841,736,806,4641
94946,11,49,15,29,215
94947,506,2577,1217,1899,8238
94949,547,2156,607,1296,5287
94950,0,0,0,0,0
94951,89,427,137,175,937
94952,728,4276,1290,1723,12002
94954,1097,3773,1714,2918,14129
94956,48,14,6,79,270
94957,26,394,96,119,544
94960,196,2358,765,1150,4727
94963,19,23,70,93,179
94964,0,0,0,216,942
94965,427,795,246,640,4020
94970,4,0,7,0,27
94971,13,25,22,48,113
94972,0,37,0,0,74
94973,20,56,20,97,310
95002,54,195,97,173,809
95003,717,2632,798,2380,7897
95004,36,345,87,289,1368
95005,24,772,387,705,2645
95006,45,867,90,835,3181
95007,0,42,0,0,85
95008,1394,5975,1784,2836,19520
95010,351,780,263,618,3094
95012,59,2406,392,843,4639
95013,0,0,0,0,0
95014,1459,9197,2698,4920,24264
95017,10,155,22,33,342
95018,57,513,118,533,2099
95019,56,1269,104,615,2271
95020,1039,11121,3302,6478,27592
95023,891,8820,2709,5449,24207
95030,461,1463,620,790,3448
95032,1081,4383,1248,1357,8558
95033,169,1238,279,459,3061
95035,1373,9257,2679,5542,36685
95037,821,7178,2255,3896,19282
95039,34,344,69,83,450
95041,27,71,10,7,345
95043,18,80,32,9,200
95045,108,326,106,250,1471
95046,146,414,261,358,1834
95050,603,3516,1068,5462,19802
95051,1289,5765,1688,3679,29978
95053,0,0,50,3187,3317
95054,262,2601,662,1603,12832
95060,719,3497,1226,9942,23052
95062,694,2991,1089,3452,15328
95064,0,91,203,8328,9359
95065,224,893,293,832,3185
95066,611,1440,480,1374,5045
95070,1432,3823,1710,1599,8766
95073,290,1408,539,866,3896
95075,0,51,19,48,166
95076,1439,12356,4331,8464,33246
95110,206,2463,440,1586,11333
95111,741,9461,2398,5738,24837
95112,880,4166,1501,12941,33187
95113,36,33,10,236,1469
95116,997,6563,2233,5702,22349
95117,545,3510,883,1994,12076
95118,455,4356,1154,2378,12948
95119,160,1321,391,814,4223
95120,931,5327,2207,3019,11506
95121,568,4245,1320,2974,13800
95122,882,7832,2364,5924,23028
95123,1408,8185,2654,6455,30224
95124,944,7849,2230,3743,19368
95125,1290,5862,1884,3563,20106
95126,495,3537,1103,3167,18958
95127,958,8326,2225,5620,25321
95128,813,3251,1193,2080,15280
95129,929,5290,1767,3069,15116
95130,199,2026,507,652,5127
95131,331,3266,968,2923,14454
95132,774,3591,1685,3936,16246
95133,608,3214,859,2302,12310
95134,68,1496,479,2210,21654
95135,1178,2801,982,1184,5609
95136,706,5751,1852,3606,20625
95138,320,2868,1015,2012,7950
95139,118,1167,294,414,2785
95140,6,0,0,0,0
95148,838,5080,2186,4594,17929
95202,162,810,192,296,2266
95203,142,2302,604,1465,6691
95204,644,4261,1012,2937,12731
95205,396,7429,1647,4579,17026
95206,566,11539,4004,8366,31093
95207,1240,7620,2253,5918,23266
95209,1135,7132,2187,4030,18929
95210,800,6833,2256,4384,18251
95211,0,0,35,1588,1676
95212,169,3597,1833,3068,11991
95215,527,3716,1223,2301,9929
95219,219,4406,1928,2191,12229
95220,76,1062,698,624,3252
95221,0,21,22,102,292
95222,143,502,308,286,1409
95223,130,170,9,51,480
95224,20,53,0,0,68
95225,0,113,18,73,125
95226,0,0,0,0,0
95227,31,189,10,13,339
95228,65,450,147,167,1410
95230,16,100,28,14,214
95231,98,501,141,418,2482
95232,0,0,0,0,142
95233,0,0,0,25,48
95236,97,513,368,338,1891
95237,62,514,174,231,1439
95240,974,7701,2111,5132,21485
95242,824,3839,1304,2059,10575
95245,52,112,115,39,778
95246,7,0,0,69,236
95247,92,415,46,256,1049
95248,0,35,27,0,71
95249,166,470,263,227,1803
95251,0,0,0,0,53
95252,449,1781,504,1125,4627
95253,11,200,0,78,219
95254,14,0,0,28,56
95255,16,152,86,101,409
95257,0,0,0,0,99
95258,165,512,72,180,1281
95301,665,7251,1944,3715,17283
95303,44,109,27,117,319
95304,278,2129,789,1617,7160
95305,29,0,0,0,44
95306,2,26,16,15,123
95307,1123,8292,2018,4956,20963
95309,0,0,0,0,0
95310,77,231,144,100,549
95311,4,265,108,125,603
95312,19,30,11,30,100
95313,19,40,9,111,346
95315,161,2100,933,1658,5839
95316,83,889,309,849,2649
95317,9,182,51,111,478
95318,0,110,0,34,155
95319,0,125,44,141,828
95320,375,1587,473,649,4409
95321,172,270,19,347,988
95322,45,1409,635,838,3987
95323,16,194,89,193,616
95324,260,1474,313,689,3435
95325,0,0,0,0,0
95326,448,1662,498,996,3907
95327,223,650,213,617,4218
95328,90,973,313,314,1773
95329,21,233,20,157,485
95330,57,5160,1406,2720,12447
95333,24,505,122,242,1241
95334,283,2900,836,1665,7179
95335,0,0,0,0,0
95336,911,6419,2119,4388,19144
95337,509,7321,1566,3469,17760
95338,577,1284,284,312,2301
95340,657,4762,1506,5504,16198
95341,209,6889,2457,3709,16521
95345,0,45,41,16,249
95346,48,0,73,0,375
95348,339,5474,1333,5314,17019
95350,1296,7540,2207,4930,22679
95351,720,8560,2219,5411,21024
95354,262,4045,880,1809,10255
95355,1121,8006,3038,4625,24483
95356,633,4630,1775,2489,12627
95357,195,2812,500,959,5671
95358,376,5516,1505,3301,13376
95360,160,1932,601,1477,5939
95361,787,5031,1792,3070,13462
95363,411,4712,1788,3274,13184
95364,0,0,0,0,0
95365,48,617,236,329,1674
95366,540,2665,766,1228,6686
95367,341,4298,1272,2340,10310
95368,73,1807,322,2072,6827
95369,15,80,35,68,252
95370,1148,3190,1006,1715,8614
95372,17,261,0,252,641
95374,45,258,51,178,587
95375,1,0,0,0,15
95376,698,8077,2129,5475,24047
95377,302,6092,1481,3527,13800
95379,219,352,192,153,1121
95380,733,6578,2252,4516,19068
95382,834,5419,1810,4531,16319
95383,44,183,0,210,981
95385,0,90,4,41,244
95386,55,1650,619,1191,4518
95387,19,267,61,104,461
95388,168,2392,670,1349,5851
95389,0,29,23,293,1363
95391,86,4488,1459,2640,10341
95401,603,4309,1048,3208,15078
95403,964,5883,1472,3581,17626
95404,1003,4243,1105,2870,13966
95405,780,2530,738,1932,8716
95407,283,6255,2567,4007,19117
95409,1345,2472,853,1563,7707
95410,27,34,0,107,142
95412,0,53,16,0,83
95415,74,292,77,61,436
95417,0,46,0,12,83
95419,0,0,0,14,32
95420,0,1,0,3,118
95421,28,87,35,60,436
95422,316,2702,864,926,6178
95423,120,261,123,235,819
95425,232,1480,396,748,4079
95426,28,138,38,24,270
95427,0,0,23,68,230
95428,39,298,118,229,997
95429,0,0,0,0,0
95430,0,0,0,0,0
95431,0,0,4,0,36
95432,29,17,0,51,154
95435,0,144,0,53,120
95436,45,637,268,230,2302
95437,182,1500,585,603,4137
95439,0,143,0,0,190
95441,24,143,24,138,516
95442,60,176,25,36,361
95443,0,98,0,0,64
95444,0,31,6,42,70
95445,3,201,115,20,489
95446,71,276,44,283,1419
95448,342,1231,416,1209,5549
95449,8,181,19,108,743
95450,18,34,8,7,54
95451,226,1371,416,979,4371
95452,20,64,8,0,626
95453,397,924,460,868,3656
95454,0,136,39,23,520
95456,105,73,94,21,184
95457,12,315,133,136,750
95458,27,391,16,543,1334
95459,17,56,95,70,374
95460,0,164,85,154,588
95461,65,387,157,163,1188
95462,70,68,29,55,240
95463,0,0,4,10,52
95464,58,289,44,63,809
95465,12,142,0,67,348
95466,26,37,52,52,402
95467,130,993,147,424,1745
95468,55,209,85,43,542
95469,57,145,48,14,374
95470,244,763,359,645,2436
95471,27,57,80,0,254
95472,731,2565,1011,1617,8024
95476,1637,3003,1078,2261,10640
95480,0,1,0,0,0
95482,715,5236,1173,2935,12346
95485,67,224,43,154,899
95486,0,0,0,16,16
95488,0,21,0,0,86
95490,258,1642,197,1426,5034
95492,586,3672,1516,2267,10387
95493,11,0,0,0,42
95494,6,0,0,0,16
95497,101,56,0,0,89
95501,300,2661,761,1885,10057
95503,721,2306,903,1751,8399
95511,11,0,0,0,12
95514,0,17,16,0,16
95519,278,2350,556,1859,7445
95521,295,1707,565,6420,13069
95524,10,252,37,138,519
95525,30,73,3,54,422
95526,0,55,39,21,243
95527,0,127,72,17,171
95528,5,156,51,106,474
95531,280,2887,721,1797,8923
95536,168,352,157,279,1064
95537,0,0,0,149,564
95538,49,74,45,13,194
95540,428,1712,547,1653,5856
95542,85,238,64,336,1014
95543,0,12,2,8,103
95545,0,28,7,66,287
95546,15,425,106,367,1005
95547,16,114,23,56,223
95548,19,155,40,36,282
95549,8,147,15,83,551
95550,0,0,0,0,109
95551,3,135,102,458,876
95552,4,8,0,0,70
95553,0,233,0,150,333
95554,11,0,0,31,148
95555,9,26,9,21,157
95556,29,132,8,15,228
95558,0,25,2,5,34
95559,0,0,0,0,0
95560,39,253,0,93,438
95562,20,701,0,368,1166
95563,27,18,0,63,130
95564,7,46,27,87,236
95565,4,99,40,70,352
95567,43,264,91,138,748
95568,0,7,12,29,154
95569,11,0,0,12,12
95570,33,158,250,198,878
95571,0,0,0,11,30
95573,0,143,71,106,472
95585,51,14,18,73,145
95587,0,0,0,0,0
95589,62,163,5,68,327
95595,0,24,0,0,8
95601,0,25,0,0,166
95602,712,1740,470,1354,5280
95603,759,2980,854,1857,8825
95604,0,0,0,0,34
95605,257,1963,676,1869,6719
95606,0,8,0,0,7
95607,36,0,0,0,0
95608,2662,6669,2224,4866,23541
95610,967,5345,1537,4287,19702
95612,75,154,30,172,466
95613,0,0,0,0,0
95614,210,515,248,123,1308
95615,0,113,23,50,359
95616,939,3216,1148,23811,34895
95618,539,2571,1097,6242,13669
95619,79,929,98,338,2334
95620,357,3384,862,2264,9090
95621,1195,4869,1470,3197,16905
95623,54,307,312,301,1632
95624,848,9653,4120,6001,27146
95625,0,0,0,0,64
95626,114,695,204,544,2060
95627,64,739,138,319,1602
95628,1042,4805,1512,3124,15834
95629,33,28,0,32,165
95630,1397,11048,3363,5587,28406
95631,153,968,337,344,1814
95632,478,4394,1275,2588,12095
95633,10,466,57,87,966
95634,159,285,86,373,1153
95635,28,68,0,95,230
95636,0,334,58,25,443
95637,0,12,0,0,100
95638,171,159,95,208,767
95639,0,0,0,101,101
95640,186,1011,394,566,4746
95641,82,121,35,87,404
95642,254,631,174,730,2282
95645,19,205,26,66,431
95646,0,27,0,13,93
95648,1845,7619,2154,2924,17467
95650,306,1538,548,1054,4492
95651,0,138,28,87,205
95652,0,299,61,230,534
95653,38,0,1,25,143
95655,0,860,269,446,1999
95658,145,616,177,286,1701
95659,19,128,34,76,279
95660,425,5587,1358,3603,15123
95661,1279,3904,1080,2631,11985
95662,791,3769,1277,2250,11894
95663,64,314,39,130,686
95664,0,114,16,57,252
95665,96,397,147,57,1198
95666,150,359,213,365,1533
95667,1111,3992,1156,2126,10959
95668,20,60,19,28,156
95669,76,252,78,339,916
95670,1041,7971,2081,4568,24076
95671,0,0,0,349,2985
95672,108,547,219,622,1822
95673,321,2185,511,1827,6649
95674,21,176,48,40,278
95675,0,108,0,44,180
95676,0,16,10,16,62
95677,517,3827,1124,2507,11467
95678,736,5124,1886,4035,20360
95679,0,27,0,0,43
95680,0,0,0,0,0
95681,13,375,0,177,421
95682,1036,3540,1105,2232,9655
95683,178,655,311,293,1501
95684,80,147,22,261,708
95685,219,497,145,214,1492
95686,17,185,64,111,459
95687,1108,7846,2309,5533,29820
95688,756,5817,1733,3670,15172
95689,27,223,37,85,413
95690,0,81,119,185,713
95691,411,6407,1596,3466,17583
95692,72,889,185,228,1909
95693,166,810,237,451,2460
95694,99,974,713,937,3969
95695,840,5715,1121,3511,15839
95697,0,69,52,41,155
95698,10,14,0,0,27
95699,0,0,9,0,35
95701,33,46,7,107,290
95703,53,58,28,316,639
95709,63,595,152,360,1717
95713,232,1300,453,731,3386
95714,17,43,21,32,138
95715,8,15,8,0,16
95717,0,20,0,15,39
95720,0,16,0,0,5
95721,0,0,0,0,0
95722,110,412,108,213,1085
95726,118,868,293,423,2592
95728,9,57,63,58,191
95735,0,2,0,6,19
95736,14,0,0,36,101
95742,53,2615,491,721,5891
95746,674,3152,1313,1877,6512
95747,2469,10388,3416,5102,27616
95757,752,8749,2514,4588,21222
95758,908,9762,3216,4094,25533
95762,1014,6209,2673,3137,13959
95765,919,6791,2354,4476,17949
95776,311,3372,1546,3148,11563
95811,154,283,105,1121,5685
95814,354,297,46,943,7167
95815,146,3759,1219,2163,12058
95816,255,565,260,1732,11088
95817,75,1255,258,1550,7817
95818,509,2442,570,1030,9634
95819,520,1791,543,3013,9144
95820,826,3815,1394,3541,17311
95821,1275,4741,839,2429,14227
95822,1348,5652,1753,3765,18863
95823,912,13313,4510,8371,36773
95824,564,5274,1350,3434,12812
95825,1049,4342,946,4301,18165
95826,1183,4231,1185,5612,18915
95827,346,2962,786,2115,9263
95828,1052,8585,2785,5493,25842
95829,521,4472,1571,2698,12791
95830,0,66,7,62,235
95831,1584,4221,1884,3006,17073
95832,41,2174,718,1611,6250
95833,254,5147,1526,3781,19390
95834,421,4995,1066,2376,15888
95835,565,5690,1691,2630,16497
95837,11,8,8,51,82
95838,423,7332,1793,4907,18364
95841,317,2313,825,2073,10146
95842,311,5662,1228,3086,14875
95843,427,6887,2178,4023,19594
95864,774,3506,1238,1702,8577
95901,361,5311,1611,2993,15295
95903,0,195,7,839,1376
95910,0,0,0,0,67
95912,121,672,180,568,2076
95913,19,37,15,26,102
95914,8,29,6,22,94
95915,0,0,0,0,0
95916,20,95,36,34,196
95917,28,710,141,693,1664
95918,28,96,61,8,374
95919,21,212,25,7,314
95920,0,4,3,12,65
95922,14,30,19,6,118
95923,0,0,0,0,3
95925,0,24,0,27,106
95926,683,4284,1484,12068,23418
95928,646,3473,962,8387,19332
95929,0,0,0,0,0
95930,0,58,0,0,110
95932,189,1250,428,507,2911
95934,13,0,0,0,0
95935,0,0,15,25,116
95936,0,0,0,7,22
95937,85,62,44,48,399
95938,72,403,278,479,1677
95939,7,18,2,14,137
95941,0,47,0,6,154
95942,0,116,200,11,670
95943,5,37,34,74,270
95944,0,0,0,0,0
95945,1281,2908,953,1590,8297
95946,468,831,257,455,2450
95947,15,122,109,31,413
95948,107,2204,446,907,4259
95949,462,1711,599,1559,6369
95950,0,73,11,25,83
95951,5,419,101,491,1189
95953,232,1635,532,824,4032
95954,195,920,418,734,3106
95955,80,258,20,165,486
95956,18,38,0,24,98
95957,6,69,33,57,295
95958,0,0,0,0,0
95959,476,1309,467,897,5146
95960,0,123,24,7,272
95961,427,5798,1355,3666,14580
95962,48,111,0,63,454
95963,365,2546,571,1354,5768
95965,357,2876,734,2069,8241
95966,845,3199,1287,1857,10080
95968,0,184,0,111,475
95969,225,567,222,584,1854
95970,15,82,3,40,90
95971,67,481,269,538,2079
95972,0,86,0,0,0
95973,914,5020,1254,3646,16178
95974,0,0,0,0,0
95975,0,208,142,47,575
95977,66,295,37,138,775
95978,0,23,0,0,35
95979,9,17,14,26,107
95981,17,0,0,0,0
95982,26,389,190,157,1156
95983,41,10,0,20,129
95984,0,0,0,0,62
95986,0,0,0,0,0
95987,231,956,371,660,2892
95988,123,1227,610,679,3642
95991,995,6946,1924,3610,18716
95993,833,4820,1755,4050,14415
96001,976,4500,1411,2759,12415
96002,1061,4641,1700,2570,13379
96003,1458,5354,1183,4005,16625
96006,63,16,30,12,188
96007,510,2846,811,1559,9157
96008,6,75,10,60,361
96009,0,30,8,26,67
96010,0,0,0,28,28
96011,3,69,0,5,57
96013,107,703,105,177,1045
96014,0,29,11,0,36
96015,139,0,6,10,16
96016,23,30,0,0,58
96017,10,10,0,0,18
96019,226,1395,554,964,4149
96020,108,246,30,88,698
96021,242,2171,426,1341,5748
96022,206,1952,372,969,4951
96023,27,159,45,82,414
96024,0,204,92,20,236
96025,89,165,66,143,679
96027,39,187,72,64,450
96028,44,209,25,129,545
96029,10,16,18,0,47
96031,0,0,0,0,8
96032,20,402,83,118,867
96033,6,40,8,5,63
96034,9,19,9,33,118
96035,64,456,301,260,1353
96037,29,0,0,18,18
96038,41,41,17,61,134
96039,29,67,8,30,169
96040,0,0,0,12,12
96041,298,285,36,108,970
96044,23,127,80,79,340
96046,0,0,0,0,0
96047,8,51,0,43,240
96048,17,77,10,57,390
96050,13,6,3,4,64
96051,20,29,30,42,211
96052,44,290,97,92,886
96054,4,30,0,21,96
96055,166,483,202,233,1396
96056,43,73,95,43,359
96057,77,102,46,146,299
96058,0,99,58,65,375
96059,0,29,23,0,47
96061,0,0,0,0,0
96062,6,54,13,129,284
96063,0,0,0,0,27
96064,52,608,134,263,1367
96065,0,3,6,0,94
96067,235,961,188,388,1925
96068,0,8,15,7,103
96069,20,259,47,78,381
96071,0,0,0,0,0
96073,93,765,403,281,1789
96074,3,22,4,29,114
96075,0,0,0,19,174
96076,0,0,0,0,23
96078,0,0,37,37,74
96080,662,4556,1514,2329,11186
96084,0,70,15,25,162
96085,7,4,5,0,9
96086,9,10,6,6,48
96087,0,53,27,48,292
96088,147,360,34,409,998
96090,19,58,11,16,114
96091,31,24,13,45,106
96092,9,69,6,0,187
96093,18,551,80,298,1327
96094,216,533,218,648,2185
96096,5,50,20,72,182
96097,196,1583,424,823,3692
96101,134,505,111,338,1606
96103,33,118,68,32,211
96104,13,140,77,13,255
96105,0,69,34,0,152
96106,25,102,0,23,144
96107,18,143,0,129,307
96108,18,25,26,0,26
96109,44,113,39,115,591
96110,0,0,0,0,5
96111,0,0,0,0,0
96112,15,15,0,0,63
96113,112,115,28,67,1161
96114,69,283,5,233,716
96115,13,10,5,2,33
96116,0,0,0,0,0
96117,0,88,0,0,74
96118,38,188,45,153,456
96119,0,15,0,0,0
96120,20,108,60,89,390
96121,0,0,0,81,81
96122,69,470,58,225,1299
96123,3,5,0,0,8
96124,0,109,13,0,74
96125,7,0,0,0,0
96126,0,41,0,101,108
96128,0,112,53,1,225
96129,0,81,79,0,79
96130,288,2104,599,1991,11104
96132,2,0,0,5,10
96133,0,0,0,66,66
96134,35,333,48,148,820
96135,0,0,0,0,0
96136,0,0,16,0,16
96137,66,227,77,164,725
96140,49,145,35,50,403
96141,15,20,40,44,137
96142,16,65,5,64,434
96143,0,508,111,214,1355
96145,38,277,47,114,1275
96146,0,45,20,55,584
96148,11,50,0,0,126
96150,381,2704,761,2509,12574
96155,0,0,0,0,0
96161,176,2271,615,1059,6693
96701,1630,3667,885,3465,15269
96703,65,479,97,245,1038
96704,167,769,169,640,2606
96705,28,306,50,238,846
96706,1205,13560,3069,6394,36188
96707,643,7830,1646,3909,20591
96708,244,1557,190,492,4311
96710,24,7,0,3,45
96712,74,858,290,675,3349
96713,9,49,23,75,280
96714,18,199,141,95,477
96716,150,169,88,85,1047
96717,108,859,187,400,1784
96719,66,219,22,107,438
96720,1818,6600,1780,4223,18671
96722,25,189,164,32,585
96725,43,720,214,210,1427
96726,0,0,0,0,0
96727,56,714,163,488,1681
96728,7,52,9,16,123
96729,6,222,61,152,484
96730,6,235,57,44,616
96731,42,433,133,227,1007
96732,731,3348,1010,1904,8958
96734,1517,7003,1476,5213,21583
96737,0,312,42,53,1065
96738,56,1278,358,285,2802
96740,632,4560,1090,2782,14237
96741,118,728,186,594,2004
96742,4,0,0,0,27
96743,252,1779,632,464,4534
96744,2341,5811,1675,3656,19136
96746,432,2423,548,1063,6680
96747,2,181,141,191,610
96748,174,714,359,360,1695
96749,264,2092,505,1313,6024
96750,149,495,209,166,1168
96751,0,0,0,0,67
96752,72,600,75,311,1048
96753,719,2858,779,2470,10965
96754,34,542,103,295,1612
96755,182,416,85,284,1005
96756,186,680,231,240,1784
96757,11,88,88,10,238
96759,43,49,0,49,49
96760,33,505,168,383,1215
96761,402,2611,844,1184,8794
96762,8,783,306,1736,3461
96763,107,343,158,253,1252
96764,19,63,8,8,144
96765,9,143,38,52,283
96766,637,2230,625,1474,6802
96768,191,1712,635,1271,6459
96769,38,74,0,23,79
96770,10,56,4,17,88
96771,44,919,452,768,2705
96772,50,290,132,175,895
96773,0,5,12,6,54
96774,5,0,0,40,65
96776,76,152,56,58,577
96777,32,250,54,297,706
96778,241,1945,647,858,4735
96779,36,168,115,235,1070
96780,22,72,0,9,109
96781,19,150,55,134,591
96782,1861,4246,1303,3299,14245
96783,29,232,119,171,647
96785,79,306,34,146,857
96786,933,6096,1389,5946,20469
96789,1131,6942,1892,4050,19661
96790,170,1332,298,401,2635
96791,198,519,247,461,2496
96792,322,8813,2819,3919,20520
96793,701,5138,1387,2515,12148
96795,269,1651,489,1018,3847
96796,43,211,70,85,742
96797,2537,7804,2700,6283,28051
96813,863,1865,970,2221,10766
96814,632,1232,400,1048,9167
96815,878,1547,468,1559,10657
96816,2356,4130,1649,4144,18554
96817,2732,5631,1474,4195,19005
96818,1025,9535,1792,4561,25798
96819,1500,6812,1898,4672,20121
96820,0,0,0,0,0
96821,1253,1690,501,1375,5836
96822,1893,3548,893,4096,18190
96825,1893,3320,1390,1589,9201
96826,1436,2005,504,2476,12525
96848,0,0,16,242,462
96850,0,0,0,0,0
96853,0,0,0,450,522
96857,0,0,0,3686,4620
96858,0,0,0,209,312
96859,0,0,0,0,0
96860,0,0,0,2917,3918
96863,0,0,0,2108,2530
97001,0,4,0,51,171
97002,2,736,450,495,1969
97003,241,3765,949,2849,14015
97004,37,349,116,206,1322
97005,614,3155,693,2758,12621
97006,577,5630,1576,3322,22168
97007,528,6233,2248,3673,19303
97008,553,3717,897,1903,12730
97009,182,1020,426,549,2840
97011,50,66,30,125,458
97013,555,3207,1116,1737,8832
97014,33,135,22,84,473
97015,460,2918,562,1995,9607
97016,67,678,209,540,2221
97017,34,444,151,455,1335
97018,34,213,125,51,501
97019,12,379,78,97,997
97020,7,123,30,126,488
97021,53,194,33,95,464
97022,29,347,145,236,1013
97023,388,1112,465,1028,4040
97024,262,1401,348,1099,5203
97026,14,611,251,376,1582
97027,289,1459,321,967,4580
97028,4,0,0,8,36
97029,4,40,4,51,148
97030,1221,4927,1198,3824,16974
97031,356,2579,902,1367,7338
97032,55,681,138,288,1825
97033,0,19,0,0,25
97034,502,2787,1062,721,5703
97035,564,3220,1168,1489,9396
97037,17,69,32,54,162
97038,184,2304,752,1339,6993
97039,12,66,19,50,174
97040,12,216,38,88,563
97041,8,280,143,359,1329
97042,24,238,160,288,1036
97045,938,7099,2014,4266,22337
97048,94,806,271,421,2193
97049,0,118,51,179,608
97050,2,32,4,4,48
97051,337,2002,668,1724,7086
97053,60,262,121,292,1022
97054,34,57,6,75,221
97055,305,2337,886,1791,8464
97056,365,1612,520,857,4875
97057,4,6,1,0,3
97058,612,2713,823,1704,8099
97060,177,3282,866,1768,9450
97062,354,3764,1176,2374,11966
97063,19,53,14,5,90
97064,42,572,113,169,1166
97065,6,51,19,70,211
97067,67,184,20,31,351
97068,671,4721,1361,1820,9044
97070,779,2968,821,2365,10830
97071,959,5093,1444,2938,11381
97078,390,2492,1180,3099,11303
97080,546,5791,2104,4036,17967
97086,1181,4555,1331,2950,12090
97089,322,2205,604,1119,5062
97101,11,385,127,571,1727
97102,40,35,0,0,26
97103,373,1869,557,1349,6527
97106,7,569,190,289,1856
97107,74,289,40,130,692
97108,36,79,19,72,286
97109,0,40,35,35,206
97110,35,82,15,135,357
97111,45,530,91,350,1482
97112,45,167,62,78,663
97113,208,1980,867,1402,6180
97114,169,634,273,340,1694
97115,11,598,218,418,1353
97116,673,3604,1433,3775,12331
97117,0,285,44,29,271
97118,17,97,14,38,215
97119,107,723,207,401,1767
97121,19,163,22,251,739
97122,0,100,21,0,53
97123,685,6263,1968,3889,21094
97124,840,6772,1533,5134,26826
97125,7,0,0,0,24
97127,0,644,147,466,1885
97128,1071,5339,1419,4037,14113
97130,43,15,0,0,88
97131,43,180,138,87,657
97132,717,3612,1184,3745,13988
97133,52,715,164,432,1928
97134,0,0,13,0,29
97135,83,190,68,80,530
97136,21,110,203,158,666
97137,17,195,55,86,416
97138,297,1237,337,802,3732
97140,386,4756,1610,2249,11691
97141,295,1516,315,934,4200
97144,0,0,19,0,58
97145,0,6,0,0,32
97146,187,960,215,379,2577
97147,29,39,20,0,161
97148,46,389,216,161,1207
97149,0,156,14,58,211
97201,276,580,362,4164,10526
97202,465,4183,1470,4180,21932
97203,217,3945,985,4287,17986
97204,0,16,0,56,575
97205,206,511,182,792,4306
97206,616,5195,1474,3446,25059
97208,0,0,0,0,0
97209,186,334,86,1550,12397
97210,143,573,112,1008,6450
97211,313,3796,664,1907,16279
97212,217,3341,868,1574,11247
97213,347,3166,1139,1165,13454
97214,321,1977,238,1560,16154
97215,193,1696,474,894,7894
97216,600,1846,491,1048,6973
97217,250,3072,521,2144,17809
97218,120,1399,539,1295,8147
97219,641,4914,1350,3623,17907
97220,689,2533,727,2238,12383
97221,406,1804,546,850,4698
97222,837,3317,1357,3009,16873
97223,456,5390,1726,3485,20979
97224,1569,3789,1203,1890,12478
97225,446,2293,1040,2383,11873
97227,9,185,101,562,3891
97229,1057,11869,3850,4942,29769
97230,1136,4196,1392,3431,17519
97231,130,391,107,242,1108
97232,392,1167,204,1283,7877
97233,659,4723,1475,3013,16560
97236,378,5486,1768,3282,16059
97239,626,1327,370,1077,8791
97258,0,0,0,0,0
97266,590,3675,1519,2795,16280
97267,918,2873,951,2480,11595
97301,801,6980,2065,6713,25892
97302,861,5439,1296,3365,15762
97303,909,5787,1718,3931,17251
97304,767,4530,1698,2474,13109
97305,577,6087,2110,5724,20623
97306,638,4838,1803,2477,13672
97310,0,0,0,158,772
97317,533,2777,875,3094,10228
97321,454,3507,1561,2561,11507
97322,962,4995,1376,2741,15241
97324,20,142,41,50,327
97325,49,826,287,658,2924
97326,71,70,62,25,161
97327,51,347,60,214,904
97329,0,0,0,0,17
97330,1353,4086,1203,11120,22799
97331,0,0,18,3483,3533
97333,350,1742,523,6014,12556
97335,0,53,0,54,106
97336,0,0,25,0,25
97338,659,2322,877,2700,8642
97341,130,207,19,89,740
97342,0,18,0,3,22
97343,11,6,14,68,135
97344,13,202,44,249,724
97345,13,83,38,23,137
97346,4,98,65,18,301
97347,49,141,27,105,428
97348,6,166,134,212,826
97350,0,2,0,0,18
97351,42,1594,568,1985,5358
97352,92,1392,295,474,2503
97355,1029,4007,1096,2835,11759
97357,22,11,1,8,17
97358,2,233,25,228,663
97360,17,361,157,116,869
97361,243,1795,468,3141,6801
97362,244,734,189,197,1433
97364,2,51,43,56,209
97365,296,1064,365,967,3672
97366,78,155,120,76,509
97367,191,1013,243,412,3087
97368,29,392,87,131,927
97369,0,0,0,0,57
97370,63,748,459,855,3643
97371,12,96,13,28,177
97373,0,0,0,87,135
97374,95,524,42,66,1000
97375,3,207,98,133,469
97376,0,35,3,133,412
97377,0,58,22,129,339
97378,176,867,370,960,4571
97380,8,277,90,233,958
97381,271,2490,570,851,5370
97383,264,1124,363,650,3763
97384,0,0,0,0,0
97385,245,492,196,248,1086
97386,269,1821,620,893,5203
97388,49,63,120,0,333
97389,32,210,41,156,622
97390,10,0,0,0,0
97391,219,865,139,413,1729
97392,80,874,313,359,2350
97394,93,457,116,287,1250
97396,95,366,118,257,1324
97401,1376,3138,698,14335,27726
97402,598,5708,1890,4903,24489
97403,137,710,389,7720,10756
97404,771,4158,1071,2407,12924
97405,1244,4536,1768,4515,16999
97406,0,0,35,25,88
97408,342,1618,649,1320,5513
97410,27,0,0,22,22
97411,255,665,175,421,1861
97412,0,42,26,69,211
97413,15,69,20,67,304
97414,0,52,0,18,40
97415,540,1264,313,582,3490
97416,42,163,33,208,464
97417,117,333,106,138,824
97419,42,24,31,46,219
97420,890,2841,738,2239,10265
97423,144,644,263,349,1737
97424,463,2125,727,1904,6981
97426,245,1197,332,549,3835
97429,39,42,25,52,239
97430,12,27,3,0,89
97431,0,362,100,94,815
97432,0,83,0,0,61
97434,10,63,53,93,335
97435,80,295,69,154,701
97436,20,61,11,16,175
97437,77,239,146,204,750
97438,31,142,38,47,345
97439,693,1236,353,880,3629
97441,0,76,22,0,99
97442,20,156,48,36,498
97443,0,401,167,394,1123
97444,184,628,78,322,1637
97446,55,874,197,393,2327
97447,0,12,0,26,225
97448,330,1511,431,1222,5116
97449,39,113,46,40,388
97450,24,132,0,0,180
97451,0,45,16,59,162
97452,27,238,48,72,469
97453,6,72,3,20,140
97454,20,80,22,122,359
97455,51,277,115,163,676
97456,13,396,96,293,1195
97457,191,887,327,397,3014
97458,129,475,103,240,1292
97459,348,1747,613,893,4588
97461,18,133,9,9,152
97462,77,502,186,163,1061
97463,119,490,40,164,1206
97465,150,66,5,44,387
97466,52,258,39,63,423
97467,309,406,202,305,1351
97469,39,427,143,285,921
97470,458,2012,650,1483,7295
97471,1456,3884,1111,2290,10309
97473,11,0,4,14,118
97476,0,0,0,0,4
97477,1098,4061,1319,4020,15735
97478,498,4943,1539,3694,15330
97479,450,1066,361,656,3356
97480,0,22,2,20,84
97481,38,89,62,27,467
97484,0,25,15,26,113
97486,25,120,12,0,144
97487,165,1071,324,620,2566
97488,11,28,17,84,206
97489,36,130,10,65,166
97490,0,54,47,10,204
97492,170,87,27,11,161
97493,3,28,0,15,29
97494,0,0,0,28,28
97495,41,129,0,76,319
97496,281,871,285,456,2266
97497,109,134,32,47,265
97498,183,181,4,208,516
97499,30,129,53,176,472
97501,713,5222,1895,4486,19520
97502,764,3389,1428,2079,10734
97503,236,1949,660,1027,5679
97504,2294,6947,1654,2900,17231
97520,794,2244,646,3311,9201
97522,11,84,50,23,240
97523,82,806,120,389,1944
97524,529,2351,278,822,4717
97525,47,513,140,163,1362
97526,1238,3670,1225,2480,11910
97527,1119,4490,1246,2512,11569
97530,363,984,157,377,2542
97531,0,0,0,0,0
97532,5,151,113,40,738
97534,17,0,0,0,71
97535,295,276,99,428,1738
97536,10,168,44,42,280
97537,206,719,126,298,2071
97538,47,326,61,19,665
97539,33,272,93,83,744
97540,85,966,378,1073,3401
97541,45,157,15,89,481
97543,11,62,33,0,184
97544,24,229,37,26,624
97601,299,2319,1142,2419,8929
97603,697,4687,1016,2279,11732
97604,0,0,0,0,0
97620,0,6,0,0,7
97621,0,6,7,0,35
97622,6,0,0,30,41
97623,90,333,114,110,744
97624,99,344,48,308,1000
97625,6,23,6,6,12
97626,0,0,0,0,102
97627,0,103,108,65,173
97630,192,550,219,385,1781
97632,11,254,59,130,643
97633,36,185,21,134,568
97634,14,67,6,32,133
97635,0,115,0,0,42
97636,0,69,2,42,157
97637,0,6,4,0,46
97638,3,40,16,30,197
97639,0,0,0,0,0
97640,23,15,0,7,24
97641,19,55,43,68,439
97701,1071,4881,1907,3750,18161
97702,806,6252,2034,2678,19906
97703,437,3125,942,2565,12199
97707,18,395,138,129,1703
97709,0,0,0,0,0
97710,0,5,0,6,13
97711,0,2,0,0,2
97712,0,0,0,0,39
97720,59,480,143,349,1412
97721,11,26,2,18,46
97722,0,2,1,1,6
97730,1,23,3,0,68
97731,0,21,0,16,115
97732,7,2,4,0,60
97733,0,0,0,30,99
97734,41,441,232,451,1610
97735,0,0,18,0,18
97736,6,8,3,12,39
97737,26,31,0,0,125
97738,84,342,49,121,789
97739,535,1056,227,423,3472
97741,247,2008,532,841,4719
97750,1,35,9,31,90
97751,0,19,0,0,28
97752,0,0,0,0,0
97753,34,203,76,222,719
97754,367,2616,676,1214,6950
97756,986,5665,1338,3527,16357
97758,2,12,0,3,14
97759,179,772,343,393,1949
97760,289,414,285,480,2432
97761,12,593,93,370,1407
97801,573,2596,894,1999,8866
97810,25,193,57,93,318
97812,32,168,49,52,313
97813,15,176,38,206,630
97814,564,1542,437,713,4122
97817,0,14,0,0,7
97818,77,847,309,528,2268
97819,0,0,0,4,7
97820,28,126,19,33,356
97823,109,83,20,72,247
97824,49,213,131,218,778
97825,4,78,30,2,135
97826,27,350,62,41,433
97827,64,305,131,151,819
97828,75,361,164,275,1109
97830,34,47,18,23,166
97833,12,70,8,19,148
97834,20,242,82,73,456
97835,6,50,58,44,235
97836,34,255,85,257,742
97837,9,2,0,6,9
97838,314,4918,1319,2836,11699
97839,3,26,6,0,95
97840,0,0,15,9,42
97841,0,42,18,50,155
97842,19,0,0,0,6
97843,9,78,11,24,150
97844,50,643,165,325,1457
97845,69,199,123,128,701
97846,36,161,19,56,448
97848,4,34,16,16,53
97850,363,2179,618,2244,6930
97856,16,35,8,20,138
97857,44,61,9,10,154
97859,0,34,0,0,4
97862,383,1713,516,797,4417
97864,46,19,2,11,22
97865,25,99,27,128,346
97867,43,147,80,21,356
97868,37,188,105,58,538
97869,71,71,11,51,311
97870,12,41,11,10,116
97873,15,11,0,8,37
97874,16,22,13,15,86
97875,35,248,49,256,980
97876,17,163,48,69,366
97877,5,0,0,0,27
97880,17,13,21,77,116
97882,55,752,291,754,3717
97883,93,303,79,200,954
97884,23,5,0,0,5
97885,37,240,66,40,402
97886,12,86,52,94,415
97901,21,94,24,20,192
97902,0,7,3,1,6
97903,5,0,0,0,0
97904,19,34,2,23,46
97905,8,0,0,0,0
97906,6,82,1,24,92
97907,17,67,7,73,234
97908,6,0,0,0,4
97909,0,0,0,0,0
97910,3,141,26,6,132
97911,1,0,4,4,17
97913,91,1017,372,702,2270
97914,604,2526,687,2082,8449
97917,0,0,0,3,21
97918,102,760,187,240,1382
97920,6,0,0,2,4
98001,606,4841,1623,2387,13406
98002,690,5019,1267,3132,14585
98003,1084,6515,2081,4332,21261
98004,1354,3416,1304,2692,19238
98005,403,2580,814,1332,9806
98006,421,5413,2094,2601,13714
98007,624,3026,599,1831,14965
98008,1469,3415,1032,1946,9756
98010,89,784,215,352,2323
98011,588,3531,858,1776,11937
98012,818,11000,2909,5574,34137
98014,37,863,439,454,2725
98019,35,1927,594,710,4384
98020,895,1798,473,849,5789
98021,317,5742,1466,1911,13980
98022,574,2626,684,1540,7635
98023,645,5744,1938,4954,20740
98024,85,452,132,328,1436
98025,0,0,0,0,0
98026,753,3931,1540,2647,15129
98027,670,2953,1064,1806,11683
98028,613,2694,722,1381,9435
98029,537,4652,1265,1268,14089
98030,575,5564,1570,4029,17153
98031,489,5946,1448,3654,17805
98032,276,6158,1018,3808,18511
98033,369,4728,1273,3223,17685
98034,988,5767,1460,3923,23494
98036,788,4495,1166,3768,17496
98037,471,3443,816,1900,12131
98038,415,6930,1898,2308,14480
98039,81,496,145,201,763
98040,1053,3596,1256,1453,7944
98042,631,6858,2073,4042,18835
98043,534,2399,696,1345,9274
98045,113,2008,698,968,6083
98047,58,1036,333,404,3445
98050,0,0,0,0,0
98051,72,553,112,371,1291
98052,1366,9688,2503,5129,37564
98053,338,3380,993,776,7139
98055,626,2530,594,1932,11560
98056,693,3492,1301,2661,15992
98057,253,719,173,1125,6502
98058,560,4908,1635,3275,17314
98059,561,6242,1555,3397,16520
98065,207,2963,879,557,6434
98068,11,42,0,0,84
98070,357,1091,524,530,3169
98072,516,3089,791,1390,9003
98074,75,5749,1875,1609,12139
98075,281,4051,1885,1211,9215
98077,33,1483,751,981,4837
98087,404,5590,1356,4120,21239
98092,541,7326,2761,4416,22029
98101,349,205,57,1924,9981
98102,157,746,197,2094,18137
98103,679,3355,1010,4469,29853
98104,694,390,163,1323,8530
98105,387,2992,831,20717,35905
98106,572,2585,785,1984,13764
98107,269,1834,304,2110,17303
98108,398,2931,773,1979,10244
98109,733,1118,200,3404,22574
98110,404,2857,1201,1011,6858
98112,408,2140,865,1364,10009
98115,1029,5590,1815,4028,25004
98116,473,2228,486,1487,12165
98117,347,4117,1021,1875,15045
98118,1121,5175,1514,3414,20888
98119,312,1567,266,3367,15245
98121,118,124,19,1154,13907
98122,362,1836,851,7377,28530
98125,1231,3499,816,3690,20338
98126,351,2462,453,797,9375
98133,1638,4488,1122,3021,22287
98134,13,0,0,190,477
98136,246,1590,307,563,7437
98144,596,2656,823,2324,15683
98146,403,3330,1221,2383,11975
98148,154,1159,384,1019,4800
98154,0,0,0,0,0
98155,926,3939,1140,2371,13994
98158,0,0,0,0,0
98164,0,0,0,22,162
98166,695,2491,560,1260,8248
98168,441,4294,1138,2720,14843
98174,0,0,0,0,0
98177,582,2493,956,963,6978
98178,633,3408,766,1582,10552
98188,323,3289,772,2369,12484
98195,0,0,61,2303,2398
98198,1227,4883,1151,2826,16805
98199,319,2715,359,563,9372
98201,679,3262,970,2146,12323
98203,840,3996,1087,2686,14743
98204,651,5670,1430,4284,19761
98207,0,0,0,811,1143
98208,836,7434,2691,5150,26360
98220,16,0,47,144,365
98221,811,2247,732,1386,6849
98222,0,0,0,7,7
98223,931,6201,2110,3357,16694
98224,0,6,2,0,68
98225,1112,3226,957,14428,27479
98226,858,4717,1176,4902,18910
98229,463,3887,1453,3631,14669
98230,345,2173,703,1441,6208
98232,62,390,185,233,1357
98233,382,2178,837,1526,7017
98235,0,128,12,102,237
98236,36,750,198,435,2028
98237,10,900,135,297,1625
98238,0,0,0,0,0
98239,359,582,180,282,2021
98240,0,745,168,133,1180
98241,72,250,73,101,631
98243,0,9,0,12,88
98244,87,291,50,171,1055
98245,107,340,70,254,1182
98247,63,1355,214,839,3155
98248,486,3578,1281,2088,10439
98249,133,376,129,166,1119
98250,210,711,277,466,2523
98251,51,566,141,337,1686
98252,124,1296,304,629,3752
98253,31,102,0,54,368
98255,0,24,30,11,120
98256,5,45,11,18,112
98257,205,359,100,258,958
98258,298,7899,2104,3147,20988
98260,324,340,102,175,1001
98261,65,235,66,132,647
98262,47,41,0,77,247
98263,0,36,9,8,70
98264,646,2926,909,2422,8961
98266,0,369,247,450,1755
98267,0,0,0,0,0
98270,918,6190,1878,4880,22304
98271,407,3539,874,2693,11874
98272,226,3731,1362,2279,13350
98273,410,4163,1337,2602,12017
98274,408,2311,569,1160,6157
98275,435,2523,846,1754,7455
98276,0,243,40,89,664
98277,742,5034,1074,3280,17494
98278,0,0,0,1979,2351
98279,17,15,8,9,137
98280,11,35,5,5,67
98281,9,120,31,71,260
98282,446,1549,542,1062,4559
98283,7,104,0,0,168
98284,362,3168,796,2230,10992
98286,1,7,7,4,30
98288,8,10,4,5,46
98290,750,4329,1435,2806,14515
98292,611,3549,1256,1476,8878
98294,35,901,347,520,3569
98295,34,551,94,166,1258
98296,276,3165,1377,2117,10169
98297,5,0,0,0,0
98303,9,106,29,25,148
98304,46,0,39,0,337
98305,0,0,0,0,70
98310,518,2095,533,1863,9778
98311,501,3292,837,2984,11710
98312,494,3670,933,2955,14030
98314,0,36,5,1170,1490
98315,0,786,93,2291,4371
98320,75,196,5,17,239
98321,227,2292,545,1302,6609
98323,6,94,34,15,220
98325,0,51,0,100,365
98326,0,161,0,63,424
98327,167,1687,310,862,4316
98328,132,1905,338,882,3640
98329,204,1328,542,830,4153
98330,0,0,0,0,24
98331,72,611,187,366,2355
98332,496,2253,611,969,5873
98333,60,468,142,150,914
98335,658,3451,1174,1895,9020
98336,0,145,9,2,186
98337,95,351,157,2033,5443
98338,471,5234,1449,2483,11775
98339,93,365,57,126,1062
98340,217,89,65,12,343
98342,44,119,51,75,379
98345,26,0,0,79,99
98346,218,862,314,799,3260
98349,64,711,12,125,1787
98350,0,81,17,25,139
98351,0,87,0,0,147
98353,0,0,0,0,14
98354,302,1170,383,648,3550
98355,16,145,44,127,449
98356,92,203,73,163,673
98357,0,243,65,254,600
98358,18,50,16,21,112
98359,52,732,172,215,1568
98360,172,2032,613,1084,6186
98361,0,0,0,0,87
98362,644,2343,708,1469,8035
98363,306,1490,594,946,4990
98364,0,21,18,0,18
98365,189,388,85,102,981
98366,650,4777,1421,3283,15394
98367,293,3846,1115,2028,11311
98368,762,1065,382,771,4097
98370,570,3455,1300,2043,11297
98371,485,2845,781,1737,9198
98372,382,3278,1239,2076,10840
98373,480,3819,1407,3351,13982
98374,783,6766,2329,3279,18104
98375,256,5509,2109,2727,15276
98376,31,172,66,137,585
98377,151,139,58,220,723
98380,33,833,260,251,1874
98381,5,35,7,26,105
98382,1347,2507,675,1550,7197
98383,421,2543,734,2632,9484
98385,0,34,18,25,110
98387,386,8175,2429,4625,23030
98388,182,707,126,681,2769
98390,201,1338,398,738,4828
98391,298,9432,2455,4320,22320
98392,19,342,69,211,1121
98394,0,155,67,170,507
98396,2,98,16,62,224
98402,56,122,12,877,4086
98403,0,828,122,764,4309
98404,538,4979,1226,3256,15701
98405,362,2209,666,2073,11601
98406,739,2369,520,1997,9602
98407,472,2261,541,715,6942
98408,484,2335,687,1569,8941
98409,267,3138,1108,4146,14715
98416,0,0,7,809,830
98418,105,1153,196,575,4960
98421,0,0,0,101,556
98422,347,2796,759,1648,8424
98424,49,1855,449,1052,5959
98430,0,0,0,322,580
98433,0,2422,228,6721,14410
98438,0,0,0,492,560
98439,0,1101,134,844,3052
98443,131,681,268,321,1942
98444,428,4713,1103,3838,16091
98445,429,4391,1746,2897,13994
98446,101,2121,379,843,5581
98447,0,0,0,1062,1067
98465,204,536,100,725,2982
98466,641,4048,1273,2983,12515
98467,318,1910,611,1321,5593
98498,736,2293,755,2592,11122
98499,627,4478,1152,3533,15584
98501,625,6541,2051,3034,18548
98502,677,4125,1254,3290,15214
98503,1654,4153,999,4090,17215
98505,0,0,3,399,403
98506,745,1558,431,1290,6460
98512,545,3413,1078,2590,12687
98513,260,5530,1352,2747,14597
98516,529,3421,982,1810,10271
98520,487,3156,1081,2065,10145
98524,64,632,206,191,1531
98526,0,22,0,37,76
98527,9,4,6,0,23
98528,336,1464,376,922,4145
98530,0,98,13,22,231
98531,646,3267,943,2131,10187
98532,587,3460,1195,2090,9743
98533,22,51,10,13,85
98535,0,0,0,9,63
98536,0,0,0,0,0
98537,33,480,124,259,1038
98538,21,19,18,37,142
98539,0,0,8,7,75
98541,145,1241,342,831,3211
98542,32,30,26,162,258
98544,0,0,0,0,0
98546,49,315,59,185,871
98547,33,40,36,97,209
98548,91,94,11,65,590
98550,259,1497,622,1113,4595
98552,6,42,5,0,73
98555,12,0,0,0,0
98556,0,0,0,25,393
98557,81,619,59,138,1376
98558,28,0,0,0,3
98559,0,0,0,0,0
98560,0,16,0,0,27
98562,0,0,0,0,78
98563,181,811,319,302,2292
98564,29,476,228,175,1163
98565,0,100,5,16,186
98566,24,59,0,0,101
98568,53,295,95,162,903
98569,93,226,16,163,1091
98570,22,558,153,197,1448
98571,0,0,0,0,0
98572,15,74,71,67,310
98575,9,4,1,6,20
98576,51,713,280,197,1794
98577,276,968,250,418,2296
98579,107,1345,502,974,5280
98580,106,1468,278,1041,3587
98581,53,0,0,0,0
98582,0,16,0,6,42
98583,0,11,0,22,47
98584,850,4724,1370,3065,14164
98585,11,77,0,0,100
98586,34,225,80,140,663
98587,9,135,46,124,344
98588,16,14,10,92,312
98589,100,714,223,649,2768
98590,10,28,9,20,77
98591,76,188,126,215,1041
98592,79,36,51,42,222
98593,9,131,27,113,450
98595,65,309,61,236,897
98596,87,1054,210,491,2489
98597,210,3589,1182,2423,11042
98601,43,494,106,170,967
98602,0,0,0,0,0
98603,10,269,0,46,330
98604,515,4894,1908,3536,14441
98605,21,86,56,164,553
98606,164,1160,369,790,2894
98607,305,5589,2037,2209,12418
98609,0,0,0,0,0
98610,193,262,60,133,867
98611,100,1234,279,514,3139
98612,103,401,126,168,776
98613,11,19,64,38,170
98614,0,0,0,0,66
98616,0,0,0,10,21
98617,21,143,18,19,384
98619,37,69,42,53,188
98620,109,1209,98,322,2238
98621,18,0,0,79,79
98623,0,0,0,0,36
98624,55,203,64,114,624
98625,91,738,317,214,1911
98626,573,3716,1090,2187,10241
98628,23,48,0,0,100
98629,195,1254,538,905,3331
98631,82,230,76,206,913
98632,1231,5861,1953,4222,19279
98635,48,181,89,86,537
98638,18,216,91,206,691
98639,32,150,60,104,444
98640,202,185,48,163,781
98641,0,0,0,0,0
98642,411,3780,1002,1419,8666
98643,0,58,0,0,158
98644,96,14,15,0,52
98645,33,271,95,138,583
98647,0,32,0,8,35
98648,47,408,131,274,1164
98649,0,126,25,81,279
98650,7,89,66,136,440
98651,11,69,30,26,287
98660,207,1119,538,991,6066
98661,555,5864,1701,5076,22215
98662,896,4393,1751,3637,16299
98663,300,1693,492,1084,6428
98664,720,3335,639,1573,8116
98665,576,2885,1290,2503,11960
98670,6,0,0,4,11
98671,373,3014,943,1645,8820
98672,63,596,216,509,2468
98673,7,31,54,38,171
98674,213,2830,734,1384,5471
98675,36,833,244,667,2707
98682,548,10293,2762,6405,28731
98683,1189,3592,988,2164,11666
98684,373,5268,1600,3652,15731
98685,658,3877,1452,1882,9880
98686,323,2699,704,1639,7282
98801,1449,6327,1697,3925,17675
98802,959,4681,1425,2674,12015
98811,0,0,0,9,46
98812,34,964,236,496,2077
98813,6,525,149,404,1452
98814,0,10,0,81,195
98815,214,1114,290,387,2460
98816,126,853,321,604,2385
98817,0,34,2,17,40
98819,9,13,2,27,56
98821,0,0,0,195,264
98822,86,195,82,280,853
98823,205,2487,772,955,4889
98824,0,51,3,50,104
98826,233,557,234,283,2091
98827,0,52,22,113,231
98828,55,288,87,132,857
98829,20,94,11,32,120
98830,8,107,15,6,163
98831,50,480,142,448,1206
98832,2,15,0,6,53
98833,0,5,6,0,55
98834,7,21,3,0,61
98836,0,226,50,76,167
98837,632,6267,2609,5018,19350
98840,107,704,294,295,1693
98841,223,1445,496,504,3113
98843,11,193,62,212,945
98844,86,436,62,183,1004
98845,2,26,11,0,36
98846,3,327,39,109,612
98847,42,453,172,168,902
98848,154,2663,340,1159,5028
98849,45,145,34,64,415
98850,30,225,95,138,713
98851,104,1027,283,473,2142
98852,0,4,0,0,4
98853,0,0,0,0,0
98855,148,759,232,316,1890
98856,85,236,98,188,792
98857,71,542,236,404,1285
98858,30,135,69,111,603
98859,0,0,2,0,117
98860,12,34,10,7,53
98862,132,290,100,175,811
98901,293,5298,1693,3616,14587
98902,1179,7034,2315,3924,18548
98903,413,2816,866,1465,6737
98908,1125,5359,1765,3452,14233
98921,0,0,0,0,0
98922,105,648,289,410,1845
98923,39,62,0,99,260
98925,12,32,8,35,127
98926,354,3585,803,7802,16522
98930,94,3163,785,1391,6229
98932,3,988,331,846,2397
98933,6,232,68,103,443
98934,11,110,71,53,381
98935,32,816,215,574,1877
98936,21,1393,299,794,3441
98937,71,765,158,211,1643
98938,76,383,71,212,774
98939,0,21,10,0,19
98940,0,0,0,0,137
98941,0,64,32,22,358
98942,443,2607,598,1468,6915
98943,7,28,21,77,280
98944,579,5731,1063,2688,9742
98946,3,33,33,4,133
98947,15,675,172,284,1117
98948,146,2092,778,1630,5604
98950,0,0,0,0,28
98951,128,2469,758,1796,5396
98952,1,270,64,256,689
98953,96,1048,547,521,2834
99001,0,1170,144,836,4384
99003,59,507,134,129,1160
99004,370,2397,582,5706,11218
99005,31,1674,577,1000,3956
99006,245,1798,548,770,4402
99008,0,39,27,0,161
99009,28,682,230,288,1948
99011,0,388,48,794,2140
99012,27,211,31,80,463
99013,0,321,105,153,644
99014,0,0,0,0,0
99016,221,2692,556,787,7220
99017,2,29,8,16,66
99018,0,26,13,17,63
99019,168,2130,665,764,4186
99020,0,0,0,0,8
99021,66,1399,638,581,3231
99022,84,916,571,521,3865
99023,0,149,42,46,311
99025,29,637,232,186,1996
99026,127,809,393,492,2241
99027,73,547,303,145,1712
99029,29,341,8,87,616
99030,31,65,22,12,151
99031,8,61,44,75,412
99032,13,155,33,64,291
99033,15,65,50,24,178
99034,0,19,16,0,131
99036,34,160,60,142,426
99037,224,2113,557,1517,6030
99039,0,12,21,23,66
99040,4,60,30,49,224
99101,40,285,18,67,349
99102,0,70,0,32,206
99103,18,96,51,51,235
99105,1,3,0,0,5
99109,177,493,97,396,1360
99110,0,154,61,70,569
99111,152,455,227,168,1398
99113,11,56,21,8,144
99114,303,1532,503,819,4313
99115,20,110,20,70,358
99116,72,134,51,227,570
99117,14,63,76,40,208
99118,21,143,40,99,284
99119,28,142,82,62,361
99121,0,13,13,103,127
99122,34,457,153,376,1211
99123,41,56,14,0,151
99124,5,37,12,18,78
99125,3,149,51,20,249
99126,0,258,112,22,253
99128,9,36,11,7,59
99129,13,61,36,70,258
99130,7,134,48,36,326
99131,2,0,2,0,7
99133,53,156,31,109,378
99134,6,79,39,58,202
99135,8,110,9,42,153
99136,3,0,0,0,0
99137,9,27,7,43,132
99138,27,133,65,82,412
99139,53,85,8,24,223
99140,13,53,14,45,169
99141,120,732,277,361,1953
99143,10,69,5,32,103
99144,0,0,0,0,1
99146,16,0,0,0,5
99147,5,9,0,0,18
99148,55,187,92,115,550
99149,0,21,11,29,76
99150,8,2,0,0,69
99151,28,13,9,15,52
99152,0,4,2,15,56
99153,16,49,9,32,87
99154,0,9,0,6,15
99155,21,131,22,72,320
99156,232,963,357,772,2858
99157,4,70,11,28,162
99158,10,100,33,43,166
99159,71,97,40,59,292
99160,7,0,0,0,0
99161,4,222,34,110,382
99163,287,2384,560,14966,24040
99166,67,255,65,130,793
99167,0,48,10,17,136
99169,56,409,84,144,755
99170,28,110,51,57,264
99171,19,76,32,26,278
99173,54,344,88,74,630
99174,4,0,0,1,3
99176,0,8,0,13,26
99179,3,129,15,2,205
99180,12,102,32,46,176
99181,11,296,21,44,447
99185,52,215,51,37,331
99201,74,795,367,1156,6932
99202,487,1623,450,4614,11241
99203,604,2719,713,1260,7677
99204,46,600,78,990,3928
99205,677,5454,1688,3546,19110
99206,814,4945,1716,3639,17723
99207,490,3941,1048,3863,16386
99208,1391,8238,2874,4237,21805
99212,533,2548,562,1845,8286
99216,714,3029,919,2337,11447
99217,215,2282,837,1460,7568
99218,769,2519,929,1990,6321
99223,1119,4798,1229,2001,12082
99224,377,2932,674,1692,9174
99251,0,0,8,1048,1056
99258,0,0,3,485,502
99301,601,15467,4584,8547,37821
99320,53,1401,315,782,3815
99321,0,134,48,220,480
99322,10,21,45,26,121
99323,53,708,218,472,1604
99324,324,1049,486,1921,4661
99326,65,763,202,504,2548
99328,70,400,67,255,994
99329,3,17,12,21,57
99330,9,59,36,47,355
99333,0,6,8,14,22
99335,2,26,0,12,55
99336,989,7752,2044,4602,22035
99337,569,4339,1389,3393,12355
99338,219,3022,1347,1278,6923
99341,10,54,9,108,246
99343,66,657,179,707,1693
99344,150,4433,1195,2012,8013
99345,0,6,15,15,63
99346,24,47,4,75,143
99347,52,267,118,164,763
99348,5,302,45,148,628
99349,47,1507,230,816,3175
99350,237,3004,543,1350,5177
99352,775,5099,1535,2994,13818
99353,268,3326,1112,1076,7054
99354,520,3488,1030,2372,10755
99356,3,47,29,27,145
99357,9,895,263,394,1927
99359,3,0,0,12,28
99360,15,317,35,44,423
99361,19,222,30,275,609
99362,1627,4650,1529,5607,17480
99363,0,15,0,0,31
99371,13,22,20,38,117
99401,7,142,26,0,96
99402,82,128,103,73,425
99403,572,2124,751,1620,6920
99501,192,1202,431,1307,7505
99502,161,4730,873,1891,11670
99503,101,684,309,1450,6274
99504,413,5398,1677,4205,18345
99505,0,1277,238,1438,3636
99506,0,857,116,2183,4691
99507,370,4380,1758,3323,16336
99508,477,5497,1524,4493,16520
99513,0,0,0,0,0
99515,124,3082,968,2039,8746
99516,174,3272,1143,1639,8218
99517,254,2248,392,1182,6646
99518,112,1363,236,717,5050
99519,0,0,0,19,736
99530,0,0,0,0,0
99540,0,35,0,20,105
99546,4,30,0,26,75
99547,0,11,0,0,8
99548,0,4,1,5,12
99549,0,13,2,5,26
99550,5,9,3,11,36
99551,0,83,14,39,152
99552,0,67,23,26,125
99553,0,15,0,70,536
99554,0,227,103,125,528
99555,2,15,8,5,44
99556,61,286,120,144,809
99557,2,124,36,55,278
99558,0,8,1,24,33
99559,50,1295,372,891,3366
99561,0,106,26,48,186
99563,0,93,20,14,126
99564,0,7,2,0,16
99565,0,2,2,4,17
99566,0,0,4,6,21
99567,109,1014,183,607,2527
99568,4,34,22,64,163
99569,2,9,0,3,9
99571,0,4,0,44,102
99572,0,39,0,2,93
99573,1,127,57,58,276
99574,28,331,71,184,1028
99575,0,5,0,4,7
99576,26,461,105,257,1102
99577,111,3709,1167,2133,12189
99578,4,133,30,40,159
99579,0,0,2,0,24
99580,0,9,2,5,13
99581,2,244,65,137,561
99583,0,8,11,11,55
99585,0,57,13,14,74
99586,5,41,8,3,52
99587,0,58,133,205,709
99588,9,175,53,46,391
99589,0,19,3,4,45
99590,5,39,9,15,89
99591,0,4,2,2,33
99602,3,48,32,10,106
99603,185,1458,351,837,4054
99604,0,173,20,42,309
99605,0,0,0,0,44
99606,0,56,3,14,93
99607,0,68,10,29,93
99608,0,0,0,14,20
99609,4,90,25,31,157
99610,1,229,81,84,593
99611,202,2100,525,1397,6147
99612,30,116,53,136,493
99613,6,39,22,40,204
99614,7,132,32,46,209
99615,182,1900,364,1240,5649
99620,0,345,54,161,469
99621,5,104,45,64,244
99622,11,122,44,59,226
99623,164,3690,1091,1681,9330
99624,0,4,0,2,14
99625,0,5,0,6,17
99626,0,68,6,17,91
99627,1,33,12,13,75
99628,0,109,35,70,267
99630,0,55,8,9,74
99631,0,0,0,21,96
99632,2,238,78,70,358
99633,6,41,12,25,189
99634,0,173,52,154,362
99635,0,0,0,5,104
99636,2,109,31,55,212
99637,6,153,60,95,342
99638,0,6,3,0,5
99639,36,122,17,80,298
99640,0,0,1,8,22
99641,4,212,24,98,283
99643,1,18,3,27,58
99644,0,7,7,2,34
99645,264,4481,1420,2744,12748
99647,0,0,0,0,1
99648,0,17,7,11,36
99649,0,11,2,6,24
99650,5,83,21,53,176
99651,0,3,0,9,15
99652,32,483,106,296,1574
99653,4,17,2,22,118
99654,426,6777,2070,3812,18220
99655,0,231,75,77,403
99656,0,0,0,0,8
99657,0,19,0,8,22
99658,9,254,69,165,521
99659,0,79,27,42,143
99660,0,29,34,17,138
99661,0,69,33,54,374
99662,0,123,26,60,223
99663,6,35,16,17,75
99664,87,605,153,94,1470
99665,0,23,0,4,18
99666,0,7,6,15,24
99667,0,0,0,0,28
99668,0,16,3,9,28
99669,244,2147,911,1491,6414
99670,0,0,0,2,20
99671,0,142,29,58,244
99672,53,352,63,227,990
99674,10,131,28,76,427
99675,0,26,0,0,17
99676,0,378,80,34,591
99677,0,5,0,6,14
99678,8,120,34,91,332
99679,0,19,9,7,238
99680,0,138,48,84,441
99681,0,86,21,63,193
99682,2,34,9,53,130
99683,5,25,10,4,54
99684,7,89,16,60,286
99685,2,361,135,376,1656
99686,14,530,113,324,1663
99688,40,309,96,137,767
99689,9,42,20,62,214
99690,0,9,6,10,33
99691,3,6,0,0,38
99692,0,44,8,29,361
99693,5,42,15,38,151
99694,2,147,43,121,466
99695,0,0,0,0,0
99701,289,2514,634,1917,8180
99702,7,695,15,772,1960
99703,0,1253,143,2661,5978
99704,0,0,0,40,49
99705,91,3335,971,2351,10776
99706,0,0,3,0,5
99707,0,0,0,0,0
99709,226,3225,986,2347,11943
99712,89,1604,629,1331,5069
99714,2,54,23,12,318
99720,6,47,4,15,123
99721,0,50,19,9,106
99722,0,49,18,27,93
99723,16,934,289,467,1993
99724,0,21,0,4,22
99725,0,0,0,95,182
99726,0,0,0,0,11
99727,3,143,45,70,290
99729,5,3,1,3,25
99730,0,21,12,0,20
99732,0,0,3,0,3
99733,5,16,0,0,3
99734,0,0,0,84,822
99736,3,42,6,19,76
99737,38,673,219,355,1844
99738,1,12,2,13,29
99739,0,89,25,32,131
99740,17,82,18,27,141
99741,4,99,22,61,282
99742,0,71,35,59,216
99743,5,99,55,69,265
99744,0,28,8,4,41
99745,0,4,0,2,4
99746,0,53,16,20,63
99747,0,30,14,31,97
99748,0,16,6,39,81
99749,2,92,23,64,173
99750,2,207,43,60,301
99751,0,45,5,15,47
99752,20,542,159,247,1393
99753,0,67,20,35,117
99754,4,4,0,9,24
99755,0,14,0,24,641
99756,0,0,0,0,0
99757,0,0,0,0,0
99758,0,28,11,15,59
99759,0,40,21,12,96
99760,16,95,31,38,240
99761,7,133,24,61,203
99762,18,729,177,423,1796
99763,3,150,40,52,226
99764,17,188,39,18,87
99765,0,27,6,19,102
99766,10,143,35,54,275
99767,0,16,0,0,8
99768,4,29,3,33,64
99769,8,171,63,116,399
99770,0,132,35,44,218
99771,0,90,18,20,116
99772,2,128,35,31,217
99773,0,55,7,22,103
99774,0,0,0,0,3
99775,0,0,3,536,877
99776,1,20,6,31,68
99777,3,37,3,26,58
99778,0,57,29,35,115
99780,54,230,6,110,553
99781,0,13,5,25,48
99782,3,103,40,40,204
99783,0,78,20,21,119
99784,1,28,5,30,96
99785,0,174,19,49,222
99786,3,48,6,15,106
99788,0,20,0,0,43
99789,9,115,26,79,239
99790,0,0,0,0,0
99791,0,26,0,30,56
99801,244,3587,1056,2317,12223
99820,11,40,4,53,134
99824,24,268,35,213,975
99825,0,0,0,0,0
99826,2,55,26,44,224
99827,13,388,177,31,587
99829,3,82,5,75,307
99830,6,66,22,34,175
99832,0,0,0,9,19
99833,43,339,119,231,1004
99835,125,998,308,682,3408
99836,0,3,0,0,10
99840,10,104,24,126,596
99841,7,9,0,0,3
99850,0,0,0,0,0
99901,153,1677,496,1113,5401
99903,0,0,0,0,0
99918,0,38,0,6,48
99919,0,66,19,49,123
99921,33,154,54,135,613
99922,4,30,26,23,134
99923,0,0,0,0,0
99925,11,149,32,41,309
99926,12,232,67,116,548
99927,0,0,0,0,0
99929,55,251,84,103,599
