ZCTA,WHITE_POP,BLACK_POP,ASIAN_POP,HISPANIC_POP
00601,14170,348,23,16726
00602,18479,555,48,35608
00603,36216,1719,28,48141
00606,3721,9,0,5552
00610,11182,576,0,24609
00611,765,14,0,1258
00612,23571,1775,560,62913
00616,3512,626,147,9601
00617,8496,754,360,22372
00622,3409,419,0,7472
00623,16400,1790,206,39059
00624,16052,611,25,21502
00627,26687,542,0,32459
00631,1377,8,0,1431
00636,603,0,0,1057
00637,14793,123,11,22660
00638,9019,594,77,17479
00641,11942,314,19,23859
00646,16043,2257,0,34988
00647,2337,287,4,4651
00650,6258,81,186,13728
00652,1595,74,49,3834
00653,5668,428,0,8898
00656,13909,343,82,18065
00659,28807,1242,4,36889
00660,3249,381,0,15270
00662,22574,3146,35,39693
00664,8056,560,0,14716
00667,9936,610,0,22871
00669,23993,621,0,27240
00670,4902,197,0,8709
00674,16294,1040,114,38355
00676,28106,1703,0,36446
00677,6030,344,0,14351
00678,17356,893,0,24580
00680,7550,978,33,42980
00682,4887,847,5,29999
00683,18986,339,8,29265
00685,29322,1122,21,38761
00687,12506,1180,0,28551
00688,3097,168,111,11418
00690,4020,204,0,5765
00692,11131,2244,0,32989
00693,22455,2736,9,54411
00694,0,0,0,98
00698,24755,915,0,33153
00703,9973,1650,0,24320
00704,2054,1352,0,6732
00705,8641,2343,0,24361
00707,967,3840,0,10449
00714,8438,3091,0,15699
00715,801,176,0,2040
00716,15241,1663,20,26920
00717,7953,908,16,14896
00718,7887,402,23,23056
00719,13615,2285,1,29512
00720,9714,1034,0,20670
00723,1048,5589,0,15978
00725,42866,6819,170,75670
00727,29152,4940,256,52374
00728,23528,2520,44,38313
00729,13980,6789,319,47755
00730,15339,1479,0,32044
00731,5495,648,0,10454
00735,2969,637,54,10974
00736,17863,4117,71,45723
00738,9206,2033,47,29917
00739,13833,3990,30,34486
00740,680,88,0,2034
00741,662,372,0,3609
00745,13081,5652,169,47124
00751,5433,3577,0,19493
00754,4473,10298,112,36444
00757,5680,3135,28,19952
00765,1813,579,16,7744
00766,8769,1889,0,21974
00767,2463,11410,10,30718
00769,10696,4506,0,34257
00771,3964,11396,32,34859
00772,1595,6942,13,17278
00773,4871,1292,48,17607
00775,342,31,9,1111
00777,12429,8274,0,37531
00778,17069,4566,100,38942
00780,5864,974,0,13853
00782,9031,1523,0,18614
00783,15920,2283,0,34148
00784,20459,3867,0,35713
00786,66,67,0,154
00791,10933,5685,235,45949
00794,15074,2019,0,28300
00795,10511,2552,1,42814
00901,4191,977,1,7738
00906,148,0,0,123
00907,7233,1426,169,15641
00909,1763,610,15,5070
00911,2938,493,266,6015
00912,1610,646,66,5814
00913,1954,295,66,6512
00915,3931,3503,12,24371
00917,7186,1522,65,18358
00918,6140,782,43,15825
00920,7070,3227,0,17158
00921,13228,5116,11,33297
00923,7813,3409,41,24551
00924,21429,8481,9,46651
00925,2242,839,43,5391
00926,45307,8818,130,92419
00927,7538,713,70,13362
00934,69,59,0,44
00949,28208,4725,20,67365
00950,0,0,0,0
00951,71,88,0,298
00952,2613,1401,0,8167
00953,34179,3552,117,65428
00956,23421,4133,31,65274
00957,15222,2572,198,40619
00959,18409,3681,79,46589
00960,886,329,0,3347
00961,11672,2050,33,29089
00962,7922,2274,0,19344
00965,1754,717,30,5032
00966,7083,625,38,16159
00968,1695,106,13,3489
00969,16656,2260,69,41170
00971,10057,1576,0,26351
00976,33792,8029,232,61209
00979,6952,1152,79,16213
00982,5393,2287,129,13722
00983,11616,5039,37,31628
00985,11001,5185,65,32008
00987,18382,6692,129,53489
01001,14384,530,489,1183
01002,16777,942,2085,1903
01003,7809,653,2439,886
01005,4575,55,0,253
01007,13857,171,497,708
01008,1211,0,0,51
01009,699,0,0,0
01010,2985,166,7,48
01011,1279,0,0,17
01012,430,0,0,10
01013,15768,1291,489,7822
01020,25085,1549,674,5336
01022,1584,315,65,158
01026,1024,6,0,17
01027,15582,107,269,1345
01028,14448,433,219,1222
01029,521,0,0,11
01030,11721,155,81,438
01031,1501,0,0,250
01032,479,0,0,5
01033,5782,122,31,217
01034,1953,21,12,11
01035,4849,5,129,187
01036,4618,0,22,270
01037,547,1,11,22
01038,2146,0,25,208
01039,1635,23,0,66
01040,25804,1758,310,19744
01050,2589,35,0,43
01053,1653,165,6,62
01054,1610,10,67,58
01056,18474,255,219,2115
01057,7775,49,168,292
01060,12648,154,493,1265
01062,8408,157,121,743
01063,1352,111,458,170
01066,134,0,0,0
01068,1481,21,0,18
01069,7389,237,151,500
01070,507,1,1,0
01071,1170,30,1,58
01072,1290,6,12,113
01073,5641,21,110,171
01074,664,0,0,30
01075,15127,229,866,1096
01077,8607,22,105,573
01079,604,1,0,54
01080,2076,88,20,328
01081,1633,9,2,73
01082,9685,295,1,442
01083,2243,23,163,133
01084,99,0,0,0
01085,35627,632,1832,4229
01088,693,0,32,5
01089,23198,1016,1530,3419
01092,1398,30,0,0
01093,145,0,0,0
01094,44,0,0,0
01095,13153,555,224,802
01096,2408,21,1,64
01097,36,0,0,0
01098,923,0,0,10
01103,1002,496,69,1055
01104,9903,3125,158,14344
01105,4019,2137,22,9350
01106,14148,206,926,596
01107,5087,1444,191,9921
01108,11877,4745,1797,10803
01109,11441,11227,425,14331
01118,9067,2729,797,3791
01119,7541,3237,640,4398
01128,2224,264,101,682
01129,4235,793,163,2070
01144,0,0,0,0
01151,4899,1677,108,4305
01201,37269,2599,566,3690
01220,7712,28,62,248
01222,623,0,0,0
01223,2359,38,8,82
01224,124,0,0,0
01225,2920,26,79,26
01226,5998,19,73,183
01229,125,0,0,0
01230,8199,209,50,399
01235,2283,12,0,97
01236,1300,13,257,69
01237,2414,25,0,7
01238,5431,36,140,179
01240,4522,78,13,263
01242,255,0,0,0
01243,122,0,0,0
01244,158,0,0,0
01245,790,3,3,49
01247,13663,225,436,875
01253,792,0,0,15
01254,887,43,14,10
01255,841,16,6,24
01256,584,27,0,4
01257,2123,1,46,175
01258,183,0,0,2
01259,682,38,0,62
01260,20,0,0,0
01262,1631,67,39,28
01264,204,0,0,3
01266,903,1,12,23
01267,6884,270,393,286
01270,843,0,7,10
01301,15971,430,305,1125
01330,1436,1,16,63
01331,12914,67,86,777
01337,2340,2,21,37
01338,60,0,0,5
01339,1343,0,27,4
01340,1799,11,11,53
01341,1560,0,7,67
01342,990,43,4,28
01343,158,0,0,9
01344,1544,20,0,55
01346,372,0,9,25
01347,139,0,34,0
01349,656,0,15,5
01350,103,0,0,0
01351,2647,29,0,1
01354,1551,43,101,0
01355,784,0,10,19
01360,2628,6,2,171
01364,7054,74,52,378
01366,1077,5,12,41
01367,443,5,2,11
01368,1406,0,2,0
01370,3350,15,56,194
01373,4789,11,1,269
01375,2878,101,551,184
01376,4395,18,6,282
01378,787,0,9,8
01379,662,50,18,36
01380,25,0,0,0
01420,28738,2980,724,12721
01430,5975,48,54,250
01431,3089,0,15,83
01432,6291,236,131,1268
01434,1066,418,212,227
01436,3582,18,0,134
01438,382,3,0,0
01440,18204,496,678,1765
01450,9748,50,536,459
01451,4713,0,258,448
01452,3967,121,109,123
01453,33333,2835,1288,6071
01460,8833,62,715,255
01462,10643,225,112,460
01463,10192,289,633,350
01464,6009,526,145,568
01468,3826,0,72,18
01469,6259,283,296,238
01473,8013,0,53,120
01474,1721,0,0,138
01475,8817,129,434,405
01501,15383,78,453,814
01503,3217,36,108,81
01504,8053,286,177,342
01505,4507,15,169,139
01506,3269,13,6,74
01507,12537,82,24,733
01510,13025,254,281,2410
01515,1979,21,33,109
01516,8829,17,29,394
01518,2840,34,88,90
01519,6593,43,529,250
01520,14763,445,376,1071
01521,2451,0,21,155
01522,2731,48,29,29
01523,7454,336,61,719
01524,5517,239,52,212
01525,31,0,0,0
01527,11836,180,641,500
01529,2994,25,18,36
01531,939,23,2,8
01532,12229,515,1718,627
01534,5380,129,141,407
01535,4581,74,6,43
01536,5568,202,496,677
01537,1796,82,0,1
01540,10492,139,102,572
01541,3333,17,0,84
01542,2499,127,0,93
01543,8598,67,284,302
01545,25504,1372,9025,1885
01550,12301,874,201,6363
01560,3508,96,592,295
01561,0,0,0,0
01562,11073,116,80,489
01564,7716,69,22,271
01566,6092,92,253,195
01568,6501,426,312,445
01569,12983,220,81,384
01570,13735,1056,176,2985
01571,10385,546,428,523
01581,13276,704,5741,1387
01583,6581,278,85,461
01585,4711,0,0,124
01588,9487,22,35,1015
01590,8522,83,141,137
01602,18244,2942,1392,3419
01603,11575,2086,2877,5734
01604,25323,6382,2808,8619
01605,17508,4284,1290,10059
01606,15244,2426,1475,3338
01607,5283,1699,117,1748
01608,2287,495,453,2335
01609,16003,2047,1373,4536
01610,13891,3801,2054,10472
01611,1968,43,4,137
01612,4572,131,49,200
01701,23957,1539,2971,2896
01702,19267,3044,2429,9680
01718,329,0,265,13
01719,3798,514,958,76
01720,14705,886,5755,839
01721,13585,856,2598,1543
01730,10296,343,2782,623
01731,941,44,267,570
01740,4828,0,353,223
01741,4396,3,548,61
01742,15071,658,876,1009
01745,410,0,138,20
01746,13005,86,810,639
01747,5675,94,22,209
01748,14251,146,3077,515
01749,16660,167,961,1179
01752,26801,1418,2138,7010
01754,9238,49,460,385
01756,5881,27,36,175
01757,22342,1196,755,3538
01760,28838,592,4978,1339
01770,3664,9,342,86
01772,7577,51,1553,391
01773,4658,44,247,226
01775,5950,212,400,119
01776,15570,297,1911,296
01778,11305,120,1799,717
01801,31205,2096,3929,2486
01803,20037,559,3793,730
01810,26580,816,5348,3343
01821,25029,1531,2770,1214
01824,21871,486,2321,1318
01826,27190,1179,1581,2567
01827,3038,37,117,161
01830,19091,1173,320,7204
01832,17523,723,563,6951
01833,7668,100,86,209
01834,6613,0,11,270
01835,11467,682,98,2158
01840,1615,241,0,5957
01841,12149,2753,690,45598
01843,9192,1541,1162,20624
01844,32832,2910,2205,15817
01845,26158,858,2139,2727
01850,9638,2139,2537,4472
01851,12037,2907,13492,3997
01852,23206,3137,5226,5619
01854,17419,2667,4658,6305
01860,6292,0,43,111
01862,8225,1016,589,1025
01863,8001,248,853,257
01864,13710,177,676,243
01867,22185,106,1632,1127
01876,27553,947,1293,978
01879,10125,227,1183,875
01880,24446,281,1099,721
01886,17505,201,5553,717
01887,20256,407,1197,419
01890,17075,557,3600,586
01901,747,395,9,699
01902,19874,7800,2621,26147
01904,13754,1064,1115,4981
01905,12995,4277,2065,11393
01906,23398,949,864,3015
01907,13564,462,440,778
01908,3146,63,20,11
01913,15369,538,171,466
01915,36416,1224,1075,2726
01921,7642,2,93,184
01922,3602,0,32,103
01923,25236,675,667,1155
01929,3581,0,0,34
01930,27121,368,749,1232
01937,153,0,11,55
01938,12871,137,278,343
01940,10759,287,1071,593
01944,5073,0,39,23
01945,19437,228,204,705
01949,8612,165,232,552
01950,17198,103,277,521
01951,2590,0,96,10
01952,8044,103,287,581
01960,45949,1696,843,6328
01965,757,0,0,15
01966,6608,45,15,176
01969,5819,0,122,1
01970,34016,2614,1367,8473
01982,7150,54,253,69
01983,5587,116,370,295
01984,4560,118,128,188
01985,3994,0,92,185
02019,14449,141,199,1218
02021,18327,2204,2032,1066
02025,7795,65,50,162
02026,21272,1498,588,1916
02030,4640,99,770,158
02032,3537,133,544,384
02035,15203,782,1209,747
02038,28921,489,1855,1357
02043,22691,215,579,550
02045,9641,8,156,62
02047,218,0,0,0
02048,20558,454,1552,873
02050,24730,288,182,678
02052,11394,199,536,636
02053,11128,196,721,493
02054,7671,156,222,101
02056,9838,775,224,538
02061,10306,36,410,364
02062,24035,2102,2088,2457
02066,17072,42,378,205
02067,12850,548,3535,700
02071,1334,0,0,37
02072,18527,5208,1627,1172
02081,17943,503,641,930
02090,12724,449,1800,601
02093,11209,248,250,104
02108,3598,176,107,325
02109,2893,42,381,77
02110,2000,129,103,64
02111,3347,202,3958,847
02113,5977,238,213,543
02114,10145,413,1158,1314
02115,16024,2595,5302,3954
02116,15072,1150,3442,1748
02118,13979,4843,4452,5124
02119,4972,13328,721,8614
02120,5850,2892,2525,3421
02121,3386,16227,203,10031
02122,8681,7074,3756,3666
02124,11458,27518,3672,10999
02125,11150,9656,3508,6918
02126,1838,18306,289,4576
02127,28507,1679,2527,3421
02128,21623,1437,1844,24681
02129,14998,1394,1602,1866
02130,26372,5282,2640,8480
02131,17556,7669,684,7136
02132,19931,1309,2302,2454
02133,0,0,0,0
02134,10829,985,4129,1722
02135,28348,2461,7546,5275
02136,10499,20371,803,9173
02138,24624,2278,6634,3223
02139,21992,5647,7561,3773
02140,12417,3339,3977,1385
02141,9065,1258,2796,1638
02142,2042,288,1801,283
02143,18885,862,2590,1784
02144,19589,835,2390,1823
02145,18482,1404,2860,4967
02148,31501,8686,17983,5928
02149,22397,6676,4337,14170
02150,13536,2472,1124,26892
02151,35548,2404,3595,24177
02152,15006,747,306,3464
02155,44322,4976,7541,5341
02163,1201,200,314,335
02169,35850,5005,14740,3918
02170,11155,835,7111,681
02171,10888,624,7342,841
02176,23647,793,2791,1505
02180,19224,357,1707,1084
02184,27389,1296,8036,1110
02186,20236,4584,1714,1073
02188,12613,892,953,741
02189,11852,1835,668,872
02190,15558,292,1704,602
02191,6857,122,590,223
02199,842,56,223,30
02203,0,0,0,0
02205,0,0,0,0
02210,4802,110,494,202
02215,14789,1709,5091,2944
02301,21138,28048,1389,9190
02302,12774,14155,541,3692
02322,3270,986,158,125
02324,22036,1268,771,803
02325,2129,333,67,88
02330,10481,7,181,283
02332,15156,118,181,258
02333,13307,267,67,530
02338,7062,0,12,150
02339,13743,84,228,138
02341,9386,57,364,169
02343,8465,1121,377,784
02346,22595,224,351,902
02347,10915,206,151,153
02350,97,0,0,0
02351,14704,145,497,476
02356,10359,433,275,661
02357,1077,73,67,98
02359,17228,49,319,409
02360,55588,693,708,1852
02364,13213,75,150,276
02366,108,38,0,74
02367,2852,36,0,20
02368,10577,14094,4887,4059
02370,15657,549,162,590
02375,9426,616,433,628
02379,7184,115,53,220
02382,13510,339,149,299
02420,9796,354,4816,639
02421,10289,242,6006,452
02445,15505,807,3199,1685
02446,21603,868,6025,1938
02451,11799,1156,2775,2498
02452,10492,1693,2074,1418
02453,20055,1750,3512,5988
02457,897,121,509,236
02458,9421,433,1502,338
02459,14676,531,2798,533
02460,7605,475,865,228
02461,5141,78,1280,319
02462,1045,28,225,56
02464,2101,74,1030,60
02465,8619,266,1636,544
02466,6487,250,1649,400
02467,15193,675,3692,1265
02468,4532,42,692,182
02472,26057,1384,4169,2301
02474,21510,705,3762,1554
02476,13326,587,2343,807
02478,19542,440,4881,1246
02481,13315,393,1966,738
02482,8422,121,1490,615
02492,18326,342,1721,544
02493,9007,361,1560,441
02494,8468,409,1334,477
02532,11581,129,475,333
02534,1183,17,0,75
02535,1977,41,54,126
02536,18220,287,456,719
02537,5973,226,0,76
02538,3795,0,47,187
02539,4409,198,23,110
02540,7630,99,220,220
02542,650,30,0,45
02543,766,0,0,0
02553,76,0,0,0
02554,10387,1530,257,2120
02556,2277,36,43,2
02557,1662,208,0,38
02558,1285,79,0,63
02559,3108,30,46,46
02561,430,0,30,0
02562,3263,0,177,28
02563,9400,15,270,297
02564,143,32,2,0
02568,6642,198,204,474
02571,8734,199,109,126
02575,2217,0,24,0
02576,3617,105,8,0
02584,24,0,0,0
02601,11070,2310,165,2579
02630,1766,3,8,94
02631,9660,90,31,281
02632,10320,211,101,288
02633,4239,27,162,58
02635,2807,118,39,12
02637,323,0,0,0
02638,2950,27,28,16
02639,2475,146,15,539
02641,319,0,0,0
02642,5112,223,120,10
02643,0,0,0,0
02644,3751,0,18,51
02645,10139,102,14,239
02646,1866,23,5,10
02647,159,0,0,0
02648,7264,149,84,191
02649,13266,380,251,179
02650,972,4,0,0
02652,996,0,0,0
02653,6154,13,59,100
02655,2766,276,47,223
02657,2932,27,80,419
02659,902,14,0,43
02660,6178,192,9,138
02663,462,0,0,0
02664,7915,139,528,315
02666,630,0,0,1
02667,3331,11,36,53
02668,2436,0,0,0
02670,1312,0,0,0
02671,719,0,22,0
02672,28,0,0,0
02673,6623,1150,152,226
02675,6946,11,26,172
02702,4322,3,10,138
02703,39098,2079,1580,3578
02713,32,0,0,0
02715,3347,6,0,64
02717,4623,47,84,47
02718,5991,506,77,62
02719,15133,55,254,287
02720,24054,2115,547,3083
02721,19171,1582,1118,3372
02723,12387,937,347,2224
02724,13230,1396,478,2720
02725,2222,34,0,0
02726,15075,30,202,337
02738,4401,195,112,190
02739,6057,0,29,47
02740,26894,3100,926,10600
02743,9826,30,52,310
02744,7576,663,89,3222
02745,18655,499,257,3551
02746,7527,1269,22,6218
02747,18335,782,679,985
02748,10440,83,200,182
02760,25212,578,1671,1070
02762,7978,775,364,902
02763,1581,0,20,0
02764,4165,0,0,142
02766,16783,1033,416,851
02767,13000,980,399,447
02769,12178,65,48,336
02770,5434,15,1,24
02771,13944,447,54,553
02777,15918,213,220,621
02779,6123,228,8,4
02780,39449,3960,1198,4520
02790,15650,7,88,367
02791,371,0,0,0
02802,613,0,0,89
02804,2395,15,0,52
02806,15448,45,737,775
02807,920,8,0,0
02808,2328,0,0,0
02809,20593,297,442,584
02812,1009,0,0,0
02813,7545,36,69,198
02814,7204,0,38,58
02815,111,0,0,13
02816,30620,61,487,1435
02817,5976,47,105,280
02818,17366,154,1357,771
02822,5478,157,44,325
02823,17,0,0,0
02824,291,0,0,0
02825,5156,14,9,13
02826,367,0,0,0
02827,2182,17,5,2
02828,6736,50,125,391
02829,82,0,0,0
02830,6393,1,220,102
02831,3769,0,38,60
02832,4433,11,94,187
02833,621,0,0,29
02835,5312,3,0,41
02836,87,0,0,0
02837,3582,21,19,66
02838,2790,8,91,16
02839,1494,0,20,84
02840,18660,1753,327,2299
02841,920,140,94,114
02842,13560,1073,428,1144
02852,20724,141,815,842
02857,7677,17,117,228
02858,286,0,0,0
02859,6464,9,85,823
02860,21947,9551,513,13980
02861,18219,3035,410,5432
02863,7170,1793,44,15447
02864,31092,910,1202,2660
02865,15740,245,1095,1077
02871,16137,200,173,765
02872,76,6,0,0
02873,97,0,0,0
02874,5970,56,111,274
02875,176,0,0,0
02876,659,0,0,50
02878,15453,200,127,673
02879,20578,338,336,639
02881,5554,420,651,536
02882,12558,65,52,419
02885,10333,173,50,369
02886,26566,742,1372,1934
02888,15675,1137,192,1261
02889,24890,564,614,1922
02891,20076,201,533,897
02892,5625,5,44,83
02893,25845,718,1049,3107
02894,609,0,0,0
02895,26706,3346,2711,10470
02896,10983,46,120,268
02898,1617,4,0,154
02903,7868,1095,1529,1996
02904,18796,3203,1419,7597
02905,11768,4368,883,11268
02906,19841,1133,2848,2088
02907,7855,4574,1869,22179
02908,18773,7494,1781,15597
02909,16811,7884,1594,23272
02910,15884,906,1727,6045
02911,11758,1591,641,2429
02912,3003,493,890,447
02914,15958,1929,761,2696
02915,13586,577,249,937
02916,8048,244,37,215
02917,13462,271,498,762
02918,2363,195,150,330
02919,24239,1140,328,4409
02920,26448,2496,2310,7257
02921,10315,189,1202,234
03031,11254,0,178,405
03032,5551,58,0,280
03033,5409,40,34,58
03034,4078,45,0,27
03036,5125,9,58,108
03037,4446,28,30,110
03038,31735,312,592,1989
03042,6801,27,41,169
03043,1397,6,3,20
03044,4526,0,43,66
03045,13206,21,119,180
03046,2923,10,20,58
03047,1678,13,2,12
03048,3071,175,16,318
03049,7331,303,124,195
03051,23287,438,846,632
03052,8179,0,25,76
03053,24309,250,310,916
03054,24246,337,1238,1323
03055,14390,32,246,505
03057,2493,14,0,47
03060,24069,1198,1200,6632
03062,22128,852,4244,1211
03063,12534,328,1082,1945
03064,12032,267,420,2160
03070,5936,0,0,42
03071,4737,0,138,109
03076,13062,189,238,599
03077,9860,313,103,353
03079,26612,378,1187,2791
03082,1429,0,0,27
03084,1317,1,0,22
03086,3796,0,58,112
03087,13633,101,896,439
03101,2395,431,319,220
03102,26777,2526,1307,2673
03103,26808,1746,2761,7782
03104,27990,1663,1015,3470
03106,13145,272,465,381
03109,9118,72,531,93
03110,20137,155,1498,820
03215,230,0,6,3
03216,1951,66,7,20
03217,1872,11,30,37
03218,1495,0,0,83
03220,7069,111,80,243
03221,2188,2,41,9
03222,5486,6,144,96
03223,3372,1,0,7
03224,2141,11,11,241
03225,3126,0,26,0
03226,801,0,0,9
03227,1441,0,0,0
03229,5696,21,0,47
03230,1438,8,5,22
03231,110,0,0,0
03233,209,0,0,0
03234,4661,0,60,56
03235,8219,69,91,48
03237,2313,0,5,94
03238,80,0,0,0
03240,1105,0,5,21
03241,1117,0,1,45
03242,5860,35,18,301
03243,877,0,0,10
03244,7050,57,13,289
03245,1982,0,32,85
03246,15799,198,187,483
03249,7063,0,328,164
03251,1224,19,213,0
03253,6396,28,111,64
03254,4875,2,1,91
03255,1824,20,27,20
03256,2538,11,0,13
03257,4102,43,18,94
03258,2491,5,58,41
03259,243,0,0,0
03260,940,0,18,28
03261,4308,87,33,244
03262,1053,0,49,111
03263,4034,9,0,0
03264,6192,211,114,204
03266,1704,8,37,82
03268,1454,0,0,2
03269,2799,42,29,13
03273,164,0,0,0
03275,11012,307,104,386
03276,8402,58,35,108
03278,2815,27,23,102
03279,701,0,0,44
03280,1063,0,0,5
03281,8925,0,15,181
03282,1034,7,17,33
03284,792,0,0,0
03285,2672,10,17,26
03287,1421,0,49,13
03290,4608,22,74,108
03291,134,0,0,0
03293,57,0,0,0
03301,29236,1131,1566,1181
03303,14966,383,239,486
03304,7840,0,111,171
03307,5473,0,24,0
03431,23206,255,154,529
03440,2788,10,0,58
03441,357,0,0,0
03442,1384,0,3,47
03443,303,0,0,0
03444,1588,7,25,22
03445,626,0,26,13
03446,6187,0,14,209
03447,2207,0,13,39
03448,855,0,0,65
03449,1680,25,3,80
03450,912,17,12,23
03451,3827,0,0,26
03452,4971,61,53,47
03455,2219,0,1,1
03456,783,0,0,3
03457,733,0,0,14
03458,6642,13,32,215
03461,5595,67,83,367
03462,1485,9,0,0
03464,887,0,6,0
03465,1842,0,0,20
03466,1639,0,79,0
03467,1985,0,5,0
03470,4705,3,22,58
03561,5577,0,43,219
03570,8637,612,44,421
03574,2477,21,17,36
03575,0,0,0,0
03576,2579,8,2,31
03579,409,0,2,0
03580,1374,4,4,32
03581,3098,1,73,26
03582,1970,2,14,2
03583,954,0,0,2
03584,3361,1,15,28
03585,2455,6,6,47
03586,597,0,6,16
03588,1587,0,0,16
03590,1176,1,0,9
03592,1005,0,0,3
03593,397,0,2,6
03595,784,1,0,1
03597,653,8,0,16
03598,3413,0,10,28
03601,443,0,0,3
03602,2258,1,19,35
03603,4978,4,87,49
03604,0,0,0,0
03605,923,0,0,0
03607,296,0,5,4
03608,2785,98,0,193
03609,508,0,0,0
03740,1027,0,0,1
03741,3785,73,61,16
03743,12565,286,123,234
03745,1711,0,24,22
03748,4445,48,0,7
03750,937,0,7,0
03751,374,0,0,0
03752,1049,0,0,40
03753,3407,0,0,24
03755,7444,412,1137,522
03765,411,0,0,0
03766,9141,50,532,411
03768,1580,7,35,42
03770,496,7,47,0
03771,852,0,0,0
03773,7463,28,1,336
03774,1637,4,0,10
03777,1237,55,0,42
03779,825,5,16,6
03780,569,21,43,13
03781,1775,0,13,11
03782,2955,0,27,80
03784,3348,61,510,89
03785,2074,17,0,82
03801,20413,331,952,545
03809,3537,0,12,62
03810,2139,26,0,27
03811,6788,0,102,160
03812,971,3,3,4
03813,3511,0,6,93
03814,2287,24,134,0
03816,1409,0,0,14
03817,698,41,18,22
03818,3482,5,96,51
03819,4063,0,51,61
03820,29344,433,1302,1367
03823,1912,9,96,25
03824,13351,80,605,486
03825,8272,220,0,284
03826,2655,30,19,17
03827,3063,4,22,60
03830,1324,0,0,7
03832,351,0,0,5
03833,20509,206,861,543
03835,6196,114,194,62
03836,1322,0,6,0
03837,1582,34,0,0
03838,1066,0,0,0
03839,3421,0,106,149
03840,3641,127,136,65
03841,5964,0,106,50
03842,15544,27,143,246
03844,2206,5,34,48
03845,1078,0,0,0
03846,1117,27,0,0
03847,133,0,59,0
03848,5950,1,18,67
03849,1312,1,1,23
03850,130,0,0,0
03851,4046,0,48,33
03852,314,0,0,0
03853,824,0,0,0
03854,880,0,4,0
03855,2582,0,5,14
03856,1874,3,15,28
03857,8754,90,130,149
03858,4434,44,0,0
03860,3951,0,17,49
03861,3639,2,405,231
03862,4125,4,236,216
03864,1717,179,10,5
03865,6787,60,35,563
03867,20944,170,134,445
03868,5803,69,244,42
03869,2221,49,0,26
03870,5092,0,0,20
03871,356,0,0,35
03872,3878,2,9,105
03873,6273,39,0,148
03874,7929,213,2,177
03875,1198,0,4,0
03878,10328,241,534,553
03882,1596,4,16,64
03883,566,0,12,72
03884,3852,33,218,38
03885,7251,0,233,135
03886,1217,0,13,0
03887,1794,25,17,35
03890,51,0,0,0
03894,6232,0,16,242
03897,5,0,0,0
03901,7455,37,135,205
03902,2466,136,0,5
03903,6038,108,22,390
03904,7278,258,121,198
03905,1902,0,0,80
03906,4731,34,12,107
03907,1147,0,8,28
03908,6963,0,146,149
03909,10388,0,41,57
03910,0,0,0,0
03911,315,0,0,0
04001,2413,0,0,0
04002,7342,59,31,6
04003,123,0,0,0
04005,22751,287,511,659
04006,75,0,0,0
04008,2984,43,5,26
04009,5175,24,19,134
04010,1586,0,15,33
04011,19685,338,463,592
04015,3185,2,27,12
04017,526,0,49,0
04019,55,0,0,0
04020,1560,0,3,0
04021,6251,38,115,212
04022,1082,0,10,24
04024,411,0,0,4
04027,6151,0,94,9
04029,1935,3,0,26
04030,2352,49,4,119
04032,7978,8,239,178
04037,3653,18,44,31
04038,15956,163,330,417
04039,7208,34,43,58
04040,2863,0,34,38
04041,1401,0,0,70
04042,4520,49,18,78
04043,11033,2,108,338
04046,7649,3,8,12
04047,1641,0,0,33
04048,2961,97,15,57
04049,3594,18,0,28
04050,240,0,11,3
04051,1395,0,7,81
04055,3636,1,0,61
04056,106,0,0,0
04057,73,13,6,6
04061,2736,20,1,47
04062,16941,90,403,389
04063,583,0,1,33
04064,7814,4,70,168
04066,611,0,8,0
04068,1303,2,51,28
04069,1509,22,0,52
04071,4633,8,54,69
04072,18582,422,239,353
04073,15658,315,332,393
04074,20399,52,525,797
04076,2792,7,0,7
04079,4079,21,43,42
04083,4484,0,17,179
04084,6619,61,88,120
04085,3049,0,0,26
04086,8751,73,95,305
04087,2521,0,0,0
04088,1082,6,5,0
04090,10448,255,293,259
04091,647,0,0,12
04092,17487,867,653,385
04093,7261,33,23,165
04095,1387,0,7,0
04096,8442,59,103,178
04097,3887,0,53,104
04101,14222,1994,452,761
04102,14913,833,608,370
04103,26214,3061,1249,416
04105,11398,7,160,414
04106,22764,1924,651,742
04107,9122,0,192,108
04108,810,0,0,23
04109,133,0,0,8
04110,1686,0,0,124
04210,22249,529,147,487
04216,596,0,18,0
04217,3025,8,4,17
04219,1231,0,8,7
04220,3278,31,0,19
04221,969,0,57,18
04222,3925,0,62,117
04224,2796,0,9,62
04226,81,0,0,0
04227,35,0,0,0
04231,276,0,0,0
04234,0,0,0,0
04236,4248,10,0,18
04237,198,0,0,0
04238,1225,10,0,19
04239,4470,0,50,54
04240,30329,4092,835,1009
04250,4451,14,0,59
04252,4772,17,0,113
04253,1802,0,0,8
04254,3015,10,0,8
04255,619,51,0,64
04256,2543,90,63,0
04257,2731,0,0,64
04258,2630,3,0,78
04259,3135,10,16,80
04260,5574,7,1,14
04261,301,0,0,0
04263,2188,19,11,46
04265,647,0,0,0
04267,25,0,0,0
04268,4718,25,0,196
04270,5858,0,0,83
04271,0,0,0,0
04274,5800,5,0,11
04275,692,0,0,0
04276,5503,15,36,48
04280,6657,44,11,38
04281,5129,0,0,63
04282,5491,30,12,267
04284,1043,0,3,13
04285,396,0,2,0
04286,0,0,0,0
04287,3040,0,7,249
04289,1873,5,6,1
04290,1564,0,0,7
04292,986,0,0,0
04294,3855,40,0,55
04330,24873,342,227,515
04341,38,0,0,0
04342,1667,0,4,24
04344,2769,0,0,64
04345,11317,3,114,540
04346,1510,6,0,75
04347,2545,0,0,13
04348,3281,50,3,82
04349,1241,4,7,24
04350,3493,1,50,0
04351,2280,0,23,23
04352,1568,0,0,18
04353,2172,0,9,5
04354,1423,0,4,3
04355,2564,7,0,26
04357,3443,0,0,16
04358,4285,29,31,60
04359,314,0,0,0
04360,622,0,0,46
04363,2539,19,8,8
04364,5605,307,14,0
04401,40016,945,581,1301
04406,649,2,12,0
04408,164,3,3,5
04410,1066,0,0,6
04411,1506,7,5,11
04412,9108,52,2,143
04413,128,0,0,0
04414,1720,0,0,56
04415,247,0,0,0
04416,5422,0,58,197
04417,405,0,0,0
04418,1653,5,0,0
04419,2754,0,14,23
04421,1160,24,2,69
04422,1020,21,8,2
04424,933,0,0,14
04426,4497,21,51,184
04427,2714,0,0,11
04428,3238,12,12,60
04429,4713,0,11,111
04430,1526,0,0,27
04431,61,0,0,0
04434,1182,0,0,29
04435,1152,0,0,14
04438,1253,0,2,0
04441,1675,2,0,51
04442,133,0,0,0
04443,1915,0,13,75
04444,8622,43,2,128
04448,1363,0,0,2
04449,1053,0,7,0
04450,1334,0,1,4
04451,261,0,2,0
04453,841,0,0,1
04454,5,0,0,0
04455,747,13,16,0
04456,2849,6,13,8
04457,5696,1,2,17
04459,626,33,0,0
04460,1174,2,0,0
04461,2613,0,319,101
04462,4482,0,0,0
04463,2515,77,27,24
04464,475,3,0,0
04468,8290,16,17,91
04469,2474,138,203,183
04471,529,7,4,25
04472,1833,2,0,7
04473,7373,110,244,190
04474,3756,9,11,0
04475,485,0,0,1
04476,1031,0,0,39
04478,507,0,0,13
04479,1112,0,0,0
04481,502,0,3,20
04485,154,0,2,4
04487,792,1,0,9
04488,1226,5,1,6
04489,312,0,0,0
04490,232,0,0,4
04491,138,6,4,6
04492,97,0,0,0
04493,1764,0,9,1
04495,307,4,5,0
04496,3709,28,0,28
04497,314,0,0,3
04530,11024,81,112,106
04535,633,0,23,21
04537,1421,2,0,27
04538,1629,22,43,77
04539,1201,0,0,0
04541,55,0,0,0
04543,2116,0,10,70
04544,996,0,0,0
04547,1116,0,0,16
04548,818,4,1,19
04551,775,6,0,0
04553,1592,0,92,82
04554,652,0,0,0
04555,1485,0,30,0
04556,1274,0,10,14
04558,272,1,1,0
04562,1931,0,0,0
04563,1370,1,0,18
04564,412,0,0,0
04568,515,0,0,0
04570,0,0,0,0
04571,536,0,0,0
04572,4997,0,0,63
04573,425,6,13,1
04574,1648,0,14,6
04575,334,2,0,1
04576,444,0,10,3
04578,4368,79,58,106
04579,2887,11,22,8
04605,13691,132,200,351
04606,1085,0,5,7
04607,1263,0,0,9
04609,4710,181,98,21
04611,444,30,1,3
04612,490,0,0,28
04613,93,0,0,0
04614,2757,0,0,21
04616,709,0,6,12
04617,708,2,6,4
04619,2887,75,15,42
04622,775,0,2,32
04623,1044,0,0,69
04624,136,0,0,0
04625,52,0,0,0
04626,481,0,2,2
04627,1991,24,0,11
04628,486,0,0,3
04630,1301,6,14,28
04631,1116,12,0,8
04634,1795,12,0,8
04635,10,0,0,0
04640,2288,23,0,64
04642,156,0,0,0
04643,827,0,2,7
04645,43,0,0,0
04646,100,0,0,0
04648,516,12,0,48
04649,1140,7,17,16
04650,264,0,0,0
04652,1421,0,4,17
04653,678,3,0,0
04654,3105,43,12,78
04655,871,9,4,21
04657,311,0,4,4
04658,1187,98,3,115
04660,1081,13,8,1
04662,487,0,0,0
04664,1408,2,0,16
04666,1218,0,2,52
04667,650,7,3,95
04668,1036,2,3,66
04669,144,0,0,0
04671,598,0,2,21
04673,177,0,0,0
04674,307,0,0,0
04675,83,0,0,0
04676,1070,0,61,0
04677,283,0,0,0
04679,1469,13,0,4
04680,1144,6,13,16
04681,817,6,0,12
04683,0,0,0,0
04684,1685,0,0,7
04685,367,0,33,1
04686,178,0,1,8
04691,440,0,0,40
04693,418,6,0,2
04694,2118,2,16,47
04730,9426,137,30,245
04732,1501,0,0,49
04733,472,11,0,0
04734,827,0,0,0
04735,474,0,3,4
04736,8404,4,30,44
04737,0,0,0,0
04739,781,4,0,0
04740,1290,0,0,0
04742,3111,0,9,62
04743,4225,84,4,163
04745,872,0,0,0
04746,387,0,0,0
04747,1198,10,18,31
04750,1792,22,12,8
04756,3113,0,24,0
04757,2509,2,0,42
04758,1404,1,1,1
04760,652,6,9,0
04761,382,20,0,0
04762,447,0,4,3
04763,624,0,6,19
04764,14,0,0,0
04765,1000,0,0,4
04766,316,0,0,4
04768,389,3,0,4
04769,7932,107,80,129
04772,876,0,0,35
04773,691,0,0,0
04774,568,9,0,14
04776,931,0,0,3
04777,415,0,0,0
04779,333,0,0,5
04780,877,0,0,9
04781,498,0,0,5
04783,451,0,0,4
04785,2033,83,35,11
04786,1551,0,0,32
04787,431,0,0,40
04841,6741,7,51,35
04843,5001,0,0,92
04847,1721,0,13,23
04848,603,1,0,4
04849,3619,21,62,58
04851,94,0,0,0
04852,79,0,0,1
04853,429,0,0,28
04854,1357,12,4,18
04855,266,0,0,0
04856,3513,6,35,26
04858,1344,0,0,18
04859,767,0,0,0
04860,1554,0,0,26
04861,2429,36,0,234
04862,3882,20,4,13
04863,964,5,0,14
04864,4443,70,25,113
04901,24420,187,497,538
04910,2213,0,0,17
04911,1822,0,9,3
04912,733,1,3,4
04915,8006,127,59,148
04917,3066,2,0,0
04918,0,0,0,0
04920,1624,0,0,24
04921,1492,14,1,35
04922,782,0,0,6
04923,491,4,1,0
04924,2121,25,0,0
04925,16,0,0,0
04926,0,0,0,0
04927,3331,0,0,1
04928,1837,33,0,0
04929,691,0,0,35
04930,4023,1,0,10
04932,1129,7,0,2
04936,171,0,0,0
04937,6097,34,0,97
04938,9602,67,77,90
04939,760,2,3,4
04940,0,0,0,0
04941,1676,0,7,5
04942,1066,0,5,19
04943,1636,11,0,2
04944,78,0,0,0
04945,1172,0,3,49
04947,1561,4,9,8
04949,826,0,0,13
04950,4686,9,0,0
04951,1004,0,15,58
04952,1651,5,2,10
04953,3051,27,0,36
04955,1393,0,9,13
04956,666,3,2,15
04957,3771,51,51,31
04958,2021,0,0,0
04961,648,0,35,2
04963,6904,7,123,60
04964,114,0,0,0
04965,2097,10,0,18
04966,1602,6,2,70
04967,3659,66,0,148
04969,1224,11,0,2
04970,1499,0,0,16
04971,1729,0,37,0
04973,1371,8,4,2
04974,2557,0,0,226
04975,36,0,0,0
04976,9666,24,39,195
04978,911,0,0,4
04979,782,0,30,0
04981,2416,9,9,11
04982,327,0,0,0
04983,1387,0,4,127
04984,640,0,0,3
04985,137,0,0,3
04986,2349,0,0,11
04987,908,0,0,27
04988,1922,9,2,11
04989,4296,0,8,82
04992,0,0,0,0
05001,8569,148,273,381
05009,0,0,0,0
05030,101,0,0,0
05031,28,14,0,0
05032,2809,16,10,30
05033,2880,3,36,109
05034,127,6,0,0
05035,712,7,21,0
05036,1103,0,14,17
05037,816,0,0,2
05038,1378,6,1,9
05039,989,5,0,27
05040,612,40,0,0
05041,218,0,0,0
05042,634,0,10,18
05043,1110,0,3,39
05045,1623,1,57,48
05046,1256,0,8,11
05048,2563,3,20,0
05050,116,0,0,2
05051,1187,9,0,11
05052,342,0,0,0
05053,288,0,0,6
05055,3132,0,85,78
05056,450,0,0,3
05058,138,0,0,0
05059,419,0,0,0
05060,3978,12,1,31
05061,1751,0,5,10
05062,489,0,0,0
05065,1076,8,6,12
05067,117,0,18,7
05068,2700,45,0,90
05069,602,0,0,4
05070,457,0,0,0
05071,129,10,0,0
05072,569,0,0,0
05073,22,0,0,0
05075,1079,0,9,34
05076,483,3,8,3
05077,1081,2,0,6
05079,744,10,4,17
05081,456,0,17,10
05083,256,0,3,5
05084,176,0,0,0
05086,544,0,0,2
05088,827,0,0,0
05089,4157,0,22,56
05091,3352,24,2,7
05101,3599,168,95,71
05141,121,0,0,0
05142,727,0,0,21
05143,4791,66,0,41
05146,617,0,11,21
05148,1366,12,4,34
05149,2088,1,0,172
05150,424,0,0,0
05151,1270,12,0,1
05152,434,0,5,0
05153,713,7,2,43
05154,566,0,11,9
05155,671,12,0,0
05156,8791,43,74,162
05158,1127,0,0,19
05161,726,0,20,22
05201,13931,103,164,404
05250,3366,175,51,204
05251,1194,0,57,0
05252,603,0,0,33
05253,549,0,0,29
05254,388,8,0,43
05255,3937,53,0,60
05257,2731,11,70,95
05260,251,0,0,0
05261,2293,0,0,17
05262,1921,0,0,0
05301,15421,89,324,421
05340,684,0,26,0
05341,565,0,8,0
05342,599,0,6,7
05343,1013,21,0,0
05344,372,71,24,53
05345,1689,0,5,10
05346,4708,118,40,262
05350,762,0,0,0
05351,179,3,2,6
05352,952,0,19,6
05353,1341,0,0,49
05354,2372,10,13,4
05355,717,0,0,0
05356,596,10,14,12
05358,406,0,1,2
05359,619,2,3,15
05360,428,0,0,26
05361,930,8,3,11
05362,184,0,0,2
05363,1766,0,33,104
05401,27772,1099,1126,1180
05403,16577,360,1849,611
05404,6562,395,917,220
05405,2402,61,84,25
05408,8847,496,174,252
05439,1246,52,10,72
05440,1721,9,17,10
05441,544,0,0,57
05442,384,0,0,10
05443,6166,66,3,98
05444,1536,0,9,55
05445,3755,12,13,35
05446,14461,394,399,484
05447,95,0,0,5
05448,784,0,15,25
05450,4946,21,28,26
05452,18932,646,1384,377
05454,5013,0,83,81
05455,1221,0,0,81
05456,948,0,0,0
05457,1565,0,17,58
05458,2123,28,0,63
05459,1536,0,0,9
05461,4644,0,0,27
05462,1609,17,56,39
05463,527,0,0,3
05464,2756,60,6,16
05465,5198,17,62,87
05468,12594,339,0,80
05471,685,0,2,3
05472,1874,0,44,23
05473,1422,0,1,17
05474,986,1,8,18
05476,3039,3,5,105
05477,4115,56,60,97
05478,14810,47,44,403
05481,0,0,0,0
05482,7087,39,296,205
05483,1720,8,0,0
05485,0,0,0,0
05486,1403,42,0,53
05487,1653,0,2,50
05488,7394,34,123,68
05489,3521,31,8,45
05491,5589,48,2,165
05492,760,0,0,0
05494,1459,1,0,59
05495,9738,254,102,389
05602,11597,90,205,310
05640,251,0,0,0
05641,15924,186,85,393
05647,1152,20,11,0
05648,547,19,0,9
05649,358,0,0,11
05650,877,0,0,10
05651,1474,14,7,36
05652,712,0,0,2
05653,567,0,0,9
05654,1066,163,0,0
05655,2973,0,6,32
05656,3238,69,17,98
05658,1359,0,13,41
05660,1837,0,12,11
05661,5487,106,99,220
05663,6238,31,80,217
05664,0,0,0,0
05666,36,0,0,0
05667,2162,15,42,31
05669,894,0,0,17
05670,31,0,0,0
05672,5023,1,0,58
05673,2185,4,4,48
05674,1675,0,3,36
05675,909,4,0,6
05676,4571,4,46,46
05677,2315,0,0,9
05678,84,0,0,13
05679,3006,0,2,0
05680,1925,76,0,10
05681,146,0,0,4
05682,1194,12,0,14
05701,19473,116,273,363
05730,412,0,0,0
05731,0,0,0,0
05732,1224,0,0,0
05733,5656,41,79,91
05734,1206,0,1,0
05735,3413,52,5,121
05736,512,0,0,0
05737,530,0,0,23
05738,1219,10,9,47
05739,1259,0,4,0
05742,699,0,0,4
05743,3927,9,6,5
05744,428,8,0,0
05746,0,0,0,0
05747,305,0,1,2
05748,458,0,5,4
05751,585,40,36,51
05753,9215,266,636,367
05757,736,0,0,17
05758,585,0,0,11
05759,1962,10,11,5
05760,791,0,5,11
05761,900,9,9,98
05762,409,5,4,41
05763,2777,6,4,15
05764,2860,32,13,77
05765,1793,0,0,0
05766,484,0,0,10
05767,1264,0,7,9
05768,41,0,0,0
05769,1119,0,10,12
05770,1124,0,5,29
05772,706,0,21,47
05773,2401,34,39,78
05774,866,0,0,0
05775,560,4,0,11
05776,346,0,0,0
05777,3288,11,10,10
05778,895,7,12,88
05819,8700,121,44,186
05820,391,0,0,20
05821,864,48,0,63
05822,1783,34,12,46
05824,1105,0,12,21
05825,49,0,0,0
05826,753,6,0,0
05827,483,5,21,31
05828,1992,0,24,21
05829,1681,0,0,18
05830,1348,0,0,7
05832,1151,0,0,0
05833,38,0,0,0
05836,1327,11,6,7
05837,301,2,0,0
05839,592,1,1,3
05840,53,0,0,0
05841,313,0,0,5
05842,502,2,0,10
05843,2142,52,12,56
05845,1270,0,9,9
05846,1199,0,2,40
05847,918,4,0,21
05850,289,0,0,19
05851,5635,69,0,86
05853,742,0,0,4
05855,7295,100,4,64
05857,1361,20,56,12
05858,275,0,0,7
05859,2055,15,5,33
05860,2754,1,0,83
05862,309,4,0,0
05866,709,0,26,40
05867,588,0,0,28
05868,72,0,0,0
05871,1278,2,0,15
05872,876,0,0,0
05873,654,16,0,16
05874,576,0,56,53
05875,359,2,0,40
05901,0,0,0,0
05902,126,0,0,0
05903,592,0,0,6
05904,233,0,0,6
05905,907,0,1,14
05906,1277,0,26,0
05907,111,0,3,3
06001,14721,465,2777,1050
06002,7052,12092,853,1848
06010,43271,4655,2109,12373
06013,8040,171,284,640
06016,4588,783,597,828
06018,2264,144,0,323
06019,9032,166,43,181
06020,38,0,0,0
06021,1357,75,48,33
06022,76,0,0,51
06023,1381,0,162,1
06024,381,0,0,127
06026,4223,247,180,251
06027,1139,3,0,79
06029,13797,738,881,1064
06031,1343,0,28,14
06032,13392,661,3211,1215
06033,23429,577,3090,2357
06035,7149,88,104,259
06037,16395,160,839,1092
06039,1689,63,51,22
06040,20982,6941,2878,7430
06042,13553,2832,3333,2805
06043,4487,63,65,235
06051,15985,4885,470,17139
06052,5241,1027,73,2939
06053,20026,3968,1438,12832
06057,5744,0,127,111
06058,1586,48,16,270
06059,211,0,0,18
06060,2223,15,43,13
06061,602,0,0,0
06062,14492,322,742,2094
06063,2922,2,19,350
06065,666,0,0,38
06066,23393,1854,1729,3550
06067,14723,831,3520,1262
06068,1944,21,12,112
06069,2173,7,85,91
06070,12517,670,549,1266
06071,9085,458,0,586
06072,0,0,0,0
06073,5030,32,392,493
06074,18174,1173,5096,2034
06076,11044,16,54,614
06078,9279,455,424,613
06079,0,0,0,0
06080,315,662,0,337
06081,1564,0,134,99
06082,31704,2622,1050,5294
06084,12975,11,376,971
06085,5920,51,1074,548
06088,3684,91,392,230
06089,2827,32,148,317
06090,800,0,36,19
06091,152,0,0,0
06092,3899,0,300,120
06093,3342,69,0,101
06095,13850,10913,982,3103
06096,9560,790,856,862
06098,8754,339,1,998
06103,1250,355,475,427
06105,6206,7430,426,5444
06106,13424,7447,1090,24087
06107,17578,429,1308,1357
06108,9982,7318,608,10486
06109,22302,1169,925,3420
06110,8096,1448,1082,4058
06111,23494,1453,2239,3257
06112,3660,15083,158,4036
06114,6568,6104,428,16162
06117,11855,1186,1398,1060
06118,13957,6089,1039,8528
06119,10288,1871,590,2091
06120,2291,7315,45,5698
06226,13100,1521,385,6563
06231,3512,0,18,202
06232,2952,23,57,12
06234,7381,101,459,594
06235,1823,12,15,305
06237,4759,98,0,283
06238,11562,39,252,575
06239,9409,314,107,2063
06241,5600,29,116,812
06242,1185,2,6,107
06243,120,0,0,0
06247,2040,1,0,226
06248,5127,68,56,170
06249,6572,0,73,322
06250,5128,74,535,394
06254,1591,62,0,105
06255,4025,23,0,181
06256,2200,0,0,222
06258,82,0,0,44
06259,3800,26,122,400
06260,7813,233,76,1552
06262,612,0,0,0
06263,136,0,0,0
06264,175,1,0,133
06266,207,11,2,3
06268,9891,489,1776,795
06269,6464,360,1368,520
06277,3732,3,17,726
06278,3680,0,32,715
06279,4850,45,340,265
06280,2852,50,1,702
06281,6234,9,0,953
06282,931,0,0,0
06320,15516,4694,648,8104
06330,2837,56,45,259
06331,4353,77,73,467
06332,571,170,65,97
06333,5341,233,720,518
06334,2211,2,8,86
06335,5436,245,166,411
06336,54,13,0,0
06338,11,3,0,0
06339,7724,238,506,484
06340,21789,1903,2109,3671
06350,81,0,0,0
06351,14483,9,31,367
06353,23,52,0,0
06354,4890,77,131,183
06355,10601,173,448,307
06357,10051,312,559,338
06359,4807,2,166,331
06360,24890,4237,2881,5563
06365,4401,35,39,113
06370,6848,464,62,254
06371,9012,80,229,616
06373,108,0,0,0
06374,7074,254,88,961
06375,3220,124,65,171
06376,43,0,0,0
06377,2288,45,48,463
06378,5246,66,32,197
06379,7501,240,299,248
06380,2373,87,0,458
06382,7490,769,622,920
06384,2099,234,0,138
06385,13933,296,790,575
06387,136,0,5,25
06389,110,0,0,0
06390,33,0,0,9
06401,10961,3090,564,5870
06403,5248,265,52,482
06405,24424,723,1092,1659
06409,659,68,111,0
06410,20717,1410,2787,1840
06412,3399,41,3,194
06413,12026,136,428,709
06414,185,0,0,162
06415,14870,345,207,502
06416,11257,646,835,1212
06417,4228,70,26,215
06418,8422,1279,302,2852
06419,5687,0,104,145
06420,3881,26,35,212
06422,6478,6,114,218
06423,4579,20,9,197
06424,11010,39,349,782
06426,3090,28,98,51
06437,19455,436,712,1248
06438,2836,0,40,82
06439,23,0,0,0
06441,4662,67,405,221
06442,2415,29,27,113
06443,16151,92,560,416
06444,245,0,0,15
06447,5127,116,295,760
06450,25211,2617,780,12770
06451,14715,2328,500,9677
06455,2564,12,143,89
06456,271,0,0,0
06457,32818,7125,2343,5184
06459,852,79,111,105
06460,32413,823,1354,2723
06461,12496,88,1112,1258
06467,394,1,0,1
06468,16756,239,829,798
06469,3235,0,0,66
06470,12870,286,226,1798
06471,6785,11,228,195
06472,5918,34,135,200
06473,20650,794,1448,1713
06475,9997,53,94,582
06477,11845,615,1254,389
06478,10965,190,487,1159
06479,8341,394,470,550
06480,8463,92,332,413
06481,1281,19,106,0
06482,9750,381,320,929
06483,13444,755,383,2366
06484,31190,1953,3641,4991
06488,17666,350,775,1290
06489,29242,390,1086,1818
06492,37636,584,1962,5140
06498,5354,87,134,903
06510,2034,767,624,559
06511,21681,20842,4242,10639
06512,22488,1711,812,5522
06513,17592,8304,639,17854
06514,12100,9039,1116,4500
06515,9004,6381,570,4032
06516,31247,9822,2065,14801
06517,9449,2805,217,2126
06518,14705,3090,1377,1672
06519,5568,4186,585,7924
06524,4940,127,115,78
06525,7381,162,890,549
06604,12715,5104,2524,9857
06605,13000,4837,1413,8975
06606,25755,11093,4395,14904
06607,845,2823,518,3395
06608,2353,2838,562,6939
06610,9453,5501,717,9720
06611,29837,593,3248,1943
06612,6913,79,190,135
06614,30003,2189,475,3998
06615,10702,3155,243,3099
06702,1036,1076,4,1442
06704,10699,11227,356,13234
06705,12830,5353,1627,9308
06706,6604,3666,603,5434
06708,16624,6089,713,8855
06710,3572,4635,61,2799
06712,8000,456,85,847
06716,14063,675,500,856
06750,1271,50,12,114
06751,3102,29,61,126
06752,1625,19,9,33
06753,28,0,0,0
06754,1258,61,148,397
06755,755,0,0,20
06756,2567,2,243,148
06757,1669,0,133,177
06758,24,0,0,0
06759,4619,215,214,466
06762,6722,41,389,373
06763,1824,90,0,47
06770,21548,4033,1454,5050
06776,22229,1155,891,2963
06777,1277,32,44,184
06778,1278,0,0,117
06779,7195,199,47,1016
06782,2062,104,114,252
06783,1883,32,80,114
06784,3068,25,54,270
06785,874,0,0,57
06786,8312,1,6,773
06787,6716,152,137,784
06790,25797,3697,1195,6219
06791,5012,277,55,309
06793,1297,0,14,323
06794,622,0,0,329
06795,11828,298,881,1445
06796,746,23,2,23
06798,8800,224,167,360
06801,14152,1411,1183,2638
06804,15187,437,578,1654
06807,5251,347,472,996
06810,23640,7681,2797,20931
06811,19927,3831,1457,6318
06812,11384,145,221,1469
06820,18002,330,1452,1259
06824,33780,213,1404,1184
06825,17723,323,1112,1413
06830,18526,1322,1344,5056
06831,12496,636,628,1019
06840,17781,335,1336,781
06850,10633,3386,1160,5170
06851,17197,4689,1131,6562
06853,2890,54,32,92
06854,13935,7330,1072,13980
06855,5353,865,242,2196
06870,6485,196,667,540
06877,21764,622,968,1547
06878,5812,272,1254,1361
06880,22708,480,1354,2326
06883,8243,491,565,738
06890,4022,41,246,109
06896,7500,40,292,729
06897,14807,338,1123,1124
06901,4820,2464,1485,1599
06902,31333,17087,4339,27769
06903,10297,726,781,1331
06905,12669,2370,1936,3421
06906,5872,991,555,4345
06907,5387,1569,385,1920
07001,7192,4086,3577,3623
07002,38067,8437,7349,24469
07003,25880,10915,4802,14381
07004,7015,61,145,679
07005,11406,700,1382,1745
07006,21163,709,2136,2209
07008,8011,4096,6280,8868
07009,10912,353,1045,1199
07010,14733,711,3435,9246
07011,20573,2278,1567,22168
07012,9686,808,1940,3125
07013,18964,862,3403,7784
07014,3047,16,696,1232
07016,21313,306,898,1459
07017,1286,30898,656,5397
07018,758,24528,429,2498
07020,5830,747,5966,1774
07021,1865,38,129,293
07022,8644,337,1073,8215
07023,5861,355,610,592
07024,17180,1091,17422,5101
07026,22459,1815,940,13115
07027,3526,0,108,900
07028,6238,241,433,1004
07029,7909,1245,4058,10793
07030,40924,2623,7419,9366
07031,11723,247,1327,5059
07032,20419,1979,1401,22495
07033,5319,398,257,2487
07034,5189,378,3309,998
07035,8485,331,619,1556
07036,19562,12344,1438,15124
07039,18703,1283,8973,1565
07040,13783,8494,764,2016
07041,4027,119,2042,790
07042,14574,7230,1727,2771
07043,10400,825,656,1116
07044,12789,169,584,941
07045,6792,88,2744,469
07046,3717,0,592,242
07047,26816,2135,3814,43289
07050,4233,19967,583,10421
07052,22753,13079,2882,9542
07054,14541,1156,12709,2477
07055,25069,5253,2731,51885
07057,8756,500,649,2431
07058,3992,111,1511,394
07059,11616,504,2843,1100
07060,9908,12067,1203,27252
07062,2251,7104,127,4963
07063,2365,5307,269,7190
07064,1711,429,472,1963
07065,11563,9437,1936,7745
07066,13530,386,551,1472
07067,12538,732,2896,2601
07068,4806,31,764,342
07069,5366,26,916,467
07070,12658,519,2951,3973
07071,15349,959,1306,6834
07072,4819,63,572,1253
07073,5603,429,2516,1874
07074,2158,56,270,1893
07075,6818,260,1849,1659
07076,16612,2055,3010,2622
07077,1635,271,214,642
07078,7496,331,5636,426
07079,11484,4548,881,1291
07080,13386,2838,4123,4476
07081,11279,1858,1752,2775
07082,4706,39,620,282
07083,19658,19698,6437,10138
07086,9773,558,2377,6067
07087,24697,4136,2088,54707
07088,302,2180,34,490
07090,24403,857,2499,2580
07092,5380,81,802,788
07093,28262,1973,4277,48392
07094,9941,924,7090,4448
07095,11162,2649,3669,5719
07102,3033,6633,708,3639
07103,3151,25586,1702,5660
07104,17263,13711,364,36857
07105,22627,3853,415,28720
07106,878,29161,1858,3861
07107,9050,13447,580,24653
07108,1096,21956,165,5117
07109,18218,3208,3770,19604
07110,20721,947,3172,6023
07111,3777,49604,353,6172
07112,816,24148,227,1868
07114,2479,6190,173,4081
07201,9650,6434,391,17620
07202,10163,6501,1162,30252
07203,4569,10202,257,7728
07204,6841,1510,1670,4562
07205,5043,10779,304,5920
07206,4849,5820,350,21089
07208,13440,5339,1085,19984
07302,23071,3978,17910,8661
07304,12488,17034,6909,17000
07305,13592,30120,11733,19038
07306,17520,6703,18386,14675
07307,16356,3086,10381,17442
07310,4245,1008,7871,1259
07311,520,17,1033,188
07401,5186,57,1094,172
07403,6084,335,317,1592
07405,15266,161,1019,2230
07407,13585,1567,2046,6759
07410,25849,1234,4150,4937
07416,4748,92,16,752
07417,8863,258,1073,984
07418,2131,171,0,343
07419,7929,632,268,1417
07420,3780,73,328,1235
07421,6621,34,105,466
07422,4937,73,23,469
07423,3242,58,488,489
07424,20728,1253,1677,6103
07430,19942,685,2808,2905
07432,6195,132,175,807
07435,2275,16,116,83
07436,10906,108,477,1491
07438,9567,189,193,992
07439,1926,8,57,311
07440,4092,0,77,720
07442,9234,59,653,1859
07444,10010,186,293,619
07446,11550,92,1128,1366
07450,19239,455,4027,2087
07452,9334,166,1810,438
07456,10061,211,278,1360
07457,3455,66,130,637
07458,8759,404,1553,911
07460,2923,19,34,167
07461,16564,216,158,1390
07462,6041,63,16,926
07463,8517,106,747,1478
07465,5379,53,193,693
07470,42217,1637,5418,6332
07480,13296,257,237,1254
07481,15104,90,815,1063
07501,5070,8647,881,23843
07502,3928,2062,4277,8797
07503,6751,1862,107,12580
07504,1978,5559,287,7372
07505,805,1151,41,2977
07506,14849,862,142,4518
07508,13790,2820,948,10386
07512,8224,448,271,2570
07513,1365,1831,75,8901
07514,1701,6553,282,10876
07522,4252,6658,1390,13214
07524,2769,4158,29,10977
07601,18267,9343,5976,16847
07603,4559,1156,729,4498
07604,8790,762,1122,3016
07605,3922,192,3464,2163
07606,1643,92,118,1524
07607,5813,578,1743,2526
07608,69,5,1,58
07620,913,0,451,94
07621,13237,2655,7737,8237
07624,4186,287,2987,706
07626,5712,111,2663,981
07627,3511,16,1319,208
07628,10867,674,3304,3970
07630,5856,46,903,569
07631,12375,6817,3614,8454
07632,2466,97,2303,511
07640,3507,2,946,238
07641,2311,98,408,260
07642,8204,204,724,881
07643,5544,412,2359,4051
07644,14812,2965,1798,10290
07645,6437,154,1171,983
07646,9597,776,3410,3321
07647,3149,63,1743,590
07648,3461,34,1785,352
07649,6472,121,985,686
07650,4836,447,12676,3774
07652,16517,911,6351,3798
07656,7752,133,388,1183
07657,5275,128,3417,4099
07660,7246,839,902,6791
07661,7104,627,3603,771
07662,4070,264,506,1433
07663,11065,636,790,3349
07666,19850,8814,3820,10083
07670,9448,210,4804,1077
07675,18884,631,4226,3631
07676,8267,134,363,793
07677,4960,109,267,435
07701,20427,1216,444,3830
07702,3691,25,188,83
07703,0,0,0,0
07704,5778,220,30,183
07711,1422,5,13,196
07712,24871,8259,1419,5739
07716,7628,240,72,351
07717,1679,12,22,122
07718,5926,14,117,556
07719,19847,480,402,1991
07720,3543,4,167,976
07721,2226,693,710,800
07722,8908,71,356,687
07723,529,13,24,148
07724,17191,2213,1784,2547
07726,36760,1722,3517,3879
07727,5797,608,203,392
07728,43026,3268,3639,10310
07730,14462,156,419,2070
07731,32380,1316,1531,5745
07732,4071,34,349,248
07733,13002,155,2713,929
07734,10025,1312,198,2189
07735,14950,1219,604,3455
07737,3440,199,199,324
07738,5675,2,623,207
07739,6075,0,0,53
07740,20741,4369,707,6866
07746,13645,191,3599,819
07747,23998,2343,2912,3407
07748,24637,436,775,2684
07750,2786,24,125,314
07751,14143,529,5286,1183
07753,21597,10505,1012,5344
07755,5280,201,53,289
07756,2948,59,41,196
07757,5540,31,126,218
07758,3712,167,132,516
07760,9209,8,106,292
07762,7547,21,200,317
07764,7431,474,52,511
07801,11005,2072,1016,16527
07803,2778,72,221,1096
07820,1,0,0,0
07821,8519,125,62,880
07822,826,53,64,80
07823,7133,127,44,549
07825,8947,99,87,713
07826,4973,21,69,309
07827,3652,15,223,239
07828,10041,1420,911,2845
07830,7069,295,206,93
07831,30,0,0,0
07832,2893,50,13,145
07833,112,0,0,0
07834,14759,338,1561,1091
07836,9413,249,486,1888
07838,3084,4,50,131
07840,25100,2274,2291,4621
07842,0,0,0,0
07843,9002,404,399,1813
07844,63,0,41,0
07846,22,0,0,0
07847,1245,144,0,248
07848,3961,51,115,330
07849,6913,540,608,763
07850,5244,638,189,1117
07851,306,0,0,0
07852,3088,355,248,468
07853,10757,100,644,1068
07856,3556,301,108,613
07857,2868,286,91,629
07860,23502,1008,305,2017
07863,3202,51,43,337
07865,2037,36,20,270
07866,19125,307,1262,2845
07869,18511,831,3156,3932
07870,29,0,0,0
07871,18649,68,766,1641
07874,7116,188,184,1265
07876,7891,187,571,1022
07878,512,0,29,52
07880,357,0,0,0
07881,8,0,0,0
07882,12201,678,245,1399
07885,7981,231,564,3824
07901,16434,1773,2574,2759
07920,19936,233,6745,1643
07921,5682,211,900,911
07922,9151,310,1641,1072
07924,7044,63,208,746
07926,13,0,0,56
07927,3320,56,744,396
07928,15649,117,2319,1128
07930,7425,134,255,331
07931,3144,35,119,561
07932,8478,592,1031,1107
07933,2387,0,63,501
07934,1329,80,68,76
07935,423,0,26,23
07936,8959,170,1149,1299
07939,208,122,0,18
07940,14122,495,1062,2289
07945,8356,44,493,256
07946,2456,1,245,183
07950,13660,435,5303,1932
07960,34960,2717,2336,7250
07961,174,83,29,65
07970,244,0,0,0
07974,9727,78,1939,618
07976,355,0,0,0
07977,592,27,41,173
07979,220,13,0,0
07980,2334,0,284,371
07981,6933,51,1117,617
08001,798,24,0,17
08002,16309,2051,2887,2609
08003,22926,1348,5306,1822
08004,8723,1080,271,863
08005,23300,561,324,1450
08006,336,0,84,5
08007,4943,92,189,139
08008,6555,2,98,223
08009,10194,1947,328,1487
08010,6924,3128,81,1059
08011,53,0,0,0
08012,29394,4390,2049,3821
08014,294,0,0,0
08015,12781,2662,711,2531
08016,16304,12134,2447,3329
08019,774,2,57,101
08020,2232,137,7,26
08021,24376,13244,1868,9035
08022,7027,1328,253,406
08023,282,0,0,0
08026,1884,53,127,218
08027,4119,251,98,391
08028,15761,4526,1591,2508
08029,4901,484,60,572
08030,10056,1036,700,2328
08031,8787,595,1132,1389
08032,221,5,0,36
08033,15626,120,210,797
08034,14010,1512,1902,1938
08035,7174,122,93,248
08036,4371,591,405,607
08037,18300,641,217,4808
08038,356,0,0,24
08039,17,0,0,0
08041,766,21,33,17
08042,33,0,0,0
08043,20150,2544,5870,1884
08045,182,2387,19,477
08046,4751,21144,371,4691
08048,8855,2189,844,629
08049,3380,1038,337,628
08050,24983,108,116,1859
08051,10792,643,216,349
08052,13094,2120,1353,2551
08053,38359,2586,3359,2312
08054,30535,5671,4397,2928
08055,26074,314,1028,840
08056,4614,90,576,139
08057,16961,762,1493,1117
08059,4817,29,0,659
08060,13833,6648,1204,3147
08061,3157,31,188,137
08062,15548,607,722,837
08063,2780,70,53,175
08064,60,0,0,0
08065,5033,1106,248,727
08066,3861,2700,143,847
08067,1425,60,0,135
08068,3503,2038,183,1047
08069,7448,3488,171,3156
08070,11215,242,91,723
08071,8869,182,120,272
08072,240,0,0,0
08073,0,0,0,0
08074,0,0,0,0
08075,21919,3289,1154,3112
08077,17353,953,574,1288
08078,6491,622,209,1003
08079,6374,3587,68,731
08080,32394,2022,1479,1822
08081,25348,18157,1916,4631
08083,6681,1849,215,805
08084,5264,496,195,937
08085,16678,2858,752,1324
08086,6439,635,416,405
08087,22654,609,348,1154
08088,22295,372,128,840
08089,3147,695,58,387
08090,7801,1151,523,227
08091,4005,309,403,982
08092,2912,0,40,53
08093,6625,1885,202,1079
08094,32303,4923,673,4181
08095,0,0,0,0
08096,25288,4310,1142,3542
08097,2954,58,47,146
08098,7863,646,44,889
08102,1513,2004,120,5328
08103,1141,7993,45,4516
08104,1722,12918,320,8446
08105,2635,7546,491,18467
08106,9124,219,13,361
08107,8591,2563,357,2211
08108,16932,526,297,1104
08109,10537,5391,2019,6446
08110,4687,6404,1675,8893
08201,6986,921,477,1534
08202,1544,2,26,48
08203,6527,65,546,604
08204,15540,265,149,1199
08205,18272,2211,2592,4935
08210,14388,1574,213,1421
08212,146,6,3,0
08215,10040,2451,79,1796
08217,0,0,0,0
08221,5865,130,408,409
08223,3970,57,93,252
08224,181,0,0,0
08225,6743,249,706,1024
08226,9679,352,33,944
08230,5721,7,159,126
08232,4859,7622,420,10176
08234,26980,4620,6029,7548
08240,1959,407,247,326
08241,935,0,11,5
08242,2554,320,24,807
08243,1981,5,0,50
08244,8034,1117,424,1447
08245,0,0,0,0
08246,60,0,0,0
08247,965,1,4,5
08248,121,0,0,0
08251,9555,17,4,688
08260,11059,507,33,1555
08270,6875,488,64,894
08302,21912,12697,562,17121
08310,870,61,21,126
08311,1250,78,39,193
08312,5651,1828,31,963
08314,587,0,0,0
08316,163,0,0,0
08317,871,161,0,71
08318,9821,1173,136,836
08319,1251,34,0,36
08320,477,414,41,272
08321,95,0,0,0
08322,8295,1129,162,416
08323,606,16,4,47
08324,190,131,0,168
08326,885,20,22,186
08327,1247,1837,20,907
08328,1405,123,0,0
08329,236,0,18,0
08330,19835,3900,1403,3583
08332,25373,5461,643,4617
08340,896,43,0,15
08341,1317,112,373,905
08343,4509,22,42,280
08344,4090,292,12,796
08345,682,5,3,15
08346,189,171,13,125
08348,196,0,0,0
08349,1671,456,0,267
08350,379,53,0,73
08352,8,225,0,66
08353,240,3,36,27
08360,22529,6044,671,21608
08361,13236,2188,523,5025
08401,8624,11919,6182,12867
08402,5038,1,109,136
08403,855,0,28,40
08406,6936,285,844,1243
08501,5567,187,468,601
08502,5273,355,5353,377
08505,13641,1543,1210,1994
08510,3860,8,575,1125
08511,588,37,15,258
08512,7106,1115,3261,1711
08514,5140,26,212,263
08515,4856,293,2343,484
08518,3960,791,443,571
08520,17958,2003,5566,7143
08525,4143,4,92,324
08527,47230,2770,2564,7126
08528,163,0,0,0
08530,6899,534,194,745
08533,5760,65,0,563
08534,9733,145,2471,418
08535,4042,38,505,257
08536,5708,1228,12697,937
08540,26969,3000,15153,2705
08542,1445,382,340,306
08544,2508,416,1111,580
08550,8145,643,10749,984
08551,5375,0,266,243
08553,706,9,22,55
08554,3229,282,449,341
08555,885,7,13,291
08558,5169,246,1614,519
08559,4481,9,66,268
08560,3196,30,240,55
08561,318,10,0,10
08562,2908,187,15,496
08608,56,517,1,173
08609,1721,6596,158,4630
08610,17840,4478,1887,12615
08611,12223,7267,618,17978
08618,9361,24325,1011,4417
08619,17280,2517,1212,2838
08620,10914,1205,349,997
08628,6811,1123,585,829
08629,3045,5536,301,5558
08638,9739,10485,312,4434
08640,4422,2583,105,2088
08641,3663,469,110,1062
08648,19727,4312,4439,4238
08690,17444,400,1263,1252
08691,11070,670,4256,662
08701,118381,3219,901,13418
08720,582,23,18,0
08721,18166,652,1044,2581
08722,9194,685,118,1328
08723,27795,641,207,4798
08724,34495,1843,707,3770
08730,4722,36,33,191
08731,19170,284,132,3096
08732,1327,34,2,77
08733,2142,205,131,481
08734,7473,116,0,419
08735,3370,0,7,203
08736,12437,4,137,496
08738,1262,2,135,42
08740,1559,20,0,14
08741,2575,50,30,267
08742,22822,129,123,2527
08750,3399,99,23,113
08751,3372,1,28,367
08752,2200,43,55,18
08753,54226,1977,2289,7071
08755,23104,1993,966,3035
08757,29286,2584,812,4006
08758,7489,67,0,454
08759,30684,1153,698,1468
08801,5868,860,385,496
08802,4081,26,13,212
08804,2622,262,14,226
08805,7655,813,670,6283
08807,23103,1153,10687,3819
08809,5266,261,672,701
08810,2520,633,4683,404
08812,6963,409,2164,4724
08816,26332,1956,14639,5711
08817,17279,5048,18679,6551
08820,8154,2250,27126,1527
08821,449,20,45,0
08822,25203,765,2299,3241
08823,2039,2169,3492,987
08824,6363,381,5363,1033
08825,4040,15,84,152
08826,4725,99,12,417
08827,3381,12,82,226
08828,1771,114,238,281
08829,2782,184,308,450
08830,5257,1496,9596,1789
08831,38349,1319,11774,4721
08832,1370,370,234,2126
08833,8501,18,162,482
08835,7509,1064,422,1857
08836,2974,1,499,277
08837,6665,2652,7439,3330
08840,10796,1285,3385,2056
08844,28173,1673,9191,4005
08846,8919,956,1549,3873
08848,7960,84,30,139
08850,6944,44,404,979
08852,5759,1153,8991,1732
08853,4080,351,410,448
08854,20154,12159,19762,9210
08857,28102,2257,5641,6469
08858,0,0,0,0
08859,12465,3408,5167,5224
08861,26558,4364,1026,44956
08863,5968,1937,2266,3098
08865,23296,2686,847,3676
08867,5227,113,396,145
08869,4834,331,1396,1742
08872,10594,3781,3243,2973
08873,20049,15746,10714,9975
08876,15726,1729,2866,3367
08879,13776,2496,2090,5069
08880,2384,777,147,1656
08882,10434,1128,727,4823
08884,6412,254,652,902
08886,5242,446,657,694
08887,825,81,26,292
08889,9002,72,561,1058
08890,15,30,29,0
08901,26119,8273,5156,26238
08902,14618,9149,10402,9732
08904,8908,1032,3263,2219
10001,15428,2355,5031,5206
10002,23951,6785,28590,19864
10003,36515,2899,9023,5541
10004,2653,266,1419,229
10005,6233,421,985,755
10006,2550,225,684,203
10007,5471,646,1201,966
10009,32738,4477,8106,14386
10010,21682,2753,5067,3186
10011,37319,2345,4519,7062
10012,14971,598,3694,2181
10013,17019,964,8747,2447
10014,24159,650,1662,3271
10016,34711,2603,10521,6786
10017,9949,461,3035,414
10018,4425,544,2558,1149
10019,26754,2630,8056,7232
10020,0,0,0,0
10021,34223,177,3997,2321
10022,26748,486,3946,3471
10023,46750,3595,9183,6357
10024,49311,1604,4049,7527
10025,56731,10512,9571,22870
10026,9067,19229,2413,7595
10027,19582,23641,5881,16491
10028,37936,735,3896,3372
10029,18977,22135,8342,34520
10030,5145,18253,1134,9273
10031,13898,16914,2517,31100
10032,13028,10197,2810,39710
10033,19188,4198,2005,39448
10034,12964,5103,1495,28679
10035,7733,15568,1295,16604
10036,18023,2309,4943,6363
10037,2544,12593,731,3783
10038,10786,2528,6765,2592
10039,3264,17156,567,9782
10040,12288,2758,835,31339
10044,5356,1600,3421,1267
10065,23837,785,4226,2630
10069,2793,207,2075,551
10075,20118,538,1743,1841
10103,0,0,0,0
10110,0,0,0,0
10111,0,0,0,0
10112,0,0,0,0
10115,0,0,0,0
10119,0,0,0,0
10128,41225,3032,5151,8035
10152,0,0,0,0
10153,0,0,0,0
10154,0,0,0,0
10162,1412,9,44,151
10165,0,0,0,0
10167,0,0,0,0
10168,0,0,0,0
10169,0,0,0,0
10170,0,0,0,0
10171,0,0,0,0
10172,0,0,0,0
10173,0,0,0,0
10174,0,0,0,0
10177,0,0,0,0
10199,0,0,0,0
10271,0,0,0,0
10278,0,0,0,0
10279,161,0,0,0
10280,6020,150,2101,1090
10282,4813,137,885,278
10301,20742,8686,3143,10603
10302,7500,4222,1063,7781
10303,9093,8770,2650,10573
10304,20256,12279,5599,9735
10305,27671,2004,8503,6273
10306,40634,2239,7846,9100
10307,13384,10,324,1557
10308,25790,214,2074,3320
10309,30814,171,1430,3322
10310,13637,6126,1379,7621
10311,0,0,0,0
10312,52520,623,5507,8138
10314,64293,3326,16998,14388
10451,6985,23231,713,28202
10452,10687,28025,868,51450
10453,9782,26072,1265,55618
10454,5379,13083,180,28854
10455,5102,13232,708,32886
10456,11426,41499,627,49895
10457,11647,34138,378,52152
10458,9276,15287,2760,58929
10459,5605,17702,154,34990
10460,8055,20942,962,38921
10461,21074,5029,6646,25302
10462,12991,19601,12945,36434
10463,29139,10914,2738,36790
10464,3293,66,105,1240
10465,22150,7193,2286,21668
10466,6019,46408,1872,21217
10467,18732,31581,6256,52267
10468,10404,19491,1873,63467
10469,11105,39587,4033,21234
10470,6679,5332,312,3505
10471,13205,2340,910,7333
10472,5317,17450,5656,40254
10473,10307,22716,1361,37376
10474,1074,3674,52,7921
10475,3899,27844,1014,13319
10501,1394,0,0,81
10502,4084,250,711,469
10503,94,0,0,0
10504,6480,110,387,852
10505,846,9,94,169
10506,5474,100,97,651
10507,3569,612,675,1929
10509,14638,520,646,5178
10510,8316,178,704,1141
10511,1578,129,109,416
10512,19276,917,381,4134
10514,9925,440,1507,655
10516,5066,208,60,363
10517,289,14,33,101
10518,685,0,83,62
10519,0,0,122,0
10520,10368,577,396,1718
10522,8197,288,1397,1537
10523,3357,2491,892,3252
10524,3776,97,70,343
10526,1642,12,187,47
10527,481,35,0,113
10528,10368,490,1315,1736
10530,9651,1211,1548,1615
10532,4480,96,280,302
10533,5702,73,642,710
10535,140,0,0,74
10536,9182,202,520,1023
10537,1957,396,301,307
10538,14284,654,855,1646
10540,56,27,1,29
10541,21598,293,510,4294
10542,0,0,0,0
10543,15014,908,953,5408
10545,144,13,11,33
10546,735,2,213,102
10547,4931,1179,326,1640
10548,3279,311,25,921
10549,11423,802,578,4276
10550,3467,28663,448,7020
10552,8011,8888,884,4110
10553,1162,7916,43,1382
10560,4444,44,125,460
10562,18518,3552,1647,12057
10566,10965,5073,498,10478
10567,13831,1822,854,3570
10570,10792,568,650,1261
10573,20313,2483,1650,20513
10576,4376,140,127,340
10577,4364,577,363,921
10578,498,48,355,957
10579,7007,205,114,1040
10580,14503,338,1336,1303
10583,27607,1211,7990,3357
10588,2630,49,456,547
10589,6655,41,210,335
10590,6485,111,250,522
10591,14181,986,1369,8468
10594,4704,16,345,515
10595,5064,801,466,939
10596,503,60,1,139
10597,481,0,13,144
10598,23370,1771,1257,3285
10601,5499,1709,1293,3028
10603,8112,4451,1206,6258
10604,7944,973,286,3028
10605,13874,1709,1249,3945
10606,6527,2603,1414,6675
10607,2379,1793,756,2249
10701,22598,16367,2125,34081
10703,10892,4610,805,9640
10704,19298,2972,2323,9549
10705,11679,8289,1813,22407
10706,7472,98,658,831
10707,6891,413,1204,1853
10708,16982,1567,1011,3611
10709,8390,121,997,730
10710,11340,4958,3446,7241
10801,16228,10743,2591,15348
10803,9904,939,894,1468
10804,11589,1716,713,1523
10805,9888,3039,1210,8137
10901,19015,2543,1169,3183
10910,0,0,0,0
10911,6,6,0,0
10913,4298,182,262,426
10914,312,0,0,0
10915,0,0,0,0
10916,3617,24,85,802
10917,917,72,201,758
10918,9002,627,625,1908
10919,642,24,59,764
10920,5770,234,1034,1688
10921,3190,273,68,813
10922,976,97,93,123
10923,4037,1194,472,3880
10924,11102,497,380,2698
10925,3629,76,180,658
10926,2162,529,345,1136
10927,3636,2573,393,6850
10928,2544,909,238,1444
10930,7189,847,936,2604
10931,444,176,62,376
10932,26,0,0,17
10933,401,0,0,25
10940,24533,11413,2127,16967
10941,7883,2835,813,2873
10950,54521,1819,873,7907
10952,41852,3314,491,1690
10953,0,0,0,0
10954,15963,3241,3362,5769
10956,20143,2535,3937,4928
10958,2138,431,18,477
10960,8783,2865,710,2210
10962,3080,303,930,817
10963,2878,676,196,647
10964,1190,89,201,119
10965,12333,183,668,2579
10968,1954,208,229,134
10969,901,0,8,153
10970,6173,1652,1142,3287
10973,1672,132,61,452
10974,2460,179,142,443
10975,73,173,0,162
10976,1467,182,218,136
10977,42725,12908,1876,15480
10979,0,0,0,0
10980,10282,1598,368,2956
10983,4436,105,582,563
10984,2135,357,121,728
10985,42,0,0,24
10986,1294,66,42,173
10987,2929,289,59,442
10988,568,33,0,71
10989,5963,684,1155,968
10990,17959,751,265,1651
10992,6940,963,98,3132
10993,2246,696,144,2498
10994,4204,610,856,1027
10996,4730,388,272,689
10998,2964,201,0,560
11001,14626,1548,6433,4233
11003,8692,20960,7767,9776
11004,4304,850,8129,1922
11005,2109,0,66,25
11010,18165,864,2810,4024
11020,2418,1037,2437,349
11021,12445,314,5183,1651
11023,7679,8,1343,150
11024,7652,113,303,1415
11030,12126,240,3582,1130
11040,18918,445,18078,5059
11042,211,82,12,27
11050,23590,450,3485,4616
11096,3993,1629,787,4163
11101,13333,3737,9720,7019
11102,14301,2035,4320,6957
11103,21080,923,4684,9251
11104,12742,847,7264,7351
11105,26181,1693,3375,8903
11106,19475,3027,7889,10746
11109,3975,91,2400,558
11201,42394,8399,9960,7705
11203,4399,64474,1462,5388
11204,44660,658,24763,9128
11205,28236,11640,3781,7107
11206,39368,20210,5785,32583
11207,12169,58936,1440,31777
11208,18676,52901,8740,42173
11209,48145,2427,9712,14178
11210,19245,33680,3658,4741
11211,43092,4318,3999,17036
11212,5582,61370,659,16365
11213,17829,40794,1116,9866
11214,39627,1963,33336,15982
11215,52263,2910,6674,10855
11216,20718,28802,2999,8459
11217,23952,7636,3935,6221
11218,41158,7033,13231,11989
11219,57607,1444,20305,12095
11220,22067,2298,37912,38012
11221,21286,39370,4668,28299
11222,29683,1203,2055,6258
11223,40820,4475,21861,11907
11224,24538,10241,4542,9321
11225,17325,32363,1927,6330
11226,15171,65186,3186,15023
11228,23623,552,15583,5607
11229,49135,5069,19501,7163
11230,56510,7916,14427,10644
11231,25045,4958,2154,5812
11232,10725,2021,4345,14736
11233,11851,58706,1086,13061
11234,33915,39296,7312,8004
11235,57750,2130,12344,7557
11236,5075,81608,2639,9116
11237,15083,5890,3107,26247
11238,29650,15622,3850,8122
11239,2899,11133,444,2674
11249,30733,3989,2601,8932
11354,8888,1564,35533,7207
11355,8009,2217,57749,12811
11356,7464,256,9084,11529
11357,26153,309,11184,6338
11358,13694,405,18085,6410
11359,0,0,0,0
11360,11314,256,6091,2040
11361,13140,1154,11948,4363
11362,7470,491,9010,1700
11363,4052,46,2276,915
11364,13326,1161,18677,6265
11365,12545,5461,20069,9859
11366,4965,738,5781,1912
11367,20538,3686,11826,7987
11368,24335,10571,13429,85529
11369,5975,5653,4781,18881
11370,10509,3191,6920,10700
11371,0,0,0,0
11372,23111,2211,15419,35098
11373,11515,1585,50403,43389
11374,20274,1943,14411,10451
11375,39435,2501,21474,12360
11377,29414,2105,31919,34283
11378,22272,502,5336,14449
11379,26106,507,4688,8430
11385,63674,3867,7289,47720
11411,811,18728,313,1425
11412,889,33105,1299,3101
11413,793,39174,758,3035
11414,21214,1284,1710,7506
11415,9812,1621,4598,4661
11416,5501,1394,9448,12529
11417,7695,2665,9060,11986
11418,10635,3378,8996,15918
11419,3076,7176,16389,8584
11420,4497,11379,17131,10878
11421,11079,2181,7504,24543
11422,2457,26049,782,2873
11423,3793,10078,9191,4388
11424,0,0,0,0
11426,5340,1165,9252,3546
11427,5072,5707,8714,5280
11428,2305,4074,6245,5120
11429,1445,18682,2067,4182
11430,122,173,6,84
11432,9662,11138,27628,13513
11433,1620,21823,6031,5393
11434,2687,54552,2039,7993
11435,9595,14971,13860,17541
11436,734,13430,1371,2758
11439,1093,478,168,491
11451,0,0,0,0
11501,14243,299,3647,2837
11507,3661,63,2953,352
11509,1590,8,23,45
11510,13447,14562,1093,7140
11514,3159,167,618,547
11516,7356,197,76,1200
11518,8514,584,468,1061
11520,14444,14085,926,19430
11530,24302,293,1704,1897
11542,19722,1638,1579,8173
11545,9980,93,931,1565
11547,443,0,142,0
11548,1579,126,433,107
11549,1797,256,198,252
11550,8069,27970,1201,26908
11552,13911,5888,1260,5880
11553,7293,11503,342,12834
11554,24364,1729,6617,4906
11556,0,0,0,0
11557,6127,579,854,719
11558,6950,114,299,1855
11559,7345,212,197,1288
11560,5979,155,232,1078
11561,31369,1824,1744,5426
11563,15034,1494,1785,4628
11565,6552,460,242,1373
11566,29450,932,1100,3362
11568,2901,288,672,287
11569,1075,0,0,30
11570,22348,1690,1542,2939
11572,25238,603,920,4617
11575,3403,9544,455,8235
11576,9000,145,2538,799
11577,8474,391,2677,816
11579,4638,40,52,314
11580,12169,13933,6850,10481
11581,10360,3826,3761,3913
11590,20158,9174,4728,16382
11596,7678,57,2036,851
11598,12207,707,297,847
11691,20338,30553,2978,18124
11692,4698,14210,1129,6123
11693,7616,3232,457,3473
11694,16953,1634,502,3787
11697,3832,9,44,134
11701,11600,9358,313,6878
11702,12772,197,145,1124
11703,11400,2288,1012,3248
11704,28131,5456,727,6968
11705,7477,167,132,692
11706,35051,7988,4047,25878
11709,6317,24,34,334
11710,29281,844,1840,3665
11713,5528,1551,160,2377
11714,17423,72,2754,2483
11715,3630,0,31,126
11716,8659,234,404,1054
11717,23075,10277,1692,47343
11718,2881,90,12,238
11719,3026,234,12,306
11720,22148,1645,2014,4785
11721,5760,117,291,237
11722,13348,7481,737,22026
11724,2488,0,84,130
11725,25276,530,1621,2484
11726,8869,3585,297,10392
11727,19309,4515,1738,5075
11729,16658,2999,3188,4541
11730,12178,486,140,1984
11731,26147,681,1397,2264
11732,3116,96,26,300
11733,14089,285,1549,1299
11735,24855,1224,2577,4692
11738,14327,1864,1161,4073
11739,1236,0,38,124
11740,8522,1233,427,1150
11741,23639,1015,1257,4388
11742,10890,903,501,1979
11743,33382,1430,1707,4990
11746,45507,4818,5677,12997
11747,17066,283,1068,857
11749,1533,437,321,1363
11751,10736,433,832,1752
11752,7525,172,107,1618
11753,6027,72,6456,200
11754,16435,180,690,1536
11755,9761,282,1081,1552
11756,31201,637,4239,7566
11757,35730,2108,1116,8012
11758,46589,2883,545,5486
11762,20482,172,490,970
11763,20096,3020,701,7861
11764,11092,105,352,1511
11765,614,0,63,146
11766,10094,233,453,836
11767,12283,392,825,2070
11768,19805,77,350,1293
11769,8030,494,79,401
11770,82,0,0,47
11771,8135,210,546,1994
11772,35645,2153,1563,9255
11776,19176,1374,534,5319
11777,7744,116,583,931
11778,11293,102,75,1732
11779,30312,1754,2542,7104
11780,13431,259,743,1501
11782,13912,79,208,880
11783,19570,579,792,1508
11784,18115,1412,1688,4870
11786,5656,186,143,737
11787,30022,312,1754,3067
11788,13571,237,1440,2160
11789,6314,143,200,687
11790,12594,970,4659,1766
11791,15678,336,8143,1318
11792,7791,268,74,684
11793,26662,398,1128,3583
11794,346,189,665,168
11795,22498,177,595,2640
11796,3573,62,117,11
11797,7305,114,1407,229
11798,2117,10114,401,5731
11801,20514,538,13604,7530
11803,23098,93,5683,1346
11804,3395,17,857,171
11901,20351,3929,716,9052
11930,681,3,0,77
11931,0,0,0,0
11932,752,176,61,269
11933,5993,589,179,380
11934,7015,166,148,1309
11935,2599,21,14,154
11937,14176,672,371,7148
11939,1518,9,0,31
11940,4860,128,135,253
11941,2133,47,0,350
11942,5068,41,110,936
11944,3898,164,37,693
11946,13691,167,397,5660
11947,153,0,0,0
11948,531,4,0,0
11949,11442,428,385,1131
11950,12205,1068,173,4517
11951,11978,1274,258,2486
11952,5007,8,0,683
11953,10510,2044,126,1949
11954,3983,32,1,210
11955,2556,164,0,266
11956,268,0,3,30
11957,1163,8,6,36
11958,778,0,0,153
11959,482,17,0,133
11960,962,0,0,67
11961,11740,487,181,1048
11962,291,49,4,69
11963,7044,203,285,1209
11964,2032,31,224,510
11965,488,1,0,2
11967,20190,2290,1426,5772
11968,10250,1183,357,2135
11970,528,0,35,52
11971,5334,27,232,803
11972,409,2,0,30
11973,4,0,10,25
11975,326,27,7,3
11976,2155,13,38,207
11977,2832,11,90,243
11978,3189,170,73,273
11980,4688,176,87,754
12007,325,0,0,0
12008,427,0,0,0
12009,7204,201,559,242
12010,20098,1273,404,6336
12015,3455,108,227,395
12017,387,0,4,14
12018,7084,18,19,115
12019,13691,202,708,411
12020,31661,621,806,1279
12022,989,15,0,38
12023,2290,8,24,3
12024,83,0,0,0
12025,4874,45,107,205
12027,3923,12,39,68
12028,1082,0,0,0
12029,912,44,1,17
12031,146,0,0,45
12032,728,0,0,4
12033,7103,67,53,503
12035,468,10,0,0
12036,210,0,3,7
12037,3709,38,23,82
12040,28,0,0,0
12041,319,0,0,0
12042,291,0,0,0
12043,6770,209,144,358
12045,453,14,0,0
12046,489,0,0,30
12047,17477,1658,1610,1326
12051,4561,1145,5,437
12052,1947,0,0,7
12053,3781,46,1,252
12054,15811,181,441,462
12056,1920,0,0,138
12057,1832,0,77,52
12058,1066,58,0,0
12059,1382,0,6,4
12060,1685,0,22,59
12061,8500,281,617,708
12062,1619,0,22,156
12063,609,0,0,0
12064,247,0,3,16
12065,37205,1289,2971,1761
12066,1703,17,4,19
12067,1409,15,0,0
12068,2402,16,0,65
12069,399,84,0,0
12070,2438,29,32,357
12071,214,0,0,0
12072,2789,27,13,93
12074,2888,0,38,12
12075,2675,78,0,116
12076,1086,10,16,51
12077,5656,463,351,314
12078,20421,408,192,1125
12082,0,0,0,0
12083,3746,3,0,142
12084,3156,438,1344,162
12085,208,25,0,0
12086,1572,0,8,265
12087,1125,0,9,0
12090,5428,27,0,204
12092,1504,75,0,59
12093,1259,0,23,24
12094,2597,26,0,121
12095,11585,281,73,509
12106,2048,0,2,149
12108,342,21,0,1
12110,15405,712,2353,608
12115,95,0,0,0
12116,1351,0,0,17
12117,2557,4,0,53
12118,15025,19,630,463
12120,628,7,0,7
12121,2319,24,0,131
12122,3325,52,16,78
12123,4614,15,15,200
12124,246,0,0,42
12125,1002,0,16,63
12130,431,0,0,0
12131,182,0,0,2
12132,133,0,0,0
12134,4062,0,2,171
12136,775,10,0,9
12137,1956,63,0,11
12138,2709,23,17,138
12139,261,0,0,0
12140,1359,0,23,0
12143,4917,169,85,135
12144,17735,1258,1114,1133
12147,391,0,17,0
12148,3879,87,250,181
12149,2100,35,0,20
12150,561,14,0,95
12151,831,20,10,14
12153,613,0,40,0
12154,2753,16,3,0
12155,1643,7,0,129
12156,802,16,0,101
12157,4125,56,70,230
12158,5362,107,107,464
12159,7379,181,627,423
12160,754,27,6,39
12161,35,0,0,0
12164,475,3,0,7
12165,198,0,0,0
12166,1446,28,3,27
12167,2268,33,10,89
12168,1647,0,0,18
12169,372,0,0,69
12170,4783,54,9,421
12172,211,0,0,0
12173,1758,16,0,230
12174,567,0,0,18
12175,582,9,11,95
12176,206,0,15,118
12177,319,0,0,0
12180,38211,7121,2894,4042
12182,11230,1807,113,862
12183,2260,161,27,404
12184,6602,30,59,469
12185,1751,0,6,9
12186,5918,20,56,150
12187,687,9,0,12
12188,10734,89,167,483
12189,13190,1673,1618,1381
12190,632,6,0,3
12192,1408,10,0,126
12193,1621,32,21,0
12194,177,0,0,0
12195,184,0,0,0
12196,3779,6,0,169
12197,1863,10,0,35
12198,6677,45,62,138
12202,2765,4768,618,1313
12203,22167,3187,2514,1713
12204,4104,2583,809,476
12205,21033,1525,2243,1504
12206,3981,7016,1194,1860
12207,1115,1095,18,155
12208,15981,3064,2095,1407
12209,5943,2189,905,2006
12210,4769,4300,192,670
12211,10455,608,1473,799
12222,3666,1468,379,1235
12226,0,0,0,0
12302,25835,252,421,968
12303,20965,3035,1371,2928
12304,11775,4011,2219,1824
12305,4213,1681,194,734
12306,22231,2121,788,1887
12307,1854,2606,794,1615
12308,8964,2577,719,1711
12309,26400,985,2703,1467
12401,25717,3688,551,4631
12404,3512,16,25,313
12405,529,0,0,0
12406,377,0,3,203
12407,130,2,0,13
12409,881,0,41,37
12410,329,0,0,0
12411,317,0,7,0
12412,512,0,15,0
12413,2817,37,0,199
12414,8137,897,61,994
12416,126,0,10,31
12417,710,0,0,44
12418,249,4,0,0
12419,811,0,0,19
12420,351,0,0,0
12421,224,0,0,0
12422,374,0,24,0
12423,806,163,0,145
12424,246,0,0,20
12427,1006,7,4,40
12428,5001,424,38,1848
12429,52,49,0,52
12430,1015,0,66,140
12431,1683,0,1,98
12432,386,0,0,195
12433,587,0,0,0
12434,939,15,0,13
12435,217,0,0,14
12436,430,0,0,0
12438,48,0,0,0
12439,263,0,0,34
12440,1289,14,15,35
12441,105,0,0,0
12442,624,0,0,24
12443,3158,127,33,253
12444,340,0,1,149
12446,3956,88,63,414
12448,142,0,0,0
12449,2337,224,41,475
12450,221,0,0,29
12451,1003,0,41,0
12452,27,0,0,0
12453,227,0,0,0
12454,408,0,20,0
12455,1525,20,11,465
12456,714,0,0,43
12457,1160,31,0,17
12458,1970,787,0,753
12459,68,0,0,0
12460,215,0,0,0
12461,1168,0,29,64
12463,1297,0,0,34
12464,809,17,66,157
12465,236,0,144,8
12466,1445,135,0,556
12468,1231,13,13,43
12469,767,29,0,19
12470,778,0,0,0
12471,268,0,0,30
12472,1002,31,24,46
12473,663,0,0,12
12474,785,4,0,38
12475,371,0,12,72
12477,16018,282,98,966
12480,260,0,10,2
12481,1365,0,65,25
12482,541,0,0,0
12483,66,0,0,0
12484,2587,249,237,213
12485,866,11,0,19
12486,1072,132,26,138
12487,3125,422,7,65
12489,154,0,0,0
12490,0,0,0,0
12491,1614,0,0,430
12492,175,0,0,10
12493,241,22,0,80
12494,737,41,0,34
12495,87,0,0,0
12496,1094,42,65,58
12498,3934,55,149,250
12501,1527,13,98,535
12502,1012,7,17,0
12503,560,14,6,80
12504,695,125,174,134
12507,203,5,4,22
12508,12827,3197,278,3689
12512,176,0,0,0
12513,154,0,0,0
12514,2768,41,21,81
12515,1171,68,0,188
12516,1721,27,18,76
12517,304,0,0,38
12518,4683,218,240,780
12520,2768,74,70,266
12521,1296,26,8,141
12522,4254,25,155,503
12523,1893,18,12,90
12524,12208,1039,552,2085
12525,1231,19,0,74
12526,3222,108,35,156
12527,9,7,0,0
12528,10461,604,946,1233
12529,2141,13,0,131
12530,283,0,0,0
12531,2284,88,19,48
12533,19693,1105,1373,3966
12534,13323,1428,1143,1189
12538,11582,894,395,928
12540,7474,436,207,1405
12542,4948,98,35,428
12543,2144,311,0,847
12544,33,0,0,0
12545,4066,142,101,291
12546,2082,153,44,357
12547,2419,290,23,323
12548,942,0,0,140
12549,7937,1185,42,2179
12550,25274,12268,1119,20855
12553,16994,4609,1150,7032
12561,14190,1227,515,2305
12563,5994,748,135,1447
12564,6028,480,111,1169
12565,1295,199,2,52
12566,10295,513,72,1138
12567,2079,12,17,153
12569,8209,251,106,1141
12570,5445,497,314,724
12571,8038,410,149,389
12572,8228,214,157,640
12574,293,0,0,16
12575,1356,35,0,422
12577,1283,56,0,211
12578,1860,30,22,57
12580,3961,170,133,224
12581,1547,1,46,482
12582,4009,1218,107,858
12583,1714,9,32,140
12585,682,9,65,11
12586,9031,1259,114,2269
12589,13479,1726,342,3726
12590,26856,3493,1616,6030
12592,1176,93,8,339
12594,3184,448,12,736
12601,22740,11964,1175,8031
12603,30196,4727,2334,4907
12604,1303,138,301,152
12701,7192,1861,624,3569
12719,948,42,14,106
12720,274,0,0,0
12721,6302,262,99,1223
12722,0,0,0,0
12723,1377,236,11,178
12724,63,0,0,0
12725,250,0,9,28
12726,1285,8,2,52
12729,1059,239,54,101
12732,721,0,3,102
12733,959,586,3,428
12734,771,2,0,225
12736,106,0,0,16
12737,1464,0,7,132
12738,244,0,0,115
12740,1420,72,6,123
12741,117,18,0,10
12742,141,1,0,83
12743,285,2,0,0
12745,5,0,0,0
12746,510,0,28,42
12747,1530,223,92,158
12748,1513,53,13,145
12749,539,0,0,0
12750,36,0,0,0
12751,833,196,0,95
12752,259,19,0,4
12754,4919,737,111,2706
12758,3422,34,93,125
12759,1144,688,5,264
12760,405,0,20,101
12762,325,0,0,0
12763,404,23,0,59
12764,1512,90,32,92
12765,891,0,0,8
12766,623,0,19,0
12767,225,0,0,2
12768,604,26,0,296
12769,220,40,36,67
12770,178,0,0,40
12771,10403,1010,524,2264
12775,1950,167,25,441
12776,1901,16,6,314
12777,748,20,26,45
12778,391,0,0,0
12779,944,412,0,1171
12780,1772,149,17,60
12781,202,0,0,10
12783,1226,109,0,169
12784,0,0,0,0
12785,577,119,27,54
12786,434,19,0,44
12787,85,0,0,0
12788,1894,526,49,410
12789,1579,114,126,586
12790,3608,43,199,342
12791,607,0,0,75
12792,167,0,0,0
12801,13422,475,52,634
12803,8350,49,30,199
12804,25970,225,166,753
12808,194,0,5,0
12809,3448,10,10,44
12810,501,5,0,12
12811,224,0,0,0
12812,349,0,0,0
12814,1128,7,0,0
12815,1095,0,0,0
12816,4377,61,46,193
12817,1883,0,31,0
12819,266,0,0,0
12820,102,0,0,0
12821,939,1146,35,446
12822,6040,12,0,132
12823,480,0,9,0
12824,1049,14,0,30
12827,3449,26,8,25
12828,9164,42,26,127
12831,17385,86,211,858
12832,6187,112,7,56
12833,4841,28,101,133
12834,5867,35,84,192
12835,2401,9,0,33
12836,441,0,0,3
12837,847,0,0,1
12838,693,0,0,26
12839,12902,42,55,475
12841,95,0,0,0
12842,650,2,1,3
12843,663,10,0,0
12844,279,6,0,12
12845,4313,55,27,211
12846,2960,14,0,24
12847,597,15,15,36
12849,424,0,0,11
12850,2632,62,0,22
12851,295,3,0,0
12852,334,6,9,7
12853,1271,11,74,25
12854,98,0,0,0
12855,201,0,0,16
12856,313,0,0,0
12857,721,0,4,8
12858,139,0,0,0
12859,1728,39,0,2
12860,304,3,5,2
12861,526,0,5,0
12862,222,0,0,44
12863,883,0,0,0
12864,9,0,0,0
12865,3180,99,0,103
12866,34504,1117,989,1472
12870,1634,6,0,6
12871,3909,109,7,162
12872,103,0,0,0
12873,806,6,0,41
12874,150,0,0,0
12878,707,25,9,51
12883,4700,0,0,40
12884,525,3,0,21
12885,4089,48,107,110
12886,190,14,0,5
12887,4194,11,5,138
12901,28885,1060,880,949
12903,1583,5,58,17
12910,1611,159,22,88
12911,0,0,0,0
12912,1765,0,4,37
12913,1040,0,0,9
12914,832,0,0,0
12915,57,0,0,1
12916,2284,0,2,23
12917,1115,8,1,23
12918,2291,0,0,93
12919,2590,24,6,42
12920,2214,27,10,86
12921,2647,41,4,60
12922,36,0,0,0
12923,495,0,0,10
12924,323,0,0,0
12926,2224,13,0,0
12927,292,0,0,0
12928,1816,4,0,120
12929,1640,1332,9,505
12930,721,0,3,15
12932,995,38,0,23
12933,27,0,0,0
12934,1116,62,0,30
12935,1342,5,0,6
12936,649,0,0,4
12937,1228,0,3,0
12939,139,0,0,0
12941,1589,26,2,42
12942,504,0,7,7
12943,285,0,8,0
12944,3736,15,12,65
12945,528,0,0,0
12946,4481,37,25,137
12950,613,26,0,0
12952,194,3,0,5
12953,10993,1286,16,939
12955,339,0,0,0
12956,1142,57,0,42
12957,1636,0,0,0
12958,1829,0,0,0
12959,1608,0,0,0
12960,875,5,0,4
12961,21,0,0,0
12962,4991,12,36,7
12964,85,0,9,2
12965,258,0,11,0
12966,3044,0,14,134
12967,1181,1,4,32
12969,214,0,0,0
12970,845,19,52,21
12972,6399,126,78,338
12973,165,0,4,0
12974,1925,8,0,90
12975,182,6,6,0
12976,170,0,0,7
12977,520,660,1,386
12978,256,0,0,5
12979,2396,6,33,31
12980,1022,0,0,2
12981,2360,0,0,14
12983,6876,203,29,132
12985,912,0,0,0
12986,5052,151,3,68
12987,150,0,0,0
12989,900,0,9,0
12992,3679,0,14,93
12993,1571,10,11,7
12996,1816,21,0,25
12997,1190,2,0,11
12998,282,0,0,0
13020,103,0,0,4
13021,33487,1221,394,1098
13024,379,885,0,218
13026,1605,23,5,116
13027,32343,551,508,1316
13028,746,0,0,33
13029,7352,0,10,103
13030,3603,38,85,171
13031,14719,107,257,305
13032,11586,269,34,135
13033,3487,0,22,20
13034,1867,9,16,55
13035,7941,183,82,261
13036,8760,11,3,64
13037,8990,23,24,415
13039,15936,171,441,184
13040,2542,0,0,10
13041,10282,382,310,342
13042,1950,0,2,8
13044,2686,0,0,265
13045,25203,856,392,1181
13051,37,0,0,0
13052,1737,0,0,10
13053,4137,81,183,216
13054,1215,0,0,6
13057,12904,369,341,259
13060,2407,0,50,12
13061,583,40,0,0
13062,212,0,0,0
13063,1606,0,50,24
13065,222,0,0,0
13066,11400,275,406,385
13068,4569,0,51,57
13069,22216,119,54,747
13071,788,0,36,41
13072,812,12,0,0
13073,5871,119,34,139
13074,4098,5,37,88
13076,2247,0,30,107
13077,6306,0,210,50
13078,8453,528,1064,146
13080,3318,0,6,53
13081,1019,3,14,35
13082,3601,21,8,10
13083,1885,12,34,29
13084,3299,126,0,70
13087,139,0,0,0
13088,18666,733,870,930
13090,23624,1771,838,2075
13092,2387,45,46,39
13101,2263,0,0,41
13102,52,0,0,0
13103,181,0,1,0
13104,14337,315,1465,312
13108,6096,51,22,111
13110,2143,0,0,59
13111,1506,0,12,279
13112,1666,0,0,62
13113,49,0,0,3
13114,7074,14,19,52
13115,205,2,0,5
13116,3171,0,66,343
13117,267,1,0,0
13118,5133,355,9,156
13119,0,0,0,0
13120,1548,95,39,8
13121,0,0,0,0
13122,899,9,0,40
13123,32,0,0,0
13124,99,0,0,0
13126,32810,859,654,1612
13131,2864,29,34,62
13132,3284,28,9,69
13134,48,0,0,0
13135,5702,127,77,186
13136,329,0,0,0
13138,135,4,0,0
13140,4157,21,0,122
13141,619,0,0,23
13142,5708,7,0,51
13143,2120,38,16,38
13144,1253,23,0,0
13145,1560,0,0,13
13146,2028,2,10,84
13147,845,44,0,66
13148,10018,241,155,204
13152,7456,15,30,221
13153,337,0,0,0
13154,34,0,0,0
13155,548,0,0,12
13156,2022,10,0,2
13157,498,0,5,0
13158,1163,135,2,52
13159,4919,22,16,112
13160,2119,33,5,79
13162,409,0,0,0
13163,285,30,0,17
13164,2508,26,0,58
13165,8596,155,45,499
13166,5513,20,0,56
13167,2885,0,21,0
13202,2626,3302,383,1235
13203,9518,4042,1298,1635
13204,9945,5811,183,3369
13205,6617,8284,699,1212
13206,11866,2626,499,1003
13207,6139,4871,177,1860
13208,11511,6264,3111,1122
13209,11624,603,127,511
13210,11497,3975,1819,1569
13211,4708,131,403,384
13212,19156,348,199,469
13214,5933,1498,419,657
13215,12423,869,166,476
13219,14042,490,170,699
13224,4351,2874,513,892
13244,5336,662,1840,683
13290,0,0,0,0
13301,156,0,0,0
13302,1337,0,0,17
13303,1267,3,0,23
13304,1888,11,16,11
13305,188,0,0,0
13308,4116,0,58,181
13309,5563,64,18,0
13310,837,0,0,0
13312,308,0,0,0
13313,576,3,0,48
13314,153,0,0,0
13315,1359,4,24,10
13316,5717,31,6,67
13317,3756,31,26,92
13318,970,70,0,0
13319,550,0,0,0
13320,2037,0,0,30
13321,789,0,14,0
13322,1044,0,0,31
13323,10379,77,223,476
13324,1552,10,0,6
13325,907,0,0,2
13326,4163,101,152,203
13327,2228,0,0,27
13328,1246,11,24,86
13329,3391,3,15,205
13331,69,0,0,0
13332,2667,66,15,9
13333,52,0,0,2
13334,895,27,0,10
13335,1229,15,12,57
13337,592,31,15,13
13338,1212,6,0,0
13339,5733,108,0,200
13340,6936,157,30,78
13342,224,0,0,61
13343,1587,0,2,7
13345,147,28,0,0
13346,5501,209,237,315
13348,1610,12,0,14
13350,8821,183,99,68
13352,24,0,0,0
13353,39,0,0,0
13354,3233,10,4,24
13355,1102,0,0,20
13357,9677,158,34,286
13360,128,0,0,0
13361,625,4,0,28
13363,2296,19,0,67
13364,185,0,0,0
13365,7937,34,3,423
13367,8097,212,16,266
13368,1103,4,0,0
13402,1041,2,10,9
13403,5996,758,76,469
13404,121,0,0,0
13406,488,0,0,3
13407,4661,43,93,119
13408,2914,136,164,182
13409,1892,14,0,82
13410,452,0,3,32
13411,2614,3,5,93
13413,14775,82,758,481
13415,82,0,0,0
13416,2183,8,0,31
13417,3062,2,27,53
13418,212,0,0,0
13420,1059,24,0,0
13421,11946,120,75,310
13424,1960,114,126,119
13425,1685,6,14,32
13428,1489,10,1,7
13431,1903,7,3,18
13433,1611,2,2,1
13435,201,61,0,0
13436,96,11,0,7
13437,294,0,0,0
13438,2866,45,14,69
13439,3612,37,10,106
13440,36259,1598,572,2533
13441,154,43,0,25
13450,252,0,0,0
13452,4546,40,2,192
13454,669,0,0,13
13455,46,0,0,0
13456,3811,14,58,70
13457,32,0,0,0
13459,1933,10,17,72
13460,4010,16,39,10
13461,2932,26,76,82
13464,1209,2,0,8
13468,289,0,0,2
13469,1264,0,53,0
13470,666,12,1,21
13471,2567,8,11,18
13472,340,0,0,0
13473,1038,5,0,0
13475,32,0,0,0
13476,2861,59,16,46
13477,1471,0,0,103
13478,2994,0,18,89
13480,3215,6,19,33
13482,63,0,0,0
13483,443,6,0,26
13484,29,0,0,0
13485,1612,9,3,15
13486,673,0,0,38
13488,141,0,0,0
13489,524,0,0,5
13490,1150,0,31,31
13491,3654,0,14,178
13492,10350,308,142,527
13493,2099,13,7,44
13494,222,0,0,0
13495,1901,14,0,12
13501,22155,6058,5712,5814
13502,24414,4474,1758,3308
13601,31654,2605,854,2544
13602,1603,504,158,562
13603,10075,1589,301,3126
13605,4893,79,11,177
13606,2354,11,0,0
13607,1683,27,5,13
13608,1649,18,0,69
13611,312,0,0,18
13612,2485,0,140,33
13613,2497,15,0,18
13614,330,0,0,0
13615,573,4,0,11
13616,1361,280,98,222
13617,10702,533,259,473
13618,1669,15,0,74
13619,9295,317,73,570
13620,2016,14,12,5
13621,578,0,0,0
13622,1752,116,9,75
13623,51,0,0,0
13624,4233,296,34,250
13625,1512,5,4,6
13626,2148,4,8,113
13628,245,0,0,23
13630,1404,5,0,12
13632,107,0,0,0
13633,302,0,0,0
13634,3862,34,0,110
13635,1210,1,0,8
13636,165,1,3,0
13637,2971,747,17,950
13638,372,0,0,0
13639,24,0,0,0
13640,297,0,0,10
13641,54,0,0,0
13642,8081,380,10,509
13643,60,0,0,0
13645,0,0,0,0
13646,2154,6,11,28
13647,143,0,0,7
13648,1957,1,0,102
13649,37,0,0,0
13650,1217,14,10,31
13651,126,0,0,0
13652,1694,0,4,1
13654,2346,6,0,7
13655,349,6,206,1
13656,3044,115,0,25
13658,2243,0,0,72
13659,365,0,0,13
13660,1792,5,8,22
13661,1708,0,25,57
13662,15370,46,113,171
13664,340,21,1,44
13665,793,19,0,0
13666,147,8,0,2
13667,2977,46,7,92
13668,3081,33,2,22
13669,14644,709,91,268
13670,374,0,1,0
13672,354,0,0,7
13673,1907,92,16,54
13674,137,0,0,0
13675,52,0,0,0
13676,12839,378,341,402
13678,105,0,0,0
13679,1060,0,16,19
13680,1383,0,5,10
13681,928,1,0,18
13682,810,0,4,0
13683,0,0,0,0
13684,1129,17,3,2
13685,2009,5,10,114
13687,501,0,0,0
13690,657,25,5,40
13691,2740,0,54,97
13692,216,0,0,0
13693,288,0,6,0
13694,1185,0,0,82
13695,200,0,0,11
13696,174,0,0,0
13697,1800,0,20,23
13699,1481,179,223,173
13730,2759,2,36,39
13731,926,0,16,34
13732,7121,53,118,171
13733,4828,40,29,60
13734,2330,0,0,18
13736,1760,0,0,17
13738,44,0,0,0
13739,773,0,20,0
13740,483,18,10,69
13743,3297,0,11,7
13744,1337,2,0,13
13746,1971,13,13,25
13747,29,0,0,0
13748,3318,0,0,398
13750,694,4,0,0
13751,209,0,0,0
13752,844,0,0,24
13753,5043,95,160,223
13754,2548,15,30,45
13755,862,0,0,10
13756,680,7,6,18
13757,1269,0,0,0
13760,37951,1728,843,1753
13774,127,0,0,0
13775,1688,6,3,131
13776,379,0,5,4
13777,396,0,0,0
13778,5070,23,23,133
13780,858,0,0,4
13782,717,1,7,17
13783,2118,99,3,85
13784,294,0,0,10
13786,317,7,8,0
13787,2905,4,8,62
13788,855,31,12,5
13790,14359,1050,1521,818
13795,2398,94,143,300
13796,907,24,0,39
13797,1982,4,0,0
13801,1433,5,18,55
13802,1070,0,0,0
13803,4134,5,7,50
13804,189,0,0,0
13806,150,0,25,0
13807,1242,11,12,31
13808,1332,3,0,56
13809,1870,0,0,9
13810,1163,8,1,96
13811,3828,20,66,67
13812,2247,0,0,7
13813,1120,11,0,18
13814,11,0,0,0
13815,11692,223,78,590
13820,19428,1026,494,1457
13825,2743,15,120,27
13826,78,0,0,0
13827,11153,139,119,299
13830,4773,34,4,77
13832,446,0,0,3
13833,4066,0,56,52
13834,118,0,0,0
13835,1268,0,9,0
13838,3710,98,0,42
13839,1219,0,0,79
13841,439,10,16,2
13842,500,40,8,10
13843,2008,6,3,24
13844,630,0,0,0
13846,366,3,0,0
13847,17,0,0,0
13849,4210,27,65,51
13850,18648,658,3239,576
13856,5721,93,13,146
13859,78,0,0,0
13860,228,0,0,0
13861,407,0,0,0
13862,3561,47,0,47
13863,448,2,16,7
13864,839,41,0,248
13865,5702,85,9,50
13901,16273,1433,296,1485
13902,5364,83,848,325
13903,14671,1897,137,1048
13904,7334,1188,275,431
13905,20294,2671,2374,2088
14001,8844,59,49,56
14004,10654,691,98,138
14005,1918,2,0,109
14006,8918,193,112,86
14008,1294,64,7,92
14009,5207,2,114,45
14011,5925,1086,72,551
14012,2539,224,34,63
14013,1246,20,19,26
14020,19896,790,242,892
14024,1519,63,17,3
14025,3476,9,78,46
14026,506,0,0,21
14027,30,0,0,0
14028,1550,4,0,11
14029,31,0,0,0
14030,1936,12,28,0
14031,8836,51,12,227
14032,9989,43,156,110
14033,1455,0,0,0
14034,2031,317,41,93
14035,61,0,0,0
14036,5248,78,0,89
14037,844,0,0,31
14039,62,0,0,0
14040,1799,0,0,0
14041,113,0,3,3
14042,4135,19,0,174
14043,22856,695,357,770
14047,5908,35,0,270
14048,10622,1185,17,3663
14051,16573,416,1816,666
14052,17061,57,83,425
14054,1224,23,0,59
14055,1450,0,0,5
14056,194,0,0,0
14057,7380,25,77,201
14058,2078,3,0,304
14059,9426,5,50,55
14060,320,0,0,0
14061,81,0,0,0
14062,3101,0,28,50
14063,11235,563,247,1095
14065,1686,0,7,13
14066,1063,0,10,3
14067,3866,132,0,51
14068,6422,362,563,212
14069,588,2,0,2
14070,5254,57,15,344
14072,19516,490,420,670
14075,42314,496,198,989
14080,4056,34,0,17
14081,1883,37,87,33
14082,602,23,0,0
14083,10,0,0,0
14085,7832,62,36,135
14086,33553,513,248,652
14091,962,50,6,122
14092,9620,80,113,123
14094,43126,3176,356,1580
14098,2988,24,0,107
14101,1725,0,0,26
14102,1418,0,0,44
14103,9061,452,171,808
14105,4993,19,3,108
14108,5018,27,9,19
14109,719,184,45,151
14111,3022,18,4,45
14112,54,0,0,0
14113,683,0,0,14
14120,41517,982,343,745
14125,3305,56,0,199
14126,456,0,0,9
14127,28294,454,59,770
14129,997,15,9,44
14130,105,7,0,0
14131,4855,86,0,177
14132,6025,18,317,51
14134,72,0,0,7
14135,141,0,0,0
14136,4865,16,0,208
14138,1672,18,0,161
14139,1982,23,0,9
14141,7293,39,20,87
14143,854,32,0,29
14145,1112,0,0,94
14150,36744,1856,818,1664
14166,231,0,0,0
14167,1747,37,5,4
14168,77,0,0,0
14169,80,0,0,0
14170,2064,0,0,135
14171,1414,13,0,57
14172,2861,6,0,30
14173,151,0,0,0
14174,5400,31,80,139
14201,5662,2613,297,4672
14202,2081,966,63,804
14203,859,1028,192,304
14204,2083,4672,15,1132
14206,15583,2672,801,2005
14207,11503,4319,3575,6055
14208,2016,8641,481,392
14209,4806,2983,307,693
14210,12709,1170,158,1207
14211,3175,14645,4001,2152
14212,5172,4140,2719,1106
14213,11615,4570,3447,4877
14214,10383,7354,2574,1363
14215,6805,29921,2177,2054
14216,17326,3789,299,2252
14217,19424,1365,245,1144
14218,15894,3149,132,1531
14219,9868,92,137,500
14220,20423,917,414,2622
14221,47331,911,4310,1663
14222,12053,1779,447,1385
14223,19182,1156,1112,549
14224,38393,800,185,1378
14225,25598,4381,958,1348
14226,22202,2825,1851,1560
14227,18607,1899,477,1093
14228,18418,1920,3516,1477
14260,479,156,110,48
14261,2551,894,768,529
14301,7319,2911,270,879
14302,73,107,4,22
14303,3433,1056,238,642
14304,25455,689,557,1337
14305,9719,4263,119,1313
14411,10599,1380,57,502
14413,101,0,0,47
14414,6413,42,47,130
14415,127,0,0,0
14416,3642,21,44,67
14418,942,2,157,0
14420,17175,1014,428,1540
14422,1546,37,0,32
14423,4311,110,74,221
14424,26466,373,198,1263
14425,11849,335,203,709
14427,1601,12,0,55
14428,6820,97,51,208
14432,5009,29,13,282
14433,4072,67,0,82
14435,2125,1,0,0
14437,8789,105,29,254
14441,408,8,4,14
14445,6814,409,59,478
14450,38909,789,957,1548
14453,0,0,0,0
14454,9902,292,275,611
14456,16189,1208,498,2276
14462,707,0,0,14
14463,297,0,0,0
14464,6415,54,0,56
14466,1671,0,0,42
14467,7978,937,898,406
14468,17261,357,33,997
14469,5810,12,2,31
14470,7048,145,41,250
14471,2513,178,0,7
14472,8703,27,38,185
14475,292,0,6,0
14476,2152,11,0,383
14477,1557,29,1,15
14478,1339,14,0,19
14479,98,0,0,0
14480,551,0,0,27
14481,1691,4,15,26
14482,7928,116,142,225
14485,3727,42,32,151
14486,255,0,0,0
14487,5255,4,117,87
14489,6037,399,0,435
14502,9018,117,350,158
14504,1440,14,31,16
14505,4494,30,0,281
14506,688,0,0,0
14507,1011,34,0,27
14510,4261,146,0,454
14511,295,13,0,33
14512,4662,9,27,35
14513,11282,499,93,1824
14514,4912,481,92,201
14515,138,0,0,0
14516,2230,133,37,97
14517,2608,48,0,58
14519,11633,125,54,158
14521,2900,330,2,133
14522,9099,42,210,193
14525,2477,13,0,13
14526,17990,231,389,744
14527,12389,15,89,335
14529,48,0,0,0
14530,5605,202,0,305
14532,3669,9,0,220
14533,1615,18,0,162
14534,28336,761,2766,1648
14536,561,3,34,45
14537,112,0,0,0
14539,187,0,0,0
14541,2660,703,5,280
14542,0,0,0,0
14543,2890,67,75,32
14544,2110,3,12,95
14545,104,0,0,0
14546,4553,161,24,131
14548,3569,9,0,239
14549,390,0,0,0
14550,1180,15,0,43
14551,4141,477,10,235
14555,1055,65,0,56
14556,500,565,6,187
14557,101,0,6,14
14559,17349,341,71,301
14560,2036,0,2,61
14561,2347,18,0,123
14564,14471,232,596,390
14568,5869,49,24,328
14569,6147,26,17,104
14571,1105,123,0,36
14572,4539,33,0,174
14580,49217,1120,1803,1849
14585,156,0,0,11
14586,8838,1300,2024,305
14588,0,0,0,0
14589,7240,133,6,378
14590,4720,92,7,270
14591,1437,0,0,80
14592,113,0,0,0
14604,1753,297,199,284
14605,2632,5692,610,3938
14606,16236,6864,1114,4251
14607,14077,1517,399,1257
14608,3730,6284,519,1443
14609,20610,12708,302,8086
14610,11443,1106,408,835
14611,4389,10816,254,2904
14612,28657,3553,415,2450
14613,4960,7423,1043,3064
14614,403,589,11,222
14615,9331,5975,758,3125
14616,19769,3612,697,3355
14617,19564,864,119,1938
14618,19358,1210,1866,798
14619,3489,9412,248,955
14620,17130,2641,2225,2096
14621,9497,14227,468,12506
14622,10167,785,741,1231
14623,17430,2757,4049,1449
14624,31593,3839,946,2348
14625,9447,169,154,486
14626,24009,2110,1094,2248
14627,1848,285,540,240
14642,0,0,0,0
14701,35058,921,309,3592
14706,5328,190,127,51
14707,93,0,0,0
14708,131,0,0,8
14709,1185,10,20,3
14710,3031,0,0,40
14711,1915,1,1,4
14712,2968,4,11,25
14714,539,0,4,38
14715,2537,14,3,21
14716,1826,262,19,391
14717,562,0,0,0
14718,1749,196,10,75
14719,3235,14,3,123
14720,763,2,6,56
14721,174,0,0,10
14722,167,14,0,8
14723,983,0,3,21
14724,2851,3,9,30
14726,2706,0,0,5
14727,4770,0,18,63
14728,1032,0,0,6
14729,792,11,0,4
14731,1205,0,0,5
14732,18,0,0,0
14733,2922,8,1,22
14735,2693,0,0,53
14736,154,0,0,0
14737,3718,16,2,239
14738,3470,0,0,113
14739,2550,33,0,2
14740,1086,7,0,11
14741,1858,1,0,5
14742,90,0,0,0
14743,1917,48,5,0
14744,2125,78,10,9
14747,1994,2,15,25
14748,436,0,0,0
14750,4294,30,11,269
14752,220,10,0,0
14753,916,6,0,9
14754,528,0,0,0
14755,2682,51,4,45
14756,0,0,0,0
14757,2871,71,11,88
14760,16049,395,289,186
14767,2240,0,2,11
14769,633,0,0,32
14770,2712,33,8,23
14772,3815,24,0,10
14774,253,0,0,26
14775,2501,3,15,158
14777,576,0,9,21
14778,1160,119,61,107
14779,4857,135,28,341
14781,1718,0,4,83
14782,2085,25,0,31
14783,59,0,0,13
14784,737,6,0,0
14785,130,0,0,0
14787,4444,8,176,109
14788,37,62,0,3
14801,5131,23,1,35
14802,3426,540,216,503
14803,1504,4,22,30
14804,1418,0,16,3
14805,756,4,0,0
14806,2109,0,0,20
14807,2880,17,0,105
14808,531,0,3,0
14809,2728,12,1,93
14810,10783,369,13,146
14812,3090,10,14,94
14813,2141,46,2,15
14814,1647,14,108,20
14815,663,0,0,15
14816,559,0,28,0
14817,2328,46,104,47
14818,1723,0,11,24
14819,609,0,1,10
14820,509,0,0,0
14821,3191,20,17,9
14822,847,0,0,43
14823,3579,4,108,44
14824,728,21,0,3
14825,736,1,5,0
14826,1817,16,0,4
14827,16,0,0,0
14830,17704,549,304,431
14836,790,0,0,7
14837,5356,62,1,67
14838,2053,11,4,15
14839,594,0,0,0
14840,2460,28,3,70
14841,723,0,0,0
14842,847,0,0,0
14843,11768,158,94,264
14845,18440,502,570,450
14846,933,5,9,4
14847,2229,39,25,112
14850,47197,3161,9095,4504
14853,1071,404,365,300
14854,95,0,0,0
14855,842,0,0,28
14856,0,0,0,0
14858,1318,0,1,3
14859,1114,0,0,12
14860,1072,5,0,20
14861,1079,15,0,20
14864,975,0,2,0
14865,2525,26,1,12
14867,5188,30,0,0
14869,1446,0,5,40
14870,8365,229,925,203
14871,4472,24,3,24
14872,542,0,0,34
14873,1871,2,35,3
14874,155,0,0,0
14877,657,0,22,0
14878,837,0,0,6
14879,2098,4,17,8
14880,1426,0,33,4
14881,219,0,21,0
14882,3470,166,0,167
14883,4386,49,47,29
14884,302,0,0,0
14885,571,0,0,0
14886,6061,58,22,220
14889,1171,20,13,10
14891,4050,101,120,69
14892,7080,146,98,133
14893,34,0,0,0
14894,1212,134,0,49
14895,8730,53,42,12
14897,710,0,0,0
14898,1458,0,0,0
14901,10920,2088,185,942
14903,6013,468,107,298
14904,12087,745,22,673
14905,7589,429,190,316
15001,26014,4140,205,816
15003,9450,1217,17,573
15004,307,0,0,0
15005,8784,180,26,218
15006,273,0,0,0
15007,460,0,0,0
15009,14929,200,153,255
15010,24884,2176,225,304
15012,14210,409,59,256
15014,2936,135,19,86
15015,1308,14,40,0
15017,15245,674,866,202
15018,665,7,183,0
15019,1551,0,0,0
15020,503,0,0,84
15021,6431,56,15,101
15022,9235,403,60,104
15024,8335,151,413,129
15025,13011,2728,444,469
15026,3562,58,0,106
15027,2159,0,0,6
15028,168,3,0,16
15030,999,16,4,12
15031,324,22,82,28
15033,3193,1078,0,159
15034,1517,36,0,65
15035,1757,169,3,0
15037,9927,83,24,282
15038,248,0,0,0
15042,7352,54,6,172
15043,2095,0,0,37
15044,26769,224,523,344
15045,3925,324,22,210
15046,2315,16,62,62
15047,182,0,0,0
15049,847,0,8,21
15050,2440,1,0,15
15051,381,46,0,0
15052,2857,53,22,28
15053,63,0,0,0
15054,399,0,0,58
15055,1126,0,0,0
15056,809,33,52,21
15057,15375,104,1358,247
15059,3686,324,0,8
15060,873,6,0,0
15061,11118,429,69,347
15062,5104,1117,21,153
15063,9974,153,54,161
15064,221,0,0,0
15065,10136,298,188,110
15066,11041,633,17,256
15067,2173,7,29,1
15068,31836,2975,301,535
15071,10331,395,323,313
15072,44,0,0,0
15074,7261,668,48,51
15075,30,0,0,0
15076,882,3,0,0
15077,204,0,0,0
15078,516,0,0,0
15081,311,0,0,0
15082,247,0,0,0
15083,975,0,0,0
15084,9110,216,39,200
15085,7303,37,177,108
15086,565,10,76,65
15087,77,0,0,0
15088,416,28,5,28
15089,6028,130,0,51
15090,20943,192,2094,1272
15101,24201,426,726,386
15102,28875,617,472,294
15104,2586,4600,51,127
15106,16501,1325,369,292
15108,37125,2259,1549,666
15110,2008,2341,0,120
15112,1313,1655,3,30
15116,13289,73,174,139
15120,13234,3920,132,360
15122,16070,2063,376,339
15123,2,0,0,1
15126,5999,93,239,69
15129,9225,380,158,79
15131,7934,160,20,62
15132,10958,6473,162,631
15133,5211,239,45,152
15135,4680,135,0,19
15136,17042,4141,433,302
15137,7681,1931,173,105
15139,6397,56,17,88
15140,1943,765,63,138
15142,1502,0,75,0
15143,18536,864,1780,291
15144,3745,5,4,120
15145,4283,1477,50,130
15146,20641,3829,1920,806
15147,12328,3349,60,84
15148,1631,694,1,24
15201,9778,2286,293,304
15202,16540,2022,212,414
15203,8541,1097,229,268
15204,3794,3618,201,136
15205,18824,2633,1088,648
15206,16628,8755,2030,1309
15207,7339,2171,205,353
15208,3419,4762,219,204
15209,10998,368,81,367
15210,15018,8240,1005,1379
15211,9226,695,165,270
15212,16994,7651,404,787
15213,19476,3771,4690,959
15214,8390,5257,103,216
15215,10827,562,794,277
15216,18381,2142,330,760
15217,20483,1296,2675,1354
15218,9415,2960,449,476
15219,2539,6855,524,419
15220,13026,1137,3041,225
15221,14335,12629,401,794
15222,4020,566,609,143
15223,6016,142,57,110
15224,7744,2062,443,461
15225,884,21,7,27
15226,12400,528,202,871
15227,24185,1759,1879,437
15228,16873,146,403,388
15229,13713,631,322,433
15232,8515,742,1793,735
15233,1243,1334,20,24
15234,12398,416,588,341
15235,17638,14048,129,564
15236,26184,1172,3023,548
15237,39604,607,2721,876
15238,11254,142,935,177
15239,19349,894,275,150
15241,19578,296,1362,258
15243,11607,173,675,400
15260,0,0,0,0
15275,1,2,0,0
15282,3804,1403,192,250
15290,0,0,0,0
15301,44508,2508,676,1221
15310,234,0,0,0
15311,1030,2,0,0
15312,3792,11,41,40
15313,390,1,0,0
15314,3255,46,0,87
15315,764,0,0,24
15316,222,0,0,0
15317,39942,1135,973,703
15320,5182,4,0,39
15321,1855,0,4,0
15322,1549,32,0,46
15323,3690,23,0,22
15324,757,0,0,0
15325,222,0,0,0
15327,1320,0,0,49
15329,1444,4,0,1
15330,5139,10,0,251
15331,690,20,0,0
15332,8279,68,31,205
15333,1407,9,0,20
15334,336,0,0,23
15337,499,0,0,1
15338,1503,7,2,28
15340,1275,0,0,0
15341,511,3,9,14
15342,4835,229,0,84
15344,1595,47,4,0
15345,1247,19,0,14
15346,474,0,0,0
15347,102,0,0,0
15348,69,0,0,0
15349,1457,0,0,34
15350,521,0,0,0
15351,886,0,0,0
15352,694,2,0,16
15353,62,0,0,0
15357,1438,0,0,7
15358,1026,20,0,0
15359,172,0,0,0
15360,1683,0,0,15
15361,123,0,0,0
15362,635,0,3,0
15363,517,0,0,0
15364,696,10,2,1
15365,172,0,0,0
15366,504,0,0,0
15367,8615,12,484,225
15368,387,4,0,0
15370,11938,894,33,332
15376,1392,0,16,17
15377,613,0,0,0
15378,0,0,0,0
15379,65,4,0,0
15380,651,0,0,3
15401,25867,2301,287,362
15410,969,0,0,0
15411,690,0,0,0
15412,202,0,0,0
15413,273,17,0,0
15416,503,0,66,0
15417,6816,607,15,152
15419,2830,540,31,115
15420,182,0,0,0
15421,96,0,0,0
15422,283,50,0,0
15423,1731,65,14,27
15424,1785,17,1,62
15425,17362,161,109,77
15427,812,52,0,6
15428,1644,85,0,2
15429,400,21,0,20
15430,286,0,0,0
15431,4080,18,5,9
15432,341,17,0,9
15433,698,0,0,0
15434,230,11,0,11
15435,112,0,0,0
15436,2222,45,5,0
15437,2201,30,19,24
15438,2230,0,0,10
15440,165,0,0,0
15442,1948,71,10,6
15443,33,260,0,0
15444,569,122,0,157
15445,2824,0,4,31
15446,65,0,0,0
15447,229,1,0,0
15448,204,0,0,0
15449,662,0,0,0
15450,1011,989,0,179
15451,808,0,0,0
15454,193,0,0,0
15455,527,0,0,0
15456,1942,240,0,31
15458,2083,5,0,179
15459,1696,47,0,3
15460,173,0,0,0
15461,3223,267,19,38
15462,226,0,0,0
15463,336,0,0,0
15464,1508,23,0,10
15465,399,0,0,0
15466,483,0,0,9
15467,120,0,0,3
15468,2438,8,0,37
15469,2218,0,0,0
15470,520,1,18,0
15472,154,0,0,0
15473,3333,14,24,19
15474,2268,34,0,274
15475,900,29,0,0
15476,21,10,0,0
15477,743,1,0,0
15478,5799,37,14,14
15479,1989,68,0,12
15480,1366,4,0,16
15482,269,0,0,0
15483,239,0,0,0
15484,809,0,10,0
15486,1945,3,13,5
15488,92,0,0,0
15489,313,0,0,9
15490,265,0,0,0
15492,73,0,0,0
15501,15630,441,0,370
15502,82,0,0,0
15510,1150,949,0,156
15520,322,0,0,0
15521,1900,4,0,5
15522,10581,144,85,117
15530,4886,11,26,40
15531,3453,3,43,26
15532,149,0,0,0
15533,1274,0,0,18
15534,863,1,21,0
15535,1976,0,0,14
15536,316,3,0,0
15537,7757,50,99,191
15538,711,0,0,0
15539,192,0,0,0
15540,332,0,9,0
15541,3024,0,125,38
15542,1001,0,19,0
15544,208,15,0,0
15545,2692,0,9,7
15546,627,0,0,0
15547,864,5,0,2
15550,1670,0,0,29
15551,538,0,0,0
15552,5537,8,15,29
15554,2236,0,0,15
15555,81,0,0,0
15557,3317,5,8,15
15558,1906,0,0,12
15559,2074,18,0,102
15560,144,0,0,0
15561,111,0,0,0
15562,225,0,0,0
15563,2569,0,30,44
15564,101,0,0,0
15565,8,0,0,0
15601,52242,1160,548,768
15610,3784,19,0,0
15611,150,0,0,0
15612,347,0,0,28
15613,12061,53,67,208
15615,202,0,10,0
15616,425,0,0,0
15617,246,0,0,5
15618,2431,35,2,7
15619,291,0,0,0
15620,601,0,0,0
15622,1224,0,0,2
15623,714,0,0,0
15624,396,0,0,6
15625,97,0,0,0
15626,4705,1,101,1
15627,5870,48,33,68
15628,369,0,0,13
15629,681,0,18,2
15631,710,14,2,0
15632,8347,283,370,203
15633,613,0,0,0
15634,315,0,12,0
15635,79,0,0,0
15636,3735,1,32,177
15637,1511,25,0,55
15638,62,0,0,0
15639,1886,13,1,8
15640,505,0,0,0
15641,453,0,31,5
15642,44301,556,611,717
15644,16233,1029,149,500
15646,87,1,0,0
15647,37,0,0,0
15650,25724,249,180,136
15655,262,0,0,0
15656,9343,252,0,42
15658,8146,4,6,150
15660,196,0,0,0
15661,968,0,0,25
15662,908,0,0,0
15663,449,0,0,0
15665,1296,0,0,45
15666,15276,108,11,41
15668,13344,47,365,319
15670,3019,1,6,1
15671,570,38,0,0
15672,3253,16,38,26
15673,1223,0,7,14
15674,271,0,0,0
15675,1370,14,0,12
15676,679,6,0,32
15677,288,72,0,13
15678,508,0,0,15
15679,2216,0,59,0
15680,211,0,0,11
15681,4186,25,52,72
15682,203,2,0,4
15683,7584,64,87,23
15684,460,0,0,0
15686,1045,0,6,6
15687,1169,0,0,1
15688,814,0,0,0
15689,74,0,0,0
15690,8697,199,36,142
15691,412,0,0,0
15692,657,0,0,19
15693,292,0,0,0
15695,313,0,0,0
15696,242,0,0,0
15697,2741,25,0,18
15698,672,0,0,0
15701,28168,1125,509,495
15705,2422,493,28,192
15710,206,0,0,0
15711,293,0,0,0
15712,80,0,0,0
15713,180,0,0,0
15714,4806,0,79,10
15715,524,0,0,4
15716,405,3,0,1
15717,8406,397,23,14
15720,262,0,0,0
15721,162,0,0,0
15722,2334,10,0,34
15723,12,0,0,0
15724,2234,1,0,49
15725,1221,0,0,8
15727,215,0,0,0
15728,3319,14,28,37
15729,939,0,0,0
15730,116,0,0,0
15731,220,0,0,0
15732,1410,0,0,0
15733,119,0,0,0
15734,174,0,0,0
15736,351,0,0,0
15737,114,0,0,0
15738,178,0,0,0
15739,358,0,0,0
15741,58,0,0,0
15742,1029,0,1,3
15744,53,0,0,2
15745,234,0,0,0
15746,144,0,0,0
15747,1724,0,0,0
15748,6781,9,24,192
15750,315,0,0,0
15752,61,0,0,0
15753,450,0,0,0
15754,532,0,0,0
15756,137,0,0,0
15757,1300,0,0,28
15759,2778,29,0,64
15760,64,0,0,0
15761,141,0,0,0
15762,995,0,0,3
15763,17,0,0,0
15764,151,0,0,0
15765,1564,6,12,112
15767,13740,29,81,76
15770,170,0,0,10
15771,897,0,7,0
15772,1630,0,0,0
15773,414,0,0,4
15774,2551,0,2,48
15775,586,0,0,0
15776,34,0,0,0
15777,23,0,0,0
15778,312,0,0,30
15779,471,43,0,7
15780,62,0,0,0
15781,76,0,0,0
15783,49,0,0,0
15784,59,0,0,1
15801,19347,91,119,662
15821,67,0,0,0
15823,1214,1,0,0
15824,4955,26,0,13
15825,9224,61,0,210
15827,305,0,0,0
15828,226,0,0,29
15829,1167,3,0,4
15831,39,0,0,0
15832,227,0,0,1
15834,3948,2,4,90
15840,1687,18,8,0
15841,243,0,0,0
15845,2874,0,0,50
15846,3221,43,59,0
15847,94,0,0,0
15848,864,0,19,3
15849,1310,1,14,0
15851,6892,16,27,42
15853,6204,7,0,32
15856,843,0,2,17
15857,12265,169,54,172
15860,1202,0,2,2
15861,117,0,0,0
15863,135,0,0,5
15864,1860,0,0,29
15865,948,40,0,10
15866,204,0,0,0
15868,1725,0,0,0
15870,1181,0,6,3
15901,2183,1046,14,376
15902,8848,1182,32,224
15904,15289,316,287,448
15905,18617,433,179,425
15906,8467,970,0,206
15909,4715,32,5,84
15920,560,0,0,0
15921,313,0,0,7
15922,80,1,0,1
15923,1521,21,3,1
15924,860,0,0,21
15925,120,0,0,1
15926,2426,0,11,5
15927,760,0,0,0
15928,1915,0,45,23
15929,128,0,0,0
15930,419,0,0,0
15931,8676,185,18,109
15934,0,0,0,0
15935,2638,2,0,12
15936,1455,0,0,15
15937,666,0,0,39
15938,2201,4,0,4
15940,3138,482,18,170
15942,2006,0,0,27
15943,3573,40,0,8
15944,3045,0,3,90
15945,181,0,0,3
15946,6611,16,8,39
15948,663,0,0,0
15949,663,3,0,0
15951,489,3,0,16
15952,1202,8,0,65
15953,161,0,0,0
15954,2342,8,13,104
15955,2192,40,5,0
15956,2523,0,7,14
15957,396,0,0,0
15958,2215,2,0,30
15960,165,0,0,0
15961,838,2,0,2
15962,387,0,0,3
15963,10123,5,0,224
16001,37430,611,130,971
16002,15401,287,19,178
16020,1171,2,7,4
16022,278,0,0,3
16023,4217,0,151,32
16024,250,0,4,0
16025,4671,28,0,122
16027,383,0,0,16
16028,1918,8,13,28
16029,895,0,0,0
16030,306,0,13,0
16033,7242,0,57,73
16034,1764,26,0,17
16035,141,0,0,0
16036,304,0,0,4
16037,4543,5,11,111
16038,3119,14,5,6
16040,1001,45,4,0
16041,2050,3,1,0
16045,989,0,0,0
16046,17085,212,999,203
16048,217,0,0,0
16049,2897,17,0,25
16050,871,36,12,0
16051,2869,0,3,36
16052,2185,0,14,34
16053,3399,0,0,0
16054,373,0,0,2
16055,8211,0,96,83
16056,4492,0,20,72
16057,14028,242,150,230
16059,9200,130,40,158
16061,2649,8,0,21
16063,7749,96,20,170
16066,29967,537,1277,939
16101,26140,2445,50,662
16102,4734,69,0,33
16105,14863,381,91,470
16110,397,0,0,0
16111,1107,6,3,0
16112,1397,0,12,2
16113,345,1,0,0
16114,544,0,10,0
16115,3385,3,17,47
16116,2801,0,0,0
16117,15267,165,20,210
16120,2183,1,17,9
16121,1708,2128,25,109
16123,2640,0,4,0
16124,1676,7,0,18
16125,16660,97,90,135
16127,14187,352,125,333
16130,1927,0,4,25
16131,852,0,0,16
16132,336,0,0,0
16133,1543,0,0,0
16134,3798,5,9,37
16136,720,3,0,20
16137,11567,617,93,189
16140,391,0,0,0
16141,1632,9,58,15
16142,5141,77,4,54
16143,1967,0,10,9
16145,2521,3,0,37
16146,10485,1812,41,327
16148,14657,806,348,329
16150,6707,218,0,134
16151,58,0,0,0
16153,2197,0,8,28
16154,1921,0,0,41
16155,87,0,11,0
16156,3300,8,18,2
16157,2851,13,24,26
16159,4427,74,22,84
16160,925,23,0,0
16161,406,57,0,5
16172,664,140,0,11
16201,15963,178,86,268
16210,612,0,0,0
16211,75,0,3,0
16212,227,0,0,4
16213,148,0,0,0
16214,8078,510,71,268
16217,92,0,0,0
16218,1086,69,0,9
16220,95,0,0,0
16222,3034,0,16,0
16223,69,0,0,0
16224,825,0,0,0
16226,7959,77,19,35
16228,342,2,10,11
16229,4930,36,97,0
16230,474,4,0,1
16232,4145,0,25,17
16233,1090,0,0,8
16235,1251,0,0,9
16236,214,0,0,0
16238,407,2,0,0
16239,2476,997,118,270
16240,1600,1,3,0
16242,4174,16,22,16
16244,309,0,0,0
16245,247,0,4,0
16246,184,0,0,0
16248,2955,33,49,30
16249,1900,0,0,3
16250,261,0,0,0
16253,113,0,0,0
16254,3419,33,12,14
16255,1777,1,0,5
16256,2014,0,1,12
16258,1521,2,0,0
16259,2030,0,0,36
16260,228,0,0,0
16262,2773,10,5,0
16263,315,0,0,16
16301,14320,129,42,179
16311,433,0,0,7
16312,0,0,0,0
16313,1773,0,5,21
16314,5045,8,19,31
16316,4480,0,8,106
16317,1364,0,0,11
16319,1071,0,0,67
16321,13,0,0,0
16322,117,0,0,0
16323,13961,417,39,152
16326,322,0,0,0
16327,2455,36,0,44
16328,249,0,0,0
16329,424,0,0,0
16331,143,0,0,0
16332,51,0,0,0
16333,207,0,0,3
16334,419,0,0,0
16335,25209,786,283,416
16340,1816,0,42,35
16341,1695,0,28,104
16342,2226,20,12,26
16343,550,0,0,0
16344,512,0,0,2
16345,3518,11,43,59
16346,2966,33,56,44
16347,1478,25,0,0
16350,2220,12,0,35
16351,1588,3,10,132
16352,223,0,0,0
16353,2232,0,11,57
16354,9792,119,77,86
16360,1337,22,0,16
16361,30,0,0,0
16362,939,3,3,13
16364,1325,0,1,0
16365,16622,229,60,147
16370,221,109,0,0
16371,2895,6,5,49
16372,464,0,15,0
16373,2943,32,17,25
16374,1701,0,0,3
16401,3942,40,13,39
16402,658,0,0,24
16403,6580,173,25,182
16404,3023,26,9,26
16405,519,0,0,0
16406,3347,34,0,78
16407,9808,25,49,305
16410,1891,31,4,55
16411,1223,0,0,6
16412,9116,67,0,248
16415,9195,61,160,345
16416,118,0,0,0
16417,8121,0,39,444
16420,442,0,0,0
16421,2349,2,2,9
16422,160,0,12,0
16423,3420,30,17,173
16424,4196,0,1,93
16426,3237,4,0,0
16427,196,0,0,2
16428,11575,105,68,419
16430,169,0,0,0
16433,4728,37,44,59
16434,3101,23,4,16
16435,1580,10,5,17
16436,774,2,0,18
16438,6807,0,41,251
16440,711,9,2,2
16441,8858,19,19,389
16442,3182,14,5,9
16443,1124,16,0,11
16444,880,63,48,53
16475,1058,1009,0,94
16501,1257,247,80,97
16502,10196,2123,280,1836
16503,7904,6008,419,2074
16504,12113,1872,397,722
16505,15232,134,253,386
16506,21752,387,1118,292
16507,6188,1266,273,503
16508,12640,804,149,409
16509,24810,1194,297,1096
16510,20335,2194,1034,1561
16511,9795,945,200,876
16546,1025,64,17,23
16550,0,0,0,0
16563,1207,111,171,19
16601,30440,944,147,412
16602,25259,1143,146,575
16611,2507,52,0,67
16613,1486,0,0,2
16616,134,0,0,0
16617,2543,0,0,39
16619,288,8,0,14
16620,362,15,0,14
16621,634,0,0,5
16622,85,0,0,0
16623,490,0,0,0
16624,202,0,0,0
16625,3614,13,0,26
16627,1879,20,0,14
16630,4594,74,13,36
16631,38,0,0,0
16633,392,0,0,0
16634,235,0,10,0
16635,11807,1,207,212
16636,1067,3,0,3
16637,2290,0,0,29
16638,87,0,0,0
16639,1397,0,0,7
16640,878,2,2,5
16641,2307,5,1,44
16645,190,0,0,2
16646,2135,0,0,5
16647,775,7,0,19
16648,14032,108,166,80
16650,1742,1,13,19
16651,4363,923,26,364
16652,13982,760,96,287
16654,745,981,14,187
16655,1305,0,0,20
16656,1075,0,0,22
16657,1302,20,42,23
16659,172,0,0,0
16661,858,10,22,0
16662,5496,30,4,36
16664,2061,71,9,6
16665,361,0,0,6
16666,2733,2,0,47
16667,1289,32,0,0
16668,3466,13,0,46
16669,2018,0,4,104
16670,78,0,0,0
16671,397,0,0,1
16672,172,0,0,0
16673,4974,23,6,78
16674,568,0,0,28
16675,100,0,0,0
16677,301,0,0,0
16678,2350,23,9,11
16679,613,0,0,0
16680,356,0,0,0
16682,216,0,0,0
16683,339,5,0,4
16684,71,0,0,0
16685,315,0,0,0
16686,12701,37,7,214
16689,349,0,0,0
16691,306,0,0,2
16692,887,3,1,44
16693,3904,36,4,47
16694,348,0,0,0
16695,908,0,0,37
16699,0,0,0,0
16701,15955,80,114,361
16720,1209,0,0,8
16724,82,0,0,0
16725,75,0,0,0
16726,504,0,0,0
16727,219,0,0,0
16729,687,0,0,2
16730,42,0,0,0
16731,2333,1,4,1
16732,182,0,0,0
16733,78,0,0,0
16734,189,0,0,0
16735,6129,56,39,78
16738,1362,618,5,280
16740,854,0,0,0
16743,3731,6,11,69
16744,218,0,0,0
16745,627,0,4,0
16746,1043,3,6,11
16748,2710,5,0,13
16749,3887,35,4,68
16750,419,25,0,0
16801,36205,1033,3752,1483
16802,9777,604,1811,785
16803,17343,1157,3524,1190
16820,1503,0,0,0
16821,219,0,0,0
16822,1889,0,0,44
16823,25468,2045,322,748
16825,185,0,0,45
16826,425,0,0,0
16827,4586,42,43,173
16828,4563,0,48,29
16829,683,0,1,0
16830,13084,120,104,135
16832,298,0,0,8
16833,4947,21,9,68
16834,677,0,0,0
16835,209,0,0,1
16836,1062,8,23,0
16837,136,0,0,0
16838,1811,0,1,69
16839,406,0,0,0
16840,303,0,0,0
16841,6476,15,2,138
16843,354,0,0,0
16844,2469,3,18,8
16845,928,63,0,51
16847,228,116,0,116
16848,282,0,7,0
16849,70,0,0,0
16851,1122,0,0,102
16852,165,0,0,0
16853,358,0,0,0
16854,708,0,0,23
16855,87,0,0,0
16856,31,0,0,0
16858,3728,0,0,38
16859,460,0,3,31
16860,300,0,0,62
16861,265,0,21,0
16863,565,0,0,0
16864,97,0,0,0
16865,1316,19,0,22
16866,8319,650,76,573
16868,1011,4,3,0
16870,6904,22,199,94
16871,52,0,0,2
16872,1518,0,4,2
16874,1155,0,10,10
16875,3412,3,110,13
16876,225,15,0,0
16877,1836,2,0,28
16878,1753,15,3,11
16879,397,0,0,0
16881,2333,0,0,0
16882,453,0,0,29
16901,10270,83,25,178
16910,61,0,0,0
16911,261,0,0,1
16912,2456,36,63,49
16914,2303,19,6,28
16915,5567,28,81,151
16917,1193,0,0,8
16920,1795,7,1,39
16921,647,0,0,3
16922,1635,14,0,12
16923,1260,0,0,39
16925,3259,0,36,0
16926,902,5,0,2
16927,596,26,0,14
16928,1519,0,5,29
16929,2240,39,32,28
16930,1115,7,5,1
16932,717,9,0,22
16933,5852,133,23,142
16935,1092,0,3,9
16936,2157,0,11,40
16937,118,0,0,0
16938,780,3,0,0
16939,193,0,0,0
16940,48,0,0,0
16941,69,0,0,0
16942,863,7,0,9
16943,367,0,0,3
16946,2558,39,0,9
16947,4288,78,18,176
16948,1664,3,0,11
16950,3152,1,6,6
17002,479,0,0,13
17003,10852,270,393,855
17004,5226,21,0,57
17005,268,0,0,17
17006,988,0,1,20
17007,5626,0,173,109
17009,1529,56,0,0
17010,450,0,0,0
17011,30259,2995,2311,2628
17013,30675,2964,828,2410
17014,152,0,0,0
17015,23644,163,205,445
17016,1050,3,0,0
17017,1493,2,9,7
17018,4000,67,0,38
17019,17851,264,257,357
17020,8317,23,46,130
17021,969,0,0,0
17022,29164,656,397,1726
17023,3301,0,0,53
17024,1815,0,0,6
17025,14168,786,988,941
17026,3340,80,11,38
17027,2175,140,118,181
17028,3011,9,3,156
17029,266,0,0,0
17030,459,8,0,121
17032,7167,23,97,103
17033,13263,544,979,1911
17034,2165,353,26,149
17035,772,13,0,3
17036,19674,124,1598,1508
17037,1023,0,0,11
17038,7345,64,86,684
17039,14,0,0,0
17040,2400,3,12,14
17041,259,0,0,0
17042,31408,1221,710,6249
17043,4980,397,68,90
17044,18677,102,126,497
17045,3614,124,9,39
17046,21805,888,353,10341
17047,2837,33,5,84
17048,3212,7,68,91
17049,3066,66,12,1
17050,32298,807,6511,1916
17051,4631,3,5,93
17052,1403,3,0,35
17053,4830,81,13,186
17054,274,0,12,0
17055,35370,1515,834,1579
17056,19,0,0,13
17057,18578,1657,384,2613
17058,1507,35,0,104
17059,7049,15,8,709
17060,1071,0,20,5
17061,6577,67,62,126
17062,3942,3,18,174
17063,3087,0,0,67
17064,915,0,0,0
17065,3262,212,109,280
17066,4611,211,0,73
17067,15770,173,43,459
17068,4071,70,20,104
17069,286,0,1,2
17070,14707,559,315,1421
17071,113,0,0,13
17073,5330,123,56,73
17074,6827,97,32,217
17075,148,0,0,0
17076,123,0,0,0
17077,18,0,0,0
17078,20312,247,564,2005
17080,264,34,0,8
17081,242,0,0,0
17082,2809,57,10,110
17084,4540,50,0,90
17086,2112,0,10,16
17087,2629,9,2,36
17088,408,16,0,0
17090,5010,28,0,85
17093,786,0,0,0
17094,2356,16,60,29
17097,743,0,21,0
17098,2164,118,4,243
17099,1220,0,0,0
17101,1692,511,156,547
17102,4558,2261,227,1026
17103,3241,7190,98,3928
17104,6348,9967,751,5514
17109,13640,6338,3124,2394
17110,12937,8964,1284,2523
17111,20539,8326,4451,2963
17112,31038,3397,2761,1192
17113,6512,2727,222,2476
17120,0,0,0,0
17201,21149,2199,273,4607
17202,29345,859,380,1378
17210,119,0,0,0
17211,362,4,4,8
17212,656,0,0,6
17213,592,0,0,0
17214,1107,25,0,37
17215,158,0,0,0
17217,136,0,0,0
17219,506,0,0,0
17220,393,0,0,6
17221,511,0,0,5
17222,9832,150,14,953
17223,308,4,0,0
17224,1669,3,0,53
17225,18918,669,277,302
17228,1047,2,0,22
17229,1278,0,0,13
17232,36,0,0,0
17233,4761,145,8,105
17235,769,0,50,0
17236,7659,235,58,147
17237,1466,52,52,44
17238,1712,31,0,14
17239,207,0,0,0
17240,3365,18,0,2
17241,10727,81,49,232
17243,1356,13,0,12
17244,2088,0,11,4
17246,587,1,0,0
17247,447,8,0,0
17249,351,0,0,0
17250,78,0,0,0
17251,35,0,0,0
17252,3606,2,48,8
17253,412,6,0,0
17254,499,8,0,76
17255,1080,0,3,0
17257,26001,941,769,892
17260,1075,3,0,0
17261,6,17,3,24
17262,776,0,0,27
17263,817,115,0,0
17264,2169,0,0,9
17265,345,0,8,0
17266,391,0,0,0
17267,2725,12,31,35
17268,26264,971,34,2040
17271,450,0,9,0
17301,3960,0,47,177
17302,2288,7,0,34
17303,348,0,0,32
17304,2504,78,0,531
17306,416,46,0,185
17307,4975,85,147,572
17309,1891,0,26,0
17311,161,0,0,0
17313,9459,530,95,451
17314,6144,47,3,206
17315,24254,840,269,788
17316,8253,7,43,139
17317,433,4,0,19
17318,325,0,0,27
17319,10430,103,0,383
17320,7590,78,23,290
17321,2250,15,7,51
17322,5868,80,31,52
17323,65,0,0,0
17324,3722,161,0,324
17325,26074,665,572,2204
17327,7231,19,81,359
17329,3189,0,0,252
17331,48489,1685,702,4069
17339,6293,0,33,370
17340,10936,234,19,589
17342,520,0,10,24
17343,23,0,0,0
17344,3377,0,0,295
17345,7327,251,48,778
17347,5857,255,47,383
17349,7527,63,32,98
17350,12377,131,10,1102
17352,1441,0,4,0
17353,2776,23,1,55
17355,315,0,3,6
17356,20810,779,282,425
17360,5545,216,3,118
17361,5569,167,0,228
17362,13271,280,110,624
17363,7993,358,66,240
17364,3495,22,15,140
17365,2309,34,0,103
17366,5577,216,0,477
17368,6116,52,4,270
17370,5593,234,21,181
17371,358,0,0,9
17372,3311,11,7,645
17401,8452,4778,88,6446
17402,30120,2759,1061,3105
17403,27741,5873,1383,8162
17404,28807,4743,660,6470
17406,20203,1688,217,1261
17407,2514,43,2,61
17408,20162,1009,865,1811
17501,3985,51,143,510
17502,2415,39,0,58
17504,119,0,0,0
17505,2090,0,0,73
17506,242,149,0,0
17507,158,0,0,0
17508,575,0,261,230
17509,4727,34,62,185
17512,15723,857,79,3047
17516,4544,39,86,150
17517,14164,59,148,724
17518,1443,6,0,6
17519,6302,6,92,41
17520,4172,226,124,597
17522,31686,399,294,2207
17527,6110,181,0,281
17529,4591,108,0,127
17532,3231,16,24,70
17534,39,0,0,0
17535,2398,125,10,106
17536,3599,8,0,12
17538,6986,154,101,663
17540,8883,310,509,1057
17543,41250,600,1239,2424
17545,21400,90,138,496
17547,7913,261,6,618
17550,140,0,0,0
17551,8974,473,516,1055
17552,17630,212,392,1515
17554,6557,418,261,1195
17555,6756,5,84,83
17557,13873,244,321,781
17560,4859,0,0,27
17562,3934,15,0,292
17563,3561,32,0,439
17565,2171,0,0,0
17566,11254,127,255,410
17568,0,0,0,0
17569,7308,79,18,346
17570,212,0,0,0
17572,3626,0,0,315
17576,122,0,0,0
17578,7352,54,101,237
17579,6226,33,0,128
17581,89,0,0,0
17582,1565,0,0,38
17584,10005,223,375,665
17601,46193,2129,3073,5821
17602,31721,7922,1247,14512
17603,44213,5936,2790,18712
17606,317,0,0,0
17701,35824,4453,394,1245
17702,9861,228,256,142
17720,245,0,0,0
17721,1535,2,0,5
17723,65,0,0,0
17724,4625,4,0,63
17727,16,0,0,0
17728,4456,22,8,61
17729,136,0,0,0
17730,47,0,0,0
17731,147,0,0,12
17737,5939,35,18,92
17739,25,0,0,0
17740,11602,38,20,95
17742,56,0,0,0
17744,2730,22,5,45
17745,16391,424,154,342
17747,3259,15,36,55
17748,126,0,3,0
17749,274,0,0,0
17750,131,0,0,0
17751,6938,22,64,142
17752,4626,51,29,88
17754,11512,91,165,319
17756,11410,284,77,460
17758,924,40,0,22
17760,545,0,1,0
17762,428,0,0,8
17763,260,0,0,0
17764,2210,17,5,64
17765,1230,0,0,0
17768,344,39,0,1
17769,42,0,0,0
17771,2860,19,9,23
17772,2309,8,3,18
17774,1024,0,5,0
17776,181,0,0,1
17777,6453,22,66,90
17778,130,0,0,0
17779,132,0,0,0
17801,14867,286,20,1020
17810,3880,1672,35,750
17812,1445,0,0,13
17813,1976,0,6,35
17814,4407,129,21,122
17815,26635,601,475,1222
17820,5041,5,22,252
17821,17265,453,701,571
17822,8,0,0,0
17823,1286,1,11,0
17824,3712,5,0,3
17827,768,7,0,31
17829,242,0,0,0
17830,1943,0,17,15
17832,654,0,0,0
17834,3241,4,67,221
17835,140,0,2,0
17836,220,0,0,1
17837,16512,1079,473,1226
17840,363,0,0,0
17841,4788,40,2,10
17842,7974,20,20,145
17844,9819,20,2,290
17845,1965,15,9,33
17846,3516,19,64,43
17847,11032,43,26,651
17850,571,0,0,22
17851,6753,121,30,242
17853,3110,7,13,15
17855,756,1,2,6
17856,3029,23,5,0
17857,7248,208,0,169
17858,61,0,0,0
17859,2727,9,33,1
17860,2359,0,0,56
17861,125,0,0,0
17862,448,0,21,63
17864,2350,2,5,37
17865,33,0,0,0
17866,8037,1491,16,389
17867,190,0,0,0
17868,905,13,21,52
17870,13314,301,117,499
17872,7798,176,8,816
17876,1927,0,26,75
17878,1488,4,0,26
17880,46,0,0,0
17881,1352,0,0,9
17884,221,0,0,0
17885,221,0,0,0
17886,582,0,75,75
17887,810,0,0,0
17888,506,0,2,0
17889,2860,17,10,34
17901,21090,754,128,1085
17920,242,0,0,0
17921,5575,786,35,321
17922,4916,11,0,141
17923,316,0,0,0
17925,329,9,0,32
17929,1339,5,3,39
17930,260,0,0,28
17931,6359,1883,59,727
17933,178,0,0,0
17934,227,0,0,47
17935,1496,2,5,43
17936,983,0,0,6
17938,2470,2,0,9
17941,734,0,0,0
17943,21,0,0,6
17944,156,0,0,0
17945,262,0,0,0
17946,250,0,0,0
17948,3699,13,45,384
17949,136,5,0,0
17951,345,0,0,0
17952,225,0,0,0
17953,327,0,0,0
17954,3935,17,29,457
17957,410,0,0,0
17959,1382,5,0,83
17960,4077,0,39,136
17961,6295,41,85,25
17963,9118,35,10,139
17964,904,0,0,22
17965,1800,47,9,41
17967,2240,3,0,169
17968,297,0,0,0
17970,3071,1,0,72
17972,10549,129,100,429
17974,357,0,0,0
17976,4611,123,0,1690
17978,736,0,0,26
17979,64,0,0,0
17980,2984,0,0,83
17981,2498,0,0,25
17982,400,0,0,0
17983,1418,1,0,0
17985,1215,43,1,64
18011,4586,176,204,796
18012,14,0,0,0
18013,16443,353,145,1247
18014,11142,359,25,683
18015,20765,3767,1605,9404
18017,29255,2339,1343,9789
18018,23512,1958,474,8516
18020,16717,928,1088,2951
18030,549,23,1,73
18031,7426,1168,1538,2468
18032,7924,410,0,1656
18034,8209,94,380,306
18035,25,0,0,0
18036,12803,182,279,572
18037,6289,61,3,1138
18038,3375,9,6,0
18040,13217,1525,1079,1861
18041,5218,0,70,326
18042,28784,5780,1167,9092
18045,24013,891,1535,3983
18046,142,0,0,0
18049,16820,525,391,1178
18051,3044,0,0,223
18052,20800,2050,1196,6033
18053,2519,46,0,0
18054,4638,50,67,227
18055,10514,166,143,1129
18056,837,11,22,776
18058,8955,127,38,991
18059,705,0,17,0
18062,21812,799,1226,2597
18063,280,0,0,0
18064,24750,500,796,1222
18065,259,0,0,0
18066,5188,104,9,192
18067,16934,226,277,1779
18069,7025,181,547,742
18070,340,0,0,0
18071,10782,36,40,229
18072,6578,104,16,306
18073,10512,204,180,461
18074,5239,46,79,58
18076,2724,201,0,235
18077,2208,16,4,25
18078,6689,15,142,809
18079,550,0,0,0
18080,10636,46,73,835
18081,120,0,0,0
18083,576,0,3,12
18085,807,45,0,80
18086,508,0,0,13
18087,653,83,11,364
18088,7385,160,115,358
18091,5596,86,56,107
18092,2954,24,43,25
18101,2199,1268,97,2881
18102,18942,7664,353,36292
18103,28602,4449,1440,18530
18104,33822,3140,3544,7146
18106,5291,375,414,1053
18109,10126,2063,336,9276
18195,0,0,0,0
18201,16172,2223,179,18699
18202,9103,941,5,4254
18210,5837,649,122,1332
18211,1078,0,0,0
18212,19,0,0,0
18214,2081,0,41,24
18216,1218,8,0,203
18218,2162,105,0,106
18219,868,17,75,80
18220,294,0,0,5
18221,441,0,0,0
18222,8684,329,160,727
18223,75,0,0,0
18224,5276,167,39,942
18225,0,0,0,0
18229,8418,86,8,513
18230,163,0,0,73
18231,423,23,0,42
18232,3160,346,16,630
18234,409,0,0,0
18235,18236,51,19,652
18237,2802,42,47,1081
18239,101,0,0,0
18240,3383,278,22,366
18241,328,0,0,7
18242,202,0,0,187
18244,304,1,0,8
18245,222,0,0,0
18246,178,0,0,0
18248,462,24,0,68
18249,3758,86,114,38
18250,2979,0,0,105
18252,10275,31,0,922
18254,679,59,0,176
18255,4205,42,1,132
18256,179,0,0,0
18301,17170,6419,567,6092
18302,11225,3122,469,3818
18321,1733,0,49,197
18322,2813,23,75,222
18323,79,0,0,0
18324,5458,2238,94,2532
18325,2175,2,0,601
18326,2605,519,68,472
18327,547,28,32,31
18328,7030,36,12,765
18330,6654,974,274,1174
18331,613,0,22,1
18332,1950,611,0,241
18333,0,0,0,0
18334,3898,742,15,1072
18335,956,401,43,281
18336,3381,50,190,395
18337,13034,758,180,1771
18340,64,0,0,0
18342,561,0,214,266
18343,3600,70,72,305
18344,2635,500,186,1027
18346,1629,303,27,564
18347,3047,0,0,327
18349,35,154,0,0
18350,471,0,83,0
18351,577,2,0,141
18353,9820,359,465,976
18354,1087,0,0,0
18355,1242,15,45,223
18356,0,0,0,0
18357,85,0,0,6
18360,21632,3328,466,5088
18370,779,172,0,0
18371,244,312,0,388
18372,2052,458,38,0
18403,6618,1,68,55
18405,2480,0,10,118
18407,13621,153,146,785
18411,20713,173,1004,764
18413,52,0,0,0
18414,5255,88,49,153
18415,1033,4,38,160
18417,871,0,16,19
18419,4042,131,29,150
18420,123,0,0,0
18421,4230,55,11,112
18424,4721,134,22,238
18425,1044,9,0,12
18426,3052,20,73,315
18428,11116,185,199,975
18430,75,0,3,2
18431,12109,31,88,469
18433,6713,17,22,41
18434,3346,52,37,399
18435,742,5,0,25
18436,12376,87,31,247
18437,109,0,0,13
18438,1222,0,0,41
18439,376,0,0,11
18440,58,0,0,0
18441,428,0,5,0
18443,442,0,3,0
18444,13286,91,97,509
18445,1993,9,66,325
18446,3179,5,5,38
18447,9568,0,20,767
18451,529,1,9,1
18452,4814,102,0,61
18453,1230,0,9,95
18454,92,0,0,0
18455,141,0,0,0
18456,296,2,0,6
18457,34,0,0,0
18458,3443,0,61,109
18460,179,0,0,12
18461,236,0,0,0
18462,569,0,4,9
18463,249,2,0,0
18464,1284,27,39,15
18465,1201,11,0,27
18466,8531,5246,785,4971
18469,434,0,17,0
18470,2036,3,8,91
18471,528,0,0,0
18472,5212,1355,37,612
18473,328,0,0,59
18503,1133,72,53,80
18504,16282,417,353,3853
18505,14704,1478,1540,4082
18507,4622,12,75,427
18508,9361,702,48,1810
18509,11208,861,330,1452
18510,9580,1162,1648,1685
18512,11205,116,472,536
18517,4449,93,53,774
18518,7362,58,105,758
18519,4755,108,22,183
18602,284,0,2,81
18603,17756,547,53,867
18610,2075,1146,327,699
18612,15977,1209,194,537
18614,1897,4,0,18
18615,1615,2,10,13
18616,768,0,0,3
18617,1137,67,44,5
18618,3302,17,0,124
18619,137,1,0,1
18621,4806,292,9,146
18622,187,0,0,0
18623,2105,5,1,62
18624,292,0,52,30
18625,105,0,0,0
18626,512,0,0,1
18627,0,0,0,0
18628,176,0,0,0
18629,1857,3,6,39
18630,2791,11,14,91
18631,1117,17,0,16
18632,446,0,0,7
18634,11322,872,0,1284
18635,3428,64,7,68
18636,1383,0,41,4
18640,14165,902,138,680
18641,6527,232,98,136
18642,3307,7,0,187
18643,12228,38,43,407
18644,7314,0,10,221
18651,7284,614,7,810
18655,5261,8,17,147
18656,2126,8,24,0
18657,10617,88,58,212
18660,3251,12,0,32
18661,5033,29,14,169
18701,2852,404,45,351
18702,27214,5185,969,10302
18704,26847,1560,249,2398
18705,11415,813,79,2902
18706,13352,478,77,2510
18707,15092,19,820,341
18708,8122,306,172,275
18709,2681,95,0,23
18801,7400,16,45,262
18810,5275,39,86,108
18812,1513,0,4,11
18814,152,2,0,9
18816,60,3,0,0
18817,154,0,0,0
18818,1204,3,0,5
18820,51,0,0,20
18821,951,5,26,32
18822,3021,3,12,40
18823,101,0,0,0
18824,1138,3,0,17
18825,161,0,0,0
18826,1545,0,5,33
18828,185,0,14,0
18829,666,0,3,30
18830,544,0,1,0
18831,899,3,32,2
18832,1816,9,11,6
18833,1975,0,2,4
18834,3190,0,0,81
18837,2669,16,1,25
18840,10514,84,101,224
18842,162,0,0,0
18843,317,10,0,12
18844,1594,3,2,0
18845,517,0,0,2
18846,638,2,0,34
18847,5127,20,26,42
18848,8467,163,3,164
18850,1808,6,18,0
18851,521,0,4,31
18853,4071,25,19,15
18854,1482,4,13,4
18901,25231,591,780,751
18902,20006,179,1125,849
18912,181,0,0,0
18913,180,0,0,0
18914,18038,816,1262,588
18915,893,85,421,50
18917,1917,81,66,147
18920,375,0,18,0
18921,132,0,0,0
18923,1312,0,72,0
18925,5585,160,687,13
18927,281,0,0,0
18929,8626,22,392,548
18930,2044,0,11,40
18932,297,17,0,0
18933,126,0,0,0
18935,300,0,0,0
18936,255,0,10,0
18938,11860,121,671,557
18940,24615,538,2350,1324
18942,2352,0,7,217
18944,25458,343,267,1292
18946,549,0,19,0
18947,5897,25,92,273
18950,117,0,0,0
18951,32656,867,862,2125
18954,9125,188,281,350
18955,1263,35,0,74
18960,10875,39,106,250
18962,312,15,3,23
18964,11945,268,737,1388
18966,33673,225,813,1071
18969,13404,523,392,1344
18970,591,4,6,21
18972,2950,71,17,67
18974,37271,1310,1778,2243
18976,18689,431,1743,905
18977,4075,35,205,46
18980,103,1,0,0
19001,12445,2538,577,1816
19002,24729,1677,3651,1308
19003,10738,1180,875,794
19004,7776,1112,693,186
19006,18807,1016,2188,595
19007,14627,3932,861,3075
19008,17328,332,2311,310
19009,1037,24,0,35
19010,17178,1053,1845,1514
19012,2925,2345,1037,360
19013,5031,26259,223,2432
19014,18003,1718,518,367
19015,11142,4055,222,633
19017,286,3,0,0
19018,13916,6365,1671,720
19020,36491,4657,8340,7366
19021,7658,608,310,1446
19022,2844,603,4,313
19023,3789,17141,267,831
19025,6013,90,606,402
19026,21772,6188,1547,1678
19027,8333,8489,1502,889
19029,3576,83,93,176
19030,10719,427,467,742
19031,4386,386,243,134
19032,3046,2961,210,411
19033,6833,387,284,330
19034,5749,206,673,275
19035,3656,138,224,64
19036,10390,1904,77,388
19038,25314,4494,941,1123
19040,19060,801,535,1065
19041,5468,191,297,199
19043,3015,21,0,10
19044,13408,779,2135,2195
19046,16080,941,785,804
19047,28743,1632,1073,1359
19050,6474,19323,688,1274
19052,625,0,0,0
19053,22673,1307,2091,814
19054,15878,411,302,833
19055,10478,939,139,2176
19056,12747,1144,454,1187
19057,14472,1101,635,1689
19060,9339,187,1503,222
19061,15717,1930,1252,913
19063,31891,1416,2774,692
19064,22501,530,1148,907
19066,4610,222,398,177
19067,44767,2649,2843,2887
19070,5097,733,302,72
19072,8531,529,695,205
19073,19847,175,610,486
19074,5450,100,241,277
19075,6830,290,242,378
19076,4850,715,270,20
19078,10572,526,48,467
19079,1212,7427,99,253
19081,8907,477,512,226
19082,9731,19463,8278,4946
19083,32373,1234,1847,913
19085,8611,496,875,506
19086,9891,561,1443,300
19087,25629,1529,3920,1778
19090,13942,2961,827,987
19094,3532,458,160,547
19095,4099,2165,621,211
19096,11834,676,1744,491
19102,4277,216,860,279
19103,18230,1352,3738,1362
19104,20047,20487,8371,3274
19106,11571,938,994,791
19107,8110,2063,3723,943
19108,39,0,58,0
19109,0,0,0,0
19111,30855,17484,7305,13688
19112,0,0,0,0
19113,0,0,0,0
19114,23218,3513,1535,2885
19115,22371,3308,6965,2921
19116,22408,2074,6443,1572
19118,7650,1954,471,245
19119,9950,16458,471,1077
19120,7186,33519,8744,23977
19121,7299,25625,1989,2958
19122,9277,6867,2000,4987
19123,10771,4558,1546,1660
19124,17409,26459,2688,33608
19125,19498,1220,1305,3125
19126,1324,14711,364,653
19127,4749,369,174,264
19128,29357,4830,1029,2629
19129,6668,3234,380,557
19130,21259,4369,1969,2154
19131,4934,35410,1577,1352
19132,1470,28739,288,1359
19133,3626,8930,896,15122
19134,20714,9475,980,31795
19135,16766,6213,2095,8823
19136,20774,7235,1918,7996
19137,7123,246,94,600
19138,876,30203,35,578
19139,3312,39074,966,1555
19140,5771,28361,1137,22628
19141,1707,29430,1181,1716
19142,1413,25493,1872,1347
19143,9589,47135,1566,2468
19144,8588,34825,948,1992
19145,22521,12252,6173,3030
19146,20784,12832,2746,3336
19147,28054,3433,3796,2541
19148,29940,2074,10138,9501
19149,18787,12909,10871,17438
19150,856,21057,87,730
19151,2405,29400,260,897
19152,19040,5442,6303,3926
19153,1258,9634,371,491
19154,27338,3584,1631,2900
19301,5670,184,1694,243
19310,2731,123,3,189
19311,8974,348,590,2297
19312,9761,132,1628,48
19316,81,0,0,0
19317,8753,91,1124,587
19319,679,16,26,12
19320,36858,11025,529,6364
19330,5179,73,59,745
19333,5878,178,1556,365
19335,42198,2494,3748,1622
19341,15902,191,2856,1357
19342,16618,1288,1845,770
19343,7434,214,149,461
19344,12011,448,77,401
19345,528,81,35,79
19348,19016,621,683,4595
19350,9144,59,352,672
19352,9312,1128,186,923
19355,19887,1071,5112,1855
19358,290,72,0,11
19362,5304,64,13,932
19363,13851,548,160,4185
19365,5702,587,73,875
19367,142,0,0,52
19369,80,62,17,0
19372,1559,112,88,274
19373,1796,0,5,104
19374,657,15,0,597
19375,176,0,0,0
19380,43614,1621,2395,2323
19382,44590,3089,2351,2368
19383,3981,865,133,396
19390,10582,267,488,1996
19401,17671,12662,1683,10118
19403,34768,3337,4045,2306
19405,3961,228,113,922
19406,18939,2386,5931,971
19422,15041,1837,2339,594
19425,12243,351,3779,624
19426,33226,3688,3362,1943
19428,16741,921,1193,483
19435,120,0,0,0
19436,469,17,0,0
19437,751,48,97,11
19438,21663,927,1257,1066
19440,14123,1078,3241,1269
19442,0,0,0,0
19444,9979,233,657,150
19446,44646,4241,8997,1996
19453,1496,21,0,2
19454,19761,1582,5345,1098
19456,250,0,6,0
19457,127,0,21,0
19460,36541,1724,2040,2085
19462,12500,971,978,1294
19464,35322,6915,637,3880
19465,17494,116,130,613
19468,23742,1109,2090,556
19472,60,0,0,0
19473,15613,614,835,248
19474,359,27,0,0
19475,9781,983,310,951
19477,44,0,0,0
19490,258,0,0,0
19492,662,0,0,0
19501,1004,54,0,13
19503,970,17,13,73
19504,4889,8,204,67
19505,2928,105,0,15
19506,6525,61,99,374
19507,3608,0,19,41
19508,14254,235,57,380
19510,7101,105,294,648
19511,174,0,0,0
19512,15520,143,69,548
19516,150,0,0,0
19518,14269,503,180,1520
19520,5889,44,36,169
19522,13055,143,73,875
19523,0,0,0,0
19525,15869,222,330,768
19526,10609,213,45,533
19529,3055,3,0,19
19530,12746,828,80,962
19533,7392,252,99,474
19534,1871,0,0,35
19535,62,0,0,0
19536,496,4,0,14
19538,75,0,0,0
19539,3918,48,0,61
19540,11115,12,142,628
19541,4178,35,0,308
19543,5539,43,105,297
19544,133,0,0,0
19545,620,0,0,0
19547,4537,0,0,10
19549,322,0,4,7
19550,455,33,0,168
19551,4488,71,31,288
19554,279,0,0,0
19555,3283,10,5,143
19559,294,0,0,2
19560,6859,608,50,1943
19562,2752,46,0,134
19564,146,0,0,0
19565,7323,402,51,467
19567,5210,58,27,376
19601,11865,4849,754,24264
19602,6683,1631,146,11980
19604,11974,2976,59,22443
19605,14962,1244,316,5213
19606,28280,1500,490,6807
19607,18307,1485,257,5007
19608,20019,1148,1109,2412
19609,7467,748,125,2516
19610,13712,418,380,1618
19611,6219,1024,494,4755
19701,25653,10139,4358,5318
19702,24653,18446,6242,6717
19703,8441,5290,1357,1531
19706,1597,119,0,142
19707,13629,423,1976,463
19709,30117,12108,3125,2804
19710,26,0,0,0
19711,36149,4960,3539,4922
19713,18373,5183,2132,5336
19716,0,0,0,0
19717,4944,538,241,455
19720,25086,25394,1091,10151
19730,496,45,0,18
19731,328,0,0,0
19732,364,0,0,0
19733,69,0,0,104
19734,9768,2785,201,1010
19735,0,0,0,0
19736,17,0,0,0
19801,3045,11434,575,1289
19802,5998,18331,202,1615
19803,18668,1136,658,987
19804,12599,2595,306,2806
19805,18779,13496,284,9755
19806,7813,1557,188,413
19807,6691,165,725,95
19808,28278,3086,3109,4643
19809,10062,3385,1066,361
19810,19794,2536,1846,526
19901,20535,12234,1197,5172
19902,46,13,2,4
19904,19502,12633,1115,2538
19930,2564,15,67,37
19931,305,12,0,50
19933,6325,2680,24,1884
19934,8921,3730,309,916
19936,156,3,0,85
19938,6502,1831,222,432
19939,6860,475,30,149
19940,4968,901,28,644
19941,1865,787,2,538
19943,9741,2085,84,556
19944,489,0,0,4
19945,6583,1099,113,686
19946,3798,1122,36,77
19947,13712,1931,397,6533
19950,6482,511,31,602
19951,1860,187,77,58
19952,8620,1400,190,480
19953,3775,439,12,396
19954,1470,183,0,53
19955,345,0,0,24
19956,11098,3145,33,1724
19958,25845,671,507,1082
19960,4621,1664,0,861
19962,8116,2249,408,912
19963,15217,3518,401,2148
19964,1534,0,0,80
19966,25136,3022,475,2919
19967,1959,22,22,27
19968,13103,990,356,573
19970,7167,84,101,234
19971,13499,660,180,277
19973,16703,5946,351,1973
19975,8618,258,26,652
19977,14511,8617,553,1839
19979,529,0,0,5
19980,150,0,0,11
20001,21814,13355,3795,4767
20002,30789,29802,2044,6350
20003,23010,7671,1436,2190
20004,1528,49,116,308
20005,7898,2098,1106,2071
20006,585,126,430,125
20007,18380,1253,1383,3161
20008,21311,3032,1977,3258
20009,30792,8494,3231,7555
20010,14860,7288,1868,9786
20011,15149,36018,1181,14639
20012,3991,10053,160,3142
20015,10803,1438,865,2199
20016,24856,2482,1944,3065
20017,6152,11243,982,2198
20018,3738,14194,341,1927
20019,1333,58911,116,3235
20020,1544,47753,330,1334
20024,7345,6204,604,1316
20032,3445,33560,297,1616
20036,3468,72,796,385
20037,8811,733,1204,1489
20045,0,0,0,0
20052,1301,197,238,242
20057,1343,208,470,309
20059,178,556,20,54
20064,802,105,89,179
20105,17171,3248,9995,2547
20106,3832,8,0,277
20109,22534,7720,4349,20977
20110,26875,6574,2806,18731
20111,19958,4539,3466,14959
20112,20118,2978,2149,3998
20115,6797,657,37,1390
20117,2665,216,2,120
20119,3240,98,200,234
20120,21512,2647,12529,6552
20121,12697,2267,7522,5625
20124,9068,503,4005,849
20129,460,0,16,0
20130,256,0,0,0
20132,15266,1126,437,2280
20135,2974,129,29,105
20136,20850,3480,3472,5021
20137,1706,11,50,233
20141,7122,375,309,549
20143,378,7,93,26
20144,1249,86,2,212
20147,39459,4605,15009,7274
20148,27850,4589,23822,4404
20151,9415,794,8732,4397
20152,14794,3434,12579,3162
20155,22441,4665,4695,4606
20158,4266,96,98,209
20164,18418,2938,6212,18589
20165,21943,2374,4627,4272
20166,4859,1856,4080,2837
20169,20595,2080,2892,2569
20170,21237,2775,6442,13834
20171,24358,4033,16971,4640
20175,24340,2335,2206,4181
20176,33269,4529,6655,6602
20180,6344,353,403,563
20181,8791,472,270,1171
20184,172,90,0,203
20186,12006,1463,314,1028
20187,15948,943,529,977
20190,13336,2512,2482,2774
20191,18074,3051,3726,5088
20194,9317,591,1275,1063
20197,2175,1,0,189
20198,1863,29,28,214
20204,0,0,0,0
20220,0,0,0,0
20230,0,0,0,0
20240,0,0,0,0
20245,0,0,0,0
20250,0,0,0,0
20260,0,0,0,0
20317,0,0,0,0
20319,24,0,6,19
20373,122,138,20,156
20388,0,0,0,0
20390,251,24,18,93
20408,0,0,0,0
20415,0,0,0,0
20418,0,0,0,0
20422,10,44,0,0
20427,0,0,0,0
20431,0,0,0,0
20510,0,0,0,0
20515,0,0,0,0
20520,0,0,0,0
20530,0,0,0,0
20535,0,0,0,0
20540,0,0,0,0
20542,0,0,0,0
20551,0,0,0,0
20560,0,0,0,0
20565,0,0,0,0
20566,0,0,0,0
20591,0,0,0,0
20601,8135,15387,847,2182
20602,6531,18607,567,2242
20603,7389,19857,1836,3093
20606,164,83,0,0
20607,2257,7944,646,257
20608,266,222,10,31
20609,952,258,17,0
20611,803,105,6,203
20612,147,0,0,0
20613,3388,9540,377,919
20615,498,0,0,0
20616,884,5137,180,431
20617,444,121,0,65
20618,538,518,12,24
20619,10285,1728,271,1335
20620,739,142,46,333
20621,691,84,0,0
20622,4318,413,166,236
20623,124,2190,0,52
20624,980,0,0,0
20625,1184,0,19,0
20626,230,9,0,0
20628,383,144,0,29
20629,750,86,186,58
20630,264,6,0,13
20632,384,121,270,123
20634,4418,2588,178,349
20636,9256,722,162,535
20637,3508,1753,155,248
20639,11708,1720,349,675
20640,4013,5815,250,439
20645,707,0,0,0
20646,14213,5152,564,816
20650,12104,1060,485,843
20653,15840,6548,1389,1971
20656,0,203,0,0
20657,16743,2651,206,1142
20658,694,230,18,23
20659,20555,1577,81,669
20660,0,0,0,0
20661,0,0,0,0
20662,1575,745,27,0
20664,1821,476,39,413
20667,159,0,0,0
20670,1062,143,10,130
20674,630,125,23,24
20675,934,714,27,101
20676,2559,186,0,78
20677,1590,273,56,152
20678,9262,2167,298,940
20680,379,88,0,4
20684,582,10,0,1
20685,5377,991,0,228
20686,764,118,32,59
20687,209,53,64,0
20688,1165,4,0,0
20689,1472,382,0,27
20690,759,0,30,50
20692,652,1,0,0
20693,735,194,0,87
20695,3313,6592,299,431
20701,354,360,40,14
20705,4581,10452,3128,11052
20706,3556,27026,2534,10252
20707,8111,17151,4034,5731
20708,4562,17989,921,4384
20710,387,6420,50,3103
20711,4820,938,30,1693
20712,1924,4126,114,3674
20714,3446,715,195,219
20715,11969,9995,1107,2418
20716,4213,15347,648,1776
20720,3687,18326,1298,1879
20721,2073,26587,357,934
20722,1094,2060,236,2946
20723,14316,11217,5758,3428
20724,5921,8337,1037,3435
20732,8248,1115,436,306
20733,2284,211,35,4
20735,3236,30530,823,3713
20736,7422,805,45,346
20737,4944,6585,950,14128
20740,15229,8329,5144,7501
20742,2552,1001,478,289
20743,1545,32082,247,4907
20744,5366,37457,2648,9056
20745,2128,18524,1108,7547
20746,1379,24322,431,1373
20747,851,34044,306,3059
20748,2070,34397,462,3553
20751,1815,2,8,181
20754,6072,562,162,323
20755,4830,2488,777,1520
20758,497,45,0,0
20759,3170,825,1511,184
20762,1687,834,82,410
20763,1111,860,172,49
20764,2568,458,64,119
20765,423,181,0,0
20769,1619,3084,1022,1463
20770,5850,14517,2937,4467
20771,0,0,0,0
20772,6446,40742,648,3323
20774,2749,44145,861,1997
20776,2568,371,0,123
20777,2268,206,539,199
20778,2426,16,0,194
20779,954,20,7,0
20781,4386,3331,504,5762
20782,6451,13089,1517,13416
20783,4465,11730,1630,33883
20784,3280,17339,598,11795
20785,3442,30382,1111,5761
20794,6434,6941,962,1918
20812,240,2,3,25
20814,21572,1869,3527,2790
20815,24241,2218,2424,1926
20816,13959,598,1192,1423
20817,25481,2275,5915,3846
20818,1102,94,254,101
20832,15498,3283,3361,2607
20833,5226,790,756,940
20837,5222,205,521,735
20838,338,0,1,55
20839,142,0,0,0
20841,3536,927,4267,697
20842,1338,268,45,193
20850,24690,5845,13467,6684
20851,5012,1705,2357,6041
20852,26942,5179,9654,6467
20853,17582,3660,3907,8158
20854,31620,2390,10589,4062
20855,9178,2138,2778,2220
20860,1142,384,273,367
20861,1425,513,564,503
20862,223,0,0,36
20866,3595,7684,3087,2376
20868,375,20,52,325
20871,9193,4449,10267,3012
20872,8916,1557,745,1918
20874,22808,14492,10859,15796
20876,8357,8096,5279,5746
20877,11034,7140,6188,16769
20878,32481,6654,17775,8164
20879,10120,5612,3807,9140
20880,467,76,15,26
20882,10527,1053,961,1387
20886,12520,7926,4701,12012
20889,103,9,0,27
20892,0,0,0,0
20894,0,0,0,0
20895,13859,988,1135,2493
20896,712,8,50,58
20899,66,63,0,14
20901,16310,10872,3032,6669
20902,19989,9548,4135,20888
20903,4116,6840,2394,12993
20904,13940,28270,6638,8198
20905,7589,4215,2371,2948
20906,22316,17023,8221,23709
20910,21019,13849,3276,5317
20912,9336,8937,1265,5874
21001,15840,6218,907,2429
21005,1251,1111,17,302
21009,23742,5611,1281,1579
21010,198,0,0,42
21012,18888,1191,846,2200
21013,4961,95,66,168
21014,30769,1878,1323,1650
21015,24728,2128,1542,1365
21017,4209,1448,97,220
21023,68,0,0,0
21028,2565,26,98,157
21029,5916,1293,5751,272
21030,14915,4390,2357,2631
21031,0,26,0,0
21032,6959,608,115,259
21034,2802,20,5,19
21035,7859,124,53,214
21036,1813,74,90,170
21037,18766,1226,224,1036
21040,9492,11885,372,1778
21042,24759,1873,12951,1432
21043,24398,5610,11708,2792
21044,21455,11984,5653,4278
21045,19243,12778,4569,4450
21046,8621,5031,1106,1049
21047,11619,278,732,732
21048,8663,305,350,279
21050,17055,227,226,225
21051,113,0,0,0
21052,438,0,0,0
21053,2786,98,0,147
21054,9649,2169,1432,1009
21056,318,0,0,0
21057,4011,212,99,321
21060,24143,8464,1447,3904
21061,29902,15384,2348,4822
21071,518,0,0,0
21074,13526,533,369,409
21075,15438,9294,7346,3744
21076,9522,7333,2565,1528
21077,73,32,0,0
21078,14297,3161,468,1295
21082,649,0,11,0
21084,6745,68,240,119
21085,12773,2693,235,740
21087,5337,63,14,38
21090,8700,650,448,307
21093,31202,1773,3900,1167
21102,11250,185,103,268
21104,4707,335,650,185
21105,16,0,0,24
21108,13914,1691,911,745
21111,4644,41,2,149
21113,19145,9869,2242,3631
21114,17171,3688,1870,2115
21117,19814,30772,3112,3621
21120,6520,156,207,263
21122,50514,4422,1182,3017
21128,10613,2137,2235,634
21130,21,0,0,0
21131,7098,67,124,177
21132,3009,0,0,41
21133,3778,25312,648,1954
21136,19616,9626,2729,1706
21140,3934,12,8,309
21144,17599,12204,2763,3478
21146,26205,1026,739,870
21152,5436,497,333,102
21153,609,0,20,37
21154,6595,262,40,48
21155,2919,53,39,67
21156,324,0,10,0
21157,35549,1538,329,2044
21158,20751,411,541,750
21160,2578,40,86,26
21161,5413,28,19,56
21162,3295,619,108,211
21163,3194,1757,1772,373
21201,5575,9987,1058,751
21202,6939,10790,1075,972
21204,14131,3534,1222,673
21205,2439,9308,456,2244
21206,11506,36754,843,1605
21207,5127,41088,1187,3645
21208,19259,15663,653,1037
21209,20628,6541,1389,1107
21210,9595,2355,1404,1591
21211,12162,1439,1139,924
21212,17126,12664,1300,1862
21213,2148,25295,35,813
21214,7573,12665,94,566
21215,9669,40376,677,1885
21216,446,26459,75,761
21217,4110,25980,377,395
21218,13051,28007,2256,1942
21219,8308,341,673,50
21220,25211,10964,2406,2711
21221,26297,13317,761,2407
21222,39820,10968,1315,8015
21223,3339,15367,240,915
21224,28861,6254,1703,7680
21225,12470,15200,809,5669
21226,3388,1179,290,404
21227,22649,6359,1621,3248
21228,29050,10116,6639,2855
21229,8043,32897,1074,1800
21230,19498,8826,855,2954
21231,8876,3849,924,1063
21233,0,0,0,0
21234,39802,19646,3041,2585
21236,22386,7678,6101,1875
21237,13767,11904,2630,2510
21239,4172,21814,688,1011
21240,0,0,0,0
21244,4661,28877,2887,3434
21250,1461,1006,214,257
21251,77,221,5,11
21252,2509,1441,149,387
21285,10,0,0,0
21286,15257,3255,895,1354
21287,0,0,0,0
21401,29615,6078,1438,4221
21402,1742,262,117,687
21403,21419,5124,363,4392
21405,383,0,0,0
21409,17164,911,511,1472
21502,34939,3976,350,873
21520,2000,46,1,29
21521,1417,0,0,5
21523,108,0,17,0
21524,685,0,0,0
21529,543,0,0,6
21530,1743,13,0,38
21531,1954,12,1,23
21532,11616,955,242,350
21536,3907,11,15,3
21538,539,0,0,25
21539,2008,3,36,53
21540,92,1,0,1
21541,1411,175,0,130
21542,151,0,0,0
21543,268,9,0,0
21545,1620,7,0,9
21550,13170,73,78,108
21555,1498,3,0,0
21557,1782,0,0,0
21560,0,0,0,0
21561,2360,23,0,27
21562,3188,19,11,59
21601,17627,3469,344,1894
21607,353,17,0,134
21610,286,57,0,24
21612,519,0,0,32
21613,9413,6031,356,1187
21617,9139,746,150,154
21619,4785,435,59,239
21620,10975,1787,160,454
21622,310,31,0,7
21623,1640,183,29,342
21624,189,12,0,0
21625,1936,132,28,46
21626,68,0,0,0
21627,27,0,0,0
21628,351,0,0,34
21629,7946,1488,18,188
21631,2329,126,0,186
21632,4400,1647,0,213
21634,365,0,0,0
21635,1562,64,11,167
21636,699,14,0,100
21638,4101,366,0,159
21639,3597,349,5,753
21640,1064,0,1,462
21641,147,2,0,0
21643,3038,1383,50,248
21644,40,0,0,0
21645,1164,56,0,0
21647,446,0,0,0
21648,164,4,12,2
21649,1325,52,35,796
21650,132,0,0,176
21651,1891,270,7,166
21652,143,0,0,0
21653,105,0,0,0
21654,1130,38,3,134
21655,3891,422,22,96
21657,1115,66,22,160
21658,2990,304,30,354
21659,934,266,20,0
21660,3046,734,72,293
21661,2224,156,0,114
21662,531,64,23,110
21663,3059,380,32,219
21664,489,1,0,154
21665,137,0,0,27
21666,12506,673,271,427
21667,183,19,0,0
21668,1672,83,0,45
21669,166,16,0,0
21671,800,0,5,28
21672,113,0,0,0
21673,2142,462,11,220
21675,46,0,0,0
21676,281,0,38,0
21677,594,3,0,0
21678,1194,435,9,12
21679,255,0,0,0
21701,31046,4956,1107,2497
21702,29099,7855,2130,8570
21703,23729,5895,3617,8684
21704,10988,2136,2684,2521
21705,1,4,0,0
21710,4316,275,104,280
21711,864,0,0,0
21713,9238,439,217,165
21714,249,0,23,0
21715,12,0,0,0
21716,4800,743,127,500
21717,209,0,0,28
21718,136,0,0,3
21719,1105,34,6,24
21722,6329,65,99,139
21723,345,15,329,0
21727,5348,531,32,589
21733,864,57,0,207
21734,858,0,0,8
21737,1840,140,319,26
21738,3278,81,257,35
21740,44303,10849,1104,5319
21742,25984,3649,975,3038
21746,677,1709,16,189
21750,3452,21,18,12
21754,5377,692,582,672
21755,4619,179,103,799
21756,3179,0,20,30
21757,2530,53,43,37
21758,3799,297,114,306
21762,55,0,0,121
21766,525,0,0,0
21767,830,5,0,27
21769,10736,238,634,359
21770,5861,783,788,204
21771,27569,1350,614,2015
21773,5003,22,122,265
21774,12463,548,530,810
21776,5875,218,38,124
21777,1659,301,134,356
21778,880,0,0,0
21779,1663,0,0,11
21780,1943,30,0,0
21781,28,2,8,3
21782,4284,0,19,23
21783,9256,178,86,180
21784,30439,2460,1522,1897
21787,9811,734,82,472
21788,10710,100,51,426
21790,0,0,0,0
21791,4617,53,81,45
21793,8560,909,282,1276
21794,1541,112,512,31
21795,8503,403,90,225
21797,7951,199,391,286
21798,2217,325,8,106
21801,16836,10380,875,1809
21804,22801,11512,1490,1993
21810,145,0,0,0
21811,20572,2082,555,886
21813,2506,182,1,55
21814,81,0,0,0
21817,2972,909,36,98
21821,687,34,0,40
21822,1632,929,0,24
21824,253,0,0,0
21826,3625,1363,156,544
21829,381,0,13,0
21830,3947,718,3,59
21835,315,56,0,12
21837,2101,812,31,338
21838,1847,222,0,94
21840,398,19,0,0
21841,697,229,0,0
21842,9776,391,54,724
21849,2918,259,0,28
21850,3070,145,26,168
21851,4082,2606,86,204
21853,4220,5683,71,495
21856,666,196,0,0
21861,712,52,0,12
21862,0,0,0,0
21863,3433,1101,93,171
21864,622,128,0,0
21865,281,46,66,0
21866,99,2,0,3
21867,24,0,0,0
21869,534,280,0,107
21871,1187,397,81,28
21872,573,0,0,0
21874,1804,41,5,288
21875,4909,1026,294,710
21890,685,2057,18,189
21901,17424,1187,423,466
21902,120,131,0,0
21903,4534,517,0,198
21904,5192,441,10,531
21911,9560,106,261,760
21912,1470,25,0,0
21913,774,91,6,9
21914,724,6,0,0
21915,2282,13,0,166
21917,1700,53,0,127
21918,4018,100,12,121
21919,3403,14,24,0
21920,894,0,0,176
21921,35619,4374,664,2515
21930,27,0,0,0
22003,27653,4897,12977,15192
22015,27529,3110,8316,6532
22025,11756,4288,836,2510
22026,6449,8794,2029,3480
22027,1270,14,511,346
22030,34911,6105,12234,8270
22031,18785,2671,10699,3488
22032,19683,1373,5662,2926
22033,19812,2800,11760,3476
22035,0,0,0,0
22039,12647,1001,2360,1067
22041,10836,5204,3865,9235
22042,16419,1300,5724,12322
22043,14226,1191,6690,3177
22044,7766,692,2248,3835
22046,12974,677,1699,2443
22060,5698,2092,491,856
22066,11162,158,4233,792
22079,14200,8880,7235,6209
22101,21570,509,5977,1305
22102,15865,1397,8195,2858
22124,12148,418,4277,1344
22125,681,22,61,153
22134,5496,726,393,1214
22150,11730,3557,8109,5257
22151,8856,537,5452,2623
22152,16380,3989,4924,5623
22153,20173,2587,4790,5017
22172,3880,4198,1531,2786
22180,16943,1429,4816,2348
22181,10597,364,2617,1517
22182,16526,1372,6346,2597
22191,22010,24995,7390,22500
22192,30650,12447,5252,11521
22193,30826,19945,9410,27880
22201,27617,1416,4309,4584
22202,16433,3801,4139,3590
22203,16153,2260,3086,3964
22204,26373,8994,6104,12995
22205,14768,315,1247,2039
22206,13677,2445,1254,3471
22207,26751,1660,1893,3435
22209,8440,771,1976,2000
22211,652,232,25,333
22213,2826,127,420,416
22214,0,0,0,0
22301,11063,994,445,933
22302,12446,2117,815,2731
22303,9124,2221,1761,3096
22304,22494,15140,4041,8599
22305,9511,2499,774,5178
22306,14375,7939,3827,10120
22307,7715,819,620,1360
22308,11493,315,397,697
22309,15167,9854,2955,12361
22310,17050,3957,4642,4665
22311,7171,6625,1848,4550
22312,10833,7230,3664,5980
22314,25262,5155,1602,2911
22315,15955,6405,4005,2864
22401,16908,6059,1084,3302
22405,24372,5434,828,2588
22406,18925,4008,855,3037
22407,39218,12233,2372,8357
22408,20037,5809,849,3614
22427,2711,948,56,327
22432,114,0,0,44
22433,197,0,0,44
22435,1708,758,0,233
22436,256,557,19,0
22437,781,0,0,307
22438,209,52,0,0
22443,7241,1463,171,990
22448,446,75,77,41
22454,1797,74,0,0
22460,1102,489,0,213
22469,943,1003,0,83
22472,343,461,0,68
22473,3348,1493,104,271
22476,55,128,0,0
22480,877,0,2,5
22482,2498,574,17,2
22485,19132,4189,289,1673
22488,436,149,0,72
22503,2070,1702,35,110
22504,138,0,0,0
22508,12024,1493,522,1546
22509,39,36,0,0
22511,815,69,0,0
22514,1506,573,0,141
22520,2715,1414,33,114
22529,40,166,0,0
22534,2847,273,4,250
22535,300,33,0,107
22538,0,125,0,0
22539,1628,73,0,0
22542,1813,33,0,36
22546,10924,4720,140,900
22548,59,0,0,0
22551,17645,2181,397,1604
22553,12344,2390,226,1486
22554,31345,15552,2915,10289
22556,18162,4782,1284,7296
22560,3080,3135,41,144
22567,2624,222,10,370
22572,4015,1803,0,332
22576,1108,413,0,11
22578,1858,424,0,123
22580,3692,1023,121,332
22601,21399,3065,602,5256
22602,27690,1167,498,3510
22603,14768,444,292,2354
22610,1605,0,14,12
22611,8342,397,76,756
22620,2221,74,9,156
22623,790,143,1,0
22624,3219,99,8,45
22625,3082,80,0,41
22627,645,20,15,82
22630,29033,2069,852,2200
22637,2067,105,38,21
22639,594,0,0,59
22640,419,0,0,0
22641,222,0,0,0
22642,3425,156,25,451
22643,111,0,0,0
22644,2484,6,29,60
22645,4176,61,26,178
22646,0,39,0,0
22650,756,0,4,54
22652,1517,0,0,39
22654,1221,0,0,70
22655,18221,1281,198,2727
22656,3657,351,460,241
22657,10034,372,226,482
22660,1542,16,0,32
22663,986,68,0,147
22664,7762,429,259,1614
22701,23761,5620,358,5624
22709,1066,153,0,2
22711,14,51,0,0
22712,7645,834,141,1601
22713,1810,48,14,2
22714,906,67,0,35
22715,1851,4,4,38
22716,969,82,0,0
22718,686,0,0,82
22719,118,8,0,0
22720,1239,0,0,69
22722,387,0,0,23
22723,48,0,0,0
22724,2005,240,10,257
22725,28,0,0,0
22726,677,102,0,1
22727,5072,324,0,193
22728,2697,224,9,451
22729,628,420,0,167
22730,199,16,0,0
22731,18,302,0,52
22732,234,17,0,0
22733,1156,214,8,145
22734,2810,471,4,586
22735,1541,259,0,86
22736,527,0,0,104
22737,2803,284,17,180
22738,927,97,68,40
22740,834,0,0,27
22741,257,0,0,11
22742,1308,17,4,108
22743,333,0,0,0
22746,209,49,0,0
22747,1091,23,0,8
22749,215,3,0,0
22801,29866,2608,1099,5888
22802,20743,1903,556,7266
22807,4497,323,291,389
22810,436,22,0,40
22811,436,0,0,0
22812,9291,256,27,418
22815,8403,43,13,601
22820,257,0,0,0
22821,5032,168,59,409
22824,5834,115,5,397
22827,10044,321,44,299
22830,2012,0,0,52
22831,650,0,0,0
22832,941,0,0,75
22834,1320,0,25,89
22835,10710,367,42,105
22840,4289,122,126,691
22841,2943,62,12,221
22842,5042,114,20,684
22843,2534,0,0,377
22844,4440,142,14,173
22845,57,0,0,0
22846,1579,26,164,66
22847,526,0,0,29
22849,4694,49,8,368
22850,1264,21,0,0
22851,5678,7,25,35
22853,4732,24,12,437
22901,26929,4279,1805,2590
22902,18304,3227,1041,2095
22903,28314,5937,3844,2479
22904,3972,583,1226,293
22908,0,0,0,0
22911,14590,1595,1195,869
22920,3318,101,31,117
22922,1566,740,0,0
22923,5688,394,135,39
22931,217,0,0,14
22932,7878,156,198,234
22935,810,39,3,9
22936,5318,228,79,256
22937,880,529,8,63
22938,569,43,0,0
22939,5571,276,16,445
22940,1007,13,0,14
22942,8280,1458,50,609
22943,497,132,0,87
22946,125,37,0,0
22947,4049,360,96,76
22948,41,0,0,0
22949,911,220,0,0
22952,1492,5,39,19
22957,0,0,0,0
22958,1703,149,0,140
22959,1573,202,13,34
22960,7682,1984,13,378
22963,13574,1627,291,865
22964,185,202,0,0
22967,2284,204,10,156
22968,8373,646,288,1102
22969,1848,47,0,9
22971,2076,172,0,381
22972,199,0,0,0
22973,5180,333,79,238
22974,3492,757,67,180
22976,81,8,0,0
22980,26423,2505,404,2275
22989,90,0,0,0
23002,8002,2187,0,319
23004,327,678,0,0
23005,14797,2857,183,1343
23009,6557,1156,13,227
23011,961,388,0,64
23015,3467,350,18,217
23021,0,0,0,0
23022,477,590,0,0
23023,375,98,0,0
23024,8245,905,40,403
23025,690,102,0,0
23027,1054,434,0,32
23030,1991,1961,10,80
23032,148,11,0,0
23035,1453,18,0,61
23038,1314,187,0,0
23039,981,303,0,61
23040,2254,1854,23,18
23043,1261,55,44,35
23045,59,0,0,0
23047,1356,208,0,173
23050,249,146,0,23
23055,640,178,0,49
23056,99,0,0,0
23059,25468,3177,9950,1345
23060,21478,6707,5140,2219
23061,19859,1968,114,757
23062,1968,177,0,82
23063,3469,1283,19,277
23065,1344,343,0,0
23066,604,0,0,0
23068,199,0,0,0
23069,2337,595,7,60
23070,569,0,4,0
23071,1939,0,6,93
23072,10145,1027,144,692
23075,2553,5310,0,125
23076,537,32,0,0
23079,265,206,0,5
23081,0,0,0,0
23083,1817,406,1,176
23084,863,335,8,0
23085,306,195,0,0
23086,2410,786,79,112
23089,4253,751,29,193
23091,437,43,0,0
23092,628,191,0,6
23093,10330,2344,73,444
23102,2402,373,80,48
23103,5258,580,348,255
23106,975,81,0,0
23108,56,0,0,0
23109,2328,370,0,140
23110,607,50,0,0
23111,31533,2906,594,647
23112,41597,7478,2173,3462
23113,23068,1139,918,1252
23114,16107,2374,1557,879
23116,28789,2141,709,559
23117,8665,1440,29,353
23119,137,0,0,0
23120,12374,2117,503,641
23123,904,716,0,91
23124,4031,698,49,221
23126,271,101,0,0
23128,292,35,0,0
23129,319,71,0,0
23130,64,0,0,0
23138,747,64,0,37
23139,23502,1837,17,668
23140,3985,1657,106,213
23141,6553,572,83,318
23146,2885,197,87,2
23147,0,0,0,0
23148,653,585,0,32
23149,1822,379,11,202
23150,8313,2977,211,413
23153,1111,397,0,23
23156,830,298,0,223
23160,513,824,30,86
23161,19,61,0,0
23163,28,0,0,0
23168,6564,1263,392,355
23169,825,158,12,27
23173,1248,290,436,331
23175,1232,320,7,37
23176,302,97,0,0
23177,522,218,0,0
23180,477,171,0,0
23181,4368,434,43,170
23185,38732,6892,2082,4545
23188,34009,5964,983,2210
23192,5356,716,102,476
23219,2366,1305,154,237
23220,19815,10329,1147,1576
23221,12976,762,248,431
23222,5737,20539,707,611
23223,10163,40739,697,1668
23224,8260,24686,161,6394
23225,19201,18905,685,3640
23226,13940,591,472,653
23227,11186,11820,314,1145
23228,18707,9267,2343,5001
23229,27401,2330,2385,2345
23230,5291,1056,487,981
23231,11920,23133,336,1379
23233,21856,2251,5505,1099
23234,11289,22405,1298,11465
23235,23322,5779,1241,2452
23236,17310,5489,645,1322
23237,13567,8162,418,6432
23238,19438,4049,552,1806
23250,0,0,0,0
23284,863,370,498,257
23294,9805,3501,3856,1980
23298,102,135,13,39
23301,1069,452,5,839
23302,0,0,0,0
23303,403,51,9,13
23304,0,0,0,0
23306,471,338,0,48
23307,255,288,0,56
23308,1226,368,0,173
23310,3349,1439,17,277
23314,6643,1835,260,753
23315,1597,66,0,12
23316,35,12,0,19
23320,32466,18840,3101,5438
23321,19656,14357,1445,1472
23322,52242,6908,2203,4013
23323,23185,12400,1464,3249
23324,7266,12724,356,2073
23325,8139,7895,610,1411
23336,3201,0,0,76
23337,502,80,5,223
23347,423,164,51,15
23350,1453,1284,63,294
23354,357,22,0,0
23356,1211,21,0,11
23357,346,192,11,269
23358,122,0,0,0
23359,930,141,48,66
23389,0,0,0,0
23395,420,1,0,0
23398,21,0,0,0
23401,178,102,0,0
23405,688,326,0,215
23407,497,249,0,85
23408,8,0,0,0
23409,148,0,0,0
23410,1486,808,48,63
23413,399,308,4,226
23414,0,82,0,0
23415,1005,1193,114,11
23416,0,45,0,0
23417,2203,1460,1,245
23418,543,10,0,232
23420,1023,1808,2,52
23421,1812,1532,1,550
23422,212,0,0,0
23423,320,0,0,0
23426,36,0,0,0
23427,214,0,0,3
23430,12561,4913,57,649
23432,888,297,0,46
23433,1086,131,11,21
23434,21998,25086,432,2134
23435,16856,12098,1275,2010
23436,641,339,14,26
23437,3225,1161,20,229
23438,1338,211,38,29
23440,345,0,0,0
23441,0,0,0,0
23442,631,366,18,112
23451,35191,3166,1199,3384
23452,36800,10883,2686,5303
23453,17534,8466,3685,3045
23454,42524,7108,2889,4066
23455,35839,7509,2745,3399
23456,38607,8322,6745,4352
23457,4216,257,31,207
23459,852,222,51,375
23460,980,260,42,373
23461,460,110,20,212
23462,33981,21534,3851,9178
23464,40431,18660,8736,6245
23480,306,42,6,13
23486,90,0,0,44
23487,4517,878,85,203
23488,0,143,0,0
23502,7399,10018,695,1917
23503,19858,6250,1036,3632
23504,3113,19270,141,877
23505,13687,10003,1464,2822
23507,5355,309,444,402
23508,10617,7281,745,1306
23509,5958,5657,212,825
23510,4547,3703,360,523
23511,6642,1896,463,2171
23513,6952,17552,1728,3098
23517,2733,907,177,324
23518,18357,6151,1525,2493
23523,333,6869,1,30
23551,658,621,26,268
23601,14632,9350,541,1395
23602,20787,15384,2125,4715
23603,1536,1675,21,556
23604,2352,1467,208,1143
23605,3692,8042,121,914
23606,18743,6791,921,2684
23607,3390,18253,212,1468
23608,17401,16856,2322,5495
23651,361,12,0,18
23661,4595,8500,48,399
23662,11544,225,261,424
23663,5221,6581,134,443
23664,7083,2800,8,698
23665,3786,1180,250,1095
23666,17586,28042,1546,4428
23667,1,31,0,30
23668,124,583,6,54
23669,16073,18946,851,2714
23681,0,0,0,0
23690,2596,1038,92,926
23691,243,126,14,45
23692,15442,1713,597,866
23693,14836,3422,2796,1272
23696,3972,22,23,149
23701,9581,12830,141,726
23702,4339,6370,145,901
23703,11240,12298,472,2015
23704,4434,12223,195,693
23707,6374,6250,430,456
23708,253,58,0,50
23709,461,62,7,38
23801,2680,2501,240,1796
23803,14246,25364,258,2140
23805,7127,12599,447,1038
23821,981,867,0,32
23824,3363,2841,16,339
23827,450,513,0,112
23828,200,323,0,0
23829,1498,733,12,245
23830,1362,388,19,0
23831,21037,10456,1045,3464
23832,24328,11220,1564,2908
23833,2035,189,0,31
23834,17942,6656,910,2548
23836,7256,3923,948,1630
23837,2701,1431,12,8
23838,13107,1704,604,1016
23839,370,508,0,11
23840,1126,257,38,0
23841,1811,952,14,0
23842,5288,1183,12,685
23843,247,201,3,3
23844,135,376,0,0
23845,327,0,0,0
23846,365,135,0,0
23847,4001,8097,52,443
23850,985,86,0,102
23851,5875,5976,276,299
23856,179,663,0,0
23857,367,30,0,0
23860,14781,13484,327,2635
23866,1299,382,0,0
23867,1948,2411,33,417
23868,2074,4121,12,115
23870,0,0,0,0
23872,1698,847,16,43
23874,478,236,0,0
23875,7664,4633,269,778
23876,141,54,0,0
23878,1407,141,0,0
23879,409,122,0,0
23881,1233,1071,0,47
23882,834,740,2,23
23883,1103,749,0,40
23884,4,9,0,2
23885,1824,480,38,134
23887,461,35,0,0
23888,1017,1282,50,13
23889,27,413,0,134
23890,1917,2719,0,289
23891,394,814,26,65
23893,214,255,0,0
23894,327,86,0,0
23897,370,427,2,0
23898,2160,322,1,0
23899,343,55,8,13
23901,10383,4039,169,555
23909,905,176,80,58
23915,983,699,0,26
23917,1428,1237,7,44
23919,1919,331,0,0
23920,1411,1245,0,139
23921,1773,457,1,28
23922,2762,1289,28,197
23923,1661,456,15,258
23924,3573,2087,0,165
23927,3515,882,25,65
23930,3409,1898,39,218
23934,604,21,0,0
23936,3980,2730,3,106
23937,1271,655,0,0
23938,138,57,0,0
23942,913,193,0,83
23943,792,119,58,45
23944,1404,1693,0,656
23947,2556,637,19,17
23950,2250,1174,4,245
23952,284,0,0,0
23954,1145,1317,0,0
23955,12,0,0,0
23958,1821,836,31,71
23959,1106,330,8,0
23960,988,534,0,0
23962,462,138,0,0
23963,166,126,0,0
23964,576,350,0,0
23966,1173,559,26,51
23967,1054,485,0,10
23968,347,321,0,0
23970,4218,3035,262,327
23974,2855,1758,40,58
23976,46,0,0,0
24011,584,46,15,57
24012,19027,5480,1129,3482
24013,5077,2243,29,285
24014,13527,887,224,544
24015,13578,966,324,833
24016,4588,4278,265,236
24017,6555,14764,1097,1592
24018,33101,1723,2516,1437
24019,22100,3731,781,971
24020,452,76,22,49
24022,0,0,0,0
24053,1912,85,46,33
24054,3945,1897,0,466
24055,9894,1445,4,433
24058,300,0,0,0
24059,825,0,0,10
24060,40036,1716,4302,1117
24061,6383,704,1205,948
24064,4675,131,55,100
24065,6171,88,0,284
24066,4903,49,5,66
24067,2188,11,0,0
24069,754,515,13,210
24070,1356,121,0,1
24072,1120,7,10,0
24073,25856,1285,950,832
24076,1310,0,0,67
24077,1124,151,0,222
24078,5289,1274,0,850
24079,1894,0,0,34
24082,530,122,0,93
24083,3779,110,10,0
24084,10360,504,3,239
24085,2224,71,0,9
24086,149,5,0,0
24087,3393,102,0,567
24088,4323,503,0,129
24089,1975,458,0,43
24090,4555,150,33,45
24091,6925,348,8,323
24092,2845,401,27,28
24093,114,0,0,1
24095,3191,70,108,58
24101,6022,88,84,214
24102,1455,15,0,0
24104,2533,37,0,23
24105,285,0,0,0
24112,15982,11820,264,1990
24120,1831,4,4,2
24121,10477,300,30,406
24122,1405,2,1,31
24124,4581,31,18,221
24127,4071,3,0,46
24128,1507,5,0,6
24129,0,92,0,0
24131,11,0,0,0
24132,388,9,19,0
24133,2263,81,14,15
24134,5179,280,39,16
24136,2849,63,0,51
24137,2380,117,142,134
24138,1493,0,5,0
24139,474,160,0,0
24141,19461,1320,386,561
24142,1473,585,35,142
24147,1305,10,2,0
24148,6544,1421,88,486
24149,3623,0,0,6
24150,640,0,0,24
24151,14764,2668,92,578
24153,33422,2386,621,1524
24161,325,0,0,15
24162,2033,19,0,49
24165,1221,141,0,3
24167,117,0,0,0
24168,58,0,0,0
24171,7255,610,22,329
24174,2381,0,108,34
24175,7652,41,14,183
24176,1066,24,0,23
24179,17316,555,157,365
24184,3814,219,0,195
24185,628,0,0,38
24201,13785,1066,31,445
24202,11816,132,86,113
24210,16021,451,174,534
24211,9739,56,11,103
24216,2200,76,0,40
24217,206,0,0,0
24219,9051,833,167,104
24220,860,0,0,13
24221,542,0,0,0
24224,5564,111,0,63
24225,1716,0,0,0
24226,1669,6,0,10
24228,5868,58,0,85
24230,6532,244,72,40
24236,3106,0,0,8
24237,878,101,22,0
24239,174,0,0,0
24243,1440,0,0,8
24244,5537,98,0,176
24245,806,4,9,8
24246,274,0,0,0
24248,2433,43,0,48
24250,1041,0,0,0
24251,7568,117,0,122
24256,3183,11,28,40
24258,1351,0,0,0
24260,4997,61,0,34
24263,5392,4,0,101
24265,1065,0,0,0
24266,8525,242,10,8
24269,391,27,0,0
24270,367,0,0,0
24271,2469,0,0,17
24272,404,0,0,0
24273,5746,75,2,46
24277,5217,878,17,319
24279,4171,438,58,34
24280,822,5,0,0
24281,2449,0,25,0
24282,724,0,0,0
24283,1867,0,6,23
24290,2225,33,14,0
24292,296,0,0,0
24293,9230,107,101,195
24301,12197,653,103,247
24311,1421,0,0,194
24312,1647,8,0,19
24313,474,0,0,53
24314,1315,15,0,0
24315,3375,192,9,49
24316,45,0,0,0
24317,3844,26,0,0
24318,596,0,0,0
24319,6159,180,10,97
24322,10,0,0,0
24323,999,12,0,0
24324,2019,222,0,0
24325,1106,0,0,0
24326,777,19,0,12
24327,398,153,16,15
24328,1617,0,0,22
24330,2865,3,0,128
24333,15739,711,100,2400
24340,5908,117,2,66
24343,7903,15,19,149
24347,1237,0,0,0
24348,3881,704,118,225
24350,1254,0,0,25
24351,234,0,0,0
24352,1243,0,0,215
24354,13193,323,0,218
24360,5853,11,31,19
24361,4679,19,6,39
24363,1052,16,0,12
24366,302,27,0,0
24368,4807,19,0,114
24370,5692,0,0,140
24374,518,0,0,0
24375,1521,8,98,20
24377,514,0,0,0
24378,938,10,1,19
24380,2488,114,35,99
24381,3118,15,9,5
24382,13599,586,183,195
24401,31687,3341,364,1187
24411,0,0,0,0
24412,159,0,0,0
24413,310,0,0,0
24415,35,0,0,0
24416,8148,506,45,314
24421,3278,14,18,18
24422,4732,494,4,73
24426,12260,1020,69,309
24430,2256,1111,12,249
24431,2454,16,0,0
24432,450,0,0,0
24433,79,0,0,0
24435,1507,0,0,70
24437,1394,0,0,0
24439,897,0,4,0
24440,2911,102,0,11
24441,5668,188,2,561
24442,81,0,0,0
24445,2405,115,14,31
24448,357,24,0,0
24450,15253,756,377,496
24457,374,15,0,0
24458,253,0,0,0
24459,414,0,0,0
24460,1155,36,0,0
24464,262,0,0,0
24465,1175,0,69,0
24467,2387,0,26,208
24469,0,0,0,0
24471,1432,0,0,60
24472,1878,0,0,0
24473,798,0,0,0
24474,455,0,0,0
24476,238,0,0,0
24477,10607,553,133,344
24479,2079,13,0,21
24482,5177,238,92,102
24483,865,0,0,0
24484,449,51,0,0
24485,331,0,0,0
24486,2930,159,0,247
24487,389,0,0,0
24501,14796,9985,174,1002
24502,30089,6773,920,2256
24503,16580,2047,170,970
24504,5127,3829,44,216
24515,3583,976,614,433
24517,3363,1313,0,56
24520,1485,658,0,224
24521,7539,1442,30,433
24522,7857,1602,44,272
24523,17165,2335,254,413
24526,1384,85,0,0
24527,1947,894,0,55
24528,2198,1065,0,56
24529,846,449,2,61
24530,657,91,0,1
24531,6519,2356,12,136
24534,995,478,0,0
24536,245,0,0,0
24538,3727,931,7,42
24539,311,38,0,0
24540,16364,12833,319,1082
24541,14689,11331,515,1279
24549,3507,337,0,412
24550,6541,838,215,36
24551,22431,1989,364,943
24553,1453,163,0,23
24554,2636,896,0,30
24555,1823,375,0,19
24556,2020,132,178,73
24557,5979,1541,0,44
24558,3860,2049,10,157
24562,413,78,0,0
24563,3968,817,0,112
24565,335,631,0,77
24566,1127,126,43,28
24569,363,483,0,33
24570,0,0,0,0
24571,1737,245,0,90
24572,11166,3389,156,299
24574,3402,718,24,103
24577,2276,1857,0,29
24578,673,0,0,0
24579,1105,5,0,1
24580,404,126,11,0
24581,0,0,0,0
24586,3722,611,0,133
24588,7453,1238,127,269
24589,1534,650,0,11
24590,5814,1118,38,333
24592,7942,5550,56,269
24593,1787,567,0,43
24594,1599,284,0,0
24595,457,106,16,4
24597,638,212,0,115
24598,1149,40,6,0
24599,650,0,0,0
24601,0,0,0,0
24602,907,0,0,28
24603,505,0,0,0
24604,166,0,0,0
24605,7601,722,59,194
24606,186,0,0,0
24607,279,0,0,0
24609,6524,12,0,0
24612,224,0,0,0
24613,549,0,0,0
24614,7285,107,6,34
24620,2438,0,0,0
24622,510,0,0,0
24630,5404,498,57,91
24631,1567,264,4,117
24634,259,0,0,0
24635,624,104,0,16
24637,3451,44,98,23
24639,3734,2,0,25
24641,5331,11,56,2
24646,846,0,0,0
24649,1706,0,0,73
24651,5450,239,9,114
24656,2640,0,0,17
24657,297,0,0,0
24701,14653,2318,25,353
24712,2544,98,18,45
24714,275,0,0,0
24715,243,8,0,5
24716,96,0,0,0
24719,140,0,0,0
24724,72,20,0,0
24726,546,0,0,0
24729,45,0,0,0
24731,21,0,0,0
24733,251,0,0,0
24736,654,0,1,0
24737,1245,0,0,0
24738,0,0,0,0
24739,12179,444,17,20
24740,15033,620,99,237
24747,3225,0,0,111
24801,3761,1420,10,257
24808,565,7,0,2
24811,477,0,0,0
24813,0,0,0,0
24815,333,0,0,0
24816,16,0,0,0
24817,1240,17,0,0
24818,926,0,0,0
24822,1103,0,0,0
24823,618,0,0,0
24826,50,0,0,0
24827,1178,0,0,98
24828,677,0,0,106
24830,47,0,0,2
24831,322,133,19,0
24834,1099,0,0,0
24836,421,279,0,0
24839,562,0,0,0
24843,13,0,0,0
24844,1148,0,0,0
24845,626,0,0,0
24846,342,0,0,0
24847,111,0,0,0
24848,102,0,0,0
24849,293,0,0,0
24850,0,0,0,0
24851,319,0,0,0
24853,252,246,0,19
24854,833,0,0,0
24855,0,60,0,0
24857,676,0,0,0
24860,211,0,0,0
24861,181,9,0,0
24862,464,0,0,0
24866,534,0,0,0
24867,80,0,0,0
24868,821,458,0,0
24869,299,0,0,0
24870,1356,0,0,0
24871,518,0,0,0
24872,597,0,0,0
24873,367,34,0,0
24874,2446,44,0,40
24878,95,0,0,0
24879,644,0,0,0
24880,583,0,0,0
24881,154,0,0,0
24882,1133,0,0,0
24884,128,0,0,0
24887,0,0,0,0
24888,27,0,0,0
24892,1432,15,0,0
24894,228,7,0,0
24895,17,0,0,0
24898,164,0,0,0
24901,8334,140,248,182
24910,4122,234,0,124
24915,475,0,0,0
24916,586,0,0,0
24918,1401,20,0,0
24920,323,4,28,0
24924,516,0,0,0
24925,522,6,0,0
24927,454,0,0,0
24931,1114,0,0,100
24934,337,0,0,0
24935,452,0,0,0
24938,1611,0,0,0
24941,965,45,0,1
24943,77,0,0,0
24944,333,0,0,0
24945,175,0,0,0
24946,1005,14,0,0
24951,1441,0,0,17
24954,3060,19,11,59
24957,532,3,0,114
24962,55,0,0,0
24963,3596,16,0,12
24966,949,0,0,48
24970,3731,109,0,178
24974,335,0,0,0
24976,818,0,0,0
24977,450,0,0,0
24981,531,41,0,0
24983,1860,4,0,45
24984,129,0,0,0
24985,314,0,0,0
24986,4598,269,13,52
24991,408,0,0,0
24993,63,0,0,0
25002,0,0,0,0
25003,1410,0,0,0
25005,310,0,0,0
25007,555,0,0,0
25008,226,0,0,0
25009,1002,0,0,0
25011,489,0,0,22
25015,3379,2,11,93
25019,484,0,0,0
25021,290,0,0,0
25022,170,0,0,0
25024,355,0,0,0
25025,137,0,0,0
25028,288,0,0,0
25030,338,0,0,0
25031,404,205,0,0
25033,1723,0,15,0
25035,629,0,0,0
25036,86,91,0,0
25039,729,0,0,0
25040,567,0,0,179
25043,1241,3,0,4
25044,286,0,0,0
25045,4354,50,0,0
25047,132,0,0,0
25048,181,0,0,6
25049,535,0,0,0
25051,198,0,0,0
25053,3718,16,4,45
25054,283,0,0,0
25057,233,0,0,0
25059,537,0,0,0
25060,229,0,0,0
25061,518,0,0,0
25062,107,0,0,0
25063,1433,0,0,0
25064,6750,1856,91,228
25067,701,3,0,7
25070,1720,89,0,0
25071,11114,19,0,43
25075,752,0,0,0
25076,76,0,0,0
25081,1151,0,0,0
25082,1565,0,0,0
25083,404,2,0,53
25085,587,0,0,0
25086,819,7,1,0
25088,158,0,0,0
25090,190,0,0,0
25093,238,0,0,0
25102,420,24,0,0
25103,228,30,0,0
25106,416,0,0,0
25107,369,0,0,0
25108,591,0,0,0
25109,804,0,0,0
25110,433,0,0,0
25111,320,0,0,0
25112,88,35,0,20
25113,402,2,0,0
25114,274,0,0,0
25115,47,0,0,0
25118,435,30,0,0
25119,385,12,0,0
25121,1055,0,0,0
25123,2966,22,0,81
25124,1302,0,0,0
25125,1080,0,0,0
25126,236,109,0,0
25130,3122,20,26,0
25132,342,0,0,0
25133,774,0,0,0
25134,159,0,0,0
25136,1221,201,0,29
25139,492,0,0,0
25140,1246,0,0,10
25141,216,0,0,0
25142,399,0,0,0
25143,8273,92,18,30
25148,518,0,0,0
25149,136,0,0,0
25152,466,32,0,22
25154,1023,0,0,0
25156,14,0,0,0
25159,4576,0,0,13
25160,508,1,0,1
25161,383,0,0,0
25162,404,3,0,0
25164,917,0,0,0
25165,831,0,0,0
25168,2702,0,0,0
25169,463,0,0,0
25173,101,64,0,0
25174,310,0,0,0
25177,21130,953,68,197
25180,261,0,0,0
25181,1312,0,0,24
25183,86,0,0,0
25185,699,184,0,0
25186,713,67,0,102
25187,685,0,0,0
25193,322,0,4,0
25201,83,0,0,6
25202,1270,0,4,12
25203,220,0,0,0
25204,93,0,0,0
25205,190,0,0,0
25206,146,13,0,0
25208,780,0,0,0
25209,386,0,0,0
25211,113,0,0,0
25213,6082,64,70,0
25214,981,0,0,0
25231,0,0,0,0
25234,472,0,0,0
25235,1425,0,0,5
25239,1665,0,0,151
25241,1900,0,0,0
25243,528,0,0,0
25244,540,0,17,0
25245,575,0,0,0
25247,539,0,0,0
25248,3485,0,14,0
25251,619,0,0,0
25252,1061,0,0,0
25253,2356,0,0,52
25259,663,0,0,0
25260,1522,18,1,24
25261,124,0,0,0
25262,1243,0,0,0
25264,545,0,0,0
25265,1649,0,27,0
25266,833,0,0,0
25267,693,0,0,0
25268,490,0,0,0
25270,943,0,0,40
25271,7642,42,75,133
25275,1845,0,0,5
25276,7307,12,57,113
25285,849,0,0,4
25286,1336,0,0,6
25287,1018,16,0,0
25301,1622,658,12,31
25302,9836,2250,117,291
25303,5575,428,255,37
25304,7146,977,286,156
25305,0,0,0,0
25306,5331,364,221,154
25309,11365,862,161,57
25311,7979,1091,102,71
25312,9994,66,0,31
25313,10941,387,154,290
25314,13683,422,614,267
25315,3117,109,0,24
25320,4340,0,0,43
25387,3717,998,23,36
25401,10881,1720,48,1076
25403,11743,1048,399,1412
25404,18587,2206,284,1277
25405,13411,554,89,603
25411,11319,10,24,104
25413,7109,614,45,499
25414,16384,1556,330,1220
25419,10443,1142,227,337
25420,4434,43,0,50
25421,20,0,0,0
25422,1598,0,0,47
25425,11642,298,160,861
25427,15137,147,89,269
25428,12398,847,178,965
25430,6902,355,24,368
25431,430,0,0,0
25432,115,0,5,0
25434,2997,17,18,53
25437,157,0,0,0
25438,5788,461,179,889
25442,2340,18,0,116
25443,6283,522,41,329
25444,324,0,0,0
25446,1040,11,43,12
25501,1186,0,0,39
25502,782,0,0,0
25503,854,0,0,0
25504,12520,183,176,198
25505,293,0,0,0
25506,4286,1,71,7
25507,837,4,0,7
25508,8779,0,0,0
25510,5096,11,68,0
25511,688,0,0,0
25512,1153,0,0,0
25514,3914,0,0,151
25515,1790,0,31,0
25517,1373,0,0,0
25520,1420,0,0,27
25521,1068,20,0,170
25523,2848,0,1,37
25524,2303,0,0,0
25526,21791,211,268,301
25529,1144,9,2,2
25530,6116,85,0,11
25534,98,0,0,0
25535,2668,7,0,0
25537,1454,0,0,0
25540,368,0,0,0
25541,10373,9,56,19
25544,108,0,0,0
25545,4322,80,0,22
25547,465,0,0,0
25550,8230,22,42,158
25555,2313,0,0,0
25557,1523,0,0,0
25559,1689,0,0,243
25560,7229,129,78,371
25564,1622,0,0,0
25565,837,0,0,0
25567,816,0,0,0
25570,5381,13,4,107
25571,2239,0,0,0
25573,572,0,0,0
25601,5061,303,4,91
25606,712,0,0,0
25607,688,0,0,2
25608,608,0,29,0
25611,762,0,0,0
25612,378,0,0,0
25617,294,0,0,0
25621,1887,0,0,0
25624,263,0,105,0
25625,1168,110,0,6
25628,264,85,0,0
25630,446,0,0,0
25632,851,0,0,0
25634,1239,0,0,7
25635,1488,15,0,6
25637,1173,23,0,0
25638,431,0,0,71
25639,394,0,0,79
25644,594,0,0,0
25646,1134,33,0,68
25647,211,0,0,0
25649,1295,0,0,0
25650,99,0,0,0
25651,608,0,0,0
25652,1189,0,0,14
25653,181,0,0,0
25654,263,0,0,0
25661,4186,427,0,0
25666,198,0,0,0
25667,640,0,0,0
25669,925,0,0,0
25670,3297,0,0,45
25671,1940,0,0,0
25672,376,0,0,0
25674,1995,0,0,0
25676,972,0,0,0
25678,1278,14,0,19
25685,729,0,0,0
25688,235,0,0,0
25690,995,0,0,0
25692,1217,143,0,0
25696,1358,0,1,0
25699,41,0,0,0
25701,18254,1625,385,460
25702,6369,195,168,74
25703,4012,641,104,36
25704,13686,402,20,26
25705,18656,1084,248,305
25755,1246,104,0,21
25801,25598,3423,365,580
25810,0,0,0,0
25811,0,0,0,0
25812,1419,0,0,11
25813,6202,1228,0,329
25817,252,0,0,0
25818,318,0,0,0
25820,527,0,0,0
25823,445,0,0,0
25825,2524,0,0,11
25826,301,0,0,0
25827,1714,36,72,0
25831,1278,0,0,0
25832,3861,77,14,57
25836,1262,0,0,0
25837,340,0,0,0
25839,511,0,0,0
25840,7266,119,0,17
25841,716,0,0,0
25843,844,0,0,0
25844,756,0,0,0
25845,503,0,0,0
25846,48,25,0,0
25848,161,0,0,0
25849,94,0,0,0
25851,0,0,0,0
25853,75,0,0,0
25854,959,0,0,0
25855,350,0,0,0
25857,27,0,0,0
25862,225,0,0,0
25864,126,0,0,0
25865,1297,24,0,2
25866,356,0,0,0
25868,422,0,0,0
25870,63,0,0,0
25871,944,36,8,3
25873,602,0,0,0
25875,966,0,0,0
25876,69,0,0,0
25878,945,0,0,0
25879,242,0,0,0
25880,4901,262,83,181
25882,2231,65,0,44
25901,9349,658,0,122
25902,211,0,0,0
25904,486,0,0,0
25907,208,0,0,0
25908,0,0,0,0
25909,678,57,0,26
25911,68,148,0,0
25913,188,0,0,0
25915,205,2,0,6
25916,211,0,0,0
25917,1157,179,0,0
25918,4683,109,0,0
25920,502,0,0,0
25921,3021,184,0,0
25922,131,0,0,0
25928,297,0,0,0
25932,384,0,0,0
25936,4,0,0,0
25938,1419,0,0,0
25942,72,0,0,0
25943,0,0,0,0
25951,4805,294,0,215
25958,818,0,0,0
25962,3388,91,0,16
25966,51,0,0,0
25969,1517,0,0,0
25971,1553,2,0,0
25972,120,0,0,0
25976,2315,0,0,0
25977,0,0,0,0
25978,481,25,0,0
25979,654,0,0,0
25981,724,0,0,0
25984,1459,44,0,95
25985,468,0,0,0
25986,321,0,0,0
25989,342,0,0,0
26003,37167,1310,259,509
26030,589,9,1,0
26031,1595,32,2,18
26032,901,226,3,18
26033,1573,0,0,6
26034,4117,0,10,35
26035,1658,0,15,0
26036,586,0,0,0
26037,5757,1,1,50
26038,3200,36,1,37
26039,360,0,0,0
26040,1634,3,10,25
26041,14703,134,10,173
26047,5333,0,10,108
26050,1217,9,25,0
26055,1078,0,0,0
26056,333,0,0,0
26058,175,0,0,0
26059,2498,18,10,1
26060,1968,0,14,8
26062,19459,676,156,418
26070,7887,25,14,70
26074,1439,48,3,64
26075,648,0,0,2
26101,27173,535,110,487
26104,15221,191,191,201
26105,11396,195,190,49
26133,1206,0,0,22
26134,657,0,0,0
26136,324,0,0,8
26137,797,0,0,6
26138,65,44,0,0
26141,468,0,0,0
26142,2326,0,0,142
26143,3738,18,0,0
26146,749,3,0,0
26147,1671,3,2,0
26148,214,0,0,9
26149,2102,0,0,16
26150,5735,28,0,128
26151,475,0,0,0
26152,12,0,0,0
26155,7483,0,11,36
26159,2663,0,0,0
26160,846,0,9,0
26161,526,0,0,0
26162,0,0,0,0
26164,7317,0,17,23
26167,572,0,0,0
26169,837,0,0,0
26170,6226,54,0,200
26175,3011,58,0,117
26178,198,0,0,17
26180,1952,6,0,0
26181,6538,21,0,124
26184,2430,26,0,17
26187,5716,27,0,39
26201,18414,395,91,335
26202,389,0,0,0
26203,541,0,0,0
26205,2816,0,29,14
26206,2583,18,0,50
26208,713,4,0,0
26209,122,0,0,0
26210,0,0,0,0
26215,117,0,0,0
26217,331,0,0,0
26218,2785,0,0,0
26222,155,0,0,0
26224,171,0,0,0
26228,0,0,0,0
26230,86,0,0,0
26234,982,0,0,0
26236,13,0,0,0
26237,420,0,0,0
26238,841,0,0,32
26241,12483,252,105,174
26250,5337,60,0,138
26253,3101,2,1,16
26254,77,0,0,0
26257,652,15,1,0
26259,68,0,0,0
26260,1423,1,0,5
26261,3061,4,7,6
26263,229,0,0,0
26264,681,0,0,0
26266,260,0,0,0
26267,716,0,0,0
26268,0,0,0,0
26269,935,0,9,0
26270,514,0,0,0
26271,332,0,0,0
26273,2120,144,0,40
26275,540,3,0,0
26276,808,0,0,0
26278,659,0,0,11
26280,1219,0,0,20
26282,173,0,0,0
26283,1420,0,0,5
26285,215,0,0,0
26287,2818,3,0,1
26288,2905,0,0,3
26289,15,0,0,3
26291,47,0,0,0
26292,709,0,1,0
26293,614,0,0,0
26294,415,0,0,0
26296,93,0,0,0
26298,93,0,0,0
26301,26698,574,58,549
26320,745,0,0,0
26321,211,0,0,0
26323,447,0,0,0
26325,206,0,0,0
26327,55,0,0,0
26330,14057,226,326,340
26335,1238,0,0,6
26337,998,0,0,0
26338,738,0,0,32
26339,116,0,0,20
26342,533,0,0,0
26343,340,0,0,0
26346,652,0,0,0
26347,2215,77,0,4
26348,339,0,0,0
26349,150,0,61,0
26351,2492,169,15,103
26354,9849,21,13,118
26361,23,0,0,0
26362,2768,3,50,0
26366,82,0,0,0
26369,512,0,0,70
26372,567,0,0,120
26374,1844,16,0,35
26376,424,0,0,0
26377,587,11,0,9
26378,4364,0,75,32
26384,477,0,0,0
26385,2731,0,0,11
26386,2519,0,0,0
26404,109,0,0,0
26405,1195,12,0,0
26408,2564,18,1,31
26410,614,0,3,2
26411,784,0,0,0
26412,452,0,0,23
26415,3358,147,6,37
26416,6402,198,23,22
26419,526,0,0,0
26421,179,0,0,0
26422,321,0,0,0
26424,141,0,0,0
26425,836,0,0,0
26426,7438,70,49,123
26430,831,843,11,191
26431,5126,11,34,106
26435,89,0,0,0
26436,94,0,0,0
26437,652,0,0,0
26438,71,0,0,0
26440,1039,0,0,0
26443,364,0,0,0
26444,3373,35,0,0
26447,892,0,0,0
26448,1205,4,0,57
26451,487,0,0,0
26452,8995,22,22,22
26456,3091,6,0,4
26463,230,0,0,0
26501,17119,1149,113,305
26505,31923,1370,2308,917
26506,1321,66,0,93
26508,34663,954,1162,1014
26519,1921,0,0,2
26520,454,0,0,0
26521,124,0,0,0
26524,175,0,0,0
26525,5867,1978,32,508
26534,770,29,0,19
26537,5271,59,80,66
26541,3672,48,0,17
26542,1915,0,0,53
26543,0,44,0,0
26544,21,0,0,0
26546,212,0,0,0
26547,2798,0,0,23
26554,38265,1598,206,627
26559,1491,15,4,17
26560,150,0,0,0
26562,599,0,0,116
26563,179,25,0,0
26568,681,0,0,0
26570,3154,0,0,13
26571,1466,0,0,12
26572,537,0,0,0
26574,346,36,0,3
26575,664,0,0,0
26576,685,0,0,48
26581,953,0,0,0
26582,3699,5,0,49
26585,755,0,0,0
26586,42,0,0,0
26587,268,0,0,0
26588,2840,16,7,43
26590,508,0,0,0
26591,1877,0,0,0
26601,2873,47,11,106
26610,555,8,0,0
26611,155,0,0,0
26615,106,0,0,0
26617,168,0,0,0
26619,451,0,0,0
26621,941,0,0,0
26623,1428,0,0,0
26624,2164,84,0,25
26627,445,0,0,0
26629,329,0,0,0
26631,190,0,0,0
26636,160,0,0,0
26638,300,0,0,0
26651,9425,2,21,223
26656,291,0,0,0
26660,421,0,0,0
26662,464,0,0,0
26667,28,0,0,0
26671,337,0,0,0
26676,305,0,0,0
26678,1396,0,1,0
26679,1233,0,0,0
26680,527,0,0,0
26681,1110,0,0,0
26684,411,0,0,0
26690,929,0,0,0
26691,805,0,0,0
26704,4919,76,2,189
26705,612,0,0,8
26707,241,16,0,0
26710,2502,9,4,131
26711,2658,0,0,29
26714,380,0,0,14
26716,904,0,0,105
26717,1427,0,0,0
26719,1982,7,18,23
26720,170,0,0,0
26722,305,0,0,0
26726,11525,260,29,57
26731,312,0,0,0
26739,699,68,0,0
26743,1765,0,0,0
26750,649,301,0,6
26753,5484,79,0,35
26755,592,0,0,0
26757,6608,34,0,126
26761,647,0,0,0
26763,1292,0,0,0
26764,4217,17,0,30
26767,500,0,0,34
26801,1083,0,0,0
26802,862,0,0,21
26804,529,0,0,4
26807,1999,159,0,65
26808,609,8,0,13
26810,524,0,0,0
26812,1801,0,0,0
26814,410,0,0,0
26815,589,33,0,0
26817,1041,0,0,0
26818,1212,130,0,0
26823,28,0,0,0
26833,2181,0,0,0
26836,5253,498,0,599
26838,95,0,0,0
26845,821,0,0,0
26847,5442,75,0,80
26851,1412,3,0,39
26852,764,1,0,0
26855,615,0,0,0
26865,376,0,0,0
26866,875,11,10,0
26884,281,0,6,0
26886,173,2,0,0
27006,14446,405,230,433
27007,1891,0,0,460
27009,2812,317,92,270
27011,4385,153,18,327
27012,23897,1358,964,2035
27013,4863,1109,122,613
27014,552,79,0,67
27016,1672,51,0,37
27017,7172,309,102,2117
27018,7252,29,0,353
27019,3281,46,0,89
27020,5507,44,3,620
27021,15785,229,9,695
27022,1076,0,0,0
27023,10895,1660,368,174
27024,2108,11,0,95
27025,9720,958,75,998
27027,3692,187,20,84
27028,21550,1211,93,2657
27030,32725,1898,262,3547
27040,10073,1638,201,828
27041,6912,233,8,299
27042,177,0,0,0
27043,6510,146,0,204
27045,7088,2389,0,421
27046,2219,34,0,36
27047,1307,0,0,230
27048,6851,946,26,462
27050,3274,328,5,120
27051,5997,1440,31,599
27052,9122,1152,18,466
27053,2821,125,0,26
27054,1664,255,0,55
27055,12302,467,0,2706
27101,8622,9941,391,2757
27103,23554,5859,1209,4195
27104,23606,3121,1327,2073
27105,11668,24319,142,7551
27106,27425,14159,1590,6360
27107,26077,14836,672,10969
27109,1714,475,299,57
27110,693,1561,106,25
27127,23861,10148,742,9213
27201,117,0,4,0
27202,110,0,0,0
27203,13245,3164,285,6235
27205,30297,1262,275,5019
27207,2991,692,33,26
27208,1536,25,0,0
27209,2238,549,18,2088
27212,946,1093,0,37
27213,60,0,0,0
27214,8321,4308,0,684
27215,31488,9180,1262,4330
27217,19215,12389,159,9737
27229,2118,599,0,541
27231,1567,437,42,63
27233,2854,97,0,33
27235,4000,298,188,485
27239,7526,0,76,56
27242,997,273,0,7
27243,4150,517,26,77
27244,13192,1808,440,657
27247,207,0,0,0
27248,3753,55,0,306
27249,10333,1545,108,271
27252,1143,313,6,32
27253,21924,4874,241,5007
27256,58,0,0,0
27258,4871,1200,81,1122
27259,114,0,0,54
27260,5660,13260,1786,4425
27262,14579,6936,968,3005
27263,14592,3051,2226,1925
27265,31229,11703,4149,3726
27268,666,235,25,53
27278,21197,3276,587,2940
27281,2298,586,31,303
27282,10935,2745,695,1122
27283,2663,76,0,528
27284,43431,7056,1599,5918
27288,16477,5199,219,1220
27291,753,332,0,18
27292,29952,6571,642,2773
27295,33676,2005,1064,2721
27298,9377,555,32,1523
27299,4825,277,27,189
27301,6275,2853,114,526
27302,23008,6201,938,2863
27305,630,1138,0,6
27306,3650,1369,422,33
27310,6728,294,938,449
27311,2579,605,29,507
27312,18539,2484,255,1473
27313,5853,537,118,55
27314,578,33,0,31
27315,1286,182,35,112
27316,5839,529,0,973
27317,15557,737,74,1728
27320,24725,9038,48,2241
27325,4549,481,0,2243
27326,2338,713,47,158
27330,26117,8615,688,8130
27332,23805,5505,486,6278
27340,36,0,0,0
27341,3593,199,0,17
27342,0,111,0,0
27343,961,414,0,104
27344,10576,3353,19,5577
27349,4980,675,0,452
27350,5415,14,14,380
27351,222,0,0,0
27355,2146,333,1,310
27356,1936,403,6,860
27357,7223,714,146,1007
27358,13124,629,651,985
27360,36391,5421,557,5384
27370,13768,376,183,597
27371,5838,1341,22,313
27374,260,0,0,0
27376,6512,1351,29,206
27377,5521,3639,249,383
27379,2523,1833,29,101
27401,5998,13371,214,1640
27403,10736,5125,1048,2166
27405,13037,28961,2352,6987
27406,19455,36490,1505,6525
27407,20102,22275,5511,6709
27408,13754,1503,359,514
27409,7730,7148,792,1221
27410,39777,8687,3083,2658
27411,489,1119,26,68
27412,1304,1398,84,265
27455,18970,6999,1509,1127
27501,15348,2252,285,4305
27502,34593,3355,5822,3269
27503,4043,1771,20,583
27504,10539,2336,23,1946
27505,6027,843,36,1024
27506,867,55,6,109
27507,1480,314,0,0
27508,1010,1024,93,36
27509,3287,3066,9,1101
27510,9526,2413,1052,940
27511,23683,3206,1487,4005
27513,31963,4128,6061,4313
27514,21699,2871,5056,2142
27516,33042,4034,3771,3075
27517,20260,2388,1574,2732
27518,14603,1238,2098,658
27519,31604,5286,24544,3778
27520,30185,10487,329,6531
27521,5219,589,16,1105
27522,7094,3422,90,1482
27523,9924,1371,3955,796
27524,10563,1395,86,2411
27525,9946,3895,33,766
27526,42281,7413,660,6024
27527,25341,4511,235,3468
27529,33389,12646,597,6031
27530,19274,15396,566,2693
27531,294,166,56,120
27533,116,65,3,25
27534,16544,10548,581,2219
27536,4171,9691,109,1525
27537,11598,9569,230,1792
27539,20518,2364,1045,2769
27540,34238,4394,2480,2770
27541,2778,508,71,93
27542,7227,1325,76,820
27544,2691,1289,0,320
27545,12717,12921,772,5477
27546,13841,3975,444,2252
27549,16020,6491,124,2446
27551,1343,351,0,103
27553,601,996,0,16
27555,342,51,4,105
27556,47,170,0,0
27557,5089,1259,0,1458
27559,1615,212,107,184
27560,15064,5442,15211,1592
27562,3495,391,139,161
27563,1812,3572,12,44
27565,13210,9586,171,2404
27568,1306,87,0,155
27569,7276,734,5,1121
27570,0,0,0,0
27571,5189,2233,36,449
27572,5399,932,42,546
27573,5749,4145,45,1065
27574,10384,3730,50,391
27576,12555,4460,65,4825
27577,17028,5466,292,5010
27581,2587,840,0,202
27582,181,154,0,30
27583,5599,1006,35,167
27584,59,114,0,0
27587,57545,11696,1888,5700
27589,1681,3422,77,516
27591,13836,6212,124,6273
27592,15601,1200,160,2771
27593,0,0,0,0
27594,80,0,0,0
27596,14190,2781,181,1643
27597,17054,6503,35,4115
27599,0,0,0,0
27601,4343,4644,464,871
27603,35889,9575,1156,7417
27604,19649,14762,3122,8020
27605,4844,575,145,283
27606,29846,7053,4431,3886
27607,20372,2883,850,1523
27608,11102,311,38,538
27609,24185,5745,434,4624
27610,17366,50068,964,15060
27612,29319,5079,1947,2181
27613,35582,4286,1495,2682
27614,26125,3720,1226,1842
27615,35568,5681,1412,2696
27616,20456,22556,3796,11066
27617,12427,3831,2061,880
27695,1649,196,144,142
27697,0,0,0,0
27701,11632,8562,488,4457
27703,23342,23452,3404,10969
27704,12358,21595,699,8400
27705,29346,8520,3798,6347
27707,23869,17888,2410,7526
27708,1563,618,759,348
27709,0,0,0,0
27712,15566,4897,335,1766
27713,26140,21259,3753,5252
27801,4767,13821,48,297
27803,9748,7853,77,936
27804,11960,14927,373,1525
27805,1378,1889,0,0
27806,1065,1013,0,159
27807,3962,904,29,1589
27808,2073,33,10,165
27809,2063,1801,184,76
27810,2636,953,0,238
27812,1053,1077,0,65
27813,559,125,0,13
27814,1263,363,0,33
27815,0,0,0,0
27816,1515,1405,0,222
27817,5284,1559,0,366
27818,367,767,0,93
27819,62,577,0,7
27820,1576,584,0,130
27821,27,13,0,0
27822,5454,1940,34,432
27823,985,5338,5,185
27824,581,612,0,255
27825,57,10,0,18
27826,576,485,0,22
27827,115,7,0,0
27828,4752,3372,35,721
27829,1034,330,0,12
27830,2804,681,0,315
27831,376,1985,0,24
27832,810,1421,2,18
27834,19403,29328,1073,4331
27837,4375,835,42,1094
27839,1646,1903,70,46
27840,52,179,0,0
27841,0,26,0,0
27842,1146,319,0,0
27843,327,605,0,35
27844,421,1126,52,67
27845,872,1471,0,49
27846,1899,802,0,121
27847,107,1023,2,8
27849,362,743,10,11
27850,3788,2593,32,182
27851,3570,1199,0,226
27852,1662,700,47,30
27853,364,215,0,0
27855,1755,3465,10,230
27856,9523,6125,48,550
27857,501,585,0,18
27858,39060,12260,971,2831
27860,757,263,0,270
27861,41,60,0,0
27862,299,237,0,12
27863,11245,1717,47,1270
27864,2578,1758,0,128
27865,2390,53,12,32
27866,264,598,0,113
27869,475,1278,9,90
27870,12132,10594,276,1165
27871,1612,1805,14,87
27872,134,317,0,0
27873,81,170,0,4
27874,904,2233,4,15
27875,101,35,0,0
27876,365,670,0,0
27877,0,12,0,0
27878,335,583,0,0
27879,104,111,0,10
27880,2839,449,80,541
27881,14,2,0,0
27882,3658,3101,26,1242
27883,1811,1193,6,981
27884,569,698,0,270
27885,464,174,0,96
27886,8376,8616,13,2025
27888,1202,419,0,517
27889,16040,6723,87,2236
27890,388,1915,0,6
27891,1161,3507,0,67
27892,7562,5316,111,715
27893,11523,20760,173,6065
27896,11811,5448,424,1744
27897,680,524,0,27
27909,22907,14363,544,2501
27910,3412,6706,208,329
27915,370,0,0,37
27916,863,0,0,0
27917,300,155,0,26
27919,684,101,0,19
27920,1413,0,0,83
27921,3851,304,62,91
27922,247,414,1,21
27923,481,18,2,39
27924,1636,759,1,31
27925,1750,1095,12,291
27926,1321,660,0,15
27927,1256,0,0,30
27928,1196,473,0,197
27929,2881,297,10,189
27932,7570,4521,12,464
27935,1345,197,0,99
27936,562,0,0,74
27937,1621,1240,0,21
27938,789,787,6,182
27939,2163,117,44,60
27941,476,15,0,0
27942,382,282,0,19
27943,442,0,0,17
27944,8058,2495,55,410
27946,961,167,0,27
27947,1036,23,0,144
27948,10915,138,88,1173
27949,7211,62,23,159
27950,1761,0,28,8
27953,556,0,0,218
27954,5529,869,41,746
27956,116,5,0,27
27957,719,610,0,54
27958,11166,636,164,336
27959,2960,46,18,109
27960,583,2,0,200
27962,3228,3543,19,131
27964,673,0,0,235
27965,316,38,0,0
27966,717,120,0,266
27967,102,285,0,0
27968,117,48,0,48
27969,111,175,0,0
27970,1185,1342,0,356
27972,210,0,0,0
27973,988,170,0,0
27974,712,183,14,2
27976,3603,364,68,298
27978,300,0,0,41
27979,583,84,0,20
27980,1240,310,3,0
27981,1935,1,0,104
27982,130,0,0,0
27983,2318,5476,123,154
27985,83,189,0,5
27986,631,1017,13,312
28001,19819,4148,624,1116
28006,1101,34,25,34
28007,304,609,0,6
28009,787,352,0,40
28012,22405,1450,890,778
28016,11304,860,99,806
28017,380,37,7,62
28018,4424,48,6,99
28019,0,0,0,0
28020,2338,74,0,5
28021,12473,642,47,443
28023,12297,887,100,2209
28024,24,0,0,0
28025,37418,12308,608,6757
28027,46358,14927,6131,10913
28031,25883,1424,865,1813
28032,2517,248,21,131
28033,2620,74,0,260
28034,14018,3195,223,1938
28036,17485,1516,526,1503
28037,22894,470,161,997
28039,0,21,0,0
28040,6235,340,19,262
28041,2,0,0,0
28042,326,9,0,0
28043,15653,2949,200,1898
28052,19396,12089,103,4871
28054,24043,11214,721,3605
28056,26346,4797,991,3102
28071,2918,6,0,90
28072,559,103,0,4
28073,5907,546,28,389
28074,0,0,0,0
28075,14349,3435,2401,1820
28076,29,123,0,0
28077,301,49,21,0
28078,52031,8316,3085,4904
28079,31965,3390,1324,2853
28080,6556,583,143,477
28081,20154,4607,229,3273
28083,15668,6729,363,2934
28086,21859,4902,372,1156
28088,1867,599,453,272
28089,142,0,0,1
28090,6273,1208,52,244
28091,920,852,0,61
28092,33050,3614,268,4480
28097,6895,86,0,240
28098,2589,603,77,522
28101,986,46,2,0
28102,59,0,0,52
28103,8222,1969,18,328
28104,27365,3167,1951,2867
28105,31506,5919,3723,3699
28107,7971,429,357,873
28108,27,0,0,0
28109,466,144,0,65
28110,39444,6427,454,10494
28112,18737,4345,144,5734
28114,7044,268,15,412
28115,34319,3294,1234,2156
28117,38640,3122,2203,2925
28119,761,1419,0,83
28120,17995,3137,700,1276
28124,5173,471,375,205
28125,2481,0,19,70
28127,5707,799,325,233
28128,6265,1028,157,45
28129,5083,265,10,217
28133,1716,381,0,39
28134,7025,2300,752,2514
28135,2811,2193,11,472
28136,83,0,0,0
28137,2696,64,28,82
28138,9652,55,4,88
28139,16513,1022,33,784
28144,14534,10035,149,2621
28146,28200,2288,281,1529
28147,15555,5097,375,3930
28150,16955,7494,203,900
28152,16982,6522,283,1130
28159,1674,1163,0,90
28160,2989,682,46,53
28163,5378,255,14,742
28164,14119,493,166,822
28166,8044,1922,106,400
28167,1785,264,31,0
28168,9479,430,14,728
28169,161,9,0,0
28170,3851,5207,324,299
28173,47122,5719,4968,4390
28174,4911,2305,167,1743
28202,9158,3946,1075,1661
28203,14506,1890,603,829
28204,6214,2279,360,574
28205,24256,14104,2465,10024
28206,2353,9195,395,2043
28207,8895,187,63,253
28208,6973,24953,2037,5555
28209,19210,1613,682,1780
28210,32221,6245,1438,8166
28211,24456,4152,1704,1473
28212,9579,17619,4190,12517
28213,9418,22423,1386,11104
28214,13912,19275,2363,5655
28215,16417,33844,2120,13120
28216,11893,33250,2267,5518
28217,9447,12043,2847,11371
28223,2069,964,327,270
28226,29276,3168,1238,4396
28227,29587,18108,2947,9896
28244,0,0,0,0
28262,13234,21550,6118,3591
28269,24971,39405,3507,10128
28270,23656,4447,3421,2998
28273,14331,19570,3163,10562
28274,440,112,12,38
28277,45624,6174,11502,5283
28278,15346,11316,3274,4381
28280,0,0,0,0
28282,0,0,0,0
28301,2903,11399,161,709
28303,13364,11045,1387,3323
28304,15399,14269,839,5174
28305,3897,1167,124,479
28306,20722,14293,1464,6124
28307,8765,2737,355,3115
28308,187,90,13,94
28310,5314,1316,287,1733
28311,15120,14514,903,3105
28312,11574,6111,97,1396
28314,17242,29856,1908,9201
28315,10028,2403,282,617
28318,2910,457,42,581
28320,6158,1230,0,738
28323,3062,1284,0,631
28325,241,112,8,79
28326,15348,6945,277,3452
28327,16391,974,253,1565
28328,13079,7229,236,6361
28330,280,0,0,0
28331,41,10,0,2
28332,345,405,37,0
28333,3761,3868,73,3354
28334,14957,4616,81,2605
28337,5217,3200,56,667
28338,2085,1013,0,432
28339,4134,1682,40,638
28340,2666,3664,0,495
28341,1598,1021,0,779
28342,117,5,0,1
28343,631,973,0,7
28344,2627,1087,22,1553
28345,6163,4380,0,404
28347,518,1140,5,167
28348,20787,10793,443,5002
28349,2504,920,95,583
28350,216,4,0,2
28351,2840,891,0,107
28352,9402,10246,122,1007
28355,0,0,0,0
28356,3952,1070,59,548
28357,1201,377,0,578
28358,13300,10888,385,2940
28359,260,578,5,93
28360,2580,1255,17,1569
28362,7,33,0,0
28363,487,389,0,9
28364,1059,2516,187,53
28365,9283,3082,89,2942
28366,3574,747,12,946
28367,111,25,0,33
28368,116,0,0,33
28369,1091,659,0,16
28371,2733,2057,77,619
28372,1319,1394,144,178
28373,1988,467,0,211
28374,17384,350,424,470
28375,152,21,0,1
28376,18915,15985,675,6415
28377,1841,2664,46,1596
28378,0,0,0,0
28379,15312,7143,223,2038
28382,4347,1344,7,1013
28383,722,1391,11,4
28384,3942,2423,0,3188
28385,1226,543,0,272
28386,728,493,3,1299
28387,11673,2188,259,1410
28390,11481,8151,517,3961
28391,4302,971,16,104
28392,1132,520,0,74
28393,968,595,6,245
28394,3697,636,10,236
28395,1749,320,7,109
28396,1133,689,15,113
28398,3199,2161,23,1522
28399,912,718,0,212
28401,12105,7472,107,2049
28403,32011,4753,888,2447
28405,24498,6980,252,2310
28409,30829,990,335,1397
28411,30680,2656,979,1816
28412,33578,3608,394,3065
28420,2166,297,57,61
28421,1138,401,0,450
28422,6526,891,86,280
28423,803,736,10,183
28424,19,16,0,0
28425,7390,2614,4,640
28428,6645,0,23,357
28429,6491,1184,17,309
28430,1784,234,0,165
28431,3921,2224,78,80
28432,1223,224,0,99
28433,1423,2892,0,97
28434,68,179,0,4
28435,1276,391,4,248
28436,1220,208,0,0
28438,1027,433,0,0
28439,480,364,0,124
28441,1417,1239,0,331
28442,829,197,0,96
28443,21935,1210,279,991
28444,1301,644,0,491
28445,8845,258,35,541
28447,758,605,0,16
28448,489,187,0,0
28449,1986,0,5,52
28450,1330,208,14,57
28451,31640,5528,274,3555
28452,234,273,0,32
28453,1878,975,1,1414
28454,1403,1289,0,44
28455,1568,216,0,670
28456,1625,2057,0,142
28457,7501,1685,26,2041
28458,2174,1884,6,1108
28460,10325,184,269,1304
28461,19998,986,85,724
28462,10571,667,41,199
28463,4211,2195,24,363
28464,987,738,0,688
28465,7853,60,45,113
28466,6368,1385,27,921
28467,11527,698,86,408
28468,4210,160,49,69
28469,8065,249,72,551
28470,8070,1637,13,820
28472,10742,5199,123,1022
28478,2945,1222,0,407
28479,4872,591,25,302
28480,2797,40,7,55
28501,4588,12144,59,1151
28504,12549,6474,146,1156
28508,886,146,0,979
28509,0,0,0,0
28510,1096,210,8,83
28511,540,0,0,69
28512,3255,22,8,39
28513,5870,2789,0,1189
28515,1304,1488,16,94
28516,8392,1404,18,129
28518,5363,1561,7,1117
28519,480,30,0,192
28520,165,0,0,0
28521,1445,103,0,84
28523,1628,698,0,13
28524,275,0,0,0
28525,2153,406,14,375
28526,1511,1018,0,32
28527,992,63,0,0
28528,566,0,0,8
28529,1619,99,0,29
28530,3583,2334,186,671
28531,1051,40,9,0
28532,13011,3959,685,2507
28533,1819,295,70,854
28537,16,0,0,0
28538,1080,889,40,210
28539,15262,1297,170,1021
28540,33809,7733,977,5722
28542,2009,267,130,777
28543,4498,1592,140,733
28544,2566,1116,70,900
28546,29399,10322,1191,8261
28547,12065,1987,656,5643
28551,8197,2722,1,2138
28552,199,0,0,0
28553,444,0,0,0
28554,48,43,0,0
28555,3808,1168,31,300
28556,751,0,0,3
28557,13207,738,327,756
28560,19606,5733,1185,1746
28562,27409,7617,740,2379
28570,19047,577,406,1512
28571,2389,370,16,215
28572,4661,649,0,912
28573,1073,649,0,81
28574,16595,1796,119,1393
28575,199,0,8,0
28577,301,38,0,7
28578,3656,271,0,2827
28579,719,15,0,0
28580,5878,4127,15,1802
28581,153,0,0,0
28582,1609,16,0,80
28584,12728,325,100,723
28585,2384,930,91,365
28586,5015,2133,12,278
28587,112,100,0,1
28589,10,0,0,0
28590,15895,7926,846,941
28594,3596,12,0,75
28601,41520,4217,2169,4942
28602,20814,3558,1778,2673
28604,6756,134,83,447
28605,3078,50,34,110
28606,1582,50,0,1
28607,32513,790,551,1451
28609,5149,267,0,277
28610,8687,1062,586,482
28611,150,0,0,0
28612,10230,185,449,382
28613,17136,727,1958,3870
28615,1617,0,0,67
28616,101,30,0,0
28617,1897,9,0,203
28618,2076,16,29,113
28619,360,53,0,0
28621,8564,358,84,1298
28622,2297,19,3,89
28623,1619,14,0,327
28624,1295,55,0,0
28625,28815,4868,1035,3930
28626,2989,0,0,67
28627,1365,0,0,16
28628,34,0,0,0
28629,0,0,0,0
28630,18331,374,144,1314
28631,939,0,0,7
28634,4162,529,32,360
28635,3024,33,0,247
28636,4159,169,0,207
28637,1259,51,137,77
28638,10942,125,0,613
28640,4764,110,0,312
28641,48,8,0,0
28642,4520,496,0,347
28643,3797,0,75,84
28644,1094,0,0,69
28645,39240,2985,298,3087
28646,574,0,0,30
28649,1429,0,0,0
28650,11245,375,0,1116
28651,4793,21,0,286
28652,50,0,0,0
28653,25,0,0,0
28654,2873,29,180,80
28655,44914,4710,1502,4748
28657,7947,2,5,270
28658,19261,2197,854,3077
28659,18210,1186,52,2080
28660,2083,192,0,0
28662,0,0,0,0
28663,440,8,0,40
28664,167,0,0,0
28665,2736,14,0,75
28666,47,0,0,0
28667,152,0,44,45
28668,161,2,0,2
28669,2139,248,0,321
28670,2208,49,43,119
28671,345,21,0,0
28672,186,0,0,0
28673,6429,165,0,120
28675,6055,188,35,649
28676,3024,24,0,116
28677,23682,7799,185,4928
28678,4590,183,0,618
28679,2053,0,25,124
28681,22768,1398,301,1011
28682,1456,0,0,53
28683,1324,0,0,39
28684,1545,0,2,10
28685,1866,0,22,36
28689,1835,68,0,338
28690,8578,52,213,452
28692,4118,103,59,75
28693,1393,0,0,40
28694,6357,144,40,626
28697,11713,623,0,1318
28698,2537,5,0,49
28701,4868,59,0,417
28702,488,0,0,0
28704,17482,1882,714,2293
28705,6370,69,25,185
28707,556,8,0,0
28708,220,0,0,0
28709,2269,0,0,86
28710,0,0,0,0
28711,11647,243,11,109
28712,18028,1284,7,455
28713,7292,59,37,576
28714,15291,82,65,955
28715,26042,280,134,2244
28716,15588,162,50,552
28717,1164,0,0,123
28718,529,0,0,33
28719,779,79,120,410
28720,142,0,0,0
28721,9712,69,101,834
28722,5668,222,21,620
28723,9085,679,150,860
28725,62,0,0,4
28726,2900,299,187,966
28729,3296,15,59,67
28730,7414,4,0,237
28731,7691,139,35,1055
28732,15528,651,322,933
28733,56,0,0,0
28734,26275,296,294,2591
28735,251,0,0,0
28736,706,0,0,134
28739,19081,814,103,1474
28740,1657,0,1,39
28741,4028,87,7,71
28742,2871,1,0,21
28743,2237,42,0,7
28745,430,0,0,0
28746,2485,106,1,101
28747,2163,0,0,93
28748,11547,441,28,1128
28749,85,0,0,0
28751,3665,1,42,276
28752,26472,1362,472,2395
28753,9322,16,28,161
28754,8886,171,47,428
28755,0,0,0,0
28756,3392,252,0,430
28757,321,81,3,66
28758,0,0,0,0
28759,6590,219,379,284
28761,7206,243,0,112
28762,6127,31,0,383
28763,2584,0,0,0
28766,746,104,0,0
28768,6169,111,0,436
28770,0,0,0,0
28771,6486,39,0,332
28772,992,3,0,89
28773,2850,26,11,39
28774,1192,0,11,42
28775,252,0,30,256
28777,9140,527,42,989
28778,10317,538,51,692
28779,16467,154,235,743
28781,834,0,0,0
28782,5859,352,8,75
28783,1044,0,0,409
28785,7657,0,18,230
28786,20405,281,48,920
28787,20909,330,45,1633
28788,126,0,0,32
28789,4750,67,0,450
28790,2970,33,0,196
28791,14024,244,230,1367
28792,29641,1534,216,6170
28801,9508,2896,120,268
28803,28021,3118,655,2540
28804,21898,795,356,1672
28805,16814,1947,113,1089
28806,36716,2464,860,4407
28901,4793,186,0,407
28902,778,38,59,64
28904,9719,78,115,368
28905,3060,41,48,56
28906,18384,190,56,608
28909,339,0,0,0
29001,1092,936,0,230
29003,2310,3136,0,56
29006,6515,1757,0,892
29009,1331,835,0,54
29010,4112,7472,10,202
29014,1039,259,0,0
29015,236,1079,0,1
29016,12890,12540,657,2108
29018,1184,2007,0,79
29020,13767,6330,121,1104
29030,1295,738,0,9
29031,363,1414,0,13
29032,3229,1564,0,65
29033,7704,3416,526,966
29036,22740,918,1049,780
29037,592,302,0,20
29038,2108,386,0,18
29039,1194,1703,0,133
29040,5410,2976,122,352
29042,547,4122,10,55
29044,1623,2387,19,84
29045,16790,9063,773,2259
29046,0,84,0,0
29047,1550,1737,0,103
29048,2269,2472,27,23
29051,73,267,0,0
29052,291,2131,0,0
29053,13366,4288,22,3521
29054,8281,162,8,583
29055,2084,1367,0,79
29056,415,1785,0,45
29058,4604,747,0,0
29059,1860,3227,5,11
29061,3247,7789,109,584
29062,10,0,0,0
29063,26101,9890,1117,694
29065,50,492,6,0
29067,7822,2151,67,109
29069,2621,1808,0,10
29070,12789,2041,62,1138
29072,56867,4410,2375,3048
29073,37916,7135,887,2799
29074,191,24,0,0
29075,2698,286,0,22
29078,12153,2370,90,847
29079,0,14,0,0
29080,666,2063,4,124
29081,896,298,0,0
29082,346,9,25,57
29101,1640,698,0,82
29102,7985,6841,200,593
29104,434,1030,0,0
29105,991,131,0,21
29107,1679,859,42,70
29108,9500,7965,27,2574
29111,941,636,0,51
29112,1835,1669,0,18
29113,529,1645,0,0
29114,585,822,10,0
29115,6543,19610,124,528
29117,85,423,3,6
29118,5214,10071,330,850
29122,52,23,0,0
29123,6534,326,47,611
29125,1206,1646,36,29
29126,2125,229,0,62
29127,6838,2041,0,170
29128,870,2856,90,22
29129,2276,1680,0,127
29130,3263,2758,17,47
29133,489,381,0,39
29135,3612,3840,15,415
29137,1261,919,2,80
29138,4881,2598,6,2633
29142,1441,3235,77,68
29145,268,432,0,233
29146,361,892,0,0
29148,2507,3314,4,122
29150,16281,19108,506,2026
29152,1503,353,48,388
29153,5415,8986,274,370
29154,15111,10514,307,1215
29160,5100,1408,9,386
29161,6251,4189,0,363
29162,1987,1380,2,45
29163,287,998,0,20
29164,3163,909,54,538
29166,438,256,0,21
29168,1998,1532,0,35
29169,14818,4163,658,2169
29170,15556,3537,567,1535
29172,5748,2932,99,366
29175,236,49,0,0
29177,118,46,12,0
29178,2289,891,0,17
29180,4620,6726,68,319
29201,15271,5400,850,595
29203,4919,33509,448,1685
29204,8016,9154,186,388
29205,16954,3646,709,1072
29206,14202,2602,300,837
29207,5326,2465,459,2334
29208,1836,292,68,109
29209,15116,19073,628,1469
29210,14621,22692,700,1313
29212,17643,7195,697,1160
29223,13817,30359,2373,4235
29225,384,8,0,9
29229,14042,29158,1896,4288
29301,18202,11432,1990,4465
29302,13349,2888,587,614
29303,12793,10303,363,3743
29306,7009,9176,274,1498
29307,13786,4054,69,573
29316,22850,4167,1156,1463
29320,196,14,0,173
29321,2901,192,0,0
29322,9448,311,12,522
29323,12876,893,379,777
29324,9,65,0,0
29325,8281,4424,144,522
29329,106,0,0,0
29330,7077,539,11,289
29331,25,0,0,0
29332,2102,625,0,244
29333,168,56,0,0
29334,11725,3583,443,1524
29335,4299,1134,0,218
29338,79,0,0,0
29340,14391,5246,82,270
29341,12381,5039,18,1681
29346,222,0,0,21
29349,30210,3194,449,1567
29351,1243,66,34,182
29353,2346,966,0,118
29355,587,201,20,164
29356,8425,254,26,73
29360,14608,5762,183,965
29364,393,18,0,0
29365,11544,1573,404,997
29368,274,0,0,0
29369,9997,3305,218,1227
29370,334,232,0,24
29372,2939,752,0,145
29373,171,0,0,0
29374,2787,32,49,63
29375,148,0,0,24
29376,6246,1771,165,503
29377,390,124,0,0
29378,17,70,0,22
29379,10851,5509,37,292
29384,2904,641,17,54
29385,5204,1853,243,851
29388,13051,2100,93,566
29401,7597,659,89,322
29403,13493,8067,173,611
29404,1397,561,92,206
29405,9485,16394,195,1079
29406,12289,14023,911,5243
29407,23409,10029,642,1073
29409,2173,186,69,173
29410,15417,2133,649,2539
29412,31486,6127,756,1406
29414,33482,6793,1227,2031
29418,9086,12272,426,2415
29420,9415,10288,952,2241
29424,858,89,175,98
29425,0,0,0,0
29426,679,922,0,69
29429,2643,1708,9,258
29431,5489,873,90,102
29432,1597,687,0,44
29434,323,275,0,0
29435,2873,718,0,513
29436,1943,1974,0,122
29437,1062,525,0,250
29438,2254,406,10,72
29439,855,0,0,0
29440,13092,12184,42,657
29445,36192,13996,2445,6289
29446,260,599,0,0
29448,1808,641,28,41
29449,4304,3040,87,167
29450,840,2088,0,30
29451,4239,0,92,53
29452,22,224,0,0
29453,509,647,0,13
29455,19526,3404,42,1979
29456,18079,11067,1350,4339
29458,1222,1056,0,7
29461,27533,12011,80,1262
29464,46114,2850,891,1133
29466,37866,3170,616,1010
29468,504,1802,0,0
29469,600,0,0,0
29470,2674,2405,21,248
29471,541,495,0,1
29472,6089,3209,6,545
29474,978,426,0,36
29475,1379,824,0,0
29477,3312,3777,0,34
29479,2932,3424,0,557
29481,572,917,0,3
29482,2269,0,23,36
29483,41349,10776,847,3082
29485,38947,13077,1604,3474
29486,29116,8184,847,3371
29487,1428,764,0,232
29488,12689,8631,179,784
29492,16645,917,469,789
29493,140,83,0,0
29501,26849,16979,1560,1071
29505,13299,9785,297,1084
29506,6819,13050,43,674
29510,5350,4716,67,300
29511,5303,517,67,0
29512,6358,9821,79,659
29516,544,293,0,0
29518,597,208,0,0
29519,14,265,0,0
29520,6449,5165,99,449
29525,482,1227,0,146
29526,38471,7019,671,3242
29527,18237,7884,496,1270
29530,2038,223,0,281
29532,7964,11238,15,725
29536,6426,7953,0,595
29540,2204,2101,8,36
29541,5270,4165,56,101
29543,309,189,0,0
29544,5609,1027,0,172
29545,956,685,0,0
29546,892,1372,0,346
29547,1290,694,0,180
29550,19272,8784,301,954
29554,3786,4661,0,467
29555,3366,2551,26,0
29556,2967,8146,116,3
29560,4937,6415,89,197
29563,1400,568,0,10
29564,226,1002,0,0
29565,2798,3653,13,96
29566,16216,2524,16,548
29567,111,226,0,8
29568,11877,4141,0,458
29569,10789,4904,220,216
29570,1831,1302,0,81
29571,5639,7745,61,394
29572,9928,423,46,862
29574,3836,5695,0,167
29575,17225,565,160,739
29576,30421,567,536,1266
29577,24245,6015,439,4265
29579,40180,4189,848,3007
29580,0,1109,0,0
29581,3202,1110,4,49
29582,17142,639,462,1799
29583,3348,1395,19,83
29584,1794,438,10,15
29585,14550,868,105,560
29588,42702,2968,847,5210
29589,0,57,0,0
29590,618,2959,22,234
29591,2996,1417,6,179
29592,176,468,0,0
29593,1284,637,0,0
29594,61,45,0,0
29596,1119,445,2,31
29601,8544,3327,188,708
29605,18384,14984,368,5797
29607,27819,11662,1589,2322
29609,21936,3827,627,3026
29611,16180,9589,209,6576
29613,1939,201,94,112
29614,1619,139,97,210
29615,29849,3791,1878,2927
29617,16379,3907,286,6187
29620,8187,3573,0,205
29621,33467,7383,979,1395
29624,7435,6200,3,1169
29625,21315,4790,266,929
29626,9914,3316,8,998
29627,13596,2201,40,333
29628,1090,1292,0,35
29630,12403,1084,716,789
29631,13161,1236,1129,501
29634,5069,645,55,120
29635,1294,13,0,0
29638,2943,818,0,79
29639,1252,271,5,34
29640,27758,2213,106,2394
29642,28376,2530,165,1446
29643,2831,0,28,53
29644,15199,3974,186,1864
29645,8034,1509,2,1042
29646,14139,11558,41,3200
29649,17352,7787,380,810
29650,29510,3182,3092,3552
29651,41542,5716,813,5288
29653,2818,986,17,49
29654,8541,507,0,89
29655,7043,673,0,62
29657,14821,857,28,484
29658,339,0,0,46
29659,61,32,53,0
29661,5903,70,0,147
29662,8433,3601,345,2005
29664,1883,6,0,14
29665,216,0,0,86
29666,5517,649,33,76
29667,192,5,0,0
29669,11405,982,0,1590
29670,8167,1540,144,221
29671,17319,995,185,264
29672,10967,493,268,391
29673,21882,5349,517,2236
29676,5769,2,1,98
29678,17578,3951,227,1212
29680,21406,8487,298,2561
29681,50855,7865,2210,4961
29682,3926,25,0,89
29683,380,0,0,0
29684,4654,438,0,139
29685,1939,55,14,44
29686,766,56,0,47
29687,33114,4874,1187,4389
29689,3941,52,12,1
29690,21852,2239,301,1222
29691,9562,284,60,2078
29692,3973,599,7,395
29693,12332,520,61,328
29696,4903,0,0,233
29697,12324,978,82,933
29702,8414,589,4,317
29704,2875,474,67,85
29706,10990,7904,122,530
29707,26299,1984,1437,2734
29708,31402,3744,3405,3260
29709,4258,1262,13,137
29710,32022,3858,291,2409
29712,1555,242,0,0
29714,2377,1043,0,37
29715,30214,5234,1982,3683
29717,1243,259,0,0
29718,2532,1199,0,108
29720,33952,14581,400,3260
29724,18,0,0,0
29726,1886,140,35,129
29727,1328,474,2,290
29728,5210,3495,0,729
29729,1287,652,25,90
29730,30007,22086,472,2729
29732,40947,11470,1025,3803
29733,932,683,5,65
29741,1174,554,0,72
29742,1694,597,0,31
29743,1721,44,0,455
29745,26388,5060,310,1557
29801,15202,13242,299,1733
29803,29115,6811,818,1611
29805,4145,748,0,24
29809,1236,961,0,81
29810,528,2898,104,202
29812,5922,4378,45,343
29816,555,248,0,170
29817,1764,2395,10,226
29819,616,610,0,17
29821,914,81,0,5
29824,3892,3204,19,644
29826,29,190,0,0
29827,1141,2461,20,98
29828,522,149,0,22
29829,7624,2617,67,1206
29831,2732,1468,8,191
29832,2456,2693,35,352
29834,671,53,0,64
29835,3146,2761,22,7
29836,107,169,0,0
29838,662,0,0,27
29840,0,379,0,0
29841,23651,6388,141,2049
29842,4227,2732,163,426
29843,572,534,3,0
29844,101,9,0,0
29845,482,640,0,0
29847,2854,1911,0,211
29848,640,191,0,30
29849,120,214,0,0
29851,6554,1230,76,958
29853,3616,2471,0,116
29856,2116,262,54,868
29860,13333,2715,59,908
29899,317,511,0,21
29902,12022,2608,502,1497
29904,643,140,61,301
29905,658,119,33,276
29906,13286,9380,18,3281
29907,11495,1766,289,584
29909,21161,657,645,574
29910,37086,3318,272,8266
29911,847,508,0,58
29912,0,0,0,0
29915,373,18,0,179
29916,1301,407,0,0
29918,1304,3161,0,359
29920,4548,4960,42,651
29921,385,118,0,0
29922,91,964,0,16
29923,0,201,0,0
29924,2493,1898,77,44
29926,18703,2483,100,4496
29927,4800,3081,113,2753
29928,13232,192,193,694
29929,797,124,0,6
29932,34,135,0,114
29934,93,269,0,95
29935,2336,1715,0,460
29936,5075,6535,37,1236
29939,8,98,0,0
29940,1190,2529,0,50
29941,145,0,0,3
29943,264,251,0,0
29944,1996,1957,69,354
29945,872,3122,0,80
30002,3550,1763,157,84
30004,39127,7223,12481,7303
30005,22127,4732,10449,2719
30008,8917,14621,1019,10616
30009,14200,2041,3019,1508
30011,12413,4637,821,3178
30012,12679,16774,376,5949
30013,5535,17290,870,2029
30014,24060,13371,363,3631
30016,18999,35476,904,2625
30017,9079,11618,626,2970
30018,104,0,0,0
30019,26774,10457,3216,5151
30021,3415,16209,5421,1000
30022,37431,8599,13083,5872
30024,42961,9065,27038,5229
30025,8828,1840,103,179
30028,28873,675,1113,3583
30030,21333,5365,1551,2319
30032,7035,33662,522,1641
30033,19666,4556,4454,1841
30034,2093,38796,42,888
30035,821,21436,82,578
30038,1510,36943,202,976
30039,11962,29819,2185,5728
30040,55849,3299,9072,8419
30041,51008,2567,15161,6638
30043,38353,20977,13507,18030
30044,32810,29290,13117,31952
30045,16999,19249,2944,10100
30046,12916,13774,3649,10233
30047,25042,12744,11963,18194
30052,42752,24330,1613,8581
30054,8077,3232,418,730
30055,3124,96,15,248
30056,2004,299,6,23
30058,1674,59573,243,2249
30060,14330,11417,1007,15206
30062,43494,7042,6110,4585
30064,32693,11312,1245,4365
30066,39502,9872,4085,5695
30067,21032,12866,3735,5431
30068,26234,1290,3356,2232
30070,37,0,0,0
30071,7010,6588,3273,10815
30072,577,131,5,4
30075,44318,4379,2612,4565
30076,28114,7171,1882,9999
30078,16498,14984,5374,5221
30079,965,2038,847,689
30080,21773,18715,4543,6703
30082,13691,6994,2030,3211
30083,5612,47531,4460,1877
30084,16533,9986,6057,7594
30087,9661,24596,1839,1218
30088,1697,26445,266,1032
30090,0,0,0,0
30092,17914,9973,3060,5287
30093,9841,13349,5422,24945
30094,10912,19837,457,1881
30096,24847,17239,13303,15787
30097,17969,6949,17204,3038
30101,43647,12223,1175,6036
30102,31534,6085,1920,5223
30103,12169,642,28,750
30104,4655,496,0,0
30105,2279,0,7,85
30106,6976,13385,384,3750
30107,16261,190,203,440
30108,5968,761,59,268
30110,12411,743,139,505
30111,0,0,0,0
30113,5700,103,0,93
30114,43914,4528,624,9310
30115,46296,2855,607,4246
30116,16796,3481,60,1715
30117,24254,9226,490,3441
30118,338,667,15,77
30120,32883,5491,291,4827
30121,19166,3726,688,2974
30122,7640,13434,605,5759
30124,2320,329,0,0
30125,17307,2950,247,5153
30126,17501,18320,1713,8580
30127,30884,31804,1027,7201
30132,35176,8681,735,3767
30134,19234,21452,155,4160
30135,27721,32478,1552,5624
30137,1593,193,3,208
30139,4181,357,0,59
30141,14693,7496,436,2135
30143,23334,76,78,1013
30144,33035,13702,3619,7877
30145,7936,704,29,240
30147,4492,62,0,327
30148,1113,0,0,18
30149,1218,348,196,112
30152,29197,7030,3010,4500
30153,14133,2174,165,645
30157,38905,6532,394,4704
30161,23955,7312,389,2158
30165,29800,4995,689,8820
30168,3696,16576,163,4928
30170,2895,267,0,194
30171,2519,29,0,26
30173,5386,586,0,153
30175,5412,53,21,97
30176,6845,449,43,64
30177,1090,76,0,204
30178,3497,2,27,354
30179,14019,2423,53,695
30180,26303,12614,765,2922
30182,3315,73,25,8
30183,5726,206,28,548
30184,6521,101,32,170
30185,3494,263,0,43
30187,5405,1598,87,536
30188,50903,5093,2211,6345
30189,32696,3008,560,5279
30204,7836,4586,93,530
30205,2965,27,6,4
30206,2891,270,0,15
30213,4475,40125,206,2901
30214,11940,16164,790,3196
30215,23595,10320,1468,2198
30216,1068,670,9,66
30217,7620,825,59,286
30218,1367,249,0,225
30220,3544,1091,49,51
30222,2631,2177,0,57
30223,19391,15107,414,2156
30224,19656,7755,183,1332
30228,13943,32724,2016,3663
30229,43,0,0,0
30230,7151,1962,308,595
30233,19195,5291,9,785
30234,630,1275,3,19
30236,8429,34181,3434,6459
30238,4499,31288,435,6129
30240,19086,9035,718,833
30241,12207,11530,641,966
30248,19094,10892,304,2845
30250,193,225,0,171
30251,1567,454,57,39
30252,25341,16855,1173,3095
30253,16663,35231,2173,4014
30256,2537,65,0,29
30257,3386,296,0,12
30258,2527,200,10,14
30259,3535,166,13,136
30260,3902,15001,5438,4961
30263,39093,14958,928,5036
30265,27500,6563,1291,3352
30268,4855,4380,72,1691
30269,29079,3480,3141,3535
30272,0,0,0,0
30273,4389,11060,787,1363
30274,2882,25766,1652,4835
30275,321,0,0,0
30276,14400,2648,151,612
30277,18228,1536,334,1724
30281,23851,38315,2848,7415
30284,0,6,0,0
30285,796,124,0,0
30286,16012,6811,102,624
30288,1140,5426,115,1289
30289,46,0,0,0
30290,5680,2597,248,234
30291,1121,22304,0,895
30292,5108,613,46,120
30293,1083,816,0,6
30294,2829,36783,524,2437
30295,4021,783,63,58
30296,1715,22716,773,1945
30297,5722,15654,1328,7112
30303,1671,3330,716,342
30305,20501,2463,2017,1578
30306,19928,1176,1621,1672
30307,15383,3142,978,1032
30308,12923,6654,1522,1360
30309,20353,3913,2936,1907
30310,3640,20125,609,942
30311,1188,29544,108,1308
30312,11008,12263,1100,1223
30313,3783,5985,1661,585
30314,2830,17970,751,1205
30315,5482,26538,121,3065
30316,13873,15654,1340,2373
30317,7650,5405,248,838
30318,21362,30698,3306,3532
30319,32143,5207,3451,4017
30322,1169,821,147,145
30324,16321,7658,2955,2223
30326,4887,2250,957,190
30327,19777,816,954,888
30328,24688,6962,4726,2069
30329,13642,4865,1601,7191
30331,1147,60904,406,1120
30332,1229,866,531,251
30334,0,0,0,0
30336,41,289,24,5
30337,1423,9295,184,393
30338,25285,4448,7238,1474
30339,16865,10332,3200,2377
30340,11646,6204,4574,12216
30341,15978,5903,3107,8567
30342,24141,4106,1134,5676
30344,5632,26322,572,3271
30345,14300,5338,1767,5189
30346,1885,1079,1350,127
30349,3354,70255,605,3320
30350,19100,11844,1681,3571
30354,2335,9591,273,2707
30360,8193,1641,1248,5946
30363,1333,1002,742,225
30401,7560,5287,9,1003
30410,1301,228,0,146
30411,2486,2309,0,58
30412,116,7,0,14
30413,822,464,0,0
30414,60,0,0,9
30415,4655,402,42,373
30417,6436,2956,29,1493
30420,1140,170,48,257
30421,1820,755,0,82
30423,23,0,0,0
30425,1253,443,2,80
30426,634,298,0,3
30427,6933,2668,65,1365
30428,2098,609,0,215
30429,10,51,75,13
30434,1640,3414,0,207
30436,7927,1982,17,1812
30439,6473,2417,44,1338
30441,1084,754,1,42
30442,4444,3165,0,712
30445,1745,1486,21,94
30446,1263,546,0,177
30448,7,4,0,0
30449,29,0,0,0
30450,1463,706,0,17
30451,10,0,0,0
30452,1200,247,9,169
30453,4560,3435,4,1645
30454,414,0,0,286
30455,459,79,0,7
30456,1207,758,0,0
30457,3282,1690,0,29
30458,26326,16825,967,2403
30460,0,0,0,0
30461,12220,3324,140,584
30464,55,125,34,0
30467,6323,5081,56,202
30470,1090,7,0,93
30471,2669,1372,0,64
30473,2088,266,16,324
30474,10356,4687,212,1451
30477,606,2126,2,244
30501,18603,4818,331,12494
30504,17923,1467,1263,14715
30506,37477,1041,957,5283
30507,18959,3790,509,14048
30510,7040,581,189,1952
30511,2167,3,37,1065
30512,21961,154,59,935
30513,11365,34,86,253
30516,1805,103,0,274
30517,14605,617,254,2218
30518,34407,7327,4185,12211
30519,27414,11393,6993,11689
30520,3978,316,40,384
30521,4924,302,174,4
30522,558,0,0,24
30523,11967,241,263,189
30525,6544,101,0,576
30527,3898,0,0,46
30528,22201,379,110,813
30529,9553,1501,243,1183
30530,6491,414,104,551
30531,7778,453,457,3149
30533,24808,319,299,1458
30534,29093,393,212,1807
30535,7683,314,49,472
30536,8575,120,109,1062
30537,1053,0,154,31
30538,3350,131,0,72
30539,141,0,0,0
30540,17927,83,7,2773
30541,1355,19,0,2
30542,29228,1955,927,6770
30543,3711,59,0,1946
30545,882,2,40,1
30546,7480,53,22,220
30547,2854,127,72,8
30548,18807,1515,777,1012
30549,25109,2870,589,1671
30552,1540,18,17,72
30553,6717,1060,19,448
30554,7538,222,28,650
30555,2041,0,2,213
30557,4535,428,0,171
30558,4878,17,33,411
30559,5195,0,11,145
30560,3889,6,22,79
30562,598,0,0,105
30563,4887,14,21,1607
30564,4922,0,3,378
30565,3870,311,148,469
30566,6304,417,209,3112
30567,3610,261,173,777
30568,2093,81,0,98
30571,2899,209,26,151
30572,918,21,0,0
30573,114,0,0,0
30575,1077,3,0,988
30576,2859,35,4,392
30577,17534,2649,315,914
30581,112,2,0,76
30582,4793,151,2,142
30597,906,119,8,117
30598,70,0,0,0
30601,12365,8404,345,3453
30602,768,161,266,129
30605,26264,10603,2084,3839
30606,30311,10057,2202,4420
30607,5493,2839,68,2021
30609,2302,398,380,359
30619,1424,37,0,66
30620,11089,2092,412,2929
30621,5267,181,72,154
30622,9281,727,586,658
30623,126,0,0,0
30624,3016,616,0,195
30625,1919,384,45,49
30627,2053,335,209,484
30628,5439,569,174,200
30629,3869,392,216,0
30630,1331,871,7,96
30631,643,825,1,122
30633,7368,142,0,295
30634,1858,27,110,335
30635,9276,4799,108,818
30639,0,37,0,0
30641,1525,27,0,39
30642,9394,3751,109,1064
30643,11320,3676,120,588
30646,6294,1384,4,909
30648,2503,555,0,37
30650,9407,3588,0,452
30655,18666,8064,190,870
30656,14001,2983,64,937
30660,781,320,0,143
30662,6561,846,342,483
30663,2287,599,26,92
30664,6,0,0,0
30665,8,179,0,0
30666,8328,1102,109,886
30667,702,46,0,0
30668,1409,1045,0,37
30669,1339,1426,112,152
30673,3224,2355,0,364
30677,17332,1164,894,1143
30678,602,639,1,9
30680,32787,6361,2249,5323
30683,5330,2188,21,900
30701,33037,1643,594,8682
30705,30829,187,240,6179
30707,16185,521,105,81
30708,342,0,0,0
30710,6573,192,64,678
30711,3439,0,51,190
30720,18895,862,1041,9585
30721,39905,1880,380,25052
30724,16,0,33,0
30725,4615,218,0,220
30726,0,0,0,0
30728,16721,703,166,711
30730,1592,87,5,7
30731,2383,3,0,23
30733,2265,4,47,145
30734,2828,9,0,12
30735,5974,243,78,907
30736,39773,1061,599,897
30738,3354,31,0,44
30739,7079,158,0,80
30740,6848,124,67,919
30741,25461,1066,109,1251
30742,6431,397,422,121
30746,1320,0,0,0
30747,12733,1089,10,360
30750,4075,94,35,155
30751,101,0,0,0
30752,8481,39,101,312
30753,6159,1207,0,1110
30755,9541,166,6,1816
30756,22,0,0,0
30757,1580,78,16,0
30802,4950,1188,60,141
30803,874,80,0,0
30805,2228,370,5,137
30807,13,230,0,0
30808,2775,1085,0,68
30809,39116,6026,2604,4311
30810,1777,275,0,37
30812,218,144,0,2
30813,28050,12967,1010,4741
30814,7465,2228,99,154
30815,12340,26396,570,1676
30816,1058,808,0,98
30817,5200,2221,6,171
30818,300,169,0,0
30820,683,156,0,0
30821,357,657,0,0
30822,0,0,0,0
30823,1155,297,7,86
30824,8892,7853,34,685
30828,1486,2116,24,0
30830,6087,7560,122,492
30833,1616,1936,59,90
30901,2433,12879,160,258
30904,11041,12105,469,1602
30905,4360,1827,407,1805
30906,17896,40703,362,2072
30907,34749,6290,3378,2551
30909,18098,19515,1385,3121
30912,0,0,0,0
31001,2231,1908,0,169
31002,2626,181,3,22
31003,113,0,0,0
31004,0,0,0,0
31005,13798,4328,532,1762
31006,1866,2378,30,36
31007,442,308,0,129
31008,13884,5815,86,1274
31009,1294,102,5,100
31011,412,239,0,6
31012,1129,980,0,112
31014,8503,4156,116,425
31015,9399,8987,45,711
31016,859,1130,0,15
31017,1278,195,0,15
31018,928,1666,0,171
31019,2136,550,0,0
31020,987,646,0,0
31021,13528,12884,407,193
31022,1607,275,0,0
31023,10569,3381,4,671
31024,14359,5435,62,1380
31025,746,433,0,11
31027,6378,3943,51,774
31028,3079,2847,335,133
31029,12757,3822,220,487
31030,7249,9099,26,1975
31031,4972,1571,0,202
31032,11119,2835,67,359
31033,1870,559,0,62
31034,0,100,0,0
31035,658,337,22,50
31036,5807,4031,124,406
31037,1782,1464,4,278
31038,620,190,0,0
31039,0,0,0,0
31041,290,547,0,0
31042,423,935,0,5
31044,863,1727,56,2
31045,11,23,0,0
31046,2595,1020,0,137
31047,11630,3848,877,1580
31049,1513,48,0,63
31050,905,85,0,0
31051,42,42,0,12
31052,6234,2124,211,268
31054,603,542,0,83
31055,3194,1882,8,1880
31057,763,706,0,96
31058,1671,43,0,0
31060,1088,591,9,41
31061,21527,17680,695,1086
31062,0,19,0,18
31063,1328,2762,95,262
31064,7041,2070,0,393
31065,973,299,0,84
31066,466,758,0,0
31067,170,71,0,15
31068,1437,3074,0,138
31069,14499,5721,833,1024
31070,468,390,0,26
31071,676,518,0,26
31072,1077,90,0,19
31075,2285,418,13,0
31076,1996,680,40,0
31077,463,484,0,27
31078,1480,1475,0,4
31079,2087,576,0,202
31081,39,0,0,0
31082,4885,4812,116,280
31083,236,28,0,0
31084,0,0,0,0
31085,736,414,0,107
31087,2263,6227,75,61
31088,32455,18929,2404,3505
31089,1434,2428,7,0
31090,785,406,1,45
31091,2098,1797,0,353
31092,1971,2745,0,341
31093,11067,11624,330,2432
31094,479,419,0,44
31096,3888,3079,19,209
31097,1142,109,0,0
31098,1394,1558,79,152
31201,2678,4333,138,224
31204,9526,20342,595,609
31206,3345,20522,0,1650
31207,934,462,169,123
31210,18508,10678,1752,1397
31211,4951,9164,13,225
31213,0,0,0,0
31216,9952,5538,305,1123
31217,6814,9181,98,240
31220,8012,7310,311,352
31301,1525,2033,85,355
31302,7342,519,75,232
31303,1640,339,0,0
31305,2957,1793,0,261
31307,1460,17,0,56
31308,6569,1308,104,316
31309,519,121,0,8
31312,18854,2240,119,1711
31313,14806,19587,1015,5303
31314,997,591,12,330
31315,4007,1354,178,1975
31316,8264,2676,34,1174
31318,235,0,0,162
31320,5707,3169,36,527
31321,5973,1242,45,62
31322,15561,8533,476,1722
31323,260,1144,0,66
31324,24667,3900,963,3295
31326,17477,3786,315,1490
31327,0,26,0,0
31328,3147,110,0,0
31329,6600,2451,9,84
31331,4020,1718,157,29
31333,85,69,0,0
31401,11461,7138,627,1001
31404,10310,20592,282,728
31405,15843,18099,873,2198
31406,17105,12947,1566,2102
31407,9038,9963,467,2427
31408,4071,5692,214,2059
31409,330,245,11,45
31410,20832,526,715,742
31411,8153,196,186,168
31415,649,11142,0,384
31419,25863,23398,3126,6363
31421,22,0,0,0
31501,6757,6395,17,267
31503,16067,4449,408,1640
31510,6409,1604,70,942
31512,1805,170,0,225
31513,11153,3083,105,1676
31516,13549,1249,0,790
31518,694,29,0,89
31519,2618,620,13,209
31520,8373,11115,452,1992
31522,16409,263,87,431
31523,10851,2294,270,870
31524,0,0,0,0
31525,19609,7230,205,2429
31527,902,0,0,60
31532,417,34,0,140
31533,9265,5979,221,2127
31535,7851,3019,96,2342
31537,5941,3498,99,449
31539,10125,2283,38,1883
31542,2871,35,0,11
31543,3962,350,0,130
31544,312,103,0,7
31545,10396,3267,277,1057
31546,6148,1976,12,755
31547,1388,120,0,28
31548,15521,5070,550,1913
31549,676,877,0,143
31550,776,0,0,40
31551,889,0,0,0
31552,913,16,18,0
31553,4280,185,98,14
31554,4989,2410,0,259
31555,2424,609,0,52
31556,70,0,0,0
31557,2867,651,0,215
31558,16346,2998,424,1923
31560,2399,183,4,13
31561,210,0,0,0
31562,2045,103,0,305
31563,1102,238,0,82
31564,0,0,0,0
31565,1609,388,4,192
31566,3648,154,28,5
31567,1164,0,0,0
31568,353,46,22,0
31569,3704,1237,25,61
31599,0,0,0,0
31601,10338,18909,320,2187
31602,17962,14456,849,2312
31605,14430,6421,1001,1691
31606,3049,301,4,195
31620,7622,2759,42,382
31622,1582,211,0,10
31623,110,73,0,306
31624,1395,9,0,509
31625,642,46,90,0
31626,2088,993,0,107
31627,92,130,0,41
31629,553,411,0,24
31630,296,134,0,12
31631,446,44,0,0
31632,11956,1578,14,1020
31634,3621,1527,11,66
31635,4675,1985,0,617
31636,7225,1441,73,1289
31637,2592,314,0,128
31638,578,520,6,48
31639,8060,1308,194,462
31641,1297,346,0,75
31642,2528,788,0,1199
31643,5083,4384,9,724
31645,3785,618,29,234
31647,1408,1367,0,652
31648,636,84,59,126
31649,621,79,132,44
31650,2534,618,0,774
31698,451,343,0,0
31699,496,92,22,96
31701,3421,12609,86,358
31704,96,43,0,17
31705,7042,20507,62,1937
31707,7543,15931,460,672
31709,6651,8290,352,960
31711,583,234,2,8
31712,1126,69,80,101
31714,2979,3173,0,192
31716,1442,1163,4,188
31719,3036,4572,23,523
31720,131,216,0,0
31721,8026,10805,246,209
31722,477,136,3,173
31727,0,0,0,0
31730,2821,4660,11,402
31733,927,221,0,46
31735,497,47,0,0
31738,2102,447,0,213
31743,23,431,0,32
31744,2079,561,193,139
31747,173,27,32,0
31749,2213,71,0,316
31750,10453,6414,63,1397
31753,13,41,0,0
31756,1271,0,30,139
31757,8453,2386,202,715
31763,19143,6894,763,991
31764,770,975,1,0
31765,1446,742,0,126
31768,11957,6978,111,3438
31771,5003,1096,11,1299
31772,381,101,0,0
31773,3121,742,24,48
31774,3719,2270,20,48
31775,2213,198,4,1399
31778,1972,374,0,69
31779,5198,3915,0,497
31780,923,751,0,264
31781,1961,158,2,0
31783,1470,37,0,56
31784,817,46,0,25
31787,880,351,0,0
31788,5766,1686,56,3239
31789,1063,150,0,66
31790,1918,198,0,247
31791,6434,4334,89,45
31792,11468,10933,131,514
31793,7353,995,96,1197
31794,14207,10275,364,3190
31795,1354,331,0,150
31796,647,365,0,0
31798,1093,325,0,0
31801,2201,381,108,244
31803,2044,2187,0,378
31804,5004,702,0,716
31805,1133,549,0,0
31806,3296,790,0,262
31807,2028,284,26,66
31808,6155,1178,616,377
31810,68,109,0,0
31811,4923,689,25,199
31812,123,412,0,18
31814,0,0,0,0
31815,675,1752,107,648
31816,2201,2705,106,133
31820,8365,3023,788,835
31821,50,10,0,0
31822,3195,2081,4,166
31823,487,31,0,8
31824,376,658,0,196
31825,885,1557,61,158
31826,1442,538,13,5
31827,442,1476,9,3
31829,916,551,94,217
31830,1498,674,0,125
31831,2864,493,9,88
31832,114,10,0,1
31833,3260,3166,0,226
31836,504,282,0,15
31901,3018,2075,150,300
31903,2155,15792,198,2018
31904,21173,9101,685,1991
31905,10562,2134,606,3517
31906,5919,13287,213,1016
31907,14867,40334,872,3643
31909,22382,10159,1548,4552
32003,24209,1830,741,3066
32008,5625,229,15,826
32009,3375,27,11,87
32011,13713,743,171,336
32013,66,0,0,51
32024,16779,1219,328,1713
32025,16159,4730,120,1585
32026,963,1019,6,206
32033,4005,160,60,325
32034,35334,1904,587,3028
32038,8507,695,82,828
32040,7227,257,10,228
32043,26193,2630,491,2498
32044,1966,16,0,5
32046,9964,556,0,238
32052,4668,2875,52,634
32053,2196,948,17,799
32054,9774,1766,8,668
32055,10185,4995,131,529
32058,3305,852,93,85
32059,2069,211,4,346
32060,18914,1941,192,1969
32061,54,0,0,0
32062,1397,55,0,458
32063,10977,1799,178,494
32064,3933,2660,4,659
32065,22454,8379,2601,4954
32066,5146,1267,2,652
32068,46509,3717,407,5794
32071,2409,81,34,623
32072,37,0,0,0
32073,26948,7859,1912,6565
32079,388,42,0,9
32080,19839,62,447,829
32081,20507,447,1359,1983
32082,25673,578,585,1574
32083,1541,531,6,183
32084,28514,4660,199,3432
32086,29978,1039,550,2564
32087,3561,1263,7,161
32091,12002,3417,114,994
32092,36804,2510,1367,5268
32094,3280,0,0,381
32095,13463,864,819,1496
32096,2179,652,0,12
32097,17523,1783,170,890
32102,2005,27,24,92
32110,7970,808,43,402
32112,5426,654,132,3055
32113,4054,751,12,622
32114,14334,16914,479,4103
32117,16792,8612,994,3009
32118,15152,757,441,1426
32119,18555,2359,474,2011
32124,6035,1366,266,218
32127,24811,836,631,1194
32128,19871,788,344,1463
32129,20067,1373,632,1425
32130,3853,25,18,2002
32131,3310,746,9,242
32132,7390,160,30,378
32133,723,0,0,9
32134,6675,57,71,246
32136,7559,135,221,443
32137,37848,2933,1484,5316
32139,745,0,4,55
32140,1391,186,0,25
32141,17087,212,246,1177
32145,4157,655,0,289
32147,1244,43,0,0
32148,9459,419,15,1119
32157,748,0,0,142
32159,27443,1172,419,1473
32162,51124,365,570,788
32163,27008,87,156,571
32164,36010,6894,1163,6948
32168,27001,1138,345,1896
32169,9799,6,103,525
32174,45420,2644,1270,3235
32176,12723,203,199,595
32177,17782,6808,257,1800
32179,7052,64,103,768
32180,2681,201,0,2623
32181,2047,294,3,729
32182,30,0,0,0
32187,1062,159,0,2
32189,4561,387,0,138
32190,950,29,30,761
32192,0,0,0,0
32193,537,421,0,55
32195,3032,56,19,113
32202,2764,3067,150,475
32203,0,0,0,0
32204,4917,2277,352,577
32205,20238,7536,788,2997
32206,4170,10823,183,947
32207,22525,6814,2795,5366
32208,5646,24063,102,1191
32209,2389,32379,216,1312
32210,32062,26422,1987,6100
32211,18515,11113,1280,5566
32212,1344,307,30,440
32214,0,0,0,0
32216,23687,8516,3245,7456
32217,14545,2103,530,4134
32218,26968,33669,1382,4801
32219,5437,7295,404,715
32220,7609,2448,538,1257
32221,16064,10870,1232,2158
32222,7613,5883,401,2318
32223,20421,1527,792,2285
32224,30334,3811,2621,5464
32225,34762,8530,3474,6098
32226,13139,3422,731,1023
32227,2005,613,187,449
32228,137,42,12,44
32233,18799,1938,796,1916
32234,6980,1174,52,472
32244,29698,23198,4007,8842
32246,35078,8156,6070,10862
32250,24936,889,449,2501
32254,4381,8516,50,672
32256,28352,9496,6450,6337
32257,28440,3917,1824,6816
32258,27765,4816,3188,3505
32259,51289,5065,3371,4693
32266,6417,0,31,431
32277,16904,14269,626,4173
32301,14258,16312,1082,2007
32303,27435,17181,1357,3817
32304,23995,18338,1960,4442
32305,7417,11579,21,782
32306,1178,157,44,293
32307,935,581,47,182
32308,15665,5186,673,1477
32309,26502,3481,722,2268
32310,5565,7331,31,1037
32311,11112,5561,1452,1566
32312,25554,3279,1961,1466
32313,0,0,0,0
32317,10552,2045,998,1048
32320,2872,639,34,57
32321,4315,1158,5,449
32322,2815,658,3,455
32323,104,0,0,0
32324,1810,2833,3,309
32327,23295,4715,49,1406
32328,3327,29,7,155
32330,264,170,0,394
32331,2932,1669,3,21
32332,9,985,0,115
32333,6580,3855,0,956
32334,1473,0,3,131
32336,732,612,0,9
32337,0,81,0,0
32340,5445,4207,9,664
32343,220,3078,0,306
32344,7596,4164,33,608
32346,2282,16,0,19
32347,5745,547,48,250
32348,8478,3826,4,638
32350,1267,244,0,113
32351,5737,8841,14,2694
32352,764,4279,0,100
32355,285,0,0,0
32356,79,0,0,0
32358,1308,193,1,20
32359,949,0,0,93
32360,75,0,0,23
32361,252,0,0,24
32399,0,0,0,0
32401,11795,3963,421,1572
32403,609,91,26,58
32404,30240,5233,1226,3020
32405,20436,5247,483,2057
32407,11475,1548,260,1318
32408,16202,859,332,983
32409,9597,0,209,673
32410,390,9,13,9
32413,13512,164,22,1054
32420,2520,0,0,87
32421,3664,75,0,37
32423,772,88,0,16
32424,4991,1567,31,630
32425,11614,1258,160,376
32426,186,625,0,5
32427,1003,67,3,10
32428,14025,2375,116,972
32430,715,0,0,0
32431,3890,477,0,61
32432,0,0,0,0
32433,14792,1453,97,1138
32435,5576,399,0,203
32437,441,128,0,0
32438,3992,21,0,544
32439,11997,331,77,1663
32440,5975,1865,20,386
32442,3238,217,25,166
32443,1826,887,0,82
32444,17293,1495,630,1610
32445,1188,858,14,398
32446,7647,2141,81,697
32448,3576,3734,0,226
32449,844,0,0,107
32455,3899,3,31,116
32456,6856,563,35,139
32459,18440,57,526,1298
32460,3469,1464,135,396
32461,2356,0,36,114
32462,2152,818,99,93
32463,150,2,0,1
32464,3087,16,0,144
32465,5575,1703,33,451
32466,5507,205,51,182
32501,4687,5373,70,522
32502,2565,781,14,119
32503,22880,7434,909,1528
32504,15111,3256,648,1343
32505,11556,12182,578,2365
32506,22379,6861,2276,2041
32507,24822,4794,772,1801
32508,3058,745,161,1461
32509,256,172,0,143
32511,777,137,44,184
32512,0,0,0,0
32514,28378,10145,1314,3154
32526,29287,6912,1178,1862
32530,13,0,0,0
32531,6598,311,60,68
32533,22691,3790,947,1328
32534,9043,4368,728,1083
32535,2822,2143,12,215
32536,17099,3993,651,2732
32539,24228,3820,769,2176
32541,16081,692,353,1251
32542,2436,437,247,694
32544,1840,71,45,383
32547,22510,3747,780,5583
32548,16021,2711,1279,2965
32550,7931,518,35,520
32561,8249,159,122,591
32563,25750,606,355,1630
32564,2113,14,17,192
32565,5257,4,66,26
32566,34347,2569,1040,3995
32567,4120,377,20,297
32568,3161,255,0,6
32569,8443,1503,1084,1125
32570,28568,1928,760,1888
32571,31986,2309,1118,1893
32577,3321,231,14,451
32578,28174,1197,1491,2242
32579,8327,612,301,1418
32580,2911,578,116,270
32583,24147,3498,336,1657
32601,15557,3038,1554,2744
32603,5287,341,697,991
32605,19803,2449,917,2725
32606,16334,2763,1863,2114
32607,19068,5820,1494,4602
32608,33666,7037,6794,7361
32609,10306,6794,362,1473
32610,20,5,0,0
32612,6362,876,779,1514
32615,10498,3106,226,1585
32616,3,120,0,0
32617,3813,257,0,490
32618,5600,1563,62,359
32619,4701,9,6,401
32621,4160,505,121,720
32622,1425,174,9,20
32625,1510,86,0,22
32626,7028,961,92,547
32628,3673,1106,51,298
32631,370,0,0,0
32634,19,0,0,0
32639,261,0,0,109
32640,7315,2411,107,412
32641,4305,11845,61,592
32643,9687,1314,76,904
32648,316,0,0,7
32653,10476,3095,836,1495
32656,12444,554,74,668
32658,81,266,1,11
32664,285,0,0,0
32666,5427,534,75,152
32667,3082,982,37,54
32668,4782,64,0,506
32669,11070,2171,833,1872
32680,9770,260,0,353
32681,235,0,0,0
32683,251,47,0,11
32686,3388,1455,33,362
32692,88,0,0,0
32693,9836,641,50,694
32694,1605,215,16,177
32696,10596,1794,125,1857
32697,137,10,0,35
32701,13951,4604,721,6950
32702,2350,87,0,116
32703,27547,16876,1590,16494
32707,26184,3364,1333,11530
32708,35180,3274,2223,10827
32709,1366,79,0,87
32712,30786,6533,1992,13684
32713,17829,1353,892,3533
32714,22065,7174,853,11371
32720,25100,3911,273,6079
32723,0,0,0,0
32724,30998,2853,552,8477
32725,28374,5513,1371,20116
32726,15457,5048,441,4063
32730,4213,893,271,1305
32732,4668,50,17,218
32735,4396,213,186,195
32736,10507,624,55,875
32738,29893,6287,499,17236
32744,3316,106,0,132
32746,31658,3483,4209,7208
32750,18404,1710,780,5682
32751,15872,3349,731,3131
32754,10533,604,32,200
32757,23861,3652,105,4883
32759,2286,284,11,11
32763,19102,1902,287,4282
32764,2379,66,11,146
32765,43844,4922,4296,13832
32766,12703,552,869,3767
32767,2939,2,15,281
32768,0,0,0,0
32771,30041,15141,3715,12806
32773,16226,7182,1993,8210
32775,0,0,0,0
32776,10025,410,151,1398
32778,18847,2425,496,2965
32779,23915,556,1347,4807
32780,27771,5685,641,3353
32784,9901,264,15,621
32789,21390,1171,1302,3384
32792,33405,6283,2455,13476
32796,17155,1843,88,1148
32798,2128,132,0,268
32801,10198,926,883,3653
32803,16865,1058,974,3802
32804,16463,1173,696,2961
32805,3450,12650,23,2534
32806,21384,1464,457,4348
32807,18006,3455,1313,22214
32808,9874,44401,991,9065
32809,14805,2808,783,17501
32810,12976,14400,1392,10636
32811,10893,20690,1149,10353
32812,22287,3755,1750,12345
32814,7350,256,382,2665
32816,10844,746,882,2478
32817,22223,4428,2175,12699
32818,9070,43372,2337,9130
32819,16307,4087,1962,5971
32820,7151,1437,318,3040
32821,12544,1315,916,8097
32822,30615,7790,1246,45192
32824,21729,8904,2606,35860
32825,34600,6663,4721,28468
32826,18281,2621,1209,9399
32827,10949,1940,1108,5993
32828,43287,6235,5175,23119
32829,11561,1374,1113,11803
32830,47,1,0,2
32831,1111,1094,0,239
32832,17550,1912,2783,14290
32833,6945,1287,578,2977
32835,23142,10696,4590,12773
32836,12886,1521,3250,5444
32837,22445,4057,5066,25266
32839,16155,18835,2337,18353
32899,0,0,0,0
32901,18551,5381,894,3231
32903,13438,115,154,976
32904,28807,1305,1719,5586
32905,16062,5283,543,2914
32907,31794,7096,779,9245
32908,8160,3490,90,2900
32909,21192,7313,1404,7505
32920,9131,89,106,769
32922,8138,4587,137,2353
32925,1074,161,52,466
32926,16619,3429,595,2098
32927,23747,1129,288,1549
32931,12375,251,173,1006
32934,15551,368,312,1146
32935,33419,2560,1082,5118
32937,23989,618,483,2512
32940,37521,2233,2620,5036
32948,3475,805,0,3640
32949,2396,51,29,131
32950,3984,135,0,773
32951,10747,51,159,624
32952,18305,342,508,1429
32953,20533,1366,796,2862
32955,31074,4667,695,4133
32958,25053,599,430,2249
32959,0,0,0,0
32960,17547,1950,837,3637
32962,21575,3216,291,3874
32963,14160,120,301,381
32966,17068,578,184,1915
32967,16029,4910,248,3873
32968,12780,716,184,1671
32970,0,252,0,0
32976,8825,35,79,343
33001,289,0,0,45
33004,8857,4356,271,4661
33009,24460,8102,728,17202
33010,19779,1222,119,39743
33012,33813,675,137,68450
33013,15072,321,83,28492
33014,19258,1093,473,37597
33015,30819,5264,492,57902
33016,22377,783,333,43327
33018,26742,404,812,51835
33019,10360,317,52,3979
33020,19593,11838,957,17655
33021,32241,8080,1117,18032
33022,0,0,0,0
33023,18626,36976,1371,26156
33024,37568,13371,3078,38394
33025,22681,34848,2318,26601
33026,18595,4277,969,12877
33027,28956,15837,4750,30572
33028,13988,4700,2398,13154
33029,22553,8006,3095,20011
33030,17172,5486,235,27470
33031,4976,176,55,4765
33032,25383,11843,725,39257
33033,34205,13252,459,47623
33034,8937,8429,18,13335
33035,8038,2840,38,10454
33036,3121,6,50,504
33037,10863,169,91,3569
33039,0,0,0,0
33040,24347,4868,574,9730
33042,5879,141,30,917
33043,4315,24,49,742
33050,7826,467,75,4032
33051,605,0,0,45
33054,5339,18199,44,12678
33055,13945,8882,629,28306
33056,3716,26529,0,10519
33060,16597,15495,232,8843
33062,20707,884,105,3835
33063,26224,15689,2341,15140
33064,28287,14458,1129,16058
33065,26895,17518,2395,19149
33066,10253,2443,452,3224
33067,15210,4313,1484,4416
33068,11940,30618,1617,11928
33069,11649,10235,1131,7730
33070,4825,41,24,1477
33071,20806,8634,2204,13102
33073,20644,4494,1132,9703
33076,26587,7150,4061,7772
33101,0,0,0,0
33109,768,0,24,17
33122,1263,164,116,1324
33125,26615,2974,415,50484
33126,26833,519,307,44404
33127,5164,11953,174,15531
33128,4564,402,0,7902
33129,8756,566,388,11199
33130,18137,1323,751,25090
33131,13328,614,965,12700
33132,8298,1641,995,9196
33133,18425,3430,760,20123
33134,22367,309,621,29344
33135,15530,728,117,32803
33136,5657,7083,359,8865
33137,12567,4867,566,13971
33138,14561,7863,433,11020
33139,23708,1764,854,17466
33140,13741,727,377,9140
33141,17251,1498,958,24337
33142,18464,17625,60,40003
33143,18378,2058,718,19606
33144,13988,328,217,24930
33145,15633,531,466,23061
33146,11045,1250,1162,7482
33147,8744,25625,21,21953
33149,7978,91,35,10986
33150,2661,20888,394,9385
33154,9948,409,87,6325
33155,23953,576,692,36783
33156,20254,720,1787,16642
33157,31917,13064,1332,39835
33158,4645,106,408,2402
33160,29069,2047,884,19470
33161,10774,30954,865,15491
33162,13287,25722,1359,14187
33165,27803,946,232,47741
33166,15908,823,202,21609
33167,4313,14666,60,8003
33168,4114,15518,119,6718
33169,4481,33206,444,7222
33170,5981,4142,0,8448
33172,24049,721,1126,36862
33173,19146,769,937,24354
33174,16942,1075,1101,29103
33175,29644,176,663,46126
33176,26150,6515,1071,32922
33177,25769,6845,682,43650
33178,41854,1332,1850,53426
33179,17598,20186,625,17464
33180,22621,841,769,15025
33181,9427,5854,239,9408
33182,7150,259,38,12051
33183,18523,762,221,28870
33184,10948,271,77,19222
33185,17096,345,665,25107
33186,37087,3671,2299,47010
33187,10046,2316,538,14446
33189,11578,2675,685,16042
33190,8373,2308,157,11512
33193,24144,1041,1023,41562
33194,5067,861,52,6124
33196,25502,2476,1452,43502
33301,12348,1216,459,2946
33304,11803,3273,330,3481
33305,10275,912,214,1607
33306,2283,61,23,423
33308,23549,602,680,4420
33309,13043,16724,693,10799
33311,8133,60852,476,5935
33312,28034,14560,707,17668
33313,7140,48781,780,7374
33314,13904,3467,1815,14453
33315,10812,617,110,3701
33316,8963,955,545,1590
33317,17149,8804,1611,12070
33319,11618,31520,1999,8907
33321,26101,12382,1188,18928
33322,19665,9795,1899,13548
33323,12489,3818,1317,7524
33324,28191,8053,2693,15734
33325,17874,2409,1350,15838
33326,18791,1021,1272,17301
33327,11793,1447,1816,12893
33328,20517,1473,1603,8836
33330,8874,1238,1279,3640
33331,14160,1034,1918,12096
33332,7570,453,999,5703
33334,17630,5260,657,9722
33351,11802,14115,2334,10097
33388,0,0,0,0
33401,16217,10514,576,5940
33403,5836,5914,247,2064
33404,7867,20626,218,2195
33405,13305,648,175,10771
33406,15797,2506,602,14416
33407,9279,18835,656,5654
33408,16981,134,196,1885
33409,13374,11529,834,11852
33410,28155,2255,1566,4907
33411,40977,17308,4425,16053
33412,11299,2331,522,1571
33413,6934,6752,590,6122
33414,35685,8179,3226,16985
33415,23619,10232,857,28339
33417,16273,10806,972,9434
33418,34839,2670,1808,4708
33426,13881,4980,738,4508
33428,28692,3984,1815,10206
33430,5392,11718,267,6202
33431,15329,3172,1093,3290
33432,17658,880,367,3319
33433,35097,1047,1796,7810
33434,17282,707,694,3575
33435,17076,15974,264,6142
33436,28197,11422,1107,9009
33437,27384,4528,943,4443
33438,476,53,0,386
33440,10108,3636,339,10943
33441,13895,9911,790,5450
33442,22427,3221,333,7584
33444,9530,10882,320,3400
33445,19120,8101,595,3343
33446,23676,960,498,3803
33449,7002,1173,360,1335
33455,18905,678,129,1697
33458,44653,1520,1150,11099
33460,17052,6445,381,17924
33461,20087,9020,1220,26994
33462,18267,7215,466,8402
33463,28547,19259,2565,24266
33467,39258,4180,1983,12036
33469,13278,36,192,1234
33470,21884,3499,551,7343
33471,4039,1802,0,1408
33472,13662,1737,697,3648
33473,9568,310,420,900
33476,1189,4154,0,2042
33477,11020,19,69,490
33478,12515,164,360,1108
33480,10142,7,183,630
33483,10725,786,366,699
33484,20809,1678,483,4044
33486,18493,886,584,3922
33487,17367,1097,457,2977
33493,1275,2760,42,1237
33496,19650,760,1108,2799
33498,13532,444,569,3168
33503,110,0,148,132
33510,17417,4529,1284,10144
33511,33504,10236,2416,16403
33513,10382,1477,69,1515
33514,1946,48,0,726
33521,404,341,0,48
33523,13668,1543,232,5487
33525,16443,1038,182,3023
33527,10864,1320,266,5325
33530,18,0,0,0
33534,8826,3274,296,6458
33538,4994,306,39,323
33540,9118,447,56,1304
33541,18186,1382,1197,3478
33542,20621,955,128,3792
33543,21169,3954,2668,8198
33544,19288,2715,1702,5417
33545,15215,4043,828,7423
33547,23516,1990,1483,4744
33548,5707,527,543,1196
33549,12609,1535,760,3988
33550,0,0,0,0
33556,23075,1537,1746,5004
33558,19847,1330,2794,6395
33559,13471,2150,719,4469
33563,16608,3646,46,10849
33565,14510,266,177,3903
33566,16201,1468,659,7340
33567,8081,1983,198,3824
33569,17058,4112,876,5465
33570,17588,7410,669,10657
33572,17249,2739,771,3639
33573,21944,2614,460,3377
33574,824,578,85,170
33576,5312,400,41,559
33578,30672,11873,1853,16391
33579,23997,10513,1292,10408
33584,16763,3951,1578,7266
33585,1070,46,0,282
33592,8338,1343,293,1866
33594,21735,5723,1575,8770
33596,22188,2461,536,4854
33597,7073,450,0,1021
33598,14352,4006,482,11580
33602,11664,2502,696,4003
33603,11741,4163,146,5861
33604,19776,10024,492,15403
33605,4405,8412,199,4510
33606,18710,1028,690,3079
33607,12180,4949,687,11138
33609,14376,520,875,4978
33610,11838,25350,1727,9697
33611,26647,1745,1653,5240
33612,21067,15259,1024,20868
33613,19433,7553,1824,12612
33614,21186,4953,1896,31947
33615,25161,3938,1646,27832
33616,9545,1840,611,2788
33617,20579,17707,2536,11512
33618,21819,1554,1089,7541
33619,15575,13730,792,13366
33620,3973,742,325,1307
33621,1264,677,2,378
33624,27377,2787,1487,15578
33625,17675,2398,1431,12383
33626,21222,841,3126,6220
33629,22181,694,761,3231
33634,12754,1635,570,14314
33635,14305,882,1459,7348
33637,9112,4021,1421,4931
33647,37469,10980,11682,14668
33701,13838,1858,262,1563
33702,23893,2055,1277,3373
33703,21199,1754,834,2391
33704,14185,610,302,1086
33705,11802,12641,418,1700
33706,14112,271,206,756
33707,21112,1598,298,1920
33708,13889,237,345,584
33709,18906,1218,1129,2921
33710,27757,1364,1849,2714
33711,8279,8735,96,850
33712,6447,17160,78,1038
33713,24261,2334,2387,4229
33714,13340,2695,1688,2247
33715,7284,47,157,396
33716,12574,2449,733,3184
33744,46,25,0,0
33755,16832,5917,704,5308
33756,23312,4748,682,5665
33759,13002,1398,541,2894
33760,13305,3604,1221,3601
33761,15990,488,638,1550
33762,4240,212,209,469
33763,16760,954,436,3557
33764,22855,805,913,2762
33765,10882,1244,932,2470
33767,6925,228,158,185
33770,21122,1890,362,2655
33771,23167,2004,865,3603
33772,20998,510,640,2016
33773,13152,467,1297,1357
33774,16107,1882,129,1420
33776,11706,291,331,959
33777,14603,745,759,1390
33778,11952,984,438,2559
33781,17926,1961,3239,4191
33782,17972,1262,2479,2809
33785,4316,25,216,374
33786,1474,33,34,57
33801,22902,6325,373,6598
33803,22941,2623,506,6061
33805,11866,10538,325,4655
33809,22164,3775,920,5133
33810,36853,5744,1262,10529
33811,19863,1764,261,5197
33812,10746,1645,513,1391
33813,28577,2078,1311,6341
33815,6678,4210,167,3486
33823,28053,3589,587,6985
33825,15489,4541,276,7658
33827,2235,101,12,124
33830,19314,6064,591,5678
33834,4238,753,60,2107
33835,0,57,0,0
33837,20667,6127,677,16642
33838,1972,1014,122,2969
33839,2984,317,67,752
33840,0,0,0,0
33841,5743,838,17,3082
33843,8118,928,45,2534
33844,22208,8213,502,22040
33847,347,8,0,19
33848,353,77,0,269
33849,610,0,0,103
33850,5450,1165,679,1644
33851,587,0,186,238
33852,17514,1142,247,4572
33853,6677,2508,14,3839
33854,167,38,0,308
33855,126,0,0,0
33856,258,19,0,20
33857,1126,0,0,64
33858,145,0,0,36
33859,8260,1107,0,2792
33860,17051,2925,434,8570
33865,834,2,0,372
33867,76,0,0,0
33868,10214,730,60,2560
33870,18164,3329,254,5047
33872,9745,503,470,2635
33873,9551,765,128,6985
33875,9168,401,153,1696
33876,5500,187,40,580
33877,147,122,0,0
33880,27642,7950,568,11871
33881,19344,10671,409,9217
33884,25631,4648,1048,6754
33890,3257,148,82,1851
33896,13113,2219,574,6942
33897,17356,2345,515,11285
33898,13901,1142,34,2839
33901,14032,6058,184,4606
33903,18962,598,237,3186
33904,27812,1115,541,4883
33905,27092,3840,497,12399
33907,16496,2363,733,7584
33908,35357,797,518,2855
33909,25303,2189,487,12413
33912,17009,448,358,1696
33913,21447,1271,657,3105
33914,35014,1419,202,8720
33916,9388,9095,408,8419
33917,27246,520,460,2630
33919,25519,605,631,2188
33920,6298,99,337,790
33921,602,100,4,31
33922,3528,0,11,751
33924,80,49,7,14
33928,26591,637,808,2637
33930,320,0,0,922
33931,8702,35,79,369
33935,16471,565,34,12561
33936,17935,2544,180,11603
33944,186,0,0,0
33946,2570,8,57,83
33947,9528,51,149,190
33948,15320,1251,339,1474
33950,21655,978,346,1308
33952,28042,2237,485,4787
33953,6467,194,76,948
33954,8167,1019,83,988
33955,9304,166,39,1144
33956,3400,18,12,48
33957,6190,45,65,58
33960,435,0,0,163
33965,2859,356,154,506
33966,8031,896,393,1406
33967,20530,947,781,6876
33971,14397,6005,532,13624
33972,9606,2447,122,5733
33973,5525,5641,145,6363
33974,10125,3806,89,9248
33976,8497,3377,182,9931
33980,10419,1036,195,1217
33981,13292,267,141,581
33982,9322,739,81,859
33983,13806,1762,247,1302
33990,25200,1214,1396,8978
33991,20433,874,109,4708
33993,22252,1837,755,8203
34101,0,0,0,0
34102,8983,920,82,828
34103,9849,79,150,1417
34104,18478,853,460,6741
34105,14383,150,728,2239
34108,14834,160,243,1420
34109,21293,962,1227,2900
34110,21681,428,452,2510
34112,21333,2041,156,5354
34113,17481,2771,430,6645
34114,16152,1470,110,3742
34116,16931,4504,280,22077
34117,12692,595,178,8666
34119,27604,413,438,5693
34120,26118,2771,336,14208
34134,14856,100,226,570
34135,37091,818,556,11856
34137,369,0,0,29
34138,1042,0,0,0
34139,122,0,0,21
34140,155,0,0,0
34141,24,35,0,15
34142,13180,6418,62,23239
34145,15013,72,23,1058
34201,3679,32,0,299
34202,22854,549,599,2502
34203,29411,3989,1438,7654
34205,22777,3397,820,6781
34207,26178,2586,222,8657
34208,25646,8154,684,13431
34209,30571,860,398,3432
34210,13834,924,258,2693
34211,14021,383,247,1933
34212,20125,583,1625,1942
34215,656,6,1,20
34216,908,1,0,27
34217,3436,0,30,147
34219,23690,1613,681,1905
34221,36303,8630,593,10557
34222,11367,471,255,2028
34223,17894,33,592,395
34224,14003,86,175,466
34228,7108,38,66,363
34229,7198,63,133,263
34231,28377,1048,342,3363
34232,29123,1388,513,4738
34233,16895,320,438,2756
34234,11956,6441,258,4683
34235,12719,204,24,2550
34236,11646,416,390,717
34237,12288,2380,324,5035
34238,20300,628,328,1485
34239,12722,266,176,1804
34240,13174,27,285,553
34241,14300,79,243,1223
34242,7052,18,127,261
34243,26263,828,1169,4125
34250,478,0,17,0
34251,6788,83,49,876
34266,20102,3544,45,10422
34267,56,0,0,0
34268,38,470,0,18
34269,4594,233,9,539
34275,18172,463,681,815
34285,17011,134,263,924
34286,17571,850,164,2186
34287,23152,770,871,3160
34288,11791,1210,172,1024
34289,3754,645,0,390
34291,6642,706,34,1076
34292,14868,134,488,636
34293,43158,234,874,2235
34420,15652,852,0,1769
34428,8044,151,180,438
34429,8731,369,96,255
34431,7450,251,88,809
34432,10838,414,156,1483
34433,6753,86,20,1114
34434,8509,629,0,1031
34436,6812,266,50,362
34442,15242,386,419,668
34445,0,0,0,0
34446,16785,53,145,1187
34448,10106,291,44,246
34449,3305,47,0,149
34450,8967,126,189,556
34452,12314,33,324,1188
34453,9193,399,248,750
34461,11358,323,26,726
34465,16080,474,399,1460
34470,15855,2525,227,2222
34471,20097,2566,786,4289
34472,18796,6702,456,7560
34473,12193,6093,192,7440
34474,11878,3486,1436,4695
34475,5885,6613,106,2713
34476,18600,2844,575,3902
34479,10415,1707,120,2070
34480,17411,2553,417,3306
34481,20898,1551,252,2496
34482,16536,2883,100,4482
34484,4092,155,488,165
34487,0,0,0,0
34488,10248,564,32,1074
34491,27208,1726,738,3475
34498,626,0,0,0
34601,19571,1520,69,2090
34602,7095,1281,86,887
34604,11192,566,155,1865
34606,22535,1243,144,4986
34607,7488,406,35,1376
34608,27590,1810,679,7382
34609,33786,2695,1057,9019
34610,14198,321,308,2534
34613,16646,409,202,930
34614,7188,169,0,1430
34637,8484,775,469,1493
34638,22491,2020,1416,8984
34639,23423,1297,876,6364
34652,21648,1095,197,3214
34653,28681,2229,519,4607
34654,20665,993,662,2314
34655,39403,1248,1242,3560
34661,216,0,0,19
34667,27109,570,286,2613
34668,39325,1729,544,10678
34669,13006,367,223,1487
34677,17661,1153,958,3287
34679,144,0,0,68
34681,952,0,42,0
34683,30217,404,538,2882
34684,24144,771,1083,2011
34685,14611,851,547,1645
34688,8002,150,328,669
34689,22617,1637,140,2963
34690,9563,790,110,2151
34691,15544,1549,304,3275
34695,15315,1138,388,1382
34698,33081,1550,606,2314
34705,2700,18,7,714
34711,43729,7627,2388,13908
34714,16014,2490,340,8547
34715,15831,2165,1142,6974
34729,36,0,0,0
34731,9653,1272,7,484
34734,2135,742,257,1217
34736,15543,3527,1679,6697
34737,3328,121,0,508
34739,350,0,0,451
34741,20990,4359,1806,39755
34743,17106,4362,1272,33668
34744,27175,5406,2554,39527
34746,28404,7604,1687,26807
34747,17356,1818,941,7918
34748,32077,6728,377,7288
34753,4436,1175,44,2742
34756,3544,156,0,610
34758,18660,10935,394,27400
34759,18688,7200,285,21720
34760,477,456,6,0
34761,22306,9142,2614,14462
34762,284,35,0,18
34769,19739,1409,305,10472
34771,17295,1991,824,9728
34772,17717,2876,809,14942
34773,3405,0,83,1329
34785,11049,5890,163,2725
34786,30178,1634,5020,8874
34787,53953,9230,5536,20058
34788,18154,1298,275,3115
34797,1105,7,0,8
34945,3976,807,9,980
34946,2270,2104,47,1655
34947,3402,7066,609,3121
34949,7448,74,21,503
34950,3944,11856,2,2735
34951,13046,1900,472,1461
34952,29994,4447,1252,8532
34953,45442,15752,1399,23815
34956,4173,2302,114,4477
34957,20496,434,482,1562
34972,13140,2876,46,5971
34974,19201,400,419,4734
34981,4533,1451,12,1213
34982,19809,3218,284,5828
34983,30071,8362,1363,9385
34984,12180,4179,175,3501
34986,19259,4742,764,4724
34987,10557,2415,236,1400
34990,26485,269,877,2597
34994,13169,2670,51,3532
34996,9796,105,65,777
34997,37889,2133,743,7804
35004,9821,1146,6,287
35005,3412,4579,28,19
35006,3137,168,0,1
35007,19949,3960,421,2815
35010,12799,6444,107,899
35013,97,0,0,96
35014,1619,1630,0,0
35016,16243,91,252,876
35019,2150,0,0,73
35020,3133,19588,19,2503
35022,9672,12600,229,528
35023,15967,7770,72,1030
35031,6408,89,13,685
35032,26,3,0,13
35033,3116,2,0,143
35034,2650,2522,0,133
35035,786,19,0,0
35036,21,89,0,0
35040,11621,4976,46,1774
35042,4767,1238,45,149
35043,13137,1020,7,527
35044,5330,2808,103,10
35045,11618,1667,190,921
35046,4937,45,0,103
35049,3584,30,0,457
35051,7574,1667,0,299
35052,217,40,0,0
35053,2906,13,0,29
35054,4533,89,27,0
35055,20671,286,119,813
35057,14434,0,0,372
35058,9056,65,89,1114
35060,129,118,0,0
35061,33,1346,0,0
35062,7636,636,23,37
35063,3277,29,0,28
35064,507,9269,6,25
35068,3840,3395,198,431
35070,121,0,0,0
35071,13816,1907,255,179
35072,2701,1620,11,49
35073,1932,884,0,4
35074,112,0,0,0
35077,12511,469,70,349
35078,1658,379,2,64
35079,8904,64,0,221
35080,15171,2719,153,549
35082,0,0,0,0
35083,3855,1,0,118
35085,7811,609,39,1149
35087,2866,0,0,0
35089,808,849,0,18
35091,3112,156,22,0
35094,12566,1859,47,685
35096,6066,1881,13,294
35097,1902,0,5,352
35098,1125,0,0,46
35111,14555,4071,290,451
35112,0,0,0,0
35114,5898,1903,9,565
35115,12055,2398,130,2328
35116,4915,46,3,108
35117,5116,581,45,272
35118,2215,591,8,98
35119,0,0,0,0
35120,15739,1707,0,383
35121,14829,330,63,2400
35124,18514,2676,931,2748
35125,9070,1066,85,176
35126,14018,6123,448,850
35127,2951,6255,9,138
35128,8397,1292,173,164
35130,2650,257,0,10
35131,2991,222,9,104
35133,2833,63,18,56
35135,1546,315,13,0
35136,1627,326,0,18
35143,2840,108,16,69
35146,10653,1476,0,263
35147,5310,540,3,409
35148,2242,125,0,15
35149,0,77,0,0
35150,10731,5710,0,315
35151,6271,618,64,232
35160,13849,11487,61,1049
35171,3242,136,0,218
35172,2423,141,1,182
35173,26215,3049,241,1097
35175,4771,1,9,156
35176,750,33,0,0
35178,2207,388,0,12
35179,7526,117,0,935
35180,12647,931,35,136
35181,70,0,0,0
35183,972,0,0,127
35184,5175,711,24,197
35185,0,0,0,0
35186,4613,314,36,132
35188,2441,71,0,141
35203,1311,1769,0,158
35204,712,8424,76,151
35205,11820,5312,995,606
35206,4045,11736,112,828
35207,576,5863,0,396
35208,660,13661,0,295
35209,20593,6867,807,1917
35210,8652,3788,52,791
35211,2550,19961,278,1553
35212,2490,7089,117,479
35213,15061,142,158,175
35214,3236,12970,60,231
35215,9187,35700,59,2859
35216,25124,9572,1518,2646
35217,3874,7192,36,1518
35218,434,5548,0,114
35221,146,2837,0,51
35222,5645,2333,55,121
35223,10597,233,130,77
35224,1272,3845,0,95
35226,29121,4901,2335,1362
35228,671,8742,0,359
35229,1581,704,25,24
35233,1248,704,534,184
35234,736,3346,10,107
35235,6156,12837,397,479
35242,45624,5831,2095,1812
35243,16328,1079,440,469
35244,25775,6746,2325,1724
35249,22,20,0,0
35254,1119,589,20,75
35401,17047,19414,804,1739
35404,12131,9845,360,1630
35405,19564,26768,1145,1541
35406,16368,904,1070,695
35441,421,447,0,0
35442,1947,3358,10,626
35443,81,1278,0,0
35444,3617,176,0,101
35446,1951,28,0,72
35447,1689,1225,0,122
35452,3636,128,8,140
35453,8253,2902,76,744
35456,3679,780,11,22
35457,51,0,0,0
35458,830,0,0,0
35459,257,493,0,28
35460,89,750,0,0
35461,1450,553,0,2
35462,918,3248,0,24
35463,842,1288,0,0
35464,170,393,0,0
35466,4455,951,0,164
35469,66,201,0,0
35470,1573,3336,47,44
35473,14655,3772,157,1111
35474,4622,3220,0,84
35475,18103,471,46,282
35476,3509,4452,1,416
35477,14,100,0,0
35480,926,868,0,52
35481,1418,1592,0,73
35487,1021,198,30,220
35490,4556,318,0,397
35491,0,0,0,0
35501,7874,1278,8,725
35503,9549,136,0,120
35504,11666,390,74,792
35540,2190,0,0,0
35541,3811,3,26,19
35542,758,0,0,0
35543,1242,0,0,7
35544,970,15,2,3
35545,133,0,0,0
35546,3949,18,0,49
35548,1918,25,0,16
35549,2808,190,0,32
35550,4858,176,18,49
35552,1068,147,0,0
35553,4654,45,27,116
35554,1213,14,0,23
35555,7692,1961,13,12
35559,35,50,0,0
35563,3081,267,12,306
35564,2008,12,11,28
35565,10053,191,54,657
35570,9561,586,6,143
35571,772,0,0,0
35572,1396,0,0,0
35573,13,0,0,0
35574,1219,113,0,10
35575,1063,11,0,4
35576,3038,423,14,0
35577,0,0,0,0
35578,4755,41,0,96
35579,3450,76,0,0
35580,3162,492,0,29
35581,5592,0,12,270
35582,4199,15,6,238
35584,128,83,0,0
35585,1756,46,0,235
35586,3392,185,0,27
35587,727,0,0,0
35592,3307,644,7,36
35593,1580,5,0,9
35594,6706,259,77,55
35601,19211,10038,121,6925
35603,24840,4323,211,2157
35610,1652,5,24,5
35611,20122,4943,183,2290
35613,18862,1585,240,1651
35614,5627,277,32,532
35615,0,0,0,0
35616,3033,449,0,73
35618,839,879,0,131
35619,4223,187,2,93
35620,10692,243,137,459
35621,3075,0,119,0
35622,6246,38,61,176
35630,23812,6753,261,1810
35632,475,240,110,24
35633,18461,1139,119,297
35634,9538,407,17,154
35640,23912,1576,7,498
35643,2861,801,0,126
35645,12476,313,24,369
35646,2773,1142,0,0
35647,907,57,0,0
35648,3133,0,0,53
35649,92,0,0,1
35650,10506,740,29,292
35651,1300,14,0,5
35652,8565,460,16,73
35653,5850,1065,0,3848
35654,6787,236,20,1469
35660,6739,2156,0,190
35661,14669,2906,121,925
35670,6548,252,51,163
35671,511,921,0,34
35672,3590,808,7,3
35673,6488,256,59,569
35674,16504,2528,90,638
35677,1885,0,5,18
35739,4421,168,47,292
35740,2959,103,0,240
35741,3792,195,0,171
35744,1850,52,0,3
35745,99,0,0,0
35746,627,0,10,50
35747,5886,20,18,154
35748,6563,239,42,128
35749,17425,8167,600,851
35750,11027,2339,467,127
35751,224,0,0,0
35752,1933,101,7,40
35754,4735,29,35,538
35755,397,4,0,7
35756,14819,5396,1469,1143
35757,11305,4737,188,568
35758,34522,7181,3151,3527
35759,7070,2950,313,166
35760,4602,34,5,0
35761,10301,1744,42,446
35763,16979,697,271,415
35764,511,0,4,0
35765,4211,13,63,8
35766,231,0,0,0
35768,10954,403,106,343
35769,8659,506,0,547
35771,2848,0,2,176
35772,3924,560,0,308
35773,10834,2038,126,709
35774,118,0,0,0
35775,473,65,0,0
35776,3519,7,0,25
35801,19349,2438,356,946
35802,17910,3633,435,982
35803,23825,1271,1056,1293
35805,9632,6988,111,4098
35806,16755,7754,892,1563
35808,789,92,40,146
35810,6910,21962,303,1902
35811,19701,7372,300,960
35816,3632,10418,383,1045
35824,5422,2952,401,737
35896,152,323,5,17
35901,10852,5647,30,1489
35903,11122,5668,138,779
35904,10162,2356,146,781
35905,5873,98,61,82
35906,8316,993,355,546
35907,8753,107,0,168
35950,16422,767,50,6235
35951,10709,258,178,3480
35952,8316,23,9,1069
35953,5795,579,21,177
35954,10973,865,3,470
35956,8023,14,6,58
35957,13194,633,15,2952
35958,3255,0,0,0
35959,3922,132,0,99
35960,7902,802,0,77
35961,4438,211,0,1733
35962,6567,34,15,1687
35963,1420,0,0,165
35966,3193,0,21,0
35967,14585,185,35,3151
35968,3579,378,3,852
35971,4596,157,1,356
35972,1286,0,0,0
35973,3226,61,0,24
35974,1531,6,0,81
35975,1371,0,0,0
35976,14973,940,75,1204
35978,5485,0,9,114
35979,690,0,0,0
35980,5405,18,0,1484
35981,1728,0,9,3
35983,3154,0,6,76
35984,1369,0,21,0
35986,7037,64,0,663
35987,1850,67,8,559
35988,1746,5,0,213
35989,2817,3,0,607
35990,0,0,0,0
36003,769,1606,22,12
36005,988,415,58,15
36006,1900,9,0,0
36008,0,0,0,0
36009,1568,474,37,31
36010,3003,1806,10,466
36013,317,69,3,0
36016,1915,2323,52,29
36017,1211,1481,19,466
36020,614,384,11,0
36022,13182,2213,47,186
36024,4831,345,0,34
36025,3907,2985,10,149
36026,1222,56,0,77
36027,6928,6758,46,696
36028,1190,433,0,105
36029,365,408,0,0
36030,204,112,0,0
36031,0,23,0,0
36032,493,1835,0,0
36033,2248,1206,0,47
36034,592,96,0,2
36035,1646,268,0,119
36036,1127,697,0,25
36037,5987,6614,243,275
36038,41,27,76,0
36039,23,238,0,0
36040,477,3257,0,19
36041,1243,257,0,0
36042,1298,0,0,39
36043,2225,1485,0,239
36046,872,379,0,0
36047,326,533,0,0
36048,518,687,0,11
36049,3874,1103,117,201
36051,2043,906,0,161
36052,514,118,0,0
36053,346,2127,9,0
36054,9828,3744,232,1281
36057,10,98,0,6
36064,8516,3093,656,544
36066,16588,3422,596,628
36067,20166,5679,129,1057
36069,1102,749,0,131
36071,352,111,0,0
36075,265,1264,11,91
36078,9888,3081,56,210
36079,6099,2577,8,94
36080,2324,46,0,0
36081,8141,6803,499,142
36082,449,275,89,19
36083,1122,7964,7,79
36088,245,3031,60,86
36089,1517,5463,43,893
36091,3397,393,0,57
36092,14987,4945,179,534
36093,10122,1401,25,384
36101,10,39,0,10
36104,2107,7409,15,193
36105,1169,8308,19,86
36106,6849,7362,282,555
36107,2434,3317,44,1509
36108,1792,12857,60,768
36109,13570,8795,260,1171
36110,1581,8898,208,307
36111,4615,7801,347,289
36112,202,12,16,1
36113,1049,286,10,147
36114,0,0,0,0
36115,580,140,21,296
36116,5884,36501,1322,1135
36117,19322,27876,4341,1185
36130,0,0,0,0
36201,8397,7513,64,403
36203,14017,2743,229,1489
36205,562,508,19,26
36206,5739,3949,213,368
36207,14427,4556,78,635
36250,3495,632,1,0
36251,4366,436,25,300
36255,887,0,0,0
36256,1257,104,1,0
36258,1532,0,9,43
36260,2934,1052,10,330
36262,1710,10,0,19
36263,501,19,0,0
36264,7525,399,15,316
36265,16829,3823,159,668
36266,5032,1067,0,284
36267,222,0,0,16
36268,5237,978,59,59
36269,1240,19,0,0
36271,5737,118,0,184
36272,11872,685,0,389
36273,3106,26,0,94
36274,6877,2998,0,102
36276,2057,536,0,38
36277,4365,747,32,249
36278,3188,777,10,73
36279,2850,38,10,123
36280,3961,111,43,217
36301,23873,11972,255,1708
36303,16176,12253,334,1009
36305,14046,1834,312,827
36310,3876,1910,0,249
36311,2507,162,0,117
36312,4928,801,9,277
36313,80,42,0,0
36314,511,0,0,2
36316,1872,201,22,147
36317,354,311,0,0
36318,1287,3,0,19
36319,2089,277,0,36
36320,2432,689,3,53
36321,1738,198,16,113
36322,4908,2202,174,719
36323,6059,1429,14,146
36330,25987,7560,539,4479
36340,4326,573,117,206
36343,917,429,0,9
36344,4173,807,0,263
36345,6962,1706,101,156
36346,1226,14,0,5
36350,5567,1950,23,197
36351,2877,268,39,251
36352,5159,334,39,20
36353,1302,287,0,61
36360,12991,4732,222,1068
36362,4108,593,146,802
36370,861,82,0,5
36371,396,38,0,0
36373,141,294,0,7
36374,491,50,0,0
36375,6400,632,0,287
36376,1706,501,4,9
36401,2983,4483,12,70
36420,8776,1181,33,424
36421,8040,1174,56,147
36425,146,573,0,0
36426,11672,3221,7,730
36432,1146,526,0,0
36435,136,297,0,0
36436,573,145,0,0
36439,72,10,0,0
36441,2697,596,0,9
36442,2866,459,53,26
36444,355,223,0,0
36445,3639,1317,23,21
36446,267,184,0,0
36451,2682,1647,1,5
36453,2486,2,20,67
36454,30,0,0,0
36455,270,34,0,0
36456,1136,509,9,0
36460,3960,5244,12,5
36467,8380,1396,6,80
36470,0,0,0,0
36471,170,610,12,0
36473,171,0,0,0
36474,2116,321,0,0
36475,1541,559,15,15
36476,40,0,0,0
36477,3791,246,5,134
36480,1367,136,0,0
36481,85,155,0,13
36482,316,486,0,0
36483,574,14,0,4
36502,7933,6609,78,184
36503,541,729,5,34
36505,1092,26,0,0
36507,14990,4628,47,369
36509,790,105,535,21
36511,620,0,0,0
36512,0,20,0,0
36513,222,187,0,0
36518,1948,242,0,46
36521,5107,139,91,104
36522,5333,983,58,41
36523,2765,189,0,219
36524,679,505,2,0
36525,1636,250,4,18
36526,27220,4663,602,1581
36527,16596,1271,291,499
36528,1655,31,0,79
36529,160,3,0,0
36530,5829,35,19,230
36532,32180,1775,256,1477
36535,30960,2434,486,3214
36538,178,217,0,1
36539,408,7,0,65
36540,257,617,0,176
36541,11965,2560,154,208
36542,15705,357,188,753
36543,8,0,0,0
36544,8446,1429,1282,373
36545,3988,4470,69,102
36547,0,0,0,0
36548,672,467,46,9
36549,5766,64,0,118
36550,316,10,0,0
36551,9343,2074,0,659
36553,1207,1198,1,0
36555,1229,0,1,87
36556,0,44,0,0
36558,3056,753,0,140
36559,375,0,0,0
36560,878,1443,27,8
36561,8498,9,137,33
36562,1338,85,0,0
36564,0,0,0,0
36567,12764,934,0,680
36568,85,0,0,0
36569,368,338,0,0
36571,13273,2424,113,75
36572,5582,638,85,237
36574,1545,0,0,21
36575,16886,3634,236,772
36576,3892,81,0,199
36578,1027,0,19,123
36579,969,640,0,26
36580,4773,368,0,1124
36581,232,0,0,0
36582,17617,4305,616,1034
36583,505,0,0,0
36584,418,221,15,0
36585,757,160,0,0
36587,12102,392,11,365
36602,480,309,52,23
36603,1128,7215,12,75
36604,4785,3774,36,160
36605,6355,17925,117,675
36606,7787,10875,108,882
36607,2072,3561,10,48
36608,21299,12227,751,1433
36609,10735,10160,983,984
36610,128,9880,0,45
36611,2855,3147,75,148
36612,229,3648,0,65
36613,5194,6932,0,109
36615,0,0,0,0
36617,364,11666,19,9
36618,4973,11173,423,419
36619,11419,1627,680,1087
36652,38,20,0,0
36663,70,37,0,0
36688,690,853,108,155
36693,12649,4813,517,567
36695,36496,11661,1280,2127
36701,6918,14703,163,430
36703,2523,7460,77,0
36720,6,747,0,0
36722,50,48,0,0
36723,3,452,0,0
36726,1452,3362,0,12
36727,152,13,0,0
36728,152,452,0,0
36732,3668,3958,127,234
36736,205,1208,0,0
36738,180,690,0,8
36740,235,985,0,0
36741,0,0,0,0
36742,1158,1349,0,265
36744,1750,3693,9,14
36748,1688,962,24,25
36749,308,300,0,0
36750,1588,758,0,143
36751,0,416,0,0
36752,732,349,0,0
36753,0,0,0,0
36754,5,279,0,0
36756,1964,3551,7,82
36758,1068,737,0,0
36759,335,1348,0,0
36761,147,602,0,0
36763,103,81,0,2
36764,0,0,0,0
36765,298,830,0,0
36766,10,9,0,0
36767,77,1357,0,0
36768,218,811,0,10
36769,740,1152,4,0
36773,40,243,0,0
36775,271,838,0,0
36776,862,1106,0,0
36782,1094,910,0,0
36783,316,311,0,8
36784,3497,2499,18,52
36785,139,584,0,0
36786,138,1915,0,0
36790,451,83,0,0
36792,736,34,0,30
36793,792,67,0,0
36801,13611,8755,437,1275
36804,12626,5661,551,1145
36830,34231,6677,4194,1303
36832,18303,6828,1890,1230
36849,2635,2417,78,192
36850,665,2019,6,57
36851,0,0,0,0
36852,1731,473,2,18
36853,7055,1298,0,25
36854,10696,4566,34,297
36855,954,376,0,23
36856,3844,4060,10,1453
36858,255,148,2,0
36860,328,1360,5,0
36861,2242,370,13,0
36862,2812,3095,0,126
36863,6300,5746,24,585
36865,12,34,0,0
36866,2272,1584,16,193
36867,12116,7576,488,1329
36869,9502,12008,121,944
36870,14120,3419,184,621
36871,510,517,0,0
36874,8048,2171,18,89
36875,2509,946,0,63
36877,9253,2744,0,364
36879,2024,762,95,307
36901,0,49,0,0
36904,2318,1692,15,99
36907,428,1101,5,5
36908,1718,123,0,0
36910,14,0,0,0
36912,165,1214,0,39
36913,54,0,0,0
36915,482,90,0,0
36916,284,405,0,0
36919,925,823,0,5
36921,765,152,0,0
36922,459,346,0,0
36925,440,2476,5,8
37010,4453,411,51,586
37012,2154,93,9,17
37013,42897,37275,5226,18111
37014,3140,15,0,117
37015,17780,363,30,1191
37016,907,6,0,5
37018,2399,0,65,69
37019,778,25,0,77
37020,4381,222,169,131
37022,5763,117,0,304
37023,1517,9,0,141
37025,5971,2,139,58
37026,2278,0,0,102
37027,52013,2857,4357,2274
37028,412,3,0,4
37029,6573,76,0,323
37030,6819,229,66,213
37031,3726,137,0,145
37032,5520,117,41,166
37033,7580,190,0,279
37034,7056,70,19,144
37035,3459,41,15,50
37036,5851,233,0,188
37037,8090,761,0,296
37040,36189,16196,1594,5391
37042,44873,22549,1946,12492
37043,44850,4862,1638,3128
37046,6165,0,116,291
37047,2125,81,0,24
37048,6105,24,40,132
37049,3535,56,12,107
37050,1444,64,0,112
37051,3694,0,0,94
37052,2180,0,0,143
37055,24807,1679,48,1606
37057,495,43,0,22
37058,7143,64,75,235
37059,1511,15,0,23
37060,2576,108,4,39
37061,4857,265,27,219
37062,11710,355,100,1217
37064,52910,3961,2550,4043
37066,43701,8202,1268,4688
37067,24167,1053,4505,1327
37069,17044,660,370,866
37072,22229,5241,753,2968
37073,13576,169,237,426
37074,9089,1256,80,167
37075,61126,5827,1382,3552
37076,24415,9804,506,2980
37078,550,0,0,0
37079,2490,10,0,29
37080,5787,643,16,220
37082,5144,109,0,91
37083,14464,65,28,1206
37085,4581,256,14,319
37086,19525,9567,1008,7542
37087,43385,4280,769,3092
37090,15076,682,209,998
37091,21093,1453,135,1891
37095,2161,38,32,109
37096,5418,30,186,36
37097,1800,0,0,49
37098,5420,67,0,260
37101,6356,16,0,226
37110,28810,895,176,3360
37115,17933,15248,681,8024
37118,1225,0,41,8
37122,54353,4872,1693,3400
37127,14969,3011,631,1773
37128,52808,10398,3300,3996
37129,46944,7430,2026,3036
37130,40669,10493,1444,5906
37132,1815,767,41,100
37134,2635,10,9,48
37135,18892,1303,1046,1021
37137,2313,8,79,26
37138,19256,2467,370,767
37140,853,583,0,65
37141,1456,45,0,0
37142,1463,13,1,38
37143,3895,37,58,97
37144,2956,61,6,246
37145,2390,0,0,46
37146,6491,394,116,337
37148,22889,814,52,1184
37149,1993,90,0,20
37150,3704,113,0,88
37151,358,36,0,0
37153,5159,57,41,164
37160,27928,2845,0,6531
37165,38,0,0,0
37166,12551,217,62,1558
37167,41934,9473,3587,7721
37171,1492,0,0,0
37172,22591,4098,83,4301
37174,41446,2171,706,3496
37175,817,0,0,0
37178,1923,8,0,15
37179,15297,114,372,769
37180,3982,80,0,0
37181,1401,1,0,47
37183,2944,88,60,38
37184,6393,212,100,74
37185,8112,223,137,243
37186,10537,38,9,133
37187,7116,166,0,117
37188,14912,451,204,685
37189,2006,2004,5,106
37190,8402,171,0,270
37191,4012,61,35,296
37201,1119,118,112,43
37203,11894,4246,1363,1214
37204,13907,1979,663,439
37205,23531,730,255,752
37206,18859,8061,534,1265
37207,11592,23310,298,3914
37208,6992,12329,192,472
37209,25922,7218,2152,2396
37210,7980,5772,749,2810
37211,45726,11412,4009,17251
37212,15240,2620,1891,646
37213,0,16,13,3
37214,21053,7078,1305,2464
37215,19247,446,1314,314
37216,13450,3477,774,1013
37217,15591,10561,454,5389
37218,3391,10443,189,308
37219,1509,0,33,118
37220,5718,163,23,59
37221,35850,3531,1367,2037
37228,724,1323,22,11
37232,0,0,0,0
37238,0,0,0,0
37301,1057,6,1,4
37302,4615,133,239,133
37303,22471,1213,170,1289
37305,688,0,0,17
37306,1977,188,9,74
37307,4489,38,3,43
37308,2600,24,0,24
37309,2222,42,5,5
37310,3882,57,4,164
37311,23101,3021,160,2803
37312,31756,1543,850,2421
37313,1375,0,0,0
37315,1032,176,201,296
37316,0,0,0,0
37317,2571,4,0,202
37318,1986,229,1,24
37321,18191,299,312,1671
37322,7920,240,0,107
37323,28430,532,46,1955
37324,4375,285,91,46
37325,1593,0,0,57
37326,437,4,0,25
37327,11454,83,0,613
37328,1664,0,0,0
37329,6066,22,18,151
37330,6505,108,9,9
37331,6449,362,31,313
37332,1862,35,0,0
37333,403,0,0,60
37334,20063,2057,187,985
37335,2681,0,0,75
37336,4618,113,0,44
37337,822,0,0,0
37338,2832,160,0,141
37339,1654,1,0,55
37340,193,0,14,0
37341,11569,1455,90,266
37342,3914,0,15,64
37343,36856,2650,1084,2577
37345,2315,93,5,103
37347,7332,317,21,274
37348,790,0,0,0
37350,2063,20,14,2
37351,381,0,0,0
37352,3209,191,0,21
37353,4645,87,26,138
37354,15757,196,16,678
37355,26084,924,280,1749
37356,2269,31,44,44
37357,4640,350,0,248
37359,879,55,0,0
37360,1548,12,2,129
37361,1899,0,12,0
37362,3415,0,0,25
37363,33519,3629,472,2415
37365,1842,0,0,0
37366,974,1,0,0
37367,9954,845,20,296
37369,361,26,0,47
37370,4906,26,82,344
37373,3063,15,0,120
37374,1909,4,0,0
37375,3513,61,45,174
37376,288,0,0,3
37377,15545,109,148,124
37379,27423,185,56,300
37380,5610,394,94,31
37381,9839,74,0,186
37383,299,9,3,3
37385,7756,19,72,151
37387,3807,10,0,128
37388,23672,1422,385,1084
37391,1612,0,6,22
37394,62,13,0,3
37396,186,0,0,0
37397,9780,125,20,254
37398,12782,1080,83,1123
37402,1752,2189,17,87
37403,4862,1069,152,265
37404,6434,5460,80,2124
37405,15501,780,645,422
37406,2840,9161,57,634
37407,4369,3029,0,3435
37408,1647,877,52,144
37409,2530,322,211,206
37410,407,2681,0,209
37411,7598,9230,202,1237
37412,16749,2627,276,2930
37415,19836,1421,292,754
37416,6623,6375,127,444
37419,5154,347,216,0
37421,34510,11626,2360,3768
37450,0,0,0,0
37601,32879,2092,599,2050
37604,31641,2050,674,1686
37614,2061,385,131,66
37615,20590,425,287,659
37616,4828,0,219,272
37617,14052,116,17,151
37618,12278,72,9,209
37620,35023,924,121,1165
37640,3404,0,0,14
37641,8897,55,0,40
37642,14320,140,128,275
37643,31662,716,246,1141
37645,5345,21,49,42
37650,12307,37,0,602
37656,3532,1,56,60
37657,982,0,0,0
37658,3645,3,2,30
37659,26168,357,333,598
37660,35613,1452,316,848
37663,12856,30,318,245
37664,27265,463,184,514
37665,5165,153,9,195
37680,431,0,0,64
37681,5907,44,6,10
37682,434,5,11,37
37683,12336,657,29,327
37686,8387,0,269,216
37687,4094,24,0,63
37688,911,0,0,0
37690,4704,36,0,193
37691,513,0,0,0
37692,4487,16,27,446
37694,1928,42,0,103
37701,6963,1065,220,679
37705,5096,0,0,237
37708,6122,185,0,224
37709,3461,101,0,123
37710,1041,0,0,21
37711,5023,0,0,60
37713,1326,0,0,64
37714,4162,0,0,47
37715,742,0,0,0
37716,24249,398,131,543
37719,10,0,0,0
37721,14088,115,22,176
37722,7001,0,23,480
37723,1238,0,0,21
37724,2365,40,163,87
37725,16850,241,138,401
37726,2188,4,0,37
37727,1951,0,0,0
37729,1544,0,0,6
37730,29,0,0,0
37731,630,0,0,0
37732,32,0,0,0
37733,0,0,0,0
37737,5926,41,13,216
37738,4369,186,184,524
37742,6411,33,42,42
37743,22128,413,55,402
37745,18856,680,56,1317
37748,14963,826,36,324
37752,5758,61,111,92
37753,981,3,0,1
37754,3317,26,0,96
37755,2805,28,72,0
37756,3013,27,1,11
37757,10075,25,118,9
37760,12523,420,117,954
37762,2240,66,0,14
37763,15529,315,40,266
37764,10170,0,354,103
37765,734,0,0,16
37766,16906,26,43,585
37769,5175,42,58,130
37770,2827,0,0,0
37771,15384,239,15,3024
37772,12032,214,190,964
37774,18320,239,316,1288
37777,11711,515,33,924
37779,3238,13,4,109
37801,25214,642,189,640
37803,31228,339,11,668
37804,24399,759,416,1587
37806,2675,99,0,104
37807,10624,109,1,33
37809,2099,40,0,155
37810,1986,0,0,86
37811,4079,6,11,174
37813,13727,591,237,3538
37814,29352,1499,296,4224
37818,5121,1,3,9
37819,494,0,0,0
37820,6972,89,35,204
37821,20406,220,149,493
37825,8309,143,15,217
37826,3464,157,120,56
37828,1392,2,8,24
37829,1666,0,0,83
37830,26381,2066,771,1762
37840,9893,0,25,34
37841,9311,12,10,36
37843,4217,210,0,32
37845,405,0,0,0
37846,3872,91,0,522
37847,2864,1,23,0
37848,132,0,0,0
37849,26867,568,82,1290
37851,0,0,0,0
37852,2957,3,0,3
37853,3007,150,0,255
37854,11265,58,261,106
37857,19553,337,60,333
37860,3762,41,0,147
37861,8045,21,10,202
37862,19010,165,342,3493
37863,5286,44,88,1148
37865,23790,45,171,288
37866,1984,0,0,48
37869,4667,37,36,19
37870,3555,0,0,14
37871,9060,25,21,190
37872,2081,0,0,78
37873,4021,36,15,115
37874,13876,515,57,993
37876,29983,480,118,1158
37877,8571,176,47,99
37878,704,0,0,0
37879,11161,28,28,72
37880,3141,66,67,291
37881,1785,0,0,12
37882,2628,48,4,18
37885,5493,156,49,72
37886,4283,0,27,248
37887,5391,1022,42,146
37888,3509,0,12,337
37890,6820,0,10,377
37891,3712,0,0,20
37892,1969,0,0,0
37902,2102,140,64,44
37909,14616,737,517,595
37912,16226,3206,194,1745
37914,11711,7464,121,871
37915,2350,2825,13,82
37916,12151,1087,611,459
37917,18643,3870,123,1448
37918,39047,3095,602,2502
37919,26792,1803,826,1390
37920,36543,2528,592,1701
37921,19137,5932,239,2403
37922,33923,1110,2196,1548
37923,25778,2320,1046,2599
37924,11729,1019,770,763
37929,0,0,0,0
37931,26756,1028,740,1194
37932,18186,444,931,1074
37934,25027,252,1158,789
37938,16371,211,196,197
38001,3163,310,30,587
38002,31795,8224,1045,1569
38004,9588,1340,133,356
38006,4196,625,7,922
38007,0,0,0,0
38008,3000,4853,23,134
38011,8659,1148,13,518
38012,4899,7589,22,469
38015,1926,210,0,26
38016,16220,24343,3175,2353
38017,39922,5806,7011,2320
38018,16531,17621,1949,2391
38019,9533,5419,4,273
38021,10,0,0,0
38023,4823,309,60,127
38024,19772,4206,133,763
38028,5135,1926,56,330
38029,37,0,0,0
38030,219,0,0,0
38034,2618,326,16,119
38036,147,57,0,4
38037,1020,461,0,40
38039,320,1256,0,3
38040,3913,610,0,335
38041,2559,1640,57,173
38042,549,89,0,0
38044,515,10,0,0
38046,10,0,0,0
38047,206,0,0,0
38049,1773,2105,42,39
38050,214,178,0,137
38052,3460,289,63,14
38053,16497,6415,357,1917
38054,81,13,15,24
38057,2412,1031,0,33
38058,8502,857,111,358
38059,7043,590,27,619
38060,8174,3217,36,265
38061,783,212,0,22
38063,8824,6100,20,182
38066,2140,1110,54,194
38067,1434,158,0,11
38068,6975,3157,12,110
38069,1359,1334,0,61
38070,13,54,0,0
38075,3518,3152,13,329
38076,512,231,0,4
38077,0,0,0,0
38079,2880,1372,20,140
38080,1973,399,0,60
38103,8521,3948,831,543
38104,14587,6728,774,930
38105,783,4048,131,119
38106,539,22270,0,283
38107,2547,11283,87,590
38108,3995,10606,0,3705
38109,1209,43019,0,448
38111,16241,21261,901,3991
38112,6041,8233,259,1615
38113,0,0,0,0
38114,1097,20219,50,677
38115,2449,30942,158,3778
38116,2246,37016,11,905
38117,21706,2857,558,1397
38118,3517,30131,403,6425
38119,11436,9556,567,864
38120,11196,1094,721,424
38122,12417,4249,631,7274
38125,5016,33955,1784,2212
38126,416,5477,13,38
38127,4105,34636,178,1271
38128,4900,36154,142,2827
38131,0,0,0,0
38132,14,43,0,0
38133,12578,5848,1120,3001
38134,18887,18667,684,5584
38135,17675,11319,890,1043
38138,21882,1668,1177,607
38139,14442,350,1200,271
38141,1674,20015,0,1901
38152,392,326,0,29
38201,8825,1004,109,336
38220,1618,143,0,99
38221,2923,3,22,91
38222,2139,20,1,92
38224,785,21,0,10
38225,5456,184,0,59
38226,198,0,0,0
38229,2368,31,29,76
38230,3516,182,77,74
38231,1642,117,0,122
38232,2110,0,6,48
38233,2254,194,4,6
38235,154,22,0,18
38236,762,12,0,0
38237,12798,1954,182,592
38240,1606,78,5,56
38241,879,0,0,22
38242,16558,2023,34,456
38251,3020,200,10,161
38253,901,20,0,73
38254,0,0,0,0
38255,2119,57,80,113
38256,2997,0,17,48
38257,3755,363,3,265
38258,1071,242,0,79
38259,652,15,7,0
38260,3534,69,0,19
38261,12100,2671,53,1097
38301,14381,17207,73,1269
38305,30814,17235,896,2665
38310,6217,194,0,59
38311,728,37,0,0
38313,3462,209,0,33
38315,3615,249,0,320
38316,2798,86,0,28
38317,2145,100,42,15
38318,415,58,0,0
38320,9977,242,148,181
38321,2571,165,10,6
38326,2607,0,0,14
38327,557,7,0,7
38328,948,0,0,12
38329,2862,71,0,203
38330,3084,591,5,95
38332,1014,0,0,51
38333,176,0,0,0
38334,1628,88,0,114
38337,1085,115,5,12
38338,78,0,0,1
38339,316,106,0,0
38340,9914,1784,29,462
38341,2120,59,6,25
38342,1217,50,0,25
38343,10817,3672,35,1032
38344,7262,868,0,292
38345,1457,0,0,51
38347,544,0,0,0
38348,546,110,0,74
38351,15642,1887,35,574
38352,712,0,0,0
38355,7258,300,79,303
38356,2448,182,0,5
38357,3234,64,0,114
38358,9527,2088,17,36
38359,305,11,0,2
38361,1106,44,0,0
38362,707,144,13,116
38363,5149,162,6,182
38365,0,0,0,0
38366,2245,103,1,36
38367,2572,129,0,9
38368,1933,25,0,0
38369,1474,110,16,21
38370,836,91,0,13
38371,925,0,0,30
38372,16242,481,23,612
38374,1945,5,0,47
38375,7005,915,146,74
38376,203,50,0,0
38379,1595,1,0,0
38380,332,0,0,0
38381,1181,460,0,8
38382,6052,1413,2,135
38387,341,0,0,14
38388,1177,120,2,21
38389,55,0,0,0
38390,1040,176,0,2
38391,471,1147,0,13
38392,626,122,0,35
38401,51824,8482,458,4681
38425,2660,513,0,120
38449,3051,130,20,83
38450,2689,3,0,116
38451,4008,25,50,74
38452,788,16,0,0
38453,336,0,0,0
38454,906,14,0,0
38455,114,43,0,0
38456,4612,0,0,94
38457,604,0,0,14
38459,313,0,0,147
38460,1648,11,0,24
38461,1213,0,0,0
38462,9507,48,136,234
38463,2685,0,0,35
38464,21115,513,100,803
38468,5395,104,61,127
38469,4199,0,0,121
38471,239,0,0,0
38472,2436,4,2,0
38473,1017,12,1,11
38474,7287,1177,10,16
38475,732,0,0,0
38476,1146,0,0,0
38477,2627,302,0,0
38478,14532,2297,29,800
38481,828,8,21,6
38482,1607,8,10,37
38483,6389,104,0,177
38485,5824,254,22,86
38486,1183,0,0,0
38487,721,25,28,0
38488,1800,0,22,31
38501,36121,1393,510,3604
38503,0,0,0,0
38504,541,8,0,0
38505,767,70,35,11
38506,27550,236,286,1215
38541,1693,2,0,0
38542,0,0,0,0
38543,382,0,0,30
38544,6955,45,1,263
38545,1281,33,0,2
38547,1665,4,0,13
38548,1110,6,9,0
38549,3939,14,0,101
38550,0,0,0,0
38551,3889,53,43,49
38552,235,0,0,0
38553,2557,2,7,43
38554,757,0,0,1
38555,19964,348,44,1270
38556,11190,23,32,291
38558,9029,53,64,202
38559,1293,0,0,12
38560,1465,0,24,8
38562,6422,52,0,75
38563,2311,65,0,86
38564,343,0,0,8
38565,991,0,21,0
38567,971,0,0,0
38568,1732,0,0,0
38569,309,0,0,0
38570,9539,267,57,189
38571,13867,37,31,144
38572,11127,91,8,345
38573,1918,0,0,17
38574,8007,62,0,745
38575,747,0,0,162
38577,1556,5,0,10
38578,150,10,0,0
38579,1360,0,0,195
38580,1495,0,0,0
38581,3551,14,14,307
38582,1917,0,0,0
38583,23871,538,114,458
38585,4461,8,0,18
38587,1037,0,0,76
38588,1093,0,0,0
38589,248,0,0,0
38601,1491,736,27,0
38603,2059,527,30,43
38606,8066,6873,104,121
38610,1394,1114,0,267
38611,11076,4464,31,1204
38614,2900,12785,40,350
38617,103,698,0,2
38618,7509,3409,11,610
38619,2870,3052,0,25
38620,1390,2226,0,25
38621,582,1244,0,0
38622,398,306,0,0
38623,15,142,0,0
38625,1781,0,0,0
38626,581,380,0,0
38627,1437,2,0,0
38629,1770,34,0,37
38631,14,1261,0,0
38632,24393,3761,261,726
38633,2420,108,0,51
38635,3938,11065,10,54
38637,11572,11946,374,2356
38639,0,611,0,0
38641,1577,294,5,138
38642,777,1112,0,0
38643,228,1070,0,15
38644,0,74,0,0
38645,421,498,0,19
38646,678,1907,8,2
38647,204,418,0,145
38650,3932,660,36,13
38651,6009,2039,32,729
38652,10429,2991,33,1234
38654,34757,16943,1035,2569
38655,31612,11348,985,1054
38658,1789,199,0,24
38659,1648,177,0,158
38661,861,617,0,0
38663,9263,1331,0,716
38664,459,2731,0,94
38665,2980,67,0,74
38666,2499,3019,0,20
38668,8609,5052,8,262
38670,94,891,0,9
38671,20174,14378,299,2014
38672,9713,4874,286,666
38673,563,379,52,0
38674,853,525,0,0
38676,1039,4563,0,35
38677,3246,648,212,403
38680,3107,2583,82,495
38683,3285,192,0,57
38685,849,261,0,36
38701,5823,15415,345,145
38703,1831,9651,0,80
38720,406,239,0,10
38721,225,615,0,0
38722,10,247,0,0
38723,41,0,0,0
38725,509,614,18,25
38726,38,322,0,0
38730,1058,387,0,1
38731,20,0,0,0
38732,6402,9081,213,470
38733,18,17,0,0
38736,212,273,0,0
38737,528,2373,0,89
38738,980,1935,7,1
38740,129,240,6,0
38744,119,164,0,187
38745,22,207,0,0
38746,27,361,0,24
38748,694,2341,0,0
38751,1960,8370,0,87
38753,569,750,0,11
38754,289,853,0,0
38756,2438,3461,19,373
38759,767,519,0,31
38760,26,939,0,0
38761,380,1489,9,115
38762,0,2186,0,0
38764,96,165,9,0
38765,0,69,0,0
38767,35,89,0,0
38768,17,42,0,0
38769,265,1633,0,89
38771,370,2319,0,4
38772,61,39,0,0
38773,705,2173,0,58
38774,57,1728,0,0
38776,0,0,0,0
38778,214,1026,0,179
38781,0,134,0,0
38801,13675,13628,212,1787
38804,11079,5036,90,119
38821,9883,1955,13,309
38824,5759,1623,116,109
38826,3507,1210,0,220
38827,3027,0,30,393
38828,3976,835,0,34
38829,14787,1623,567,130
38833,2115,29,0,12
38834,22469,2844,137,1117
38838,1207,0,0,114
38839,4,18,0,0
38841,2659,447,0,682
38843,9633,1334,49,105
38844,242,0,0,0
38846,1819,0,6,26
38847,3950,4,18,128
38848,932,0,0,0
38849,4338,543,16,200
38850,1776,924,12,84
38851,5109,3545,18,780
38852,8005,141,0,85
38855,4729,57,0,179
38856,1563,0,0,14
38857,4377,61,63,0
38858,4897,1391,0,97
38859,675,0,0,27
38860,2781,3253,0,0
38862,1427,962,0,0
38863,13573,3086,0,1483
38864,2064,0,0,29
38865,3923,612,2,165
38866,10132,1182,406,138
38868,2869,1905,0,123
38869,267,17,0,0
38870,2355,35,0,22
38871,2160,54,0,10
38873,2375,79,67,23
38876,1232,0,0,1
38878,1706,373,0,450
38879,15,41,0,0
38901,9131,8684,31,43
38913,493,0,0,0
38914,397,281,0,0
38915,2393,943,0,0
38916,2405,1725,0,337
38917,2371,1273,0,0
38920,280,213,0,0
38921,1808,2988,2,29
38922,1712,1330,9,0
38923,345,565,0,0
38924,51,313,0,0
38925,986,817,0,8
38927,693,565,0,0
38928,9,275,0,0
38929,1201,889,0,0
38930,6040,16638,95,800
38940,1214,205,0,50
38941,292,3206,2,12
38943,251,229,0,0
38944,64,169,0,0
38946,26,160,0,0
38947,22,0,0,0
38948,1394,784,4,238
38949,298,0,0,0
38950,375,390,0,0
38951,480,317,0,69
38952,248,158,0,0
38953,175,0,0,0
38954,540,364,0,0
38957,218,320,0,27
38961,424,136,0,0
38962,0,0,0,0
38963,546,2584,6,184
38964,46,0,0,0
38965,5910,2782,0,95
38966,84,476,0,0
38967,3644,3169,0,9
39038,680,4718,13,24
39039,1340,868,0,0
39040,2372,903,0,0
39041,462,2907,2,62
39042,30279,7283,51,737
39044,1531,1135,0,145
39045,116,1271,0,0
39046,9934,17818,178,979
39047,31882,6033,642,1039
39051,7296,6171,64,1067
39054,85,301,0,28
39056,14467,11699,948,500
39057,1234,59,10,0
39058,138,282,7,0
39059,5073,6597,25,347
39061,0,0,0,0
39062,351,169,0,6
39063,563,2287,0,39
39066,1481,3347,0,48
39067,911,126,0,0
39069,257,4176,33,387
39071,3599,2941,31,0
39073,16777,3494,0,728
39074,7316,5269,28,2175
39078,539,247,0,137
39079,496,988,11,21
39082,441,405,47,0
39083,2265,6000,0,435
39086,231,1383,11,0
39088,19,0,0,0
39090,6406,5429,16,437
39092,1902,1473,0,22
39094,2353,992,16,2
39095,1099,5155,22,10
39096,210,2157,0,152
39097,25,260,0,0
39108,939,746,0,19
39110,35645,7705,1992,724
39111,6337,2081,0,371
39113,8,233,0,0
39114,5488,4097,102,0
39115,14,97,0,0
39116,2493,46,47,12
39117,5968,2683,0,1091
39119,3161,2733,28,126
39120,11304,15834,264,2138
39140,1130,1414,0,8
39144,107,733,0,0
39145,4454,949,0,38
39146,291,2835,0,0
39148,15,0,0,0
39149,379,839,0,0
39150,773,4314,0,4
39152,919,201,0,0
39153,1774,737,7,37
39154,5516,3704,21,147
39156,669,0,0,0
39157,12115,10175,759,1666
39159,905,2239,0,12
39160,786,1831,0,0
39162,165,26,0,0
39166,443,273,0,0
39167,0,0,0,0
39168,3076,2563,0,93
39169,124,2982,0,8
39170,4767,4299,2,17
39173,0,0,0,0
39174,115,558,4,12
39175,1259,2420,0,13
39176,1535,993,0,11
39177,79,0,0,0
39179,280,643,0,74
39180,12946,15462,172,657
39183,7253,6126,114,297
39189,1894,1557,0,3
39191,5976,1436,28,104
39192,1100,709,21,0
39193,410,362,0,2
39194,6063,14113,12,1012
39201,157,528,0,8
39202,2862,3576,41,80
39203,270,4616,25,0
39204,760,12741,0,327
39206,2707,19366,51,462
39208,19603,11563,502,1168
39209,1592,23949,100,393
39210,266,361,42,11
39211,9345,13131,198,450
39212,2865,26045,7,545
39213,306,19162,7,312
39216,2424,761,44,7
39217,243,2098,12,21
39218,4923,1355,152,233
39232,5979,2453,593,347
39269,0,0,0,0
39272,2883,10430,187,185
39301,12969,9345,61,608
39305,12205,8107,329,517
39307,4216,11100,94,38
39309,115,109,31,38
39320,1226,165,0,0
39322,1002,757,0,0
39323,1293,64,0,39
39324,0,0,0,0
39325,4928,687,14,0
39326,180,94,0,0
39327,2769,1335,11,328
39328,1568,3091,0,37
39330,2558,470,13,95
39332,1404,385,1,1
39335,1403,535,11,90
39336,562,338,27,9
39337,1554,0,0,0
39338,1590,1577,2,0
39339,6617,7281,19,207
39341,1507,5172,0,28
39342,770,1296,0,285
39345,2021,3343,0,65
39346,1456,590,0,20
39347,661,428,0,0
39348,11,322,0,0
39350,11930,6178,172,47
39352,330,131,0,0
39354,813,1282,0,0
39355,3977,1823,0,117
39356,238,173,0,0
39358,485,694,3,31
39359,192,65,0,8
39360,1243,2529,0,29
39361,341,1087,0,0
39362,1662,1633,0,0
39363,863,435,0,0
39364,2063,580,0,70
39365,6329,1916,52,8
39366,228,902,0,0
39367,7922,5462,8,723
39401,17329,21957,464,1095
39402,27726,13188,664,1936
39406,1129,739,31,98
39421,720,1909,0,0
39422,1961,2911,0,0
39423,1669,646,206,29
39425,2484,32,0,45
39426,15900,735,154,400
39427,1093,106,0,0
39428,5360,3428,5,103
39429,10103,5280,15,152
39437,10125,2398,61,724
39439,841,3393,0,132
39440,6704,12938,112,761
39443,18993,2375,37,644
39451,4868,2562,0,94
39452,25447,1890,159,900
39455,7239,1308,24,100
39456,486,83,1,48
39459,3534,151,0,774
39461,541,0,0,0
39462,1036,114,0,23
39464,2838,16,0,463
39465,19498,2582,143,678
39466,21482,4871,85,1209
39470,10376,1485,2,226
39474,1983,3920,0,22
39475,12027,1799,181,536
39476,5923,375,0,273
39477,527,29,0,12
39478,1835,626,0,98
39479,4588,705,0,249
39480,2040,73,3,0
39481,1432,76,0,0
39482,9796,1029,0,159
39483,4000,1302,0,172
39501,7622,14490,155,960
39503,31639,15459,865,3039
39507,12370,4454,302,1063
39520,12286,1688,145,311
39525,8298,177,51,781
39529,0,0,0,0
39530,4345,2374,416,1030
39531,12611,3740,373,1738
39532,26576,5298,1269,1485
39534,1168,293,107,410
39540,8580,2186,1177,722
39553,9864,5646,391,2222
39556,7314,38,4,333
39560,15278,1575,385,523
39561,1612,0,0,0
39562,15160,718,8,175
39563,2258,9025,7,493
39564,32495,3659,1920,3342
39565,17562,1429,553,873
39567,5886,3380,0,687
39571,10782,2231,113,746
39572,754,261,20,0
39573,8099,481,94,476
39574,12764,533,70,95
39576,4938,938,4,186
39577,8038,2515,0,238
39581,5375,4712,191,2207
39595,26,3,3,0
39601,14638,8497,177,439
39629,5472,1167,15,23
39630,482,522,0,0
39631,1290,2886,0,46
39633,501,243,0,62
39635,101,0,0,0
39638,1452,1916,4,7
39641,3953,1848,0,50
39643,696,754,0,0
39645,2418,1769,0,2
39647,163,512,0,0
39648,7346,12138,150,334
39652,3296,4886,11,243
39653,1838,684,0,1
39654,3004,1823,25,241
39656,241,537,0,0
39657,760,611,0,11
39661,1842,967,0,1
39662,1100,251,0,0
39663,1233,1005,0,1
39664,1596,413,0,0
39665,660,307,0,0
39666,7073,4006,42,54
39667,5222,4380,39,311
39668,385,1052,0,0
39669,1353,3078,0,45
39701,4197,7800,31,271
39702,10874,12334,124,154
39705,7354,3633,457,695
39730,5270,5765,0,36
39735,2543,1112,2,50
39736,19,324,0,0
39737,129,188,0,0
39739,792,1320,0,0
39740,4688,666,73,225
39741,973,339,0,0
39743,340,1510,0,4
39744,4203,1390,59,68
39745,480,237,59,35
39746,2276,483,81,53
39747,849,633,0,10
39750,2355,813,0,58
39751,916,500,0,11
39752,2270,79,17,72
39753,0,0,0,0
39755,299,260,0,26
39756,290,1626,0,0
39759,23748,16593,1493,832
39762,3059,1035,103,75
39766,2591,569,0,70
39767,588,47,0,0
39769,1241,167,3,40
39771,126,0,4,0
39772,985,971,0,24
39773,5624,8937,7,3
39776,797,366,0,13
39813,722,1091,160,50
39815,484,875,0,254
39817,5127,5373,33,297
39819,5929,5116,107,932
39823,3731,4748,0,119
39824,408,179,0,0
39825,1874,73,0,29
39826,309,206,106,32
39827,4095,677,0,453
39828,7056,6170,55,2305
39832,3,0,0,0
39834,1687,173,1,451
39836,346,193,0,0
39837,3982,1855,36,173
39840,1172,3173,11,182
39841,202,566,0,80
39842,2479,4908,106,238
39845,5048,2910,56,287
39846,617,954,0,143
39851,437,1378,44,12
39854,1082,1209,0,83
39859,730,123,1,14
39861,673,215,0,3
39862,417,404,0,29
39866,608,1254,0,120
39867,132,195,0,0
39870,935,700,124,24
39877,257,164,0,0
39885,4,15,0,0
39886,528,682,0,27
39897,2600,631,14,295
40003,1890,93,0,0
40004,26905,2069,236,881
40006,4728,22,47,192
40007,18,0,0,0
40008,3541,53,3,115
40009,1480,0,0,130
40010,402,18,0,54
40011,2303,52,1,51
40012,745,3,0,72
40013,5862,70,0,59
40014,21104,386,231,1074
40019,3313,121,30,281
40020,200,0,0,0
40022,641,47,0,39
40023,6019,0,178,129
40025,450,0,27,55
40026,5595,208,143,215
40031,21928,1662,93,897
40033,10255,1189,123,514
40036,225,0,0,0
40037,2740,7,0,0
40040,556,0,15,0
40041,451,43,0,0
40045,2994,3,8,165
40046,1362,0,0,0
40047,21451,66,105,673
40049,114,0,0,0
40050,1760,35,53,20
40051,4508,40,6,34
40052,611,0,0,0
40055,2226,20,0,33
40056,3158,103,40,50
40057,3738,45,0,45
40058,20,20,0,0
40059,18331,628,1217,439
40060,1336,0,0,0
40061,256,2,0,0
40062,103,0,0,0
40063,422,155,0,36
40065,24916,2089,484,3849
40067,5731,212,22,373
40068,2444,81,0,122
40069,6483,645,41,45
40070,325,0,0,27
40071,15331,341,71,475
40075,1084,0,0,20
40076,2564,10,0,335
40077,522,0,0,21
40078,2873,4,7,19
40104,991,0,0,43
40107,2029,0,0,0
40108,11423,116,150,361
40109,2107,15,0,0
40110,458,0,0,0
40111,1945,0,0,20
40115,654,0,0,56
40117,2164,78,0,35
40118,8298,242,132,1574
40119,1858,0,0,20
40121,5045,1612,244,2245
40140,623,63,0,4
40142,2232,89,0,0
40143,6148,75,0,176
40144,1025,0,0,0
40145,786,35,0,30
40146,3299,161,0,106
40150,4404,36,30,80
40152,906,0,0,0
40155,1138,37,0,87
40157,1015,0,0,138
40160,14381,6138,606,1939
40161,172,0,0,0
40162,5073,42,0,178
40165,35818,764,121,614
40170,951,0,0,0
40171,190,0,0,0
40175,12849,1293,232,357
40176,763,0,0,0
40177,1429,0,0,49
40178,487,0,0,0
40202,3523,3144,257,304
40203,7972,9022,83,380
40204,12342,957,313,618
40205,23102,615,275,340
40206,16396,2221,646,760
40207,26045,899,907,799
40208,9257,4021,249,774
40209,398,0,0,121
40210,1350,12750,9,447
40211,858,19734,9,200
40212,5719,9216,0,196
40213,10614,3279,43,2313
40214,26657,10877,3236,5346
40215,10514,6571,480,1142
40216,20331,18514,857,2780
40217,10436,789,470,391
40218,15646,12067,1472,4511
40219,21966,9814,352,7938
40220,26336,4591,1594,1613
40221,0,0,0,0
40222,16822,1717,1425,598
40223,20125,1702,756,529
40228,12493,2972,449,1449
40229,30477,4681,663,3439
40231,0,0,0,0
40241,23472,3167,1858,1621
40242,8732,1707,545,556
40243,10210,768,494,204
40245,30492,3689,2653,1033
40258,18474,6065,334,1608
40272,31213,3863,253,1878
40280,174,36,0,8
40291,29875,7295,913,2586
40299,33769,4322,1048,1549
40310,527,13,0,0
40311,7352,60,0,0
40312,5876,0,0,182
40313,2544,26,0,105
40316,434,0,0,0
40322,3287,12,0,85
40324,43902,2607,535,2722
40328,1088,0,0,6
40330,18560,786,23,747
40334,50,0,0,0
40336,12065,17,100,118
40337,5360,3,5,106
40339,49,197,0,1
40342,21962,728,28,514
40346,728,4,0,2
40347,3498,154,0,68
40348,454,78,0,8
40350,79,0,0,0
40351,21661,479,200,439
40353,20677,752,113,730
40355,209,0,0,0
40356,39598,1816,491,1957
40357,109,0,0,0
40358,718,97,0,0
40359,6850,113,17,28
40360,6936,62,0,79
40361,15690,918,24,1443
40363,19,0,0,0
40370,2761,0,0,0
40371,2894,0,8,17
40372,2322,0,19,0
40374,2224,57,9,132
40376,41,0,0,0
40379,3601,31,0,42
40380,6563,35,0,77
40383,21708,880,100,1783
40385,2240,0,0,0
40387,1805,0,23,64
40390,7076,288,229,92
40391,33313,1422,232,1231
40402,2540,3,0,0
40403,24210,417,42,878
40404,719,134,21,56
40409,3529,0,0,6
40419,4495,13,0,77
40422,21397,2478,235,886
40434,0,0,0,0
40437,4681,0,15,22
40440,2132,9,0,96
40442,721,6,0,6
40444,12999,400,0,399
40445,926,0,0,0
40447,7608,25,10,140
40448,0,0,0,0
40456,8305,16,13,136
40460,1156,0,0,0
40461,2370,10,27,42
40464,953,0,0,0
40468,1965,53,0,66
40472,1451,3,3,0
40475,57434,3076,739,1660
40481,222,0,0,0
40484,11186,383,65,331
40486,2406,0,0,0
40489,4147,0,0,0
40502,23945,1091,926,1170
40503,23452,701,1881,1383
40504,16885,4800,489,4029
40505,18593,4989,156,2207
40507,1698,276,9,89
40508,16104,6176,669,1911
40509,31152,6599,3046,2554
40510,1546,359,13,104
40511,20083,9415,931,4448
40513,8114,281,1964,356
40514,14400,761,1051,662
40515,28687,2787,1512,2142
40516,2178,340,12,88
40517,23422,8588,532,2432
40526,1355,220,85,77
40536,0,0,0,0
40601,42286,4530,882,1993
40701,28831,146,44,554
40729,6001,24,0,287
40734,3106,10,0,4
40737,1707,0,0,0
40740,3888,0,0,15
40741,23680,96,90,265
40744,17482,229,58,191
40759,2528,7,0,0
40763,434,0,0,0
40769,17333,233,67,426
40771,1524,0,0,79
40801,0,0,0,0
40803,95,0,0,0
40806,1596,0,0,20
40807,491,0,0,2
40808,20,0,0,0
40810,1258,3,0,4
40813,297,0,0,0
40815,602,64,6,0
40816,0,0,0,0
40818,140,0,0,0
40819,914,0,0,0
40820,313,0,0,0
40823,3551,62,4,14
40824,825,0,0,0
40826,416,0,0,0
40827,777,0,0,0
40828,4286,129,0,17
40829,24,0,0,0
40830,259,0,0,0
40831,4766,154,52,3
40840,447,11,0,0
40843,64,0,0,0
40844,88,0,0,0
40845,584,0,0,0
40847,74,0,0,0
40849,17,0,0,0
40854,966,11,0,9
40855,577,125,0,6
40856,868,0,0,13
40858,171,0,0,0
40862,601,0,0,0
40863,465,0,0,0
40865,288,0,2,4
40868,1026,0,0,0
40870,622,0,0,0
40873,2319,0,58,0
40874,115,0,0,0
40902,506,0,0,0
40903,781,0,0,0
40906,11313,205,26,51
40913,408,19,0,20
40914,703,0,0,0
40915,883,10,0,12
40921,150,0,0,0
40923,625,0,0,0
40927,767,0,0,0
40935,2098,0,0,0
40939,137,0,0,0
40940,294,0,0,0
40941,145,0,0,0
40943,733,0,0,0
40946,55,0,0,0
40949,483,0,0,0
40953,327,0,0,7
40958,584,0,0,0
40962,15984,833,11,229
40964,20,0,0,0
40965,10848,325,28,250
40972,1479,0,0,1
40977,8450,144,0,25
40979,0,0,0,0
40981,0,0,0,0
40982,300,0,0,108
40983,298,0,0,0
40988,375,0,0,41
40995,40,0,0,0
40997,347,0,0,0
41001,17947,197,337,331
41002,2461,27,0,0
41003,2590,0,0,26
41004,3691,66,14,0
41005,22384,356,613,1177
41006,3387,29,23,51
41007,4586,2,1,38
41008,6560,336,0,648
41010,2959,0,0,95
41011,20504,3112,364,2671
41014,5509,397,66,681
41015,19222,529,24,548
41016,5155,199,0,319
41017,37828,1287,725,817
41018,24345,1582,469,726
41030,5944,211,33,0
41031,15344,389,0,454
41033,1841,0,27,0
41034,1062,0,0,49
41035,10692,0,24,704
41039,2830,37,0,20
41040,7083,41,12,148
41041,7195,70,61,231
41042,45232,3993,1447,2912
41043,1436,22,0,18
41044,1474,0,0,0
41045,1246,12,0,31
41046,1778,0,0,28
41048,14711,166,312,1071
41049,1946,25,11,4
41051,30258,301,486,301
41052,185,5,0,0
41055,1642,18,0,85
41056,11813,1138,95,290
41059,3093,18,2,0
41063,2598,0,20,39
41064,2042,7,0,39
41071,17162,1352,120,812
41073,5259,58,8,250
41074,5083,149,7,157
41075,16030,284,221,242
41076,15974,390,216,206
41080,1519,0,0,0
41083,1685,18,0,0
41085,900,4,0,80
41086,1587,6,0,263
41091,22710,369,683,386
41092,3087,0,0,63
41093,2703,0,7,2
41094,13626,0,96,557
41095,3265,222,6,233
41097,6408,24,7,12
41098,1137,0,0,0
41101,16529,342,265,739
41102,19830,601,65,213
41121,1750,0,0,52
41124,1093,0,0,0
41129,8604,90,0,10
41132,510,0,0,0
41135,284,0,0,0
41139,7986,60,44,49
41141,2366,0,0,0
41142,123,0,0,0
41143,13092,107,30,59
41144,9101,90,12,242
41146,341,0,0,0
41149,445,0,0,0
41159,544,0,0,0
41164,11727,5,0,171
41166,1010,0,0,0
41168,3781,17,0,73
41169,5111,29,8,0
41171,4620,213,0,9
41174,798,0,0,0
41175,5424,5,0,11
41179,6776,4,0,4
41180,751,0,0,0
41181,93,0,0,0
41183,1577,91,3,59
41189,2006,0,24,0
41201,250,0,0,0
41203,566,2,0,0
41204,708,0,0,21
41214,809,705,10,206
41216,1401,0,0,6
41219,1882,0,0,0
41222,2808,4,0,0
41224,3276,0,0,0
41226,322,0,0,0
41230,12110,31,66,245
41231,1062,0,0,0
41232,641,0,0,0
41234,521,0,0,0
41238,781,0,0,0
41240,6280,23,141,13
41250,870,0,0,0
41254,701,0,0,0
41255,609,0,0,0
41256,2058,0,0,34
41257,708,0,0,0
41260,733,35,79,0
41262,1417,0,0,0
41263,320,0,0,0
41264,705,0,0,0
41265,911,41,0,54
41267,1512,32,0,0
41268,1009,0,49,0
41271,219,0,0,0
41274,477,0,0,0
41301,5657,6,5,0
41310,0,0,0,0
41311,6009,149,10,171
41314,4116,54,6,30
41317,467,0,0,0
41332,1041,0,0,0
41339,10234,132,102,119
41348,1154,8,0,8
41351,10,0,0,0
41352,485,0,0,0
41360,426,4,0,0
41364,76,0,0,0
41365,555,0,0,0
41366,38,0,0,0
41367,312,0,0,0
41385,564,0,0,0
41386,7,0,0,0
41390,85,0,0,0
41397,146,0,0,0
41408,441,0,0,0
41421,288,0,0,0
41425,1161,40,0,50
41464,363,0,0,0
41465,10587,4,48,152
41472,9614,523,110,102
41501,21958,275,248,322
41503,350,0,0,0
41512,498,34,0,0
41513,379,0,0,0
41514,2484,0,3,48
41517,35,0,0,0
41519,603,0,0,14
41522,4927,100,0,8
41524,354,0,0,0
41526,50,0,0,0
41527,658,0,0,0
41528,252,0,0,67
41531,879,0,14,0
41534,169,0,0,0
41535,685,0,0,31
41537,3451,6,0,0
41538,340,0,0,0
41539,1347,0,0,54
41540,342,0,0,0
41543,493,0,0,0
41544,448,0,11,23
41547,564,0,0,12
41548,1068,0,0,0
41553,2326,10,0,0
41554,849,0,16,0
41555,1249,0,0,0
41557,2082,0,0,0
41558,857,0,14,0
41559,245,0,0,0
41560,240,0,0,0
41562,2065,0,0,0
41563,319,0,0,0
41564,558,0,0,0
41566,431,33,0,0
41567,67,0,0,0
41568,727,0,0,0
41571,557,0,0,0
41572,3153,0,0,0
41601,542,0,3,0
41602,821,0,0,0
41603,1611,18,0,0
41604,368,0,0,21
41605,714,0,0,0
41606,472,0,0,0
41607,314,0,30,0
41612,187,0,0,0
41615,583,0,0,0
41616,567,0,0,0
41619,289,0,56,0
41621,165,0,0,0
41622,93,0,0,0
41630,992,0,0,0
41631,786,0,0,0
41632,416,0,0,0
41635,3111,0,0,0
41636,728,0,0,0
41640,1066,0,0,0
41642,960,0,0,0
41643,129,0,0,0
41645,1103,0,0,0
41647,1018,37,0,25
41649,2252,0,3,0
41650,453,0,0,0
41651,181,0,0,0
41653,10401,154,32,17
41655,1087,0,0,0
41659,856,0,0,0
41660,307,0,0,0
41663,214,70,8,0
41666,865,3,0,5
41667,453,0,0,0
41669,866,20,0,0
41701,15439,101,211,206
41712,515,0,0,0
41713,0,0,0,0
41714,651,0,0,0
41719,1334,0,0,0
41721,453,10,0,41
41722,1133,0,0,85
41723,1158,0,0,48
41725,482,0,0,0
41727,1576,0,0,0
41729,34,0,0,0
41731,821,0,0,0
41735,125,0,0,0
41739,21,0,0,0
41740,943,0,0,0
41745,554,0,0,0
41746,493,121,0,20
41749,2103,33,26,73
41751,209,0,0,0
41754,476,0,0,0
41759,478,44,0,0
41760,348,1,0,0
41762,88,0,0,0
41763,589,0,0,0
41764,375,0,0,0
41766,394,0,0,0
41772,319,0,0,0
41773,1230,39,0,0
41774,2259,0,0,14
41775,232,0,0,0
41776,1940,0,0,0
41777,1124,0,0,0
41778,95,0,0,0
41804,1063,0,0,26
41810,264,17,0,0
41812,201,0,0,0
41815,747,0,0,0
41817,455,0,0,0
41819,225,0,0,0
41821,171,0,0,0
41822,1847,51,13,16
41824,869,0,0,46
41825,225,0,0,0
41826,701,0,0,0
41828,613,7,0,0
41831,988,0,0,2
41832,322,0,0,0
41833,140,0,0,0
41834,333,0,0,0
41835,728,0,0,0
41836,979,0,0,0
41837,1014,0,0,0
41838,1018,13,0,0
41839,561,0,0,0
41840,1087,91,4,49
41843,306,0,0,0
41844,1326,29,8,31
41845,362,0,0,0
41847,165,18,0,1
41848,0,0,0,0
41849,119,0,0,0
41855,783,3,0,0
41858,7408,11,39,78
41859,231,0,0,0
41861,355,0,0,0
41862,921,2,0,0
42001,24459,3949,503,653
42003,24707,3028,141,843
42020,2055,0,0,82
42021,1230,25,5,52
42022,161,0,0,0
42023,2236,28,21,28
42024,1057,33,0,3
42025,18126,139,62,408
42027,1859,0,27,23
42028,707,0,0,0
42029,5890,56,0,114
42031,3047,362,0,9
42032,147,60,2,8
42035,772,5,0,25
42036,991,0,0,40
42037,14,0,0,0
42038,5468,433,26,124
42039,1303,10,11,28
42040,724,0,0,28
42041,3632,871,0,151
42044,3859,0,11,51
42045,1857,0,0,92
42047,146,0,0,0
42048,2294,3,0,7
42049,1445,50,18,18
42050,2264,660,0,11
42051,2173,0,0,107
42053,4733,19,27,110
42054,1008,0,0,66
42055,2075,130,36,95
42056,1520,127,17,0
42058,2104,14,0,57
42060,8,0,0,0
42061,79,0,7,0
42064,7807,64,25,174
42066,19974,1384,66,2366
42069,959,10,0,1
42071,27026,1252,578,811
42076,804,0,0,5
42078,1635,34,3,56
42079,1553,0,0,35
42081,1970,5,0,24
42082,1802,21,28,41
42083,506,0,0,0
42085,552,0,7,69
42086,3827,100,0,323
42087,2229,122,10,75
42088,2083,78,3,67
42101,45285,8281,2318,4876
42103,18672,1038,1460,1464
42104,33128,2326,2865,1052
42120,2708,0,7,33
42122,5010,0,18,55
42123,1143,0,0,87
42124,89,0,0,0
42127,6328,271,54,78
42129,7060,34,0,171
42130,157,0,0,13
42131,116,0,0,0
42133,1162,3,3,9
42134,16316,1839,78,539
42140,1169,0,0,13
42141,28229,1206,312,1317
42151,183,0,0,0
42153,88,0,0,0
42154,482,0,0,0
42156,270,0,0,0
42157,584,0,0,0
42159,1161,73,0,146
42160,1902,79,0,113
42163,45,0,0,0
42164,16027,167,0,461
42166,2285,0,0,0
42167,7864,292,24,351
42170,1333,23,19,0
42171,6636,147,43,59
42202,1469,130,0,92
42204,541,27,0,40
42206,5221,133,14,100
42207,1033,0,0,0
42210,4290,1,0,92
42211,11704,600,36,353
42214,488,0,7,33
42215,1220,352,6,9
42217,3025,124,0,101
42220,5334,330,13,309
42223,13029,2787,402,4667
42232,748,38,0,37
42234,1762,613,0,171
42236,561,49,0,0
42240,28014,10129,485,1433
42252,131,0,0,0
42254,185,11,0,1
42256,4476,18,32,95
42259,1070,70,0,14
42261,9437,14,75,460
42262,6098,1982,49,1146
42265,907,75,0,0
42266,2483,308,74,427
42273,552,0,0,0
42274,2527,41,0,55
42275,858,0,0,0
42276,14055,1226,83,567
42280,439,0,0,0
42285,528,0,0,0
42286,1796,17,0,69
42301,38614,3119,1198,1385
42303,36640,1637,894,1956
42320,8031,84,20,653
42321,415,0,0,0
42322,0,0,0,0
42323,708,44,0,37
42324,1043,0,0,0
42325,1556,0,2,7
42326,305,0,0,0
42327,4568,65,0,139
42328,1091,1,7,0
42330,9345,316,40,310
42332,102,0,0,0
42333,703,50,0,7
42337,1621,80,0,35
42338,27,0,0,0
42339,882,0,0,0
42343,1527,118,0,29
42344,1036,0,0,0
42345,10119,282,309,117
42347,5215,15,8,137
42348,4862,32,3,28
42349,1933,0,0,0
42350,1194,3,36,13
42351,4344,86,7,132
42352,1589,0,0,8
42354,203,0,0,3
42355,1456,0,0,39
42356,214,0,17,0
42361,696,0,0,0
42366,5112,33,0,18
42367,879,0,0,5
42368,1168,6,0,0
42369,245,0,0,0
42370,83,0,0,0
42371,331,0,0,0
42372,1461,23,1,0
42374,109,0,0,0
42376,6185,68,17,155
42378,3439,8,0,24
42404,2245,7,0,59
42406,2061,132,0,0
42408,6121,37,0,77
42409,2249,96,6,19
42410,1027,177,0,6
42411,2071,11,0,0
42413,2354,11,4,83
42420,32941,3060,133,1294
42431,22337,2394,265,687
42436,1371,7,0,0
42437,6208,923,45,203
42440,888,30,0,15
42441,1781,17,0,74
42442,2990,66,0,47
42444,0,0,0,0
42445,9031,746,0,277
42450,3276,407,0,11
42451,582,0,0,0
42452,2191,33,1,21
42453,522,0,0,3
42455,2847,19,0,665
42456,1271,5,0,19
42458,930,0,0,0
42459,3809,62,0,32
42461,1032,4,3,0
42462,1290,195,0,25
42463,137,0,0,0
42464,1654,4,0,8
42501,16108,357,95,419
42503,24291,234,441,934
42516,504,0,0,0
42518,2891,0,0,80
42519,2904,2,0,36
42528,2121,0,0,7
42533,817,0,13,41
42539,9373,140,31,308
42541,279,0,0,0
42544,5411,0,0,45
42553,6077,1,0,105
42565,865,0,0,24
42566,360,0,0,0
42567,5055,0,0,92
42602,8663,14,129,320
42603,622,0,0,0
42629,5465,86,0,43
42631,0,0,0,0
42633,17103,97,8,729
42634,1841,57,11,0
42635,3608,1017,27,224
42638,196,0,0,0
42642,11404,108,0,685
42647,3846,0,0,0
42649,1471,0,0,23
42653,3904,96,0,29
42701,43106,4746,1169,2336
42712,1657,0,0,29
42713,1641,53,0,0
42715,195,19,0,0
42716,1293,45,0,46
42717,5504,162,49,105
42718,23744,1136,215,673
42721,3774,0,0,15
42722,338,0,0,0
42724,4661,74,22,27
42726,4800,24,76,99
42728,14576,288,73,403
42729,1458,0,19,30
42732,2317,25,0,24
42733,1548,0,26,0
42740,2113,17,0,1
42741,513,0,0,0
42742,99,0,0,0
42743,8561,131,0,199
42746,2338,50,26,0
42748,8566,235,24,403
42749,4100,642,19,149
42753,778,0,0,23
42754,15304,111,12,85
42757,2632,197,0,51
42758,55,0,0,0
42759,43,0,0,0
42762,88,0,0,169
42764,360,0,0,0
42765,6330,187,49,209
42776,1928,9,1,4
42782,837,70,0,0
42784,2925,21,0,31
42788,201,17,9,0
43001,2424,1,11,4
43002,776,0,0,0
43003,2961,34,0,22
43004,16636,7858,3116,1527
43005,445,0,0,0
43006,428,0,0,0
43007,43,0,0,0
43008,2285,0,0,69
43009,2132,7,0,10
43010,248,0,0,0
43011,6511,18,0,37
43013,1394,0,0,0
43014,3773,0,38,0
43015,48917,2547,2494,2114
43016,30163,1595,10089,1520
43017,31509,1996,4774,2786
43018,58,0,0,0
43019,9692,9,0,61
43021,12798,322,331,193
43022,3341,80,55,146
43023,14223,62,584,215
43025,4915,90,9,145
43026,50442,4384,4263,2913
43027,200,0,0,0
43028,7145,73,0,42
43029,500,0,5,8
43030,184,0,0,0
43031,13254,19,33,208
43032,0,0,0,0
43033,408,5,1,6
43035,24257,2389,5674,1132
43036,291,0,0,3
43037,125,0,0,0
43040,32990,917,517,1107
43044,5057,36,10,87
43045,1582,40,2,1
43046,3053,12,0,35
43047,11,0,0,0
43050,28875,362,245,773
43054,21081,2334,1973,1548
43055,56718,1710,430,1585
43056,16255,382,296,360
43060,2589,28,0,20
43061,4861,10,0,180
43062,26117,1557,2180,979
43064,14442,474,1537,533
43065,37560,774,4448,756
43066,1123,0,0,0
43067,1200,74,0,0
43068,29000,18240,5024,4031
43070,53,0,0,0
43071,2052,163,11,18
43072,5010,36,5,178
43074,14312,183,314,600
43076,8430,31,25,241
43077,265,5,0,16
43078,18328,623,134,352
43080,4398,405,0,9
43081,48720,8001,3372,2012
43082,28802,1351,1202,1056
43084,691,26,0,40
43085,20117,3551,781,1547
43101,343,0,7,0
43102,3813,25,48,4
43103,11875,171,13,296
43105,8750,44,29,25
43106,1520,0,13,98
43107,3152,3,48,9
43109,117,29,0,0
43110,22473,10648,1914,1155
43111,96,0,0,0
43112,4845,7,0,11
43113,23322,390,34,164
43115,1901,7,0,2
43116,2276,222,5,40
43117,8,0,0,0
43119,22215,2481,1120,3351
43123,56633,3750,1721,2394
43125,9866,3454,99,783
43126,338,0,20,46
43127,273,0,0,0
43128,1965,16,0,21
43130,57570,1338,259,1301
43135,3912,0,0,24
43136,2013,72,32,137
43137,2063,127,0,89
43138,18051,109,72,275
43140,19909,2167,323,365
43142,70,0,3,0
43143,5714,35,0,119
43144,423,0,0,0
43145,1873,13,0,17
43146,10532,1589,23,383
43147,32149,8950,1627,1405
43148,1784,7,0,37
43149,2301,0,0,4
43150,2404,0,0,0
43151,252,0,0,18
43152,824,0,0,0
43153,915,1,0,158
43154,3414,0,21,25
43155,2315,9,3,0
43156,197,0,0,0
43157,468,0,0,3
43158,318,0,0,0
43160,19815,722,220,499
43162,6529,13,7,118
43164,2035,11,9,31
43201,24287,4867,2719,1766
43202,16222,966,2182,724
43203,2598,5418,83,133
43204,29964,5894,1236,5133
43205,5766,5782,126,310
43206,12744,7944,239,836
43207,28568,12633,638,2002
43209,19488,6891,540,1113
43210,8289,644,1964,453
43211,4757,14481,364,1642
43212,19150,995,1037,942
43213,14085,16823,954,3423
43214,22413,1450,904,749
43215,12558,1283,945,805
43217,1421,312,1,184
43218,0,0,0,0
43219,5745,21288,1395,2349
43220,22461,1467,3352,1434
43221,29568,793,2662,993
43222,1903,973,77,808
43223,19404,5139,255,2044
43224,18796,18106,1340,3750
43227,5493,16305,185,2319
43228,35066,12170,1896,6479
43229,19845,24700,3303,5885
43230,38700,11739,2564,2228
43231,9607,10278,1016,1346
43232,14228,27024,411,3272
43235,34458,3530,3887,2169
43240,4063,994,1711,105
43302,47601,3369,461,1840
43310,2688,2,0,21
43311,18161,606,155,482
43314,2533,4,1,0
43315,6658,63,0,7
43316,5958,4,122,37
43317,179,0,0,6
43318,3963,23,3,27
43319,856,47,89,0
43320,1262,5,0,62
43321,374,0,0,0
43322,444,0,0,0
43323,582,0,0,9
43324,2611,0,32,50
43325,80,0,0,0
43326,12460,66,57,90
43330,37,0,0,5
43331,4167,7,0,144
43332,1507,0,0,35
43333,835,0,0,0
43334,5993,1,30,139
43336,0,0,0,0
43337,742,2,0,19
43338,9283,171,120,315
43340,1964,0,2,22
43341,831,0,0,0
43342,3620,0,16,7
43343,1114,0,0,8
43344,5879,14,23,175
43345,847,2,0,7
43346,201,0,0,0
43347,1149,5,0,7
43348,1693,66,2,29
43350,152,0,4,0
43351,10029,30,40,518
43356,965,0,4,70
43357,4302,3,20,106
43358,2338,6,19,5
43359,594,0,0,24
43360,1667,0,0,54
43402,27455,1075,360,2051
43403,3552,524,109,160
43406,1419,6,19,203
43407,505,0,0,41
43408,345,3,0,23
43410,9054,80,34,530
43412,3878,0,0,200
43413,877,0,0,54
43414,103,0,0,74
43416,2632,35,9,291
43420,24030,1755,208,4154
43430,4445,6,26,640
43431,4373,37,19,364
43432,1079,0,0,26
43433,23,0,0,20
43434,102,0,0,12
43435,1019,7,2,53
43436,0,0,0,0
43437,486,1,0,79
43438,219,0,0,13
43439,39,0,0,0
43440,4005,3,8,126
43442,812,2,8,86
43443,1466,0,0,50
43445,955,0,0,35
43446,48,4,0,0
43447,2893,7,57,103
43449,7955,25,42,272
43450,3361,33,33,297
43451,950,77,0,176
43452,12939,319,30,654
43456,522,4,15,0
43457,1159,4,50,93
43458,297,0,0,27
43460,5833,50,43,277
43462,950,0,0,33
43463,514,0,0,22
43464,1896,0,0,126
43465,5007,0,69,476
43466,2574,10,89,107
43467,109,0,0,4
43468,629,0,0,0
43469,2662,34,0,260
43501,908,0,0,33
43502,6050,107,18,797
43504,1063,0,3,13
43505,79,0,0,18
43506,13785,141,111,512
43510,64,0,0,25
43511,1045,0,0,69
43512,24868,643,124,3481
43515,7238,7,2,643
43516,2771,2,0,232
43517,3235,36,24,116
43518,2839,27,24,206
43519,378,0,0,0
43520,17,0,0,0
43521,2538,6,17,157
43522,3763,11,4,301
43523,37,0,0,22
43524,970,0,0,118
43525,1086,19,5,84
43526,5084,20,0,435
43527,2001,7,2,162
43528,13398,1289,341,1376
43529,257,8,1,94
43530,0,0,0,0
43531,192,0,0,0
43532,3336,0,14,89
43533,1317,6,0,60
43534,1317,2,26,136
43535,593,13,0,135
43536,216,0,0,0
43537,25591,1582,495,1883
43540,1353,7,0,120
43541,180,0,1,32
43542,4350,130,0,343
43543,7121,27,25,401
43545,13065,99,8,1089
43547,482,0,0,0
43548,781,28,0,69
43549,1263,1,0,38
43551,38027,639,1487,2070
43553,400,18,8,54
43554,2053,21,12,28
43555,284,0,0,0
43556,1575,2,0,149
43557,2764,179,9,321
43558,12285,148,145,618
43560,29196,819,1398,788
43565,326,2,4,45
43566,7095,94,106,514
43567,11765,43,146,1569
43569,2463,12,0,360
43570,2758,0,9,322
43571,6902,12,18,322
43604,3340,5179,58,915
43605,15034,3636,145,5416
43606,14732,7029,889,1080
43607,6768,12668,339,1643
43608,4197,8104,266,1043
43609,11299,5550,111,2843
43610,1286,2464,0,137
43611,15005,2306,18,1470
43612,18358,6903,145,2593
43613,23635,4286,221,2366
43614,21237,4935,449,2127
43615,25605,9845,1118,1521
43616,17686,275,228,1773
43617,8007,110,94,242
43619,6780,25,31,334
43620,1915,2874,32,456
43623,16483,1233,576,1719
43701,48918,2552,422,1082
43711,62,0,0,0
43713,6089,16,121,63
43716,1847,1,0,0
43717,105,16,0,3
43718,2670,2,0,32
43719,2567,19,0,6
43720,1140,0,0,0
43721,359,0,0,0
43722,782,0,0,0
43723,4257,12,0,0
43724,8355,537,5,171
43725,18154,608,134,343
43727,1070,0,0,0
43728,897,146,0,0
43730,2696,11,0,4
43731,4781,0,0,29
43732,1551,22,0,0
43733,68,0,0,0
43734,1889,0,0,0
43735,394,0,0,0
43736,12,0,0,0
43738,87,8,0,0
43739,2525,0,0,9
43740,228,0,0,2
43746,762,0,0,0
43747,1492,0,0,0
43748,2897,0,24,0
43749,2151,0,0,0
43750,133,0,0,0
43754,1632,1,0,0
43755,1372,9,0,17
43756,4888,167,16,52
43758,2777,112,0,39
43759,269,0,0,0
43760,1131,0,0,5
43761,46,0,0,0
43762,4977,89,12,46
43764,7989,23,0,85
43766,1105,0,4,20
43767,1155,0,0,0
43768,296,31,3,19
43771,2269,0,0,4
43772,1728,11,0,2
43773,2686,0,0,40
43777,4840,0,2,5
43778,1478,0,0,18
43779,518,0,0,0
43780,2078,13,17,32
43782,458,0,0,0
43783,4725,57,0,43
43786,67,0,0,0
43787,2912,75,0,47
43788,624,0,0,8
43791,50,0,0,0
43793,4394,39,13,38
43802,1150,0,0,0
43804,3604,0,0,34
43805,179,0,0,0
43811,575,0,0,0
43812,17786,312,32,138
43821,4141,89,18,45
43822,4913,25,1,39
43824,3835,52,0,0
43830,6354,31,0,0
43832,6898,19,3,102
43836,115,0,0,0
43837,1610,22,0,11
43840,1247,0,12,8
43842,220,0,0,0
43843,877,0,0,0
43844,3578,29,116,68
43845,4709,22,7,154
43901,1822,12,0,20
43902,118,0,0,0
43903,2000,0,0,28
43905,607,0,0,0
43906,7268,306,24,23
43907,4384,411,0,71
43908,1028,0,0,14
43909,26,35,0,0
43910,3155,39,22,20
43912,5334,274,0,109
43913,1034,0,0,0
43914,17,0,0,0
43915,1170,0,0,2
43917,2789,54,0,31
43920,19079,1067,43,272
43925,86,0,0,0
43926,232,0,0,2
43928,112,0,0,0
43930,1250,0,0,0
43931,166,0,0,0
43932,881,0,0,0
43933,1999,0,0,27
43934,78,0,0,0
43935,6681,343,157,116
43938,5694,9,0,8
43939,279,7,0,0
43940,388,0,0,0
43942,2249,13,0,11
43943,3134,0,0,22
43944,2463,34,0,5
43945,2807,225,0,40
43946,1702,0,0,0
43947,4798,0,15,17
43948,673,9,0,0
43950,14784,987,65,355
43951,50,0,0,0
43952,13538,2363,211,725
43953,10910,656,118,187
43961,233,6,0,6
43962,82,0,0,4
43963,1273,2,0,20
43964,8793,172,39,60
43967,199,0,0,0
43968,5545,208,0,36
43971,871,4,6,15
43972,119,0,0,0
43973,2400,0,0,50
43974,88,0,0,0
43976,1613,4,0,13
43977,2039,12,21,0
43981,208,0,0,0
43983,534,0,0,0
43985,221,0,0,0
43986,1738,0,0,27
43988,2286,0,0,39
44001,19174,358,354,1245
44003,4757,72,0,44
44004,26244,1908,184,2852
44010,1537,13,0,38
44011,21731,1250,805,967
44012,23063,304,798,459
44017,15063,1615,422,637
44021,5745,41,0,95
44022,15170,680,324,232
44023,17404,386,275,272
44024,22908,201,25,630
44026,9917,15,125,16
44028,8829,16,51,134
44030,14725,905,83,423
44032,1546,0,0,0
44035,47530,7132,440,5589
44039,32515,598,300,2401
44040,2753,71,96,53
44041,12923,323,61,848
44044,11875,1243,65,797
44045,610,44,0,1
44046,1883,89,0,25
44047,8200,34,0,331
44048,2137,69,21,0
44049,152,0,0,9
44050,6446,6,9,483
44052,17520,5937,246,6675
44053,14738,2514,39,4855
44054,11464,289,133,728
44055,11249,2736,145,7530
44056,9482,1305,854,186
44057,18476,160,63,467
44060,54543,1062,1595,1646
44062,15644,141,13,108
44064,1246,13,14,2
44065,3830,35,0,28
44067,17652,1026,532,450
44068,166,0,0,0
44070,28297,795,928,2234
44072,4599,2,20,254
44074,8973,1143,347,565
44076,4555,75,0,7
44077,48641,3591,523,6383
44080,99,0,0,0
44081,6208,22,51,748
44082,1575,0,0,0
44084,3645,77,5,82
44085,3226,67,0,0
44086,2243,0,0,16
44087,14762,4527,2029,626
44089,15109,47,155,647
44090,10711,21,59,227
44092,13842,2100,325,424
44093,990,0,17,0
44094,33225,2093,599,778
44095,28844,1874,97,863
44099,2257,0,0,0
44101,382,119,0,24
44102,24004,7338,604,11223
44103,2215,10773,408,702
44104,551,17757,126,182
44105,7912,22685,77,2053
44106,9859,9947,2814,937
44107,43752,2978,1069,2290
44108,1305,18441,69,271
44109,22946,6190,447,10249
44110,2684,13639,48,265
44111,27525,5488,1436,7695
44112,1471,16600,113,167
44113,13448,3289,495,2811
44114,3137,1803,1637,464
44115,2598,5682,398,1259
44116,20138,288,415,417
44117,2323,6639,16,284
44118,23687,14710,1171,922
44119,5029,8122,61,175
44120,7608,23032,942,770
44121,12317,17998,664,717
44122,21603,10778,1829,1414
44123,5423,12108,74,225
44124,29501,5668,2343,1478
44125,12558,14724,99,1429
44126,14936,391,368,859
44127,1448,2281,0,270
44128,996,26687,28,176
44129,23311,1912,627,2970
44130,40408,4810,1966,2987
44131,18762,316,819,719
44132,4247,9529,126,203
44133,27217,826,1385,1443
44134,33221,1071,1027,1999
44135,16018,5332,976,5183
44136,21278,899,2139,886
44137,5469,17254,175,344
44138,20723,463,477,1598
44139,16344,3117,3386,1022
44140,15124,106,58,449
44141,12477,172,688,51
44142,15417,987,625,1242
44143,14389,7853,775,772
44144,14173,2238,1165,4259
44145,29249,878,2270,1091
44146,10324,17260,54,1028
44147,17235,628,1157,390
44149,19255,249,685,517
44201,6707,24,24,77
44202,19252,896,1251,348
44203,33914,2638,168,736
44212,41683,803,656,1612
44214,2370,7,0,0
44215,2480,0,7,142
44216,8827,2,21,157
44217,3460,0,0,11
44221,24681,1489,2021,820
44223,16256,732,449,323
44224,33877,1425,1162,771
44230,7508,97,446,104
44231,8459,4,26,34
44232,0,0,0,0
44233,7495,5,78,219
44234,3330,314,3,133
44235,1354,0,0,0
44236,23363,928,1035,447
44240,32563,2341,1082,918
44241,15489,1411,398,235
44243,4286,518,65,126
44250,1502,10,0,93
44251,969,0,0,38
44253,3570,0,0,62
44254,4705,12,68,172
44255,6476,168,0,158
44256,59346,1207,612,1839
44260,12402,13,0,131
44262,4470,117,149,148
44264,2747,14,437,8
44266,28522,1954,350,1104
44270,7770,98,75,157
44272,5053,50,24,140
44273,6736,15,0,18
44274,324,0,0,0
44275,2898,66,0,24
44276,1652,0,0,5
44278,16360,596,1036,103
44280,5212,5,0,0
44281,32161,472,405,428
44285,92,0,0,7
44286,5725,149,141,49
44287,7591,1,0,126
44288,2832,128,0,123
44301,9069,3772,205,820
44302,2766,1502,260,53
44303,5917,1281,222,133
44304,1924,814,488,168
44305,13686,4462,782,678
44306,10653,7819,408,724
44307,960,4489,28,242
44308,769,478,66,49
44310,10979,7139,4751,1448
44311,3952,2545,268,274
44312,28405,790,210,562
44313,18540,6428,412,636
44314,12007,3181,417,481
44319,20507,532,337,307
44320,4797,11547,113,506
44321,11807,1370,1222,422
44325,546,140,19,9
44333,16212,1567,401,379
44401,2682,0,0,0
44402,2658,0,0,16
44403,3690,3,27,15
44404,1438,15,0,0
44405,4514,1554,0,2077
44406,20058,319,703,455
44408,9896,21,133,339
44410,15583,232,0,246
44411,1968,0,0,0
44412,2670,2,9,91
44413,6824,2,25,424
44415,344,68,0,36
44417,1315,0,0,0
44418,1368,0,22,159
44420,13945,530,0,313
44423,2231,0,21,0
44424,83,0,0,0
44425,12731,236,65,472
44427,1612,0,0,0
44428,3146,44,18,0
44429,2225,0,2,4
44430,3356,697,0,115
44431,4539,0,47,111
44432,11079,643,189,553
44436,3211,46,0,100
44437,3841,0,0,0
44438,4415,114,0,74
44439,431,0,0,0
44440,4603,32,0,129
44441,1530,0,0,0
44442,3768,14,0,14
44443,2062,0,0,0
44444,9214,119,74,100
44445,3082,23,13,27
44446,18256,843,244,354
44449,1517,0,0,0
44450,1991,10,0,0
44451,2811,25,0,110
44452,2943,21,0,18
44454,626,13,0,0
44455,1800,2,0,10
44460,24491,143,41,122
44470,3892,17,22,0
44471,8885,495,136,806
44473,3993,4,36,12
44481,9142,211,98,130
44483,20246,3583,206,865
44484,18467,1574,269,567
44485,9026,5946,11,532
44490,708,9,0,13
44491,3357,8,0,33
44493,95,0,0,0
44502,4015,3522,68,860
44503,363,555,0,43
44504,2430,2172,209,211
44505,6471,7238,83,1859
44506,456,1159,0,914
44507,1201,2855,8,719
44509,6878,2944,25,1064
44510,175,1689,0,184
44511,13293,4297,30,1400
44512,27493,2773,366,1680
44514,21482,315,294,781
44515,23440,2225,185,1352
44555,161,16,0,8
44601,29167,2076,84,254
44606,8034,6,5,117
44607,97,0,0,0
44608,2569,0,13,0
44609,3226,5,0,41
44610,310,0,0,0
44611,2041,0,0,92
44612,5277,58,0,2
44613,1897,24,0,0
44614,12714,10,234,216
44615,9219,47,0,222
44618,7452,3,0,305
44619,121,0,0,0
44620,1551,15,0,13
44621,4795,59,0,57
44622,17650,107,15,1022
44624,6449,1,0,0
44625,1002,0,0,0
44626,2646,5,9,42
44627,6844,3,5,39
44628,1132,0,0,7
44629,2881,1,0,16
44630,194,0,0,0
44632,10107,216,33,285
44633,2329,13,0,72
44634,1847,6,0,16
44637,2316,0,0,0
44638,947,0,0,0
44639,271,0,0,0
44640,161,0,0,0
44641,19200,198,83,246
44643,3591,0,0,39
44644,4389,114,0,3
44645,2697,5,6,51
44646,42640,2681,379,1031
44647,16424,333,32,278
44651,905,0,0,0
44652,459,31,0,0
44653,746,0,0,0
44654,19830,70,0,222
44656,2502,0,0,0
44657,9049,63,0,141
44659,107,0,0,0
44660,126,0,0,0
44661,386,0,0,3
44662,10144,68,64,14
44663,23505,200,263,1522
44665,211,0,0,0
44666,2531,0,0,48
44667,12009,431,239,598
44669,1855,50,0,0
44670,151,0,0,0
44671,39,0,0,0
44672,4547,8,22,50
44675,2183,0,0,64
44676,5578,5,0,31
44677,2620,11,13,16
44678,189,0,0,0
44680,3679,9,0,326
44681,9054,36,53,78
44682,1144,0,0,2
44683,7176,58,20,30
44685,27200,218,415,470
44687,422,0,0,0
44688,2738,44,9,54
44689,487,4,0,20
44690,100,0,0,0
44691,41268,896,523,989
44693,42,0,0,0
44695,1355,5,0,0
44697,266,0,0,7
44699,627,0,0,0
44702,652,283,20,25
44703,5194,1863,10,444
44704,1023,2241,0,132
44705,11247,4731,49,1169
44706,13789,1314,119,452
44707,5178,2626,0,258
44708,20611,1988,808,646
44709,14753,2012,265,1033
44710,6960,1130,11,90
44714,7146,2024,57,417
44718,11046,435,206,302
44720,36840,1020,663,688
44721,12588,388,24,224
44730,5839,151,19,60
44802,862,0,44,21
44804,1591,8,2,25
44805,29754,358,181,443
44807,1939,0,18,87
44809,106,0,0,0
44811,11926,70,53,788
44813,7992,36,13,7
44814,2159,10,0,142
44815,686,3,0,118
44817,1122,5,2,132
44818,2221,13,0,34
44820,16350,84,209,467
44822,3308,0,0,34
44824,3395,11,83,242
44825,187,0,0,0
44826,1237,0,0,13
44827,6485,153,26,70
44828,162,8,0,0
44830,15471,669,386,2087
44833,16045,111,39,217
44836,2479,7,0,44
44837,4405,7,0,42
44838,241,5,0,16
44839,11500,89,107,618
44840,2950,0,0,32
44841,643,0,0,9
44842,5358,0,49,163
44843,2463,50,8,33
44844,654,0,0,23
44846,3332,24,3,26
44847,3509,11,0,35
44849,2118,0,0,48
44850,75,0,0,181
44851,4807,44,0,91
44853,1394,1,6,86
44854,1476,0,0,25
44855,1344,5,0,8
44856,168,2,0,0
44857,21355,234,0,1623
44859,1996,0,55,0
44861,129,0,0,0
44864,3000,23,35,153
44865,3100,89,0,106
44866,2282,0,2,18
44867,2588,0,0,28
44870,29586,6572,351,2092
44874,266,0,0,0
44875,13400,71,173,328
44878,3071,0,0,37
44880,3007,48,33,152
44881,164,0,0,0
44882,2321,0,10,26
44883,26559,955,196,984
44887,964,9,0,66
44889,6310,4,19,545
44890,9463,11,81,1333
44901,0,0,0,0
44902,2833,2149,0,416
44903,20638,2629,221,553
44904,13442,103,42,131
44905,13201,2095,69,584
44906,14840,649,261,238
44907,11741,2047,258,286
45001,689,146,0,31
45002,13241,63,63,167
45003,591,0,2,5
45005,29212,264,737,647
45011,54769,8742,3143,6967
45013,47694,1353,295,1315
45014,31141,7816,2662,3290
45015,9410,478,25,899
45030,20192,171,18,279
45032,615,11,0,13
45033,512,0,0,0
45034,992,0,0,15
45036,36560,3670,933,849
45039,26407,562,893,1316
45040,40355,2511,11122,1983
45041,136,0,0,0
45042,25788,1260,98,624
45044,42124,5717,1205,3231
45050,10170,509,159,413
45051,333,40,15,0
45052,4063,28,2,19
45053,3507,0,0,0
45054,2450,0,0,22
45055,179,0,0,0
45056,22378,1189,2128,678
45062,756,0,0,18
45064,3144,26,10,0
45065,5763,122,94,266
45066,23766,386,634,795
45067,14703,53,10,138
45068,11045,11,348,358
45069,42187,5065,5376,1709
45070,151,0,0,0
45101,1869,1,0,180
45102,22864,249,118,535
45103,32920,525,982,760
45105,63,0,0,0
45106,10706,12,0,279
45107,9475,42,0,114
45111,287,59,0,17
45112,15,0,0,0
45113,3586,5,0,228
45115,223,0,0,0
45118,3582,40,0,0
45119,28,0,0,0
45120,2661,0,11,0
45121,8807,140,42,177
45122,10956,25,0,270
45123,8335,274,3,186
45130,4071,3,0,0
45131,286,0,0,0
45132,105,0,0,1
45133,22149,371,44,332
45135,5467,18,3,0
45140,49481,1319,1642,2140
45142,3943,0,0,37
45144,3940,0,19,119
45146,1039,0,0,9
45147,73,0,0,0
45148,1762,2,0,54
45150,30946,1035,512,660
45152,12522,264,211,393
45153,2322,0,22,0
45154,8450,106,42,16
45155,429,0,0,25
45156,59,0,0,0
45157,9402,116,9,128
45158,742,26,0,2
45159,3059,177,0,25
45160,596,5,1,0
45162,2427,0,3,0
45164,284,1,0,8
45166,50,0,0,0
45167,3002,49,8,28
45168,1106,2,0,6
45169,4345,0,0,90
45171,5563,103,0,140
45172,244,0,0,0
45174,2062,0,6,60
45176,9745,82,39,10
45177,20612,752,308,493
45202,10877,3639,695,409
45203,706,1539,156,31
45204,3832,2537,41,88
45205,8418,7350,474,3124
45206,5402,3979,353,396
45207,2498,3831,119,306
45208,15544,739,637,792
45209,8730,755,280,461
45211,19745,13905,688,1686
45212,16556,3385,312,1078
45213,6091,4589,188,537
45214,2580,5587,69,345
45215,19345,9064,503,742
45216,5462,2301,46,1027
45217,3648,1991,65,317
45218,2846,621,25,145
45219,13535,3207,1327,900
45220,9206,2837,1927,693
45223,6680,4647,214,213
45224,8709,10991,146,272
45225,1652,6921,25,314
45226,5261,98,178,198
45227,13095,4614,194,339
45229,3856,8728,159,802
45230,24576,1082,368,529
45231,20047,17017,1221,600
45232,1277,6602,0,505
45233,14203,436,32,168
45236,18893,2989,1269,941
45237,4896,15737,367,405
45238,33300,11515,414,1187
45239,14715,10858,1629,1002
45240,8609,17092,901,2573
45241,19565,1123,1359,1350
45242,17259,1607,1677,1038
45243,14157,217,958,439
45244,26406,738,473,505
45245,18475,252,241,826
45246,7530,3896,610,1898
45247,21261,1271,267,152
45248,22821,401,77,409
45249,10292,301,1768,862
45251,12513,6767,470,388
45252,4017,947,9,98
45255,19646,980,474,711
45267,2,2,0,0
45301,322,0,0,155
45302,4496,0,42,46
45303,2245,0,0,68
45304,7431,28,0,73
45305,9936,223,540,360
45306,2146,0,4,17
45307,301,2,0,0
45308,4578,7,0,42
45309,10534,99,361,61
45310,291,0,0,6
45311,5857,21,0,81
45312,913,0,0,1
45314,5399,591,130,172
45315,2939,921,69,89
45316,125,1,0,12
45317,875,0,0,47
45318,5138,33,0,5
45319,366,0,0,28
45320,14714,124,55,118
45321,1198,6,0,12
45322,18124,2280,74,220
45323,4913,4,80,58
45324,32787,3662,695,1676
45325,2383,0,0,0
45326,1282,0,0,0
45327,8610,14,6,138
45328,567,0,0,0
45330,614,0,0,0
45331,21047,159,93,295
45332,445,0,0,17
45333,1365,0,0,14
45334,1879,0,0,17
45335,6561,77,5,49
45336,89,0,0,0
45337,1721,0,0,3
45338,4514,0,26,85
45339,1063,1,0,2
45340,379,0,0,5
45341,3692,0,15,255
45342,30964,1716,1389,1045
45344,15647,55,12,1068
45345,6070,88,93,0
45346,2077,0,38,12
45347,3987,8,11,20
45348,886,0,0,0
45349,249,0,0,2
45350,46,0,0,0
45351,318,0,0,0
45352,206,0,0,3
45353,131,14,0,0
45354,631,0,0,19
45356,23396,376,164,333
45358,318,0,0,0
45359,1986,3,0,11
45360,372,0,0,2
45361,370,4,0,6
45362,1010,29,6,0
45363,1846,0,0,65
45365,26623,971,300,577
45368,3938,69,9,48
45369,3977,0,0,17
45370,2521,18,124,1
45371,20178,731,356,450
45372,306,0,0,24
45373,33301,1021,1247,1187
45377,12601,783,172,179
45378,521,0,0,3
45380,5707,8,0,36
45381,5418,120,1,111
45382,1001,0,0,12
45383,6150,22,23,66
45384,726,1299,17,92
45385,33700,2697,826,786
45387,4660,344,11,158
45388,818,1,0,1
45389,570,3,0,0
45390,3002,47,80,347
45402,3441,5955,37,552
45403,9160,1869,94,1486
45404,8164,1585,114,310
45405,4135,13307,8,460
45406,3530,14837,49,691
45409,13653,777,474,877
45410,12515,2443,233,1545
45414,15820,2690,230,496
45415,5968,5810,185,96
45416,999,3924,0,107
45417,5471,20250,1,739
45419,14917,316,548,414
45420,19946,1593,728,462
45423,0,0,0,0
45424,37200,7962,1541,1609
45426,2890,9751,35,133
45428,191,84,0,8
45429,23360,1250,508,609
45430,6361,104,205,164
45431,21709,993,1521,1305
45432,13041,398,422,352
45433,1042,291,41,147
45434,11428,495,331,532
45435,91,78,4,34
45439,9951,1212,390,925
45440,18690,1280,711,703
45449,14392,2594,565,746
45458,29449,2371,2638,1932
45459,24726,1500,924,1045
45469,141,54,0,5
45501,0,0,0,0
45502,16771,339,53,92
45503,27816,2630,291,693
45504,14214,813,67,499
45505,15689,2850,237,1080
45506,7524,4201,49,1107
45601,49185,4176,213,1028
45612,4245,24,44,0
45613,2517,12,7,41
45614,4668,126,45,132
45616,1673,6,0,0
45617,0,0,0,0
45618,0,0,0,0
45619,7121,137,27,14
45620,741,0,5,0
45621,343,0,0,0
45622,495,0,0,0
45623,3391,0,27,62
45624,0,0,0,0
45628,5220,46,26,29
45629,2806,111,0,5
45630,462,0,0,0
45631,11931,267,118,220
45634,1496,9,0,0
45636,210,0,0,0
45638,19577,212,0,258
45640,15510,161,177,156
45642,0,0,0,0
45644,4444,4,3,0
45645,2727,0,0,17
45646,803,0,0,0
45647,2838,0,0,0
45648,11047,36,45,104
45650,384,0,0,26
45651,5018,0,0,30
45652,3317,16,0,0
45653,3665,25,0,0
45654,778,0,0,0
45656,6124,76,44,10
45657,1459,0,0,17
45658,2390,1,51,1
45659,3095,11,0,10
45660,7338,17,115,73
45661,6677,268,0,78
45662,24361,1094,269,702
45663,6090,0,40,80
45669,9701,18,295,60
45671,441,0,0,3
45672,1451,0,0,30
45673,337,0,0,0
45674,679,52,0,26
45677,51,0,0,0
45678,1128,0,0,6
45679,3072,7,0,6
45680,10904,512,0,147
45681,1316,0,40,4
45682,1840,13,0,71
45684,1570,0,0,0
45685,1464,0,0,136
45686,3401,93,0,38
45688,159,0,0,0
45690,13188,15,21,15
45692,7924,2,0,35
45693,8230,85,31,84
45694,12270,28,20,210
45695,961,0,0,0
45696,510,0,0,9
45697,5512,16,0,97
45698,436,0,0,0
45699,473,722,0,52
45701,29012,1214,1562,950
45710,4922,9,0,67
45711,918,0,0,0
45714,8678,69,46,181
45715,2126,0,0,27
45716,306,5,0,7
45719,844,1,0,3
45720,0,0,0,0
45721,23,0,0,23
45723,3600,3,0,5
45724,1886,112,0,0
45727,766,0,0,0
45729,1959,0,0,13
45732,4371,11,9,19
45734,270,0,0,0
45735,1639,0,31,0
45739,0,0,0,0
45740,331,0,0,0
45741,552,0,0,0
45742,3177,32,15,32
45743,1324,0,0,12
45744,2159,0,12,0
45745,969,79,0,0
45746,366,0,0,0
45750,24718,413,375,274
45760,3537,45,0,2
45761,1207,0,0,7
45764,7172,259,2,156
45766,1154,0,0,8
45767,2551,0,17,0
45768,1485,40,0,28
45769,5622,47,0,57
45770,854,0,0,0
45771,3384,4,0,54
45772,1476,0,0,8
45773,522,0,0,0
45775,2087,0,0,47
45776,656,0,0,8
45778,728,98,0,0
45779,620,0,0,0
45780,2650,20,0,17
45782,418,1,0,0
45783,288,0,0,0
45784,3215,0,0,79
45786,2851,0,0,0
45788,948,0,0,0
45789,146,0,0,0
45801,15567,2849,111,1194
45804,10388,2926,7,363
45805,18966,3705,142,1167
45806,9872,709,191,406
45807,10591,733,220,69
45808,268,0,0,14
45809,82,0,0,0
45810,6742,207,194,454
45812,1830,3,0,30
45813,3280,15,2,162
45814,2877,21,15,60
45815,39,0,0,51
45816,420,0,7,34
45817,5762,39,138,67
45819,255,1,0,1
45820,633,0,5,44
45821,739,0,0,35
45822,18570,165,135,382
45826,276,0,0,6
45827,2021,1,0,12
45828,6445,29,33,95
45830,5115,27,0,277
45831,3538,13,0,51
45832,3082,17,2,196
45833,10247,217,16,195
45835,422,2,4,0
45836,1393,8,0,24
45838,99,0,0,0
45840,48542,1221,1318,3746
45841,917,0,0,42
45843,3640,75,3,10
45844,2830,5,9,2
45845,3223,0,0,3
45846,4587,92,0,53
45848,92,0,0,0
45849,1033,0,0,29
45850,3365,46,20,15
45851,556,0,0,70
45853,1520,0,0,78
45854,340,0,0,9
45855,121,7,0,6
45856,4205,25,0,1106
45858,2400,2,11,206
45859,318,0,0,17
45860,2538,0,80,96
45861,354,9,19,3
45862,1260,0,0,20
45863,1222,2,0,24
45864,154,2,0,0
45865,5377,17,11,31
45866,104,0,0,0
45867,977,0,0,28
45868,771,0,0,39
45869,4303,35,56,36
45870,449,0,0,0
45871,1957,17,6,47
45872,4141,135,5,163
45873,1936,0,0,61
45874,2103,0,0,62
45875,10286,134,21,635
45876,930,0,0,43
45877,2202,12,0,140
45879,5558,56,9,532
45880,2706,18,16,48
45881,1298,50,0,33
45882,2714,22,0,94
45883,3799,0,11,82
45884,159,14,0,0
45885,12357,22,81,108
45886,471,0,0,8
45887,4237,56,0,14
45888,319,0,0,0
45889,1814,0,0,31
45890,785,9,0,16
45891,14182,107,26,705
45893,159,0,0,0
45894,647,0,0,1
45895,16722,63,0,596
45896,1608,17,9,25
45897,99,0,0,0
45898,748,3,4,7
45899,190,0,0,10
46001,9761,119,0,104
46011,14371,2353,95,750
46012,17187,1084,220,807
46013,14736,1289,24,519
46016,12311,4141,142,2250
46017,5348,129,58,315
46030,2576,18,11,251
46031,2153,2,3,51
46032,41343,2404,4732,2237
46033,32443,744,3397,2122
46034,7125,67,22,0
46035,1402,76,0,0
46036,10965,64,20,307
46037,39106,1460,4467,1347
46038,35041,2571,2718,1351
46039,566,0,0,0
46040,14199,1208,590,398
46041,18687,137,98,5236
46044,2556,5,21,85
46045,170,0,10,0
46047,44,0,0,0
46048,1967,77,0,115
46049,1076,0,0,15
46050,1724,0,9,17
46051,2720,10,0,87
46052,21930,221,57,1266
46055,11436,1354,61,744
46056,2085,0,0,96
46057,990,3,0,185
46058,2084,7,7,114
46060,39571,2649,1452,2359
46062,33242,1526,965,1093
46063,316,0,0,38
46064,15121,919,187,458
46065,3372,29,41,33
46068,2577,11,21,10
46069,6616,2,13,199
46070,2237,12,0,97
46071,3207,0,15,24
46072,8217,68,22,261
46074,35045,1106,3504,3942
46075,6716,395,370,234
46076,1736,0,12,140
46077,29521,906,2228,1078
46102,404,0,0,3
46103,368,2,0,0
46104,1083,0,0,0
46105,1677,0,25,32
46106,8887,121,154,84
46107,12036,294,119,621
46110,853,0,0,0
46111,420,0,0,7
46112,36014,3239,417,1364
46113,13325,2224,138,782
46115,1609,0,0,0
46117,499,0,0,0
46118,4270,85,18,54
46120,5725,28,0,20
46121,4655,0,0,39
46122,15162,346,92,402
46123,32356,4649,1919,2573
46124,7556,104,30,196
46125,37,0,0,0
46126,3962,3,0,59
46127,353,0,0,0
46128,2248,5,0,168
46130,1950,14,0,4
46131,31727,1078,406,850
46133,946,0,0,0
46135,17348,969,779,349
46140,39130,418,446,877
46142,30105,892,1773,1707
46143,48399,1916,4362,2681
46144,372,0,0,0
46146,223,0,0,0
46147,2359,22,2,0
46148,5023,0,0,34
46149,2321,0,10,0
46150,842,0,0,0
46151,31190,137,238,360
46154,188,0,0,0
46155,9,0,0,0
46156,1033,0,0,51
46157,3339,52,16,84
46158,23279,34,223,562
46160,5683,77,28,212
46161,2106,51,0,11
46162,251,0,0,0
46163,13229,20,194,524
46164,3889,12,22,31
46165,1865,0,49,18
46166,2680,0,0,16
46167,6801,54,0,59
46168,30005,3246,1836,2143
46170,0,0,0,0
46171,1945,0,0,159
46172,2243,0,0,42
46173,10111,96,11,252
46175,535,0,3,0
46176,26286,553,373,1857
46180,818,0,0,10
46181,5046,0,32,43
46182,1614,0,0,5
46183,39,0,0,0
46184,11751,22,76,614
46186,1831,0,0,4
46201,19222,7494,200,5830
46202,13098,4311,1596,1236
46203,25749,6510,670,3741
46204,7125,2130,470,635
46205,14785,10384,777,1465
46206,0,0,0,0
46208,9936,10334,419,1512
46214,11244,7769,276,3330
46216,1237,850,0,118
46217,26229,3317,7003,2502
46218,6644,19852,113,2481
46219,24496,8777,116,5618
46220,28851,4505,634,1389
46221,20207,3899,155,2491
46222,13761,13172,891,10088
46224,16307,14790,469,8846
46225,4022,568,95,375
46226,14996,24403,651,6831
46227,39207,5405,7764,4924
46228,6967,6914,981,900
46229,10962,14402,714,1970
46231,6913,2408,773,1972
46234,18442,4709,1094,2294
46235,8689,20278,236,4459
46236,18565,3785,314,3473
46237,32821,2177,4231,2891
46239,22116,6854,1468,2062
46240,14995,2149,1110,1012
46241,22365,3918,309,8353
46250,12567,2709,278,1266
46254,10108,25319,1047,5682
46256,16967,2992,1002,1589
46259,12372,58,1281,582
46260,16249,14721,1010,2738
46268,10875,10674,781,3098
46278,5984,2096,385,473
46280,5967,685,190,479
46290,87,0,0,0
46301,562,0,5,7
46302,51,0,0,0
46303,15995,15,84,600
46304,24337,400,515,2633
46307,58935,4328,1004,8263
46310,12033,50,17,953
46311,19856,886,416,2689
46312,5209,10136,29,14438
46319,11682,2729,388,2966
46320,3104,6161,197,5231
46321,18290,1437,1557,3295
46322,17996,2029,515,4411
46323,10607,4699,231,9008
46324,10420,4795,264,8065
46327,3964,1272,45,6332
46340,1197,0,0,131
46341,9423,0,59,674
46342,24846,2596,531,6546
46345,77,0,0,6
46346,1123,99,10,92
46347,4748,2,0,443
46348,1031,17,0,18
46349,2859,0,0,18
46350,38736,1248,177,3967
46356,17204,28,0,1782
46360,30520,9166,393,2955
46365,838,0,0,39
46366,5553,6,53,265
46368,31308,3641,361,7393
46371,3451,0,0,99
46373,15006,546,348,1980
46374,1027,0,0,45
46375,18759,1688,926,3281
46376,198,0,0,6
46377,66,0,0,0
46379,288,0,0,0
46381,579,0,33,52
46382,1886,0,0,0
46383,36982,1359,545,3534
46385,36457,867,850,3205
46390,2803,180,61,66
46391,7693,1347,64,351
46392,7850,35,0,316
46393,140,0,0,0
46394,7395,612,89,4929
46402,304,5202,0,193
46403,3092,6926,15,1560
46404,206,15554,29,856
46405,8413,394,46,3117
46406,1932,5561,10,1181
46407,370,8479,77,156
46408,5950,7036,131,2570
46409,695,5146,0,911
46410,14383,18457,615,6725
46501,3895,11,28,61
46502,0,0,0,0
46504,3101,27,43,91
46506,9307,11,176,1093
46507,7867,38,18,1077
46508,191,9,0,6
46510,2794,5,12,121
46511,3910,53,16,16
46513,0,0,0,0
46514,33556,2404,614,4427
46516,22535,3196,435,7169
46517,17588,2844,76,8275
46524,2636,0,8,11
46526,26575,723,287,7135
46528,21961,605,480,5030
46530,26113,1033,2395,1649
46531,1648,0,0,118
46532,1308,0,0,53
46534,10511,34,13,504
46536,2722,6,3,44
46537,452,3,0,11
46538,4143,0,23,225
46539,2414,19,0,99
46540,12420,172,85,224
46542,4337,0,10,635
46543,3993,0,2,150
46544,25571,2677,235,1383
46545,21704,1631,852,1928
46550,11169,57,172,1358
46552,6285,2,21,246
46553,3515,0,43,231
46554,4001,11,3,44
46555,2292,4,30,5
46556,6313,368,480,937
46561,12833,379,96,918
46562,4571,20,39,318
46563,21445,263,55,3722
46565,8233,8,23,222
46567,8886,12,15,285
46570,1093,0,0,19
46571,6238,6,0,70
46572,107,0,0,0
46573,3558,52,90,213
46574,7264,0,3,369
46580,19543,233,249,2146
46582,11834,268,724,1958
46590,4256,29,42,699
46595,50,0,0,0
46601,2502,1824,113,475
46613,6414,2473,152,2469
46614,22090,3989,502,2424
46615,10202,1845,552,1490
46616,3527,1274,47,758
46617,7361,1901,289,710
46619,10942,4430,74,8245
46624,48,0,0,0
46628,15923,8335,385,2279
46635,5726,375,181,78
46637,11966,2701,564,532
46701,7694,69,3,150
46702,1932,0,14,68
46703,17722,81,54,974
46704,40,0,0,0
46705,1649,0,12,153
46706,19454,26,20,156
46710,4100,26,5,62
46711,8001,0,41,255
46714,14100,278,51,737
46721,4688,16,52,71
46723,7238,38,40,234
46725,22186,83,0,552
46730,985,12,0,12
46731,900,0,0,18
46732,2419,0,0,532
46733,17880,195,10,976
46737,6611,0,116,255
46738,7863,46,127,548
46740,4402,10,0,221
46741,3967,61,0,72
46742,3051,0,14,40
46743,2688,0,0,29
46745,1841,0,0,8
46746,4118,31,16,414
46747,2237,26,0,25
46748,6240,195,183,93
46750,25657,324,232,696
46755,14562,0,246,1044
46759,441,0,0,0
46760,1189,4,0,7
46761,11082,17,0,965
46763,1456,0,16,0
46764,1179,16,14,73
46765,5717,17,18,103
46766,422,0,0,9
46767,6964,14,58,3123
46770,2740,6,3,29
46771,76,0,0,0
46772,3173,8,0,221
46773,3007,0,0,160
46774,15892,493,204,596
46776,1508,1,6,76
46777,5797,33,0,148
46778,103,0,0,0
46779,2325,0,0,0
46781,777,0,0,8
46783,6897,7,26,478
46784,1952,6,0,30
46785,1564,0,0,148
46786,37,0,0,0
46787,3979,7,21,3
46788,3832,0,0,189
46789,192,0,0,0
46791,1006,0,0,5
46792,3397,13,2,12
46793,4051,2,25,103
46794,985,16,0,120
46795,6813,7,0,110
46796,109,0,0,0
46797,4027,8,4,60
46798,946,0,0,0
46799,404,0,0,1
46802,7003,1817,93,1346
46803,3867,4261,171,2675
46804,24672,1856,724,1278
46805,16147,2657,1572,1296
46806,7399,10192,2520,5548
46807,9835,1968,519,2916
46808,15194,1473,512,2486
46809,6818,898,64,1202
46814,13658,432,1111,467
46815,21344,2443,1359,786
46816,7484,6222,3769,2137
46818,18207,765,622,1308
46819,7302,1109,121,947
46825,21609,3091,2336,1484
46835,29144,2410,1253,2604
46845,24721,933,1043,926
46901,33023,3424,185,1631
46902,30763,3092,857,1331
46910,2621,9,0,518
46911,1680,7,0,28
46913,1139,0,0,23
46914,2655,437,143,138
46915,700,0,0,3
46917,1833,1,0,74
46919,1448,19,19,46
46920,1284,0,0,0
46922,0,0,0,0
46923,7488,6,12,744
46926,1416,0,0,0
46928,4467,8,0,134
46929,2970,128,0,74
46930,209,0,8,1
46931,244,0,0,14
46932,2850,56,0,103
46933,5849,108,84,351
46936,5632,22,34,126
46937,0,18,0,0
46938,2330,15,0,75
46939,1572,82,8,16
46940,2589,7,24,53
46941,834,0,0,14
46943,131,0,0,0
46945,0,0,0,0
46946,105,0,0,0
46947,22394,438,512,6013
46950,432,0,0,0
46951,2036,3,2,0
46952,15664,881,173,1021
46953,18193,3363,153,1313
46957,391,0,0,0
46958,611,0,0,0
46959,315,0,0,0
46960,1046,0,8,103
46961,48,0,0,0
46962,7981,210,45,222
46965,0,0,0,0
46967,140,0,1,1
46968,147,0,0,0
46970,20414,1016,38,1086
46971,0,0,0,0
46974,1697,48,6,58
46975,12913,150,10,561
46978,2204,0,0,60
46979,4879,9,10,203
46980,207,0,0,40
46982,2697,1,0,23
46984,19,0,0,0
46985,1097,0,0,21
46986,1607,10,2,29
46987,1021,0,2,0
46988,820,0,0,12
46989,5001,156,123,160
46990,421,0,10,0
46991,1840,0,0,25
46992,15901,85,29,513
46994,2105,0,23,121
46996,5701,10,9,134
46998,166,0,0,40
47001,9460,34,39,210
47003,1034,14,1,74
47006,11796,38,98,322
47010,289,0,0,0
47011,996,0,0,0
47012,10278,2,84,215
47016,785,0,0,0
47017,460,0,0,0
47018,4436,63,2,52
47020,1200,0,0,26
47021,0,0,0,0
47022,2971,0,10,1
47023,2057,24,0,30
47024,2777,19,0,68
47025,22741,164,12,293
47030,1775,0,0,0
47031,5251,21,88,20
47032,3163,0,2,48
47033,0,0,0,0
47034,178,0,0,0
47035,180,0,0,0
47036,1256,0,40,18
47037,4206,3,0,56
47038,918,0,0,11
47040,5042,18,26,15
47041,5821,0,15,89
47042,3539,11,11,0
47043,4574,30,2,91
47060,6244,25,212,112
47102,6536,0,0,194
47104,8,0,0,0
47106,4413,3,0,27
47108,1919,8,0,1
47110,762,0,0,0
47111,16187,540,187,555
47112,16240,166,36,630
47114,418,16,0,0
47115,2957,0,19,3
47116,328,51,0,0
47117,4303,101,44,42
47118,3501,4,0,37
47119,10778,47,65,412
47120,659,0,0,0
47122,11001,80,62,195
47123,128,0,0,0
47124,5097,36,66,140
47125,1563,0,0,0
47126,4114,16,0,93
47129,16373,1433,58,3058
47130,37070,6251,668,2543
47135,695,1,0,3
47136,4302,67,157,152
47137,1414,5,0,22
47138,4871,4,14,12
47140,2232,0,27,0
47141,1722,0,0,104
47142,695,0,0,0
47143,3361,79,0,65
47145,1942,22,0,0
47147,1315,0,0,44
47150,41915,3816,744,2149
47160,75,2,0,0
47161,3348,1,0,45
47162,594,0,0,6
47163,781,0,0,21
47164,3729,1,5,6
47165,6630,38,14,143
47166,1304,0,0,63
47167,14997,8,11,232
47170,13338,33,0,429
47172,18146,293,353,550
47174,43,0,0,0
47175,821,0,0,34
47177,2054,21,0,55
47201,38116,1001,4938,4423
47203,20772,275,1607,1927
47220,5817,36,24,38
47223,728,0,0,0
47224,522,0,0,0
47225,19,0,0,0
47226,237,14,0,4
47227,1333,0,0,17
47229,2891,0,0,22
47230,1853,0,6,11
47231,563,1,0,4
47232,2446,41,0,13
47234,1453,0,0,45
47235,1427,0,0,0
47236,266,0,0,0
47240,20391,40,151,529
47243,5676,45,22,263
47244,397,2,2,0
47246,3872,13,104,47
47247,188,0,0,4
47250,21747,648,220,817
47260,2027,0,0,3
47263,178,0,0,15
47264,1146,4,0,167
47265,20298,218,65,794
47270,432,0,0,0
47272,1592,21,6,75
47273,2038,0,0,0
47274,27626,470,822,3564
47280,577,0,0,9
47281,1432,0,0,0
47282,247,0,0,11
47283,3730,0,0,53
47302,21861,1951,38,883
47303,20271,2741,209,524
47304,27603,1382,1121,898
47305,2428,358,16,209
47306,3032,460,181,198
47320,4158,10,20,64
47324,219,0,0,3
47325,562,0,0,15
47326,1809,0,0,17
47327,4178,0,11,11
47330,5225,21,5,223
47331,21453,278,43,340
47334,3114,8,15,24
47335,643,0,0,6
47336,2745,26,0,62
47337,202,0,0,4
47338,2352,0,0,108
47339,495,0,0,0
47340,2821,0,5,16
47341,2310,0,4,10
47342,2269,0,2,35
47344,175,0,0,0
47345,1393,0,10,4
47346,3814,0,6,102
47348,8709,108,0,65
47351,488,11,0,28
47352,748,0,0,22
47353,5007,29,47,71
47354,1113,0,5,18
47355,2838,18,0,146
47356,5153,26,42,157
47357,942,3,0,3
47358,903,0,0,0
47359,3233,16,17,76
47360,1280,15,6,112
47361,239,0,0,6
47362,26930,1142,178,608
47366,16,0,10,0
47367,85,0,0,0
47368,1942,0,0,20
47369,1295,0,11,0
47370,129,0,0,0
47371,11846,33,57,393
47373,2040,0,19,202
47374,38197,2865,679,1812
47380,1396,4,0,55
47381,161,0,0,28
47382,175,0,0,0
47383,2706,1,0,35
47384,2243,0,0,26
47385,1786,5,0,0
47386,1147,1,2,5
47387,503,0,0,9
47388,406,0,0,0
47390,4353,0,24,648
47392,182,0,0,0
47393,1703,0,0,55
47394,8141,30,81,71
47396,7105,77,152,0
47401,33262,961,4172,1143
47403,29185,2092,770,2035
47404,20293,975,1096,628
47405,1156,32,63,96
47406,7017,246,931,495
47408,17742,766,2173,737
47420,51,0,0,0
47421,26368,90,124,707
47424,8334,64,10,53
47427,865,0,0,0
47429,6835,30,10,112
47431,1626,0,0,65
47432,3921,304,10,268
47433,3751,0,0,5
47434,12,0,0,0
47435,113,0,0,0
47436,1401,0,22,14
47437,87,0,0,0
47438,3764,40,0,0
47441,8604,22,1,320
47443,1312,3,34,79
47445,94,0,0,0
47446,8715,55,176,70
47448,7420,65,83,264
47449,382,0,0,0
47451,1339,2,0,9
47452,5003,7,49,44
47453,240,0,0,0
47454,7142,11,0,168
47455,35,0,0,0
47456,1162,0,0,15
47457,0,0,0,0
47458,0,0,0,0
47459,3489,54,0,3
47460,10915,19,100,148
47462,4884,0,16,0
47464,317,0,0,26
47465,416,0,0,9
47467,0,0,0,0
47468,1101,0,0,0
47469,1785,0,9,21
47470,1342,0,0,25
47471,3112,2,0,177
47501,15909,506,70,1762
47512,3806,0,37,66
47513,1711,0,0,71
47514,1061,326,0,34
47515,1114,0,6,0
47516,963,0,0,7
47519,621,0,0,0
47520,2802,34,0,20
47521,857,0,0,0
47522,305,0,2,13
47523,3136,0,0,380
47524,427,0,0,14
47525,206,0,0,0
47527,2215,59,0,56
47528,461,0,0,5
47529,1169,9,0,2
47531,897,0,0,0
47532,4258,13,2,116
47535,604,0,0,0
47537,639,0,0,0
47541,1076,1,2,73
47542,7712,522,0,2262
47546,20800,104,216,1044
47550,594,0,0,0
47551,588,0,0,0
47552,231,0,0,0
47553,8445,10,0,102
47557,1296,0,0,0
47558,4595,0,0,2
47561,1347,0,0,14
47562,5178,14,11,32
47564,1497,0,0,0
47567,6236,28,0,67
47568,585,2,0,75
47573,19,0,0,0
47574,142,0,0,0
47575,1109,0,0,0
47576,404,0,0,62
47577,1210,7,49,12
47578,484,0,0,31
47579,2656,30,0,28
47580,264,0,0,0
47581,2912,10,0,38
47584,150,0,0,0
47585,472,42,0,163
47586,10311,250,129,168
47588,929,0,0,9
47590,450,0,0,0
47591,22917,833,299,787
47596,118,0,0,0
47597,833,0,2,0
47598,2698,0,30,49
47601,12852,49,15,468
47610,5206,9,0,50
47611,1041,0,0,7
47612,775,3,0,3
47613,2704,0,0,6
47615,1486,15,1,41
47616,276,0,0,0
47619,1566,0,0,26
47620,11994,265,61,302
47630,34419,1262,1548,801
47631,2006,0,26,20
47633,2229,0,0,4
47634,2164,0,0,75
47635,5236,78,30,93
47637,1451,2,0,0
47638,3360,52,0,0
47639,4500,0,8,13
47640,919,9,0,11
47648,3935,19,26,54
47649,1204,18,0,0
47654,20,0,0,0
47660,4704,42,19,75
47665,3925,15,9,2
47666,1374,13,0,23
47670,9943,474,97,471
47683,35,0,0,0
47708,611,17,50,0
47710,16120,1203,188,701
47711,27011,2218,242,503
47712,23125,398,477,604
47713,5193,3625,14,340
47714,24699,6131,365,1378
47715,22040,3788,590,1289
47720,16395,67,93,107
47725,18074,107,439,504
47802,27747,2953,639,1071
47803,18210,782,1153,489
47804,9241,604,44,716
47805,11961,149,69,161
47807,9957,2337,175,432
47809,1344,274,40,50
47831,0,0,0,0
47832,1168,0,0,0
47833,957,0,0,0
47834,18174,91,55,449
47836,0,0,0,0
47837,943,0,0,0
47838,2902,661,23,110
47840,2068,3,0,5
47841,2237,0,0,37
47842,9420,67,13,52
47845,40,0,0,0
47846,785,0,0,0
47847,911,0,0,1
47848,1260,0,0,30
47849,349,67,0,94
47850,2250,8,12,0
47851,0,0,0,0
47853,125,0,0,4
47854,750,0,0,0
47855,940,0,0,0
47857,344,6,0,0
47858,1176,0,0,18
47859,931,53,0,0
47860,600,0,0,0
47861,548,0,0,5
47862,1264,11,0,84
47863,183,42,0,16
47865,4,0,0,0
47866,416,45,0,0
47868,2546,86,10,0
47869,34,0,0,0
47870,0,0,0,0
47871,499,0,0,0
47872,7671,238,0,73
47874,2657,5,0,0
47875,0,0,0,0
47876,323,7,0,0
47879,3084,13,0,102
47880,21,0,0,0
47881,219,0,0,2
47882,7776,5,0,33
47884,263,0,0,1
47885,8815,164,28,13
47901,3436,647,197,198
47904,13205,809,240,2092
47905,33667,3162,1555,3666
47906,53122,3460,11777,4692
47907,0,0,0,0
47909,35258,3097,811,5402
47916,56,0,0,0
47917,299,0,0,141
47918,4942,14,5,147
47920,2726,0,0,351
47921,1048,29,5,167
47922,1279,0,0,189
47923,3415,4,14,93
47924,68,0,0,0
47925,0,0,0,0
47926,1115,6,0,21
47928,1737,0,14,4
47929,636,0,0,7
47930,1084,0,0,38
47932,5038,18,87,186
47933,25699,253,87,1761
47940,1378,0,0,60
47941,1008,19,0,58
47942,742,3,0,13
47943,689,0,0,317
47944,3333,5,0,61
47946,1916,8,15,184
47948,1185,0,0,69
47949,1602,0,0,24
47950,514,0,0,271
47951,2010,157,0,207
47952,2536,13,1,32
47954,2031,27,179,26
47955,749,14,0,38
47957,2004,0,0,160
47958,146,0,0,5
47959,1509,18,0,994
47960,14557,50,47,714
47963,2271,0,0,88
47964,85,0,0,0
47965,509,0,0,5
47966,283,0,0,12
47967,822,5,9,4
47968,1339,0,0,18
47969,248,1,0,0
47970,2000,29,6,97
47971,1901,58,0,89
47974,1135,2,0,144
47975,721,0,8,8
47977,2388,131,3,81
47978,8791,118,31,676
47980,1043,2,9,32
47981,834,0,0,41
47982,132,3,0,3
47983,162,0,0,0
47986,0,0,0,0
47987,3536,7,0,102
47989,1043,0,60,3
47990,1301,14,0,47
47991,1288,0,0,7
47992,1513,0,0,158
47993,3497,0,20,131
47994,443,0,6,0
47995,1694,48,12,84
47997,169,0,0,4
48001,11005,39,155,217
48002,3069,0,0,24
48003,5528,0,56,245
48005,5177,10,3,33
48006,3753,8,4,141
48009,18860,694,1030,651
48014,3941,8,4,378
48015,4885,2628,480,325
48017,10375,145,241,277
48021,13714,18104,270,585
48022,2498,14,0,95
48023,4534,205,0,14
48025,12075,1201,613,520
48026,12306,1018,261,377
48027,2834,47,0,82
48028,953,0,0,0
48030,11524,1425,321,826
48032,1784,0,20,25
48033,4097,11963,182,72
48034,2833,10420,447,268
48035,24085,7368,801,1355
48036,14114,4738,678,911
48038,34788,5130,1430,1100
48039,7388,0,0,92
48040,9554,98,126,65
48041,4244,27,4,75
48042,29968,320,1047,570
48043,10398,3772,25,523
48044,50258,4312,1820,1705
48045,20296,2585,266,404
48047,34602,2570,400,1458
48048,8134,1369,1,515
48049,5328,5,0,40
48050,1345,0,0,1
48051,14614,1311,30,1006
48054,6956,104,12,161
48059,14473,129,83,754
48060,33111,2937,286,2519
48062,8151,437,0,433
48063,3917,36,0,1
48064,3897,0,1,184
48065,10382,250,17,696
48066,33053,10831,674,1801
48067,21080,700,720,1499
48069,2404,17,28,112
48070,5947,69,100,122
48071,23340,2094,1822,520
48072,13394,216,147,668
48073,28296,2521,1326,1052
48074,8670,7,11,550
48075,5873,15821,116,217
48076,7851,14177,620,755
48079,12091,98,40,290
48080,18052,2232,330,812
48081,19151,478,133,463
48082,14630,662,56,283
48083,15408,1155,5308,855
48084,8567,905,5267,381
48085,19365,1009,5879,478
48088,18518,2789,1079,945
48089,18806,9631,1935,946
48091,15375,7427,5268,631
48092,18227,3505,4729,554
48093,17385,4158,1794,368
48094,18818,266,138,921
48095,5358,92,93,80
48096,3605,2,17,19
48097,5094,6,17,163
48098,12935,434,6190,550
48101,23764,1230,440,3318
48103,41152,2762,5591,2774
48104,34406,2108,6236,1829
48105,22165,1942,10205,1514
48108,16296,4295,4077,1431
48109,3813,288,1363,338
48111,29657,10324,784,1981
48114,19956,254,299,430
48116,25638,152,220,886
48117,9549,186,45,196
48118,12370,89,77,286
48120,6963,210,502,126
48122,9336,1793,22,2880
48124,29291,1601,434,1791
48125,17655,2065,51,1896
48126,47339,1554,1609,743
48127,34723,3231,808,1198
48128,11763,193,180,381
48130,15295,30,305,547
48131,7431,22,45,474
48133,5992,27,0,557
48134,19036,2630,444,1210
48135,23487,1667,234,1296
48137,4279,19,1,1
48138,9677,364,280,345
48139,89,0,0,0
48140,3396,1,1,37
48141,4183,19304,313,509
48143,189,0,0,0
48144,8561,122,93,392
48145,2709,0,3,59
48146,26403,3843,236,10625
48150,23285,851,611,1381
48152,25039,1934,2214,1161
48154,32845,1498,642,1579
48157,1130,13,13,15
48158,7346,85,24,236
48159,2344,160,0,72
48160,11884,1294,77,781
48161,23592,1322,166,1168
48162,26692,552,152,874
48164,8309,193,136,205
48165,7315,111,793,789
48166,12095,265,0,451
48167,18329,779,2521,794
48168,18760,674,4638,808
48169,20252,50,175,661
48170,36274,820,1393,1085
48173,11523,450,219,802
48174,17164,12253,518,1035
48176,20110,486,881,1273
48177,336,0,0,34
48178,34177,271,930,1173
48179,3295,57,0,383
48180,43539,12794,704,4820
48182,20298,189,19,934
48183,37139,2024,1155,2137
48184,11867,4128,248,663
48185,31982,10746,2341,2005
48186,23440,8141,748,2252
48187,36630,4667,8256,2485
48188,26948,5198,10543,1320
48189,13136,130,111,425
48190,187,0,0,0
48191,3297,140,55,0
48192,22347,437,129,1631
48193,13021,1675,697,915
48195,23970,2320,844,3156
48197,39454,15760,3919,5082
48198,20321,13642,748,2512
48201,3550,8904,985,529
48202,3801,9113,867,398
48203,1778,17863,93,466
48204,753,18036,22,761
48205,1071,30053,235,144
48206,1506,13639,109,315
48207,3612,15679,563,220
48208,2088,5315,66,420
48209,9396,1666,24,19878
48210,10546,5094,41,15199
48211,2708,2193,141,49
48212,18126,9013,12483,186
48213,781,20139,21,408
48214,2994,15530,46,138
48215,919,9822,12,219
48216,2180,1919,39,1360
48217,241,5543,0,687
48218,2637,3330,0,1113
48219,2650,39433,99,596
48220,16197,3431,475,850
48221,3063,36031,648,270
48223,1668,22636,20,249
48224,2980,34026,26,496
48225,4657,10572,38,201
48226,2814,3097,541,333
48227,632,37351,24,360
48228,9486,40653,98,3435
48229,2865,4057,0,1773
48230,15212,683,256,473
48233,0,0,0,0
48234,1058,30877,166,269
48235,1206,43023,62,581
48236,25972,3012,609,494
48237,10677,15715,740,334
48238,475,22887,54,200
48239,14063,21398,162,1627
48240,7963,7340,110,822
48242,0,0,0,0
48243,0,0,0,0
48301,12039,506,849,604
48302,13140,1462,1528,437
48304,13778,1198,1567,346
48306,23004,524,2483,1154
48307,33085,1875,6321,1487
48309,24305,1026,3523,1389
48310,34423,1736,4895,626
48312,26785,3209,3368,719
48313,29764,2274,774,551
48314,17033,654,2813,803
48315,25023,874,1116,737
48316,25913,476,753,760
48317,22241,918,2489,1170
48320,3741,193,62,207
48322,21465,6583,3544,754
48323,13276,1440,1193,416
48324,13606,1141,1184,590
48326,14029,3204,3886,2171
48327,17616,1367,380,1369
48328,19698,2553,488,2962
48329,21147,424,462,1145
48331,14834,3407,2681,449
48334,10952,4469,1907,250
48335,11550,3538,7266,914
48336,19119,4195,2280,606
48340,9775,9069,1124,7532
48341,5606,11171,480,2110
48342,3673,10149,881,3144
48346,19327,1905,221,1256
48348,21985,397,635,1182
48350,7450,48,34,89
48353,6733,16,103,467
48356,7709,61,22,258
48357,7826,116,32,163
48359,8027,313,668,870
48360,10323,223,829,677
48362,13521,410,315,796
48363,6987,16,254,268
48367,4319,20,33,20
48370,1671,0,32,40
48371,24003,416,580,938
48374,11869,747,4581,608
48375,14442,1533,6332,1197
48377,10276,2656,4882,940
48380,7298,67,70,132
48381,12415,146,207,328
48382,20865,733,819,746
48383,11938,568,61,228
48386,16554,138,176,588
48390,20677,699,1584,896
48393,15830,1671,1185,1263
48401,1258,7,3,21
48410,110,0,0,0
48411,30,0,0,0
48412,5433,18,8,259
48413,6791,22,74,402
48414,2557,0,2,69
48415,8550,188,1,482
48416,5029,12,27,116
48417,1973,8,38,185
48418,4187,7,15,58
48419,2074,3,6,148
48420,19111,647,144,826
48421,6401,1,1,24
48422,5527,14,0,428
48423,31281,730,55,1334
48426,1233,0,1,90
48427,2691,0,3,168
48428,5298,1,52,103
48429,8093,14,19,231
48430,36464,308,518,1306
48432,531,1,0,1
48433,22826,1228,106,890
48434,127,0,0,14
48435,2500,0,5,35
48436,3950,16,21,175
48437,337,8,0,0
48438,7019,40,0,281
48439,40931,5667,1977,1537
48440,114,0,0,0
48441,3811,27,0,43
48442,20552,570,127,590
48444,7858,26,10,2447
48445,1152,0,0,20
48446,28143,896,101,851
48449,2724,13,0,140
48450,4325,0,0,61
48451,14617,178,66,292
48453,4702,31,16,167
48454,1107,0,5,23
48455,7533,0,72,154
48456,709,0,0,7
48457,8169,272,10,243
48458,12685,4892,39,1224
48460,2627,10,5,21
48461,7537,5,0,118
48462,11869,21,293,841
48463,4204,47,84,25
48464,1892,1,29,32
48465,536,0,0,8
48466,1367,57,2,60
48467,2171,31,0,107
48468,1248,0,1,8
48469,1243,0,0,34
48470,548,9,1,2
48471,5240,50,11,297
48472,1348,7,10,49
48473,20702,771,187,635
48475,2587,0,0,17
48476,600,0,4,0
48502,814,443,17,17
48503,8520,12716,181,575
48504,6703,15613,210,978
48505,2306,14111,17,646
48506,19943,2475,63,1716
48507,18546,8392,121,952
48509,7806,593,201,347
48519,7086,975,0,649
48529,6841,942,0,320
48532,10418,8100,153,917
48601,10032,19935,0,3283
48602,15584,7005,56,5257
48603,21741,3081,1519,2731
48604,9684,1169,64,982
48607,671,705,12,327
48609,11683,12,106,539
48610,3077,6,0,106
48611,5947,46,8,74
48612,7903,37,21,178
48613,994,0,0,11
48614,941,0,2,12
48615,2594,6,0,141
48616,6999,62,60,335
48617,8966,42,16,223
48618,4634,120,4,71
48619,440,0,0,6
48620,144,0,0,0
48621,991,10,3,28
48622,5557,96,71,200
48623,13414,664,174,423
48624,15782,49,105,317
48625,12437,105,23,236
48626,5659,15,74,92
48627,129,0,0,3
48628,1850,29,20,3
48629,7351,28,32,105
48630,70,0,0,0
48631,3750,0,0,55
48632,4574,0,3,209
48633,129,0,0,0
48634,4481,0,33,63
48635,1552,0,0,32
48636,835,0,0,25
48637,2748,4,0,341
48638,9232,2247,129,911
48640,30252,434,319,1369
48642,29803,640,1397,1088
48647,4024,16,23,84
48649,1261,5,2,41
48650,6109,16,17,137
48651,4061,46,26,65
48652,1898,2,0,10
48653,9097,29,23,321
48654,2382,20,0,29
48655,5355,210,22,447
48656,3578,1,38,82
48657,6924,53,7,118
48658,4469,26,23,117
48659,2549,5,0,5
48661,9929,66,164,229
48662,1255,0,0,56
48701,1152,11,3,47
48703,2824,15,0,47
48705,363,0,0,19
48706,36463,445,205,1838
48708,22303,822,205,2790
48710,0,0,0,0
48720,1056,0,24,12
48721,384,0,17,14
48722,2779,215,0,309
48723,11554,191,78,555
48724,764,0,0,107
48725,1854,0,17,9
48726,5444,88,39,396
48727,980,0,0,16
48728,276,3,0,15
48729,1437,12,0,33
48730,4184,72,21,184
48731,1435,0,25,18
48732,10491,70,51,708
48733,1484,28,4,114
48734,6939,219,20,367
48735,923,17,0,12
48737,1181,0,12,2
48738,1003,0,0,0
48739,3352,3,0,111
48740,2341,9,2,72
48741,1972,4,4,41
48742,1532,2,1,26
48743,38,0,0,0
48744,4220,20,13,66
48745,1214,22,63,2
48746,7589,50,98,134
48747,1575,3,10,61
48748,1371,0,28,24
48749,1256,28,0,52
48750,8515,44,34,283
48754,937,0,0,30
48755,2680,23,1,75
48756,3755,16,0,129
48757,3533,17,0,112
48759,3349,31,5,108
48760,1201,97,0,12
48761,841,0,0,5
48762,1004,8,0,7
48763,4682,53,26,77
48765,505,1,1,41
48766,1251,4,0,47
48767,1982,0,0,123
48768,8557,133,18,404
48770,1741,0,0,16
48801,12655,252,189,1174
48806,1722,7,4,64
48807,771,3,0,8
48808,6289,65,62,112
48809,10117,25,62,388
48811,5856,911,8,227
48813,18267,315,159,1117
48815,2036,0,59,62
48816,347,0,0,0
48817,5362,113,14,93
48818,2093,173,9,116
48819,2280,0,9,62
48820,16346,298,39,1263
48821,5565,106,101,325
48822,2126,117,2,218
48823,37885,3245,4636,2484
48824,1405,150,232,145
48825,8443,755,956,701
48827,14880,90,100,806
48829,3319,19,5,181
48831,3153,61,5,61
48832,1217,0,0,11
48834,1968,54,0,211
48835,2515,0,8,48
48836,14246,3,57,109
48837,18228,391,55,760
48838,16182,175,108,877
48840,10662,282,596,653
48841,662,0,2,48
48842,16283,1815,964,1440
48843,44019,355,408,1441
48845,881,20,0,21
48846,17977,2287,25,1861
48847,5271,50,1,321
48848,7321,68,30,156
48849,5310,141,27,176
48850,4227,214,9,201
48851,2038,26,9,122
48852,155,0,0,0
48853,698,0,0,27
48854,17635,378,323,715
48855,15501,28,117,346
48856,654,0,0,199
48857,3261,7,23,159
48858,35889,1415,859,2192
48859,2004,200,77,128
48860,1532,3,0,34
48861,1700,19,62,58
48862,25,0,0,0
48864,14196,1409,5218,856
48865,1815,22,3,122
48866,4044,20,0,189
48867,25811,189,89,973
48870,214,0,0,1
48871,2209,0,0,24
48872,5899,42,12,172
48873,1380,0,0,10
48874,103,64,0,18
48875,9898,100,132,292
48876,4257,49,0,555
48877,1908,3,4,56
48878,1421,7,11,99
48879,17600,153,37,608
48880,7356,1971,45,746
48881,5210,19,4,181
48883,6331,28,5,123
48884,4636,10,5,273
48885,1046,0,4,19
48886,1534,0,0,83
48888,5582,33,0,191
48889,1407,9,0,24
48890,1848,2,0,29
48891,2765,23,0,65
48892,4525,0,3,125
48893,4723,2,24,54
48894,2302,0,0,127
48895,10728,29,53,143
48896,268,0,0,9
48897,1411,0,2,85
48906,18082,3477,416,3211
48910,21682,5750,1270,4080
48911,21785,11242,3175,5469
48912,10031,3602,791,1995
48915,5795,2662,268,745
48917,23126,4446,1743,2763
48933,1367,1193,112,290
49001,12934,5226,63,2230
49002,17368,656,228,1026
49004,14582,1265,404,1062
49006,18870,3767,1182,1971
49007,4832,4389,99,448
49008,12674,1873,471,643
49009,36720,4138,1877,2063
49010,16359,495,240,788
49011,2262,46,0,83
49012,3377,44,38,240
49013,3548,171,25,1482
49014,16939,1992,481,1230
49015,22076,1748,2151,2159
49017,15697,2236,76,1122
49021,5899,180,5,273
49022,11815,15996,133,1791
49024,25288,1900,1119,1677
49026,1483,72,0,92
49027,281,0,0,70
49028,5088,24,29,639
49029,1305,4,0,3
49030,2308,19,0,148
49031,6212,994,153,382
49032,3124,59,0,26
49033,1728,0,20,28
49034,2056,0,22,18
49036,22444,817,168,1614
49037,12547,4994,627,1620
49038,7657,187,0,293
49040,3281,5,4,7
49042,4319,54,62,283
49043,1089,582,2,721
49045,4624,104,45,494
49046,6841,111,0,174
49047,12089,973,94,1075
49048,16098,4800,349,1639
49050,1289,12,5,90
49051,2789,50,0,53
49052,886,36,0,36
49053,6891,180,0,308
49055,5869,0,12,126
49056,3256,129,22,637
49057,4584,155,1,1835
49058,18516,14,48,686
49060,2518,4,8,5
49061,1696,8,6,85
49063,120,0,0,0
49064,2811,205,8,718
49065,6624,53,32,387
49066,596,8,0,37
49067,3736,19,21,90
49068,14337,35,217,649
49070,2029,13,5,45
49071,10856,42,93,333
49072,2595,5,4,155
49073,4821,0,7,267
49074,186,19,0,6
49075,137,0,0,5
49076,3727,215,6,109
49078,9304,39,42,366
49079,12126,185,35,815
49080,14637,177,57,1120
49082,6114,9,3,41
49083,6857,222,104,389
49084,13,0,0,0
49085,20728,549,1107,577
49087,5950,16,98,69
49088,3291,79,202,73
49089,1999,0,1,3
49090,10684,905,260,1730
49091,16950,228,54,3383
49092,1850,0,0,58
49093,15770,932,158,941
49094,3283,12,11,130
49095,2023,116,45,42
49096,2779,0,11,154
49097,10557,28,55,270
49098,5213,185,81,570
49099,5383,10,30,308
49101,2701,19,25,91
49102,1371,34,0,101
49103,7553,1218,615,1669
49104,293,51,73,75
49106,4726,55,71,270
49107,9240,398,31,161
49111,2863,108,25,413
49112,9389,59,56,206
49113,1611,9,3,30
49115,103,0,0,0
49116,96,7,0,0
49117,3165,11,29,190
49119,134,0,0,0
49120,31573,2664,168,1775
49125,1951,0,0,1
49126,1082,23,11,374
49127,9929,441,154,589
49128,2891,5,25,381
49129,530,16,0,23
49130,1108,0,40,78
49201,41314,4971,422,2193
49202,14355,1797,198,853
49203,27912,5235,301,1858
49220,2682,0,0,111
49221,35557,1777,136,5917
49224,9845,2300,31,633
49227,1122,11,1,38
49228,5151,1,4,131
49229,3116,4,3,118
49230,9586,71,55,130
49232,2641,6,0,54
49233,2726,17,55,149
49234,2409,17,0,28
49235,1967,0,17,56
49236,4748,50,26,66
49237,2890,111,22,49
49238,1810,8,0,103
49240,8923,9,50,239
49241,1796,21,0,16
49242,13618,165,73,457
49245,4271,25,5,104
49246,3578,54,0,154
49247,5155,5,3,236
49248,866,4,0,22
49249,3295,44,1,54
49250,5589,54,22,97
49251,5959,38,10,455
49252,2414,0,0,17
49253,2589,10,0,53
49254,3499,53,0,129
49255,2021,0,4,75
49256,3493,2,2,156
49258,10,0,0,0
49259,2504,0,30,54
49261,278,0,0,12
49262,1203,2,0,4
49263,0,0,0,0
49264,1594,7,0,111
49265,4884,68,8,130
49266,3118,7,0,139
49267,3943,32,6,23
49268,1149,0,20,34
49269,5423,144,16,87
49270,5336,29,0,104
49271,1880,17,0,4
49272,2278,14,0,135
49274,3619,10,17,89
49276,816,19,0,67
49277,2686,1,0,83
49279,823,0,0,45
49282,71,0,0,0
49283,4029,45,196,69
49284,2530,25,11,122
49285,5776,58,28,117
49286,13082,194,103,1345
49287,2065,26,0,34
49288,1469,0,0,3
49289,62,0,0,12
49301,17803,149,986,1077
49302,9322,16,80,167
49303,829,8,0,95
49304,3314,795,38,208
49305,2289,5,13,31
49306,10025,108,69,687
49307,16038,776,328,523
49309,1407,56,4,34
49310,2741,6,0,125
49312,150,5,0,0
49315,23168,106,859,943
49316,21339,558,1215,1748
49318,1154,21,41,103
49319,17203,22,77,1010
49320,195,17,0,0
49321,13107,1270,154,1744
49322,1002,56,0,40
49323,10436,0,86,201
49325,2391,11,0,65
49326,3709,0,8,264
49327,7718,45,58,1079
49328,3697,49,6,28
49329,8261,484,7,140
49330,5415,21,9,581
49331,16138,291,66,540
49332,3217,25,0,21
49333,11731,129,163,336
49335,140,0,0,0
49336,3992,77,22,173
49337,11839,85,38,914
49338,1380,88,11,9
49339,1950,0,0,0
49340,2239,12,16,119
49341,36116,282,306,1130
49342,1470,7,11,0
49343,5586,9,1,110
49344,3509,60,0,302
49345,12116,97,212,362
49346,4801,15,0,82
49347,1464,8,0,72
49348,11915,279,200,571
49349,6871,139,12,241
49401,25651,537,490,1388
49402,1382,29,0,38
49403,2372,0,10,252
49404,8182,26,0,229
49405,1541,15,7,128
49406,715,2,1,8
49408,8719,93,42,2321
49409,99,0,0,0
49410,1658,5,9,62
49411,1533,3,0,11
49412,11272,121,40,688
49415,6249,122,27,192
49417,30655,233,420,1649
49418,25721,1223,974,1881
49419,8129,22,51,283
49420,5395,92,6,995
49421,5466,21,3,319
49423,36674,2116,1262,8873
49424,34884,1184,2614,11949
49425,3216,31,0,54
49426,37525,305,1083,1729
49428,25844,328,284,1249
49430,50,0,0,0
49431,15822,300,107,638
49434,14,0,0,0
49435,3905,0,8,60
49436,1512,0,0,280
49437,6053,32,3,438
49440,825,66,5,99
49441,30120,3584,427,1659
49442,30229,10226,526,3620
49443,64,3,0,0
49444,16109,8300,45,1465
49445,19162,448,63,1405
49446,2105,24,0,414
49448,4333,16,9,83
49449,2609,0,8,93
49450,2185,2,0,1206
49451,5896,71,11,254
49452,2043,2,2,248
49453,2551,0,28,133
49454,4489,0,10,472
49455,4394,64,1,1541
49456,18214,142,100,766
49457,9979,135,140,584
49458,118,0,7,0
49459,1386,40,0,269
49460,7093,162,528,1164
49461,8389,96,54,618
49464,25476,183,1143,2364
49503,24552,5056,872,6852
49504,31506,2677,790,5604
49505,23320,4631,996,2116
49506,26827,3283,696,1451
49507,15250,13529,206,13468
49508,21671,11499,4119,4576
49509,16555,3455,501,9174
49512,13280,3734,861,1401
49519,20067,2415,929,4883
49525,26787,926,589,1168
49534,20519,517,368,977
49544,7942,395,455,949
49546,27928,2409,2537,1057
49548,20193,4998,2020,7437
49601,20707,304,133,423
49611,403,0,0,0
49612,1286,0,3,80
49613,551,0,0,14
49614,2772,40,0,112
49615,3698,19,26,68
49616,1940,2,80,127
49617,2907,8,19,91
49618,747,0,20,44
49619,930,13,0,10
49620,2633,42,16,12
49621,3628,0,4,157
49622,2371,1,0,4
49623,1125,15,0,6
49625,1165,0,3,2
49626,183,0,0,4
49627,238,0,0,9
49628,182,0,0,13
49629,1936,0,28,55
49630,1380,4,2,44
49631,5126,26,53,124
49632,1032,0,13,78
49633,3018,0,7,72
49634,172,0,0,0
49635,3094,80,5,51
49636,538,16,0,43
49637,3405,1,0,345
49638,803,20,0,100
49639,2211,36,0,40
49640,1188,0,0,25
49642,577,363,0,12
49643,7100,31,46,210
49644,1783,3,0,7
49645,1711,15,3,94
49646,7950,114,80,190
49648,2532,3,0,51
49649,6747,5,20,337
49650,3373,33,0,0
49651,7160,43,47,78
49653,1597,0,0,25
49654,644,10,0,86
49655,3190,32,0,58
49656,1612,6,0,104
49657,3460,13,0,239
49659,6721,121,30,215
49660,12691,690,100,608
49663,5674,8,34,183
49664,1922,0,30,64
49665,3937,9,0,94
49667,636,0,0,14
49668,3106,10,5,121
49670,1651,0,0,33
49674,191,0,0,0
49675,722,0,0,2
49676,3228,0,3,186
49677,6925,83,9,212
49679,1229,47,0,39
49680,2006,86,6,28
49682,3644,63,59,282
49683,1856,2,19,20
49684,19636,178,209,700
49685,19577,145,156,547
49686,23842,173,89,854
49688,2195,13,17,21
49689,1534,15,0,28
49690,5896,22,44,225
49696,9587,151,107,74
49701,520,92,22,20
49705,833,14,2,1
49706,3995,11,9,127
49707,20774,209,109,437
49709,3223,3,6,80
49710,260,0,0,6
49712,7753,52,41,177
49713,2061,3,0,27
49715,1842,63,21,37
49716,884,14,0,4
49717,68,0,0,0
49718,618,3,0,4
49719,1357,0,0,0
49720,8519,77,49,266
49721,12980,115,64,293
49722,45,0,0,0
49724,953,0,38,12
49725,489,0,3,0
49726,973,0,4,0
49727,6346,7,25,206
49728,306,0,0,0
49729,1382,13,2,29
49730,1972,0,4,59
49733,1569,3,19,14
49735,19386,233,110,397
49736,459,0,0,0
49738,8930,30,103,228
49740,6761,103,24,205
49743,877,0,5,27
49744,876,0,0,6
49745,637,0,0,2
49746,3383,24,0,34
49747,1977,0,7,13
49748,130,0,0,2
49749,4125,13,7,21
49751,2006,0,8,29
49752,644,161,0,36
49753,1702,1,0,7
49755,1510,14,42,14
49756,3570,8,16,35
49757,485,102,11,88
49759,1403,9,0,42
49760,499,22,2,23
49762,444,0,4,12
49764,0,0,0,0
49765,4194,29,12,120
49766,2357,10,16,2
49768,402,0,0,4
49769,1360,0,0,3
49770,16512,111,52,328
49774,1600,0,3,12
49775,44,0,0,0
49776,1461,14,2,4
49777,1783,0,15,9
49779,4444,11,23,45
49780,1350,20,10,55
49781,1987,281,74,82
49782,619,0,3,2
49783,13572,151,171,277
49784,335,828,0,134
49788,1824,753,61,215
49791,200,0,0,13
49793,120,0,0,0
49795,1913,10,3,25
49796,368,0,0,9
49799,1979,0,19,22
49801,10904,103,62,230
49802,5433,71,80,112
49805,488,0,0,9
49806,479,4,2,83
49807,2842,13,9,76
49808,394,1,0,0
49812,779,0,0,32
49814,1126,0,0,27
49815,193,0,0,0
49816,641,0,61,2
49817,503,4,6,44
49818,1219,0,0,0
49820,186,10,0,11
49821,1221,30,2,25
49822,220,0,0,2
49825,272,0,0,0
49826,256,0,0,0
49827,1062,0,0,28
49829,15171,57,43,399
49831,552,0,0,2
49833,89,0,0,0
49834,581,0,0,0
49835,625,4,3,21
49836,959,1,0,0
49837,9327,23,0,36
49838,341,0,0,0
49839,297,2,0,8
49840,625,0,8,15
49841,6326,107,38,44
49847,1048,0,6,8
49848,94,0,0,0
49849,11130,69,173,214
49852,133,0,0,0
49853,1035,4,0,4
49854,5199,39,21,55
49855,30165,853,189,681
49858,11350,30,33,274
49861,536,4,0,8
49862,3454,685,7,68
49863,186,0,0,6
49864,29,0,0,0
49866,7775,13,12,135
49868,3417,526,10,84
49870,3309,40,0,0
49871,484,0,0,0
49872,220,0,0,0
49873,98,0,0,0
49874,962,0,0,9
49876,1262,0,0,26
49877,10,0,0,0
49878,2896,0,9,15
49879,1077,0,4,7
49880,1039,0,10,0
49881,283,0,0,74
49883,168,5,0,0
49884,436,0,0,2
49885,1712,15,20,10
49886,523,0,4,13
49887,2577,28,5,71
49891,603,0,0,1
49892,1983,9,8,20
49893,1328,1,6,34
49894,912,0,0,0
49895,740,3,0,13
49896,1151,22,33,24
49901,273,0,0,8
49902,192,0,0,0
49903,179,0,0,9
49905,2326,1,0,20
49908,1667,603,19,90
49910,239,0,0,0
49911,2592,53,22,50
49912,805,1,3,11
49913,6805,40,108,131
49915,525,4,9,12
49916,2824,11,42,43
49917,304,0,2,0
49918,100,0,0,0
49919,93,0,0,0
49920,3981,30,13,52
49921,347,0,0,0
49922,867,8,0,8
49925,632,0,0,9
49927,300,26,5,23
49929,209,0,0,10
49930,6877,43,96,102
49931,8428,295,767,307
49934,744,10,10,0
49935,5608,25,44,165
49938,7251,40,39,161
49942,69,0,0,0
49945,2753,2,4,43
49946,3164,33,26,57
49947,576,68,3,9
49948,565,5,0,24
49950,933,0,0,16
49952,128,0,0,2
49953,2166,47,17,25
49955,425,18,0,0
49958,798,0,0,0
49959,270,51,0,30
49960,221,0,0,0
49961,139,0,0,0
49962,197,0,0,3
49963,511,2,0,2
49965,469,0,7,12
49967,326,0,15,6
49968,2001,5,14,15
49969,760,30,3,20
49970,277,0,0,1
49971,394,0,6,0
50001,495,23,0,0
50002,1459,0,0,27
50003,8515,54,38,351
50005,627,5,198,19
50006,1481,0,0,130
50007,477,4,4,2
50008,755,0,0,0
50009,19223,682,281,962
50010,26742,1139,3399,1482
50012,1908,42,21,113
50013,3978,63,54,218
50014,24618,1019,3477,863
50020,1253,0,0,23
50021,24864,421,903,1362
50022,8425,98,44,237
50023,41124,487,1320,1213
50025,2768,17,2,51
50026,374,0,0,35
50027,274,0,0,0
50028,1751,0,2,3
50029,518,15,0,13
50031,57,0,0,0
50032,702,0,0,0
50033,12,0,0,0
50034,420,0,0,7
50035,8813,492,78,267
50036,15429,176,39,480
50038,247,0,0,0
50039,531,4,0,9
50040,136,0,0,2
50041,98,0,0,0
50042,190,0,0,10
50044,884,0,0,20
50046,1586,4,2,16
50047,6311,19,0,251
50048,696,0,0,60
50049,6236,30,32,167
50050,694,3,12,8
50051,250,0,11,3
50052,81,0,0,0
50054,2919,40,16,136
50055,1198,15,2,21
50056,1162,0,9,17
50057,244,0,0,0
50058,1785,0,0,68
50060,2320,19,4,67
50061,2142,14,63,10
50062,837,0,0,37
50063,2458,37,5,48
50064,127,0,0,2
50065,576,0,5,9
50066,205,0,0,6
50067,252,0,0,2
50068,277,0,0,0
50069,954,0,39,20
50070,1124,6,33,40
50071,863,0,0,77
50072,2701,37,10,23
50073,918,9,4,15
50074,182,0,0,0
50075,716,0,0,17
50076,1416,0,0,38
50078,96,0,0,3
50101,68,0,0,22
50102,123,0,0,0
50103,391,0,0,7
50104,92,0,0,1
50105,1094,5,30,17
50106,1146,0,4,39
50107,738,0,0,6
50108,438,0,0,0
50109,3188,7,0,43
50110,31,0,0,4
50111,14536,157,407,780
50112,10735,211,416,336
50115,2563,8,24,118
50116,186,0,0,0
50117,145,0,0,0
50118,732,0,24,27
50119,349,0,5,0
50120,537,0,0,15
50122,1496,0,0,27
50123,833,0,0,50
50124,4259,104,23,141
50125,19033,159,288,529
50126,6109,36,39,296
50127,0,0,0,0
50128,429,0,0,5
50129,4879,35,28,231
50130,1481,0,31,31
50131,19103,2504,1391,736
50132,371,1,4,1
50133,440,0,4,0
50134,707,25,85,7
50135,1632,9,5,66
50136,380,0,0,9
50137,90,0,0,0
50138,11423,66,78,260
50139,908,0,0,31
50140,2595,96,42,139
50141,499,0,0,3
50142,755,12,0,18
50143,523,0,12,0
50144,2505,1,0,37
50145,83,0,0,0
50146,462,0,0,17
50147,258,0,0,0
50148,343,0,0,32
50149,830,0,0,16
50150,845,0,0,0
50151,594,0,0,0
50152,142,0,0,0
50153,840,0,0,4
50154,601,0,2,0
50155,124,0,0,7
50156,4560,7,0,123
50157,563,0,0,142
50158,22996,827,1467,9361
50160,545,4,0,5
50161,1856,11,21,121
50162,1285,0,0,6
50163,659,0,0,0
50164,641,0,0,3
50165,33,0,0,0
50166,1846,0,0,164
50167,803,0,0,54
50168,799,8,3,3
50169,2783,82,0,88
50170,2837,0,15,8
50171,2301,4,12,75
50173,490,10,0,66
50174,1351,1,6,73
50201,7469,32,38,506
50206,489,0,3,5
50207,2268,0,0,0
50208,18473,614,162,784
50210,1498,0,0,138
50211,14354,169,73,324
50212,3028,0,0,29
50213,6212,3,40,1520
50214,669,0,25,36
50216,2764,27,0,49
50217,496,0,4,0
50218,277,0,0,5
50219,13324,70,161,332
50220,7042,302,24,2572
50222,370,0,0,3
50223,363,0,0,0
50225,2991,37,66,45
50226,7037,38,0,11
50227,103,0,0,0
50228,2641,12,2,24
50229,1347,3,4,10
50230,828,0,3,39
50231,153,0,3,1
50232,642,0,0,6
50233,1438,9,0,14
50234,472,0,0,21
50235,357,6,13,12
50236,1685,0,3,10
50237,2909,0,16,85
50238,1140,0,3,1
50239,121,0,11,7
50240,2202,0,0,87
50241,127,0,0,0
50242,476,1,0,0
50243,377,0,0,0
50244,1815,9,6,81
50246,673,0,5,16
50247,2267,0,0,200
50248,3909,23,0,148
50249,1324,44,0,10
50250,2430,0,6,143
50251,1448,0,3,7
50252,227,14,0,3
50254,269,0,0,0
50255,56,0,0,9
50256,495,0,0,0
50257,1118,6,0,25
50258,822,0,1,3
50261,2803,25,16,3
50262,172,0,0,0
50263,21410,868,1626,1257
50264,459,0,0,77
50265,26781,1817,1785,2204
50266,29223,1199,2441,1696
50268,1053,16,0,37
50269,117,0,8,3
50271,598,0,0,25
50272,126,0,1,17
50273,8487,163,21,288
50274,132,0,0,0
50275,411,0,6,34
50276,1991,22,8,54
50277,476,0,0,1
50278,746,15,7,58
50309,6582,1024,516,843
50310,21753,4352,3699,2110
50311,11549,1752,963,1317
50312,13225,459,804,1043
50313,13020,2141,779,2895
50314,3824,3957,945,1919
50315,27568,3125,1160,6264
50316,10397,2459,977,3951
50317,26555,3118,794,5270
50319,0,0,0,0
50320,15951,1822,3321,4200
50321,6226,969,140,969
50322,26559,1988,1617,2481
50323,14955,191,830,467
50324,4337,280,316,451
50325,14931,944,1143,1817
50327,11016,506,457,706
50401,26388,746,216,1794
50420,382,0,0,29
50421,2624,16,0,392
50423,2354,7,18,169
50424,1504,0,9,33
50426,68,1,0,7
50427,137,0,0,0
50428,8471,36,319,356
50430,319,0,0,3
50431,164,0,0,80
50432,256,2,0,22
50433,178,0,0,3
50434,446,0,0,3
50435,660,0,0,0
50436,5283,81,340,236
50438,3837,80,0,151
50439,333,0,0,22
50440,336,2,0,2
50441,4799,0,3,1058
50444,333,0,0,6
50446,511,0,0,14
50447,1185,0,5,116
50448,602,18,0,8
50449,879,0,0,41
50450,2703,0,3,214
50451,384,0,0,33
50452,770,53,0,123
50453,504,4,0,12
50454,82,0,0,0
50455,359,0,0,0
50456,1623,37,5,120
50457,388,0,0,55
50458,2225,0,0,28
50459,2925,20,22,88
50460,713,0,0,0
50461,4852,58,76,86
50464,499,3,1,26
50465,185,2,0,6
50466,1944,0,0,113
50467,103,0,0,0
50468,1492,0,0,34
50469,1611,0,0,29
50470,210,0,7,6
50471,670,0,2,0
50472,2435,0,11,54
50473,170,0,0,8
50475,1448,0,0,22
50476,700,0,2,2
50477,215,0,0,0
50478,710,0,0,98
50479,701,0,2,30
50480,892,4,0,9
50482,672,0,0,16
50483,756,0,2,39
50484,288,0,0,4
50501,24262,1229,403,1988
50510,930,5,3,64
50511,6468,61,71,432
50514,1056,7,2,5
50515,211,47,0,0
50516,699,2,5,25
50517,866,19,2,9
50518,340,0,0,0
50519,553,0,0,86
50520,140,13,0,8
50521,13,0,0,0
50522,887,0,2,4
50523,630,0,1,24
50524,514,3,0,8
50525,3063,5,21,436
50527,106,0,0,0
50528,311,0,0,2
50529,857,3,0,20
50530,1206,6,0,12
50531,232,0,0,0
50532,775,10,14,2
50533,3279,0,0,859
50535,934,19,0,71
50536,4180,2,41,98
50538,516,36,0,0
50539,442,10,0,0
50540,1038,7,0,150
50541,913,5,0,55
50542,913,0,0,18
50543,1174,0,11,59
50544,532,0,0,8
50545,149,0,0,0
50546,326,0,0,14
50548,5413,3,61,259
50551,45,0,0,0
50552,73,0,0,0
50554,1639,0,6,66
50556,100,0,7,0
50557,762,0,0,0
50558,721,8,0,39
50559,276,4,0,4
50560,676,22,0,1
50561,578,6,0,0
50562,376,12,0,9
50563,2404,11,11,0
50565,349,0,0,22
50566,442,2,0,0
50567,195,0,11,22
50568,1458,0,2,116
50569,619,4,0,25
50570,150,0,0,2
50571,227,0,0,24
50573,68,0,0,0
50574,2020,4,37,10
50575,627,0,0,27
50576,203,0,0,51
50577,329,4,0,31
50578,628,5,0,13
50579,2873,65,19,69
50581,743,0,0,12
50582,178,0,0,0
50583,2286,4,59,89
50585,1079,0,0,115
50586,208,0,3,11
50588,7880,468,1780,4686
50590,790,4,0,28
50591,257,0,6,30
50592,49,0,92,0
50593,32,0,0,0
50594,175,0,0,22
50595,7729,162,220,889
50597,1186,10,0,165
50598,861,0,0,2
50599,451,0,0,0
50601,2310,0,22,195
50602,1371,3,0,18
50603,342,0,0,0
50604,1580,1,5,87
50605,139,0,0,0
50606,835,0,3,40
50607,406,0,0,8
50608,43,0,0,0
50609,361,0,0,0
50611,364,0,0,0
50612,358,0,0,0
50613,40397,545,1646,1213
50616,8612,147,231,570
50619,1999,10,4,42
50620,55,0,0,0
50621,1490,46,0,45
50622,3116,0,8,10
50623,146,0,0,0
50624,1616,29,17,14
50625,939,1,0,43
50626,1541,1,0,8
50627,2788,56,75,61
50628,1156,0,0,10
50629,2229,0,0,0
50630,1442,0,2,45
50631,246,0,0,1
50632,1279,0,3,67
50633,321,0,0,3
50634,758,5,0,5
50635,1314,14,7,5
50636,1893,22,74,38
50638,3247,6,17,43
50641,1358,5,4,3
50642,492,0,0,0
50643,2926,46,15,95
50644,8383,142,0,275
50645,1334,54,2,2
50647,1977,4,0,17
50648,3990,0,0,68
50649,16,0,0,0
50650,623,3,3,17
50651,3431,18,0,19
50652,114,0,0,10
50653,493,0,0,1
50654,324,0,0,0
50655,756,0,0,15
50657,120,0,2,0
50658,2162,11,10,13
50659,5877,28,0,281
50660,1164,7,21,2
50662,6007,42,1,145
50664,130,0,0,0
50665,2570,3,60,14
50666,702,0,0,1
50667,801,0,0,0
50668,1127,0,4,19
50669,2309,0,0,28
50670,2326,27,7,1
50671,175,0,0,5
50672,415,0,0,11
50673,237,0,0,4
50674,3458,25,0,17
50675,2061,0,0,202
50676,1991,0,8,14
50677,11493,303,200,388
50680,1103,5,1,11
50681,416,14,9,0
50682,1627,4,0,13
50701,23957,3790,605,959
50702,15255,2554,1008,1708
50703,11156,5136,170,1842
50707,5994,719,14,399
50801,8582,25,76,123
50830,1756,22,0,219
50831,29,0,0,0
50833,2056,7,0,30
50835,61,0,0,0
50836,304,0,0,3
50837,342,0,0,11
50839,59,0,0,1
50840,594,0,0,11
50841,2250,11,0,38
50842,69,0,0,2
50843,468,0,0,2
50845,738,0,0,22
50846,1109,6,9,10
50847,61,0,0,0
50848,289,0,0,0
50849,2280,42,0,0
50851,1812,0,0,470
50853,640,0,5,27
50854,2294,6,0,92
50857,159,0,0,0
50858,757,0,0,13
50859,786,0,0,33
50860,156,0,0,0
50861,309,0,0,22
50862,98,0,0,1
50863,194,0,0,19
50864,1604,0,0,32
51001,2241,3,0,95
51002,2218,131,244,462
51003,1704,4,15,138
51004,804,0,0,30
51005,1319,0,0,77
51006,1174,8,7,70
51007,562,0,0,0
51008,142,0,1,23
51009,155,0,0,9
51010,405,0,0,6
51011,77,0,0,0
51012,6143,18,0,276
51014,482,1,0,34
51015,71,0,0,0
51016,937,6,9,172
51018,586,0,0,9
51019,554,0,0,60
51020,529,1,0,31
51022,984,0,0,38
51023,2772,5,0,943
51024,1986,7,2,83
51025,1823,42,8,50
51026,1023,0,0,24
51027,1384,0,0,109
51028,1949,36,17,49
51029,260,0,1,8
51030,1566,0,5,20
51031,11436,392,20,966
51033,410,0,0,47
51034,1615,0,0,49
51035,1369,143,0,62
51036,658,0,0,25
51037,289,0,0,4
51038,1635,11,28,62
51039,2563,19,22,23
51040,3290,9,0,82
51041,6607,66,20,155
51044,214,0,0,3
51045,109,0,0,4
51046,1418,2,10,21
51047,635,3,0,34
51048,500,0,0,25
51049,477,0,0,58
51050,2860,7,24,157
51051,41,0,0,0
51052,982,0,3,12
51053,971,0,0,171
51054,4903,7,219,243
51055,1159,0,0,23
51056,447,0,0,171
51058,893,0,1,2
51060,556,0,0,4
51061,318,0,7,9
51062,336,0,0,27
51063,975,17,0,47
51101,606,95,79,90
51103,10881,499,698,5259
51104,16835,1134,889,4670
51105,6014,1329,228,4084
51106,23517,1374,310,2448
51108,4438,17,41,1091
51109,3111,11,14,568
51111,124,0,0,97
51201,5410,131,58,672
51230,560,5,2,11
51231,621,0,0,1
51232,766,0,0,12
51234,1127,9,12,82
51235,992,0,0,1
51237,1586,0,0,64
51238,1248,17,0,183
51239,2789,6,0,340
51240,1582,0,17,28
51241,2171,12,3,34
51242,298,0,2,40
51243,592,3,2,42
51244,141,1,0,7
51245,1017,39,27,13
51246,3818,4,14,145
51247,4114,1,0,978
51248,1666,25,4,6
51249,3091,48,62,295
51250,8810,71,109,1090
51301,11580,67,49,553
51331,1001,0,0,3
51333,384,0,0,15
51334,5876,287,21,880
51338,905,0,7,13
51340,87,1,0,0
51341,39,0,0,6
51342,1119,112,0,10
51343,276,0,0,0
51345,333,0,0,130
51346,2058,18,0,89
51347,1566,0,20,42
51350,439,0,4,90
51351,4586,0,3,238
51354,986,10,19,17
51355,805,1,35,28
51357,734,7,0,74
51358,1139,0,9,42
51360,7939,11,124,136
51363,143,0,0,0
51364,674,9,0,7
51365,365,41,0,24
51366,302,0,0,0
51401,11409,210,67,482
51430,1105,24,0,0
51431,397,0,0,31
51432,34,0,0,2
51433,601,3,0,4
51436,980,0,0,0
51439,742,0,10,0
51440,285,0,0,2
51441,353,0,0,127
51442,6432,344,327,4244
51443,1291,0,21,48
51444,333,0,0,0
51445,2460,4,6,68
51446,466,0,0,11
51447,151,0,0,1
51448,613,1,0,34
51449,1884,2,0,109
51450,1433,0,0,0
51451,58,0,0,0
51452,161,8,0,2
51453,500,0,0,0
51454,1364,3,0,31
51455,2095,1,1,19
51458,1127,0,4,11
51459,59,0,0,3
51460,58,0,0,2
51461,938,13,32,173
51462,898,0,8,24
51463,482,0,0,0
51465,611,1,0,199
51466,1263,0,0,11
51467,496,0,0,24
51501,30053,698,644,5090
51503,34486,667,155,1562
51510,3018,22,21,712
51520,193,17,0,3
51521,1805,0,3,12
51523,365,0,0,4
51525,975,0,0,6
51526,1558,0,0,39
51527,384,0,0,13
51528,595,0,0,32
51529,1946,24,5,22
51530,615,3,0,12
51531,732,0,0,28
51532,675,0,0,37
51533,811,0,3,25
51534,9146,19,62,438
51535,1642,0,0,56
51536,390,6,0,10
51537,6345,105,0,276
51540,278,0,8,0
51541,489,0,0,0
51542,928,0,0,0
51543,381,0,0,12
51544,721,0,0,66
51545,253,11,0,22
51546,3004,6,0,28
51548,502,0,0,2
51549,364,0,0,1
51550,134,0,0,2
51551,1577,3,5,39
51552,202,0,0,0
51553,1056,0,14,10
51554,88,0,0,0
51555,4548,0,9,105
51556,349,0,7,0
51557,823,0,0,48
51558,636,0,0,0
51559,1941,8,0,24
51560,1686,1,0,297
51561,798,0,10,52
51562,476,0,0,0
51563,726,0,0,28
51564,478,0,0,0
51565,514,0,0,18
51566,6206,42,39,19
51570,952,0,0,53
51571,718,16,15,0
51572,449,0,0,1
51573,1057,4,0,10
51575,1618,0,0,47
51576,1817,20,0,60
51577,1271,24,0,31
51578,142,0,0,0
51579,2047,0,24,45
51601,5246,53,0,214
51630,148,0,0,0
51631,311,14,0,4
51632,6164,167,128,234
51636,456,0,0,0
51637,213,0,0,0
51638,1281,0,0,106
51639,692,0,0,18
51640,1435,0,0,50
51645,240,0,0,7
51646,755,0,0,17
51647,233,0,0,3
51648,271,0,0,0
51649,380,28,0,9
51650,245,0,0,0
51651,131,0,0,0
51652,1348,6,0,50
51653,1469,12,0,40
51654,275,2,0,32
51656,35,0,0,0
52001,37611,1924,603,1284
52002,15704,724,556,172
52003,13297,27,39,452
52030,399,0,0,0
52031,5178,67,55,182
52032,1364,0,0,8
52033,3128,4,8,189
52035,1170,0,0,0
52036,130,0,0,6
52037,886,13,0,25
52038,483,0,0,31
52039,861,0,41,0
52040,5248,92,21,297
52041,1869,0,0,41
52042,1629,0,0,0
52043,1770,7,0,45
52044,297,0,0,0
52045,2921,8,0,36
52046,2562,33,0,111
52047,781,0,6,43
52048,302,0,0,5
52049,1097,0,0,17
52050,428,0,0,0
52052,2830,3,0,42
52053,1262,0,0,14
52054,730,0,0,6
52056,220,0,1,0
52057,7573,0,34,169
52060,7574,125,15,73
52064,769,0,0,3
52065,809,7,0,0
52066,92,0,0,0
52068,4222,75,9,141
52069,1492,0,0,66
52070,1193,0,7,9
52071,128,0,0,0
52072,764,10,0,0
52073,1453,7,0,11
52074,316,0,0,1
52075,128,0,0,10
52076,2108,1,7,10
52077,262,0,25,0
52078,783,0,0,22
52079,685,0,0,0
52101,12431,85,122,284
52132,1810,0,0,9
52133,549,78,0,7
52134,291,0,13,1
52135,631,0,10,0
52136,5741,16,8,52
52140,443,0,0,0
52141,1175,5,0,3
52142,1402,88,65,136
52144,998,0,0,33
52146,862,0,0,0
52147,880,7,0,57
52151,1826,15,0,16
52154,646,0,0,22
52155,1217,0,6,26
52156,655,3,0,3
52157,1429,0,5,14
52158,279,0,2,7
52159,2340,0,16,34
52160,994,0,0,4
52161,1287,0,7,94
52162,2597,262,58,1092
52163,333,0,3,6
52164,305,0,0,10
52165,1078,0,2,0
52166,138,0,0,0
52168,341,0,0,18
52169,376,0,0,0
52170,497,0,0,5
52171,1029,0,1,4
52172,5714,7,26,127
52175,3455,8,7,162
52201,1303,0,0,266
52202,1240,0,0,14
52203,2125,27,0,47
52205,7812,353,111,129
52206,2615,4,7,9
52207,278,0,0,0
52208,2872,0,3,55
52209,950,0,7,75
52210,937,3,0,26
52211,2618,3,0,49
52212,446,0,0,0
52213,3825,11,16,0
52214,2743,0,16,16
52215,922,0,0,123
52216,1463,0,0,7
52217,557,0,0,28
52218,1699,9,1,0
52219,163,0,0,0
52220,119,0,0,0
52221,332,0,0,1
52222,699,0,1,31
52223,1155,1,0,0
52224,1903,11,76,1
52225,416,0,7,0
52227,2735,23,36,35
52228,3392,26,9,147
52229,800,0,1,0
52231,430,1,1,0
52232,266,0,0,33
52233,5745,253,438,423
52235,813,27,0,37
52236,498,0,0,25
52237,1607,0,0,15
52240,28082,3179,2174,3211
52241,15788,3132,2120,947
52242,3588,103,182,263
52245,18813,625,1055,1203
52246,14908,2960,2654,1403
52247,4996,0,10,80
52248,1607,17,4,4
52249,897,11,0,14
52251,524,0,0,13
52252,126,0,0,0
52253,2745,0,0,17
52254,786,0,1,91
52255,1122,0,0,36
52257,241,0,0,5
52301,3926,35,5,118
52302,38989,1055,702,1371
52305,828,0,0,0
52306,1287,0,0,21
52307,48,0,0,0
52308,149,0,2,17
52309,544,0,12,0
52310,5882,94,11,282
52312,49,0,0,0
52313,388,0,0,13
52314,5653,105,85,146
52315,1279,4,2,14
52316,1251,0,0,26
52317,18073,919,970,1306
52318,1045,0,0,0
52320,1158,0,9,30
52321,423,24,0,8
52322,1563,123,4,83
52323,1075,0,0,5
52324,2027,9,31,36
52325,405,0,0,30
52326,711,0,7,6
52327,3622,0,0,33
52328,2844,0,65,53
52329,731,2,0,0
52330,929,0,2,0
52332,1765,0,0,53
52333,6990,14,11,221
52334,259,0,0,0
52335,568,2,0,40
52336,2368,6,22,29
52337,782,5,0,1
52338,3581,43,120,45
52339,2366,80,0,1267
52340,4416,230,141,341
52341,1110,9,0,0
52342,2496,62,18,176
52344,100,0,0,0
52345,1486,14,0,52
52346,1089,0,0,5
52347,1307,9,0,8
52348,72,0,0,7
52349,7181,69,34,145
52351,1363,10,2,13
52352,1721,2,7,0
52353,7756,86,70,1090
52354,243,0,0,0
52355,255,0,0,37
52356,2508,5,0,40
52358,3913,38,28,98
52359,395,0,0,4
52361,4551,38,24,304
52362,864,1,1,5
52401,1506,510,49,127
52402,33607,2325,2562,1644
52403,20780,2186,64,929
52404,32952,4440,428,2118
52405,21757,2204,576,956
52411,7565,212,215,157
52501,25650,1128,527,4018
52530,861,3,0,15
52531,5503,11,57,24
52533,1039,0,0,3
52534,368,15,12,0
52535,788,11,0,71
52536,659,0,2,0
52537,6427,0,42,132
52540,1183,0,0,16
52542,436,0,0,18
52543,420,0,0,0
52544,7452,46,6,242
52548,60,2,0,5
52549,621,0,0,0
52550,607,5,0,24
52551,636,0,0,0
52552,1012,0,0,0
52553,1784,37,0,29
52554,1006,0,9,17
52555,198,0,0,0
52556,9813,636,767,470
52557,296,124,79,24
52560,275,0,0,20
52561,911,23,10,91
52562,68,0,0,0
52563,1734,0,0,6
52565,1889,10,0,11
52566,261,0,0,0
52567,433,0,6,11
52568,77,0,0,7
52569,607,0,2,0
52570,963,0,46,0
52571,1391,4,28,0
52572,996,0,0,0
52573,201,0,0,0
52574,501,0,0,49
52576,398,0,0,0
52577,13439,293,197,403
52580,720,1,0,0
52581,227,0,0,0
52583,414,0,0,0
52584,843,0,0,3
52585,773,0,0,38
52586,617,0,0,0
52588,58,0,0,0
52590,1275,0,0,0
52591,2626,19,1,6
52593,145,0,0,0
52594,574,0,0,0
52595,462,9,3,24
52601,23812,1480,373,1262
52619,562,0,0,31
52620,854,3,0,4
52621,828,0,7,53
52623,1925,6,18,26
52624,560,0,0,21
52625,2150,27,0,0
52626,1170,6,0,8
52627,11833,442,32,617
52630,226,0,0,4
52631,59,0,0,0
52632,10821,449,12,481
52635,841,0,79,60
52637,2779,34,49,89
52638,493,0,0,0
52639,1393,38,84,2
52640,1320,0,0,2
52641,10851,491,429,939
52644,473,0,0,0
52645,3700,17,16,89
52646,268,0,0,0
52647,137,13,0,12
52649,719,3,10,17
52650,718,0,0,0
52651,420,0,0,6
52652,87,0,0,0
52653,2739,19,0,357
52654,1415,0,0,4
52655,3377,523,6,76
52656,2249,0,15,36
52657,65,0,0,0
52658,894,0,0,63
52659,1288,0,4,39
52660,278,0,0,0
52701,121,0,0,0
52720,862,7,0,33
52721,762,0,60,40
52722,34714,692,2635,2011
52726,4896,65,19,288
52727,366,0,0,0
52728,781,0,12,39
52729,790,0,98,59
52730,4919,37,0,0
52731,742,8,0,40
52732,23082,1289,65,1194
52737,161,0,0,128
52738,2237,55,217,1235
52739,607,4,25,272
52742,7199,50,256,110
52745,440,14,0,7
52746,1031,1,0,209
52747,1925,17,24,54
52748,8607,203,189,676
52749,1086,0,0,169
52750,493,2,0,0
52751,940,0,18,19
52752,339,0,3,7
52753,5586,48,157,62
52754,1416,1,5,30
52755,2138,0,10,22
52756,1423,0,0,29
52757,220,0,0,4
52758,262,2,0,0
52759,101,0,0,0
52760,665,0,0,44
52761,25160,1019,204,5207
52765,354,0,0,8
52766,692,1,0,117
52767,340,7,0,8
52768,1164,0,0,3
52769,515,0,1,6
52771,55,0,0,0
52772,5139,30,0,102
52773,2468,34,0,95
52774,129,0,0,3
52776,3742,122,18,2001
52777,1196,6,0,46
52778,3480,10,10,211
52801,990,353,79,161
52802,7725,447,195,1582
52803,16475,2495,181,2093
52804,20318,2999,476,2578
52806,21929,3214,674,1811
52807,13389,1687,332,1046
53001,1730,0,5,18
53002,2034,4,25,248
53003,96,0,0,0
53004,3383,0,35,110
53005,17863,74,2293,856
53006,1834,19,15,51
53007,1625,118,88,46
53010,7075,27,33,143
53011,2042,5,0,35
53012,17659,65,199,535
53013,3319,38,64,182
53014,7735,32,0,217
53015,2570,2,94,312
53016,334,0,9,47
53017,5202,21,19,0
53018,6895,190,129,680
53019,1675,0,7,72
53020,3535,0,0,82
53021,3928,70,49,267
53022,17332,448,1117,670
53023,1215,0,8,7
53024,17212,302,324,579
53027,21375,310,164,1184
53029,19650,90,534,855
53031,26,0,0,35
53032,4877,78,0,61
53033,5720,8,92,82
53034,1545,5,19,12
53035,2317,0,70,82
53036,3068,11,19,46
53037,9392,171,16,228
53038,3920,56,143,155
53039,4444,140,3,249
53040,7790,14,22,343
53042,6262,0,40,192
53044,2133,0,50,94
53045,18709,270,2884,583
53046,1289,0,48,66
53047,132,0,0,2
53048,3283,23,8,221
53049,2207,0,6,130
53050,6903,19,5,44
53051,32947,1590,1864,1868
53057,1806,5,0,36
53058,2976,8,79,97
53059,1888,0,3,7
53061,4527,0,65,204
53063,1662,29,3,63
53065,2258,10,26,40
53066,34847,405,181,919
53069,566,0,0,77
53070,4525,9,33,154
53072,24321,158,755,1120
53073,14693,612,158,461
53074,12301,177,201,371
53075,3192,0,2,107
53076,3182,28,71,43
53078,1811,0,0,0
53079,1293,0,1,40
53080,4849,82,44,150
53081,33205,1448,4778,4767
53083,18630,207,1581,1599
53085,10854,33,316,553
53086,8751,0,123,242
53088,223,0,3,0
53089,17888,127,1114,364
53090,20358,220,128,735
53091,2025,65,9,79
53092,19192,467,615,787
53093,1893,0,7,33
53094,17144,74,54,1517
53095,25656,620,193,969
53097,6062,89,441,292
53098,10372,73,5,1247
53099,3,0,0,0
53103,3442,12,0,159
53104,5391,12,1,199
53105,27902,130,246,1702
53108,2681,34,17,485
53110,15258,549,437,1525
53114,1949,16,7,401
53115,13505,124,77,3304
53118,6837,12,114,122
53119,5334,21,5,241
53120,10494,75,48,286
53121,16869,159,75,1631
53122,5736,204,249,294
53125,1637,0,22,24
53126,6282,48,0,573
53127,124,0,0,0
53128,8137,2,21,1240
53129,11940,248,877,1403
53130,6709,54,257,826
53132,30126,1382,2003,1981
53137,1369,6,6,98
53139,2058,0,10,70
53140,22150,3081,436,5207
53142,26302,1942,1139,4880
53143,14732,2733,252,4373
53144,18963,2673,801,4631
53146,7373,175,86,298
53147,15677,116,159,2220
53149,18031,118,370,924
53150,24698,176,297,1066
53151,28581,322,2015,1136
53153,2686,0,11,7
53154,29162,1174,2173,4009
53156,3248,9,13,254
53157,0,0,0,0
53158,14933,350,360,1710
53167,303,0,0,0
53168,8825,0,58,387
53170,1920,46,0,117
53172,17780,476,170,2420
53176,145,0,0,27
53177,6610,716,141,1144
53178,2686,0,11,56
53179,6031,14,0,821
53181,7499,50,3,648
53182,8386,558,59,430
53183,2965,3,57,76
53184,3488,14,18,710
53185,17212,63,174,842
53186,28766,836,1024,4336
53188,29631,1300,959,3033
53189,23752,405,637,1900
53190,17628,815,486,2187
53191,3072,0,13,250
53192,129,0,0,0
53195,112,0,0,5
53202,20040,2037,1508,1341
53203,1587,289,60,186
53204,13186,4060,1311,27041
53205,619,7099,584,414
53206,539,18718,164,390
53207,28710,1102,620,5394
53208,10139,11604,2921,2612
53209,11187,30993,959,1864
53210,4683,17059,357,1455
53211,28754,1381,2003,1489
53212,10729,14746,264,3205
53213,22530,1484,1139,1090
53214,25885,2884,838,6196
53215,22644,3618,2672,40505
53216,2974,25613,899,1721
53217,24053,1961,1683,1713
53218,4668,30105,3647,2907
53219,24533,1678,1154,9537
53220,18491,1293,1736,5887
53221,25408,2530,3157,9546
53222,13388,7863,476,1598
53223,8967,16128,1576,1112
53224,4538,12625,2629,1317
53225,7091,14813,1406,1576
53226,15152,1111,1074,806
53227,17670,1268,935,2840
53228,12576,420,516,1338
53233,7006,4430,837,1623
53235,7589,677,135,1144
53295,97,46,0,0
53402,27008,3346,651,4915
53403,13485,7815,271,6073
53404,7183,2857,78,4667
53405,19319,3431,280,4881
53406,20438,2487,692,3273
53501,163,0,0,0
53502,2385,6,3,38
53503,1795,34,19,31
53504,2181,0,0,49
53505,366,0,0,0
53506,899,28,10,22
53507,2245,25,0,17
53508,5572,8,29,90
53510,1366,4,7,11
53511,33648,5217,509,9126
53515,2539,3,23,72
53516,2093,0,12,12
53517,1670,9,97,33
53518,1441,6,6,9
53520,6487,0,20,218
53521,3268,42,12,120
53522,862,0,0,13
53523,4823,44,26,107
53525,3684,42,0,309
53526,523,13,0,85
53527,9533,73,605,656
53528,5869,6,19,168
53529,2249,8,13,294
53530,4373,11,65,323
53531,3602,191,16,315
53532,14418,225,340,1090
53533,6868,53,109,133
53534,10787,40,107,1215
53536,8753,35,23,164
53537,833,0,0,37
53538,16872,55,50,1498
53540,121,0,0,0
53541,801,0,18,33
53543,1721,14,3,55
53544,798,0,15,44
53545,21291,1307,355,607
53546,25642,381,549,2140
53548,17957,571,311,1267
53549,8599,174,35,1175
53550,1149,0,3,6
53551,8639,59,32,715
53553,602,0,0,0
53554,948,5,0,3
53555,8353,22,122,163
53556,2143,6,18,129
53557,374,3,0,8
53558,11814,19,232,309
53559,5392,185,203,564
53560,3297,0,21,113
53561,1810,24,2,65
53562,23731,770,2164,1964
53563,10766,0,23,360
53565,4379,34,3,72
53566,14059,155,51,820
53569,879,2,23,2
53570,2583,11,0,38
53571,68,0,0,0
53572,9745,75,111,206
53573,3000,5,3,50
53574,4021,6,3,100
53575,16040,777,426,264
53576,2205,15,8,105
53577,1231,0,15,9
53578,5802,45,2,481
53579,1554,13,5,181
53580,485,0,0,0
53581,9416,111,122,286
53582,1106,2,25,18
53583,5905,0,8,193
53584,10,0,0,0
53585,1853,13,10,484
53586,2050,3,6,158
53587,1156,35,0,21
53588,3604,1,54,44
53589,18638,217,132,637
53590,35041,2835,2719,1994
53593,24138,574,1678,997
53594,4476,10,28,370
53597,18603,274,306,978
53598,3317,5,167,181
53599,85,0,0,20
53703,31104,1250,3591,1497
53704,33664,5527,2281,4181
53705,18315,702,3642,1620
53706,2768,47,644,275
53711,38757,3169,3295,4423
53713,12894,2928,879,6717
53714,12120,1944,582,1230
53715,13122,497,1758,794
53716,16455,560,742,761
53717,8937,1044,2153,510
53718,13277,1991,1201,826
53719,23502,2260,2702,3664
53726,4549,36,399,155
53792,0,0,0,0
53801,987,8,0,157
53802,134,0,0,0
53803,1183,6,0,65
53804,1310,0,5,10
53805,5181,318,10,94
53806,1597,0,2,3
53807,4201,8,4,109
53808,906,0,0,43
53809,4644,0,1,95
53810,312,0,4,15
53811,3123,10,0,18
53812,311,0,0,0
53813,6021,18,38,113
53816,884,14,1,5
53817,214,0,0,11
53818,14428,518,366,357
53820,2200,7,16,21
53821,7078,218,2,184
53825,455,0,4,9
53826,1340,34,0,11
53827,356,0,0,1
53901,13179,505,73,894
53910,3356,32,104,229
53911,1339,5,36,48
53913,19243,208,56,817
53916,20411,488,369,1610
53919,2029,43,8,91
53920,390,0,0,35
53922,1068,0,0,6
53923,2111,5,2,181
53924,1265,4,9,12
53925,8199,100,241,164
53926,1835,9,0,6
53928,102,0,0,0
53929,2737,22,9,12
53930,1064,15,1,142
53931,308,0,0,19
53932,2119,51,36,178
53933,3082,442,18,199
53934,3925,58,7,134
53935,251,0,0,16
53936,1194,2,6,134
53937,1045,3,1,20
53939,302,0,0,0
53940,0,0,0,0
53941,2956,12,14,87
53942,134,0,0,0
53943,1206,5,0,27
53944,2278,17,5,110
53946,3878,59,0,266
53947,344,0,0,5
53948,7525,260,89,234
53949,5992,21,17,212
53950,4683,290,20,183
53951,2233,29,4,252
53952,3172,322,13,180
53953,186,0,0,46
53954,6426,19,54,157
53955,5521,96,3,146
53956,2840,27,10,131
53959,13171,70,14,1082
53960,3129,3,0,65
53961,857,6,0,0
53962,21,0,0,0
53963,12172,781,148,927
53964,3338,11,37,89
53965,9906,383,137,1090
53968,2252,2,10,21
53969,317,0,0,0
54001,7519,91,31,88
54002,6562,72,36,75
54003,1078,3,0,9
54004,2058,0,4,12
54005,2813,0,8,145
54006,722,0,43,0
54007,998,0,2,21
54009,2553,11,11,102
54011,6446,48,14,238
54013,3243,6,25,102
54014,1936,0,24,34
54015,3510,9,23,258
54016,31513,138,532,1027
54017,18253,276,83,280
54020,7522,41,15,145
54021,6746,8,26,291
54022,22291,195,391,569
54023,4345,75,101,158
54024,4840,15,2,94
54025,6714,6,44,162
54026,2060,13,25,12
54027,1078,3,6,12
54028,2552,0,23,73
54082,1734,0,0,24
54101,3024,6,13,18
54102,701,9,0,10
54103,488,0,0,0
54104,1054,6,31,0
54106,4710,0,130,37
54107,3496,0,7,38
54110,5558,16,19,82
54111,1975,0,17,20
54112,2426,0,10,114
54113,3252,114,0,190
54114,5596,0,3,219
54115,42219,606,1817,1859
54119,609,14,24,16
54120,178,0,0,0
54121,3060,20,0,20
54123,168,0,0,20
54124,3080,0,2,139
54125,425,0,0,2
54126,3563,21,10,429
54127,59,0,0,0
54128,1481,14,2,138
54129,3154,25,4,151
54130,26603,73,421,591
54135,441,3,2,323
54136,6091,2,286,219
54137,1039,0,6,0
54138,850,0,0,31
54139,3129,21,0,68
54140,7698,87,16,363
54141,2508,0,0,118
54143,14393,98,19,329
54149,1168,0,19,7
54150,33,5,6,35
54151,3341,51,0,22
54152,184,0,0,35
54153,6447,57,79,257
54154,5400,14,30,95
54155,5334,9,295,405
54156,1387,1,20,36
54157,6015,4,3,84
54159,1321,0,7,29
54160,226,0,0,8
54161,2455,6,3,70
54162,8648,55,91,142
54165,6946,1,47,389
54166,13823,144,62,692
54169,3122,1,0,16
54170,3517,0,3,130
54171,3847,0,0,5
54173,3187,55,0,300
54174,2812,5,3,58
54175,1102,0,0,10
54177,2568,0,28,13
54180,2862,30,36,160
54201,4868,78,41,191
54202,1526,0,33,47
54204,1836,59,0,62
54205,2079,16,3,28
54207,161,0,2,4
54208,5731,3,55,76
54209,1527,0,0,10
54210,718,0,0,0
54211,284,0,0,0
54212,818,0,0,30
54213,1342,0,1,54
54214,456,0,17,12
54215,159,0,0,24
54216,5762,3,47,196
54217,7417,0,20,292
54220,35960,648,1793,2178
54227,1601,0,6,19
54228,2713,6,10,55
54229,4766,0,45,223
54230,4030,3,53,125
54232,845,0,7,24
54234,2058,0,0,82
54235,16731,117,45,791
54241,13059,175,129,675
54245,1832,0,7,100
54246,832,1,5,21
54247,2334,7,7,16
54301,18201,578,460,2605
54302,20125,1528,1089,10916
54303,20590,1128,1423,2182
54304,21253,885,1477,2198
54307,371,675,0,58
54311,31329,973,1169,2878
54313,36749,629,743,1162
54401,25751,164,3351,1401
54403,21703,129,1636,586
54405,2185,156,16,969
54406,3686,12,3,79
54407,1321,1,15,23
54408,1160,6,37,6
54409,12087,36,16,378
54410,2342,3,1,42
54411,4764,16,7,111
54412,2017,0,1,51
54413,196,0,0,0
54414,3336,16,8,70
54416,879,0,6,23
54417,6,0,0,0
54418,944,12,0,16
54420,1335,0,6,129
54421,3369,6,27,568
54422,1138,0,0,323
54423,2129,0,3,6
54424,1419,14,5,34
54425,1855,0,0,214
54426,4122,0,5,37
54427,1071,3,0,20
54428,974,0,8,1
54430,93,0,0,7
54433,1830,0,0,21
54435,1918,22,3,13
54436,2121,5,2,33
54437,2980,0,3,23
54440,2529,7,20,160
54441,831,1,1,14
54442,1359,58,2,59
54443,1980,11,36,38
54446,3376,13,0,61
54447,459,10,0,26
54448,4062,8,70,64
54449,24257,314,541,541
54450,384,0,0,129
54451,10546,30,33,185
54452,18021,98,146,355
54454,1227,1,1,116
54455,17923,97,304,282
54456,5381,30,31,137
54457,7358,26,98,368
54458,110,0,0,0
54459,1237,14,0,36
54460,2616,8,7,40
54462,361,0,0,0
54463,742,0,0,3
54464,69,0,0,0
54465,710,0,0,3
54466,2604,1,2,19
54467,13571,86,460,474
54469,1656,8,7,23
54470,1968,0,30,69
54471,1524,17,56,29
54473,2490,0,0,50
54474,3911,127,139,0
54475,1281,1,3,45
54476,16860,184,1909,376
54479,3483,7,0,65
54480,1357,0,0,95
54481,24578,486,973,969
54482,8621,17,504,360
54484,5085,4,23,167
54485,377,0,3,0
54486,1839,0,67,68
54487,9236,31,24,196
54488,1036,6,3,81
54489,1389,0,1,20
54490,914,0,0,39
54491,1372,4,0,11
54493,552,0,1,3
54494,25481,108,520,876
54495,7126,95,346,552
54498,2240,12,3,44
54499,2472,29,0,95
54501,19942,109,63,366
54511,1316,7,16,2
54512,1458,0,0,26
54513,428,0,0,2
54514,1919,0,0,18
54515,574,0,0,16
54517,172,0,7,3
54519,1171,0,0,13
54520,2832,17,0,97
54521,7920,32,20,225
54524,689,0,0,0
54525,230,0,0,30
54526,656,0,4,5
54527,826,24,3,26
54529,1088,2,32,25
54530,702,0,2,0
54531,1273,3,9,19
54534,2397,4,22,34
54536,188,0,0,0
54537,597,0,2,0
54538,1076,10,36,138
54539,1225,5,2,30
54540,829,0,0,39
54541,1179,4,26,87
54542,503,0,0,0
54545,823,0,0,6
54546,1107,0,7,7
54547,1368,0,0,17
54548,5134,4,17,155
54550,587,0,1,0
54552,4099,2,44,96
54554,984,12,18,37
54555,4434,0,29,132
54556,1042,8,2,16
54557,989,8,0,20
54558,2022,9,10,11
54559,548,0,0,24
54560,544,42,0,0
54561,31,0,0,0
54562,1795,1,14,12
54563,806,0,6,4
54564,416,0,0,4
54565,40,0,0,0
54566,1035,0,2,47
54568,4758,0,0,114
54601,46597,781,1871,932
54603,11763,429,538,380
54610,1468,0,9,48
54611,1148,0,0,138
54612,4232,9,0,2049
54613,1816,0,0,71
54614,2398,4,42,34
54615,8859,314,72,385
54616,2351,0,0,62
54618,2000,21,41,166
54619,3425,14,0,492
54621,1365,0,0,7
54622,1933,3,0,16
54623,1941,0,6,24
54624,1548,0,0,6
54625,301,0,1,14
54626,1351,2,5,14
54627,1961,32,0,11
54628,912,0,0,0
54629,2377,0,0,56
54630,4068,4,49,31
54631,1668,37,12,59
54632,1047,9,4,8
54634,4050,0,25,92
54635,1671,3,40,8
54636,14526,100,1166,399
54637,151,0,2,0
54638,1382,6,6,3
54639,2395,5,8,25
54642,2167,14,12,67
54643,4,0,0,0
54644,1164,13,101,41
54645,117,0,0,2
54646,3501,43,8,98
54648,1420,0,2,408
54650,21572,471,1324,564
54651,1146,0,15,54
54652,1090,5,4,32
54653,1059,0,92,84
54654,128,0,0,2
54655,1587,10,7,17
54656,16380,397,148,966
54657,357,1,0,0
54658,2348,10,0,26
54659,1253,0,0,36
54660,14617,210,116,348
54661,3761,3,9,15
54664,1597,7,12,27
54665,8258,28,2,151
54666,2523,38,8,113
54667,4859,4,9,58
54669,7702,16,204,260
54670,1807,30,22,38
54701,37925,539,1442,727
54703,37617,719,2917,1550
54720,7795,141,258,261
54721,1315,0,2,31
54722,3662,0,4,37
54723,992,0,1,4
54724,7413,1,17,110
54725,2963,0,5,50
54726,1758,15,0,4
54727,4643,11,9,117
54728,5703,10,31,58
54729,32119,402,486,548
54730,5039,4,104,73
54731,625,0,0,0
54732,2773,1,12,31
54733,1225,3,2,22
54734,705,0,0,17
54736,4020,13,27,176
54737,548,0,3,1
54738,3356,5,5,368
54739,4876,14,84,189
54740,1858,0,0,98
54741,1748,3,0,8
54742,4906,13,7,32
54745,2237,0,2,8
54746,616,0,8,24
54747,2171,66,2,294
54748,1289,0,35,0
54749,1289,15,2,6
54750,1077,2,0,6
54751,23584,105,1508,525
54754,1285,30,0,148
54755,7159,43,19,132
54756,890,0,0,17
54757,3388,10,22,78
54758,4539,0,42,25
54759,1402,13,0,4
54760,164,0,0,0
54761,1155,0,1,58
54762,1197,0,10,11
54763,1014,0,2,10
54766,1792,17,0,21
54767,3109,0,18,40
54768,5636,543,71,380
54769,504,2,1,0
54770,2061,0,17,77
54771,4145,11,36,122
54772,1077,0,0,27
54773,3293,23,6,294
54801,5605,59,60,241
54805,1475,26,1,74
54806,9376,189,104,485
54810,2616,8,0,105
54812,4727,662,55,402
54813,686,0,0,0
54814,1474,23,46,109
54817,2153,5,10,43
54819,2253,3,7,90
54820,726,1,0,6
54821,1395,0,7,5
54822,4396,74,41,92
54824,2130,13,4,17
54826,625,0,0,5
54827,298,0,0,14
54828,282,0,0,77
54829,5078,19,27,347
54830,2994,11,1,18
54832,423,0,0,15
54835,806,0,4,7
54836,979,0,0,49
54837,3425,29,26,97
54838,1110,22,2,4
54839,295,0,0,13
54840,4376,54,21,163
54841,266,2,0,6
54842,260,0,0,0
54843,10216,55,68,265
54844,251,4,0,3
54845,120,0,0,3
54846,592,0,0,3
54847,2135,16,2,51
54848,5717,75,45,169
54849,1791,0,0,38
54850,298,2,2,0
54853,3461,8,15,43
54854,816,18,0,8
54855,900,2,0,0
54856,1510,13,25,36
54857,20,0,0,0
54858,1443,0,0,46
54859,2089,16,27,27
54861,4,38,0,0
54862,246,0,1,7
54864,1356,17,0,38
54865,510,13,0,0
54867,379,0,11,69
54868,15264,76,84,368
54870,1717,0,4,14
54871,3051,17,41,34
54872,2636,20,5,42
54873,3113,27,25,17
54874,3508,21,6,18
54875,1220,0,3,5
54876,1359,6,1,3
54880,27361,468,515,623
54888,1224,0,0,8
54889,2691,0,6,44
54891,2904,71,14,107
54893,3445,28,36,60
54895,788,0,0,0
54896,1328,88,7,69
54901,31590,2264,1198,2018
54902,18826,495,1032,519
54904,20875,34,982,274
54909,1854,5,5,153
54911,21844,673,1250,1596
54913,21289,536,844,743
54914,25669,697,1811,2460
54915,37852,795,2114,2689
54921,1204,3,2,343
54922,973,0,0,112
54923,8300,72,114,741
54926,125,0,0,8
54927,383,0,3,23
54928,454,0,11,0
54929,8473,0,20,219
54930,1774,0,15,60
54931,398,0,0,0
54932,1033,0,25,1
54933,279,0,0,0
54935,37230,1256,1143,3002
54937,19043,227,202,1689
54940,4273,0,112,76
54941,2366,28,11,14
54942,9924,69,596,104
54943,2134,0,0,148
54944,8815,29,30,132
54945,3226,10,13,103
54946,460,9,0,9
54947,2198,0,4,21
54948,179,0,0,0
54949,3086,6,17,149
54950,2539,4,3,38
54952,22585,358,821,3015
54956,42485,1071,760,2063
54960,2465,2,17,45
54961,12761,192,204,963
54962,1078,2,0,23
54963,7023,52,10,82
54964,930,0,0,37
54965,1170,4,6,3
54966,1792,7,27,206
54967,413,0,0,23
54968,2643,13,0,43
54970,3238,407,30,150
54971,10035,70,23,365
54974,1514,9,0,33
54977,1401,0,1,28
54978,67,0,0,8
54979,1741,0,16,35
54980,255,0,0,0
54981,14056,172,166,476
54982,6312,7,27,787
54983,4214,1,0,130
54984,2859,42,3,245
54985,283,186,3,24
54986,5231,5,49,52
55001,2702,9,109,32
55003,2945,631,56,141
55005,4167,21,28,312
55006,3325,16,28,209
55007,2235,24,0,15
55008,14396,261,563,149
55009,7623,25,46,160
55011,10148,16,495,127
55012,1974,30,22,34
55013,6196,1,106,183
55014,25085,1003,1187,633
55016,30899,2426,2273,2019
55017,855,19,22,0
55018,927,1,3,4
55019,1997,8,50,67
55020,4043,68,47,223
55021,23511,3733,375,3686
55024,32054,1206,1194,1606
55025,22361,638,902,1275
55026,420,0,1,0
55027,2690,0,11,141
55029,31,0,0,0
55030,1263,8,125,15
55031,1722,23,8,70
55032,3008,35,62,70
55033,27169,312,405,1119
55036,34,0,0,4
55037,4274,49,24,204
55038,21644,425,1010,590
55040,13702,56,44,590
55041,7160,35,115,186
55042,11330,557,261,496
55043,3247,11,65,76
55044,50693,2577,3555,3295
55045,7274,0,63,221
55046,5585,23,207,160
55047,2126,0,35,9
55049,2197,18,21,603
55051,9054,27,55,116
55052,1821,2,4,4
55053,954,0,3,63
55054,2087,185,90,19
55055,3109,230,473,429
55056,13351,52,272,312
55057,21596,536,844,1978
55060,26138,1171,130,2015
55063,8820,77,71,171
55065,1268,0,5,13
55066,17093,528,138,963
55068,26662,1163,1330,1019
55069,5028,471,74,71
55070,7861,103,17,266
55071,4588,164,396,671
55072,3631,344,50,379
55073,3931,0,0,70
55074,1955,0,29,110
55075,15598,885,490,3400
55076,17840,957,625,2660
55077,10274,784,899,1713
55079,7969,19,146,316
55080,3047,31,4,78
55082,32383,968,658,1665
55084,1850,11,0,63
55085,422,0,0,10
55087,357,0,0,22
55088,1570,29,9,37
55089,1281,10,21,90
55090,365,11,0,0
55092,10832,55,50,38
55101,5576,600,881,152
55102,15660,2063,389,895
55103,5215,4114,3011,1606
55104,29031,7594,2860,2625
55105,23564,806,1118,1242
55106,19435,8739,20518,6145
55107,8285,1824,1147,3915
55108,11736,1149,1364,728
55109,19855,2850,7654,2454
55110,33568,818,1189,2012
55111,89,11,0,0
55112,32455,5150,3391,3279
55113,30534,3159,3376,2088
55114,2430,416,467,200
55115,8114,254,136,37
55116,19746,3723,775,1098
55117,21323,7044,11988,3301
55118,22657,1245,600,4538
55119,21212,9361,8836,6073
55120,3774,60,318,157
55121,5676,1897,575,417
55122,22382,4229,2745,1959
55123,22687,943,2736,1136
55124,40307,5716,3396,4225
55125,36390,2249,4165,2543
55126,21921,1098,2662,927
55127,15348,308,1403,1383
55128,19477,2888,3591,1524
55129,21283,1527,5079,942
55130,4883,4037,8603,1879
55150,127,2,3,2
55155,0,0,0,0
55301,11279,741,206,57
55302,6824,30,33,75
55303,43652,3196,1577,1607
55304,43721,1400,1967,1116
55305,17175,1015,2037,616
55306,11402,2201,866,2013
55307,3201,28,3,412
55308,9317,25,19,58
55309,19133,411,69,913
55310,1384,50,0,57
55311,30329,2762,2880,589
55312,1414,0,0,5
55313,23665,32,292,811
55314,929,0,0,124
55315,6232,10,251,142
55316,18852,2260,1268,349
55317,18523,370,1557,829
55318,25461,563,968,2341
55319,5502,44,41,54
55320,5304,0,42,160
55321,4973,25,18,393
55322,3272,82,47,123
55324,1110,0,2,34
55325,4460,0,16,83
55327,4476,213,236,28
55328,9302,0,23,305
55329,2099,9,2,64
55330,38907,1427,511,1396
55331,17780,97,280,529
55332,1416,0,25,237
55333,602,19,30,38
55334,2158,9,48,539
55335,1479,20,6,107
55336,7271,67,35,1014
55337,31835,6818,3061,4481
55338,995,10,2,35
55339,939,0,2,26
55340,7419,242,1327,70
55341,3224,1,40,21
55342,1668,4,8,84
55343,18257,4365,1302,1716
55344,8296,2248,2794,1308
55345,18305,542,1132,842
55346,14130,1367,1477,314
55347,23225,710,4362,1336
55349,3359,11,6,33
55350,17463,82,206,827
55352,9574,159,42,519
55353,3087,16,0,20
55354,2897,18,8,321
55355,9078,3,3,560
55356,5159,95,215,74
55357,3343,38,17,63
55358,5087,41,4,274
55359,6790,144,43,164
55360,3003,21,26,114
55362,17579,98,572,1207
55363,4584,0,0,506
55364,13102,138,154,294
55366,400,0,0,61
55367,1011,1,2,13
55368,1935,6,1,1
55369,30038,2913,2203,1706
55370,583,25,7,102
55371,16416,37,109,395
55372,30451,332,1238,988
55373,5024,95,174,53
55374,14696,181,186,336
55375,3771,73,81,215
55376,16889,583,353,392
55378,24424,2948,2343,1632
55379,32357,3670,5518,4862
55381,1718,7,0,50
55382,3410,3,34,30
55384,1608,155,36,15
55385,1143,0,0,117
55386,8340,430,409,170
55387,13455,220,16,483
55388,5800,10,32,77
55389,2583,0,5,122
55390,2810,37,4,80
55391,14293,60,742,345
55395,2436,10,5,148
55396,1868,31,2,204
55397,2801,0,14,293
55398,15919,100,223,522
55401,8866,699,1232,698
55402,521,89,48,50
55403,12567,2332,688,1327
55404,10854,9251,851,5396
55405,10642,3895,738,843
55406,25578,4986,1073,2292
55407,21079,6846,660,8213
55408,21419,5514,1035,4177
55409,8363,1028,311,1117
55410,18651,323,530,749
55411,7314,15279,2726,3381
55412,9473,8729,2602,3568
55413,10277,1893,548,696
55414,23286,2347,4333,2261
55415,3840,1233,400,224
55416,28989,1692,1329,2067
55417,21530,1469,453,1594
55418,23449,2607,813,2673
55419,24194,3249,422,956
55420,13555,4164,1497,2938
55421,16887,7156,1836,4160
55422,21244,3831,803,1680
55423,23417,4004,2255,6865
55424,8945,46,456,217
55425,5209,2123,823,2490
55426,19590,1429,1666,1221
55427,19338,3108,1024,1341
55428,18038,9348,2310,2564
55429,10731,9732,4075,3172
55430,8854,6801,3074,3825
55431,15455,907,1400,958
55432,20758,5634,1948,4103
55433,25920,3014,2043,1280
55434,23757,3010,3297,1715
55435,10691,1131,1350,802
55436,12973,114,686,280
55437,16096,1429,886,731
55438,12628,1067,586,621
55439,7470,136,886,154
55441,13823,1575,841,1179
55442,10725,486,678,442
55443,14030,9679,6479,1007
55444,6490,4766,4443,968
55445,6695,2125,2828,1000
55446,18028,1331,5548,908
55447,18199,643,1355,1099
55448,22725,2736,1573,1556
55449,25430,1970,2789,1563
55450,0,0,0,0
55454,2072,5606,569,238
55455,3649,104,734,229
55601,145,0,0,0
55602,321,0,0,0
55603,359,16,3,0
55604,3579,7,0,76
55605,182,0,16,2
55606,122,0,0,0
55607,232,2,0,2
55609,135,0,0,0
55612,496,0,0,26
55613,182,0,0,0
55614,2236,0,12,32
55615,226,11,34,38
55616,7069,12,0,143
55702,426,0,0,0
55703,809,0,2,31
55704,1039,5,0,53
55705,3121,1,10,0
55706,1628,1,16,33
55707,3169,5,7,42
55708,727,0,0,1
55709,4036,38,0,48
55710,1425,3,0,0
55711,467,4,0,4
55712,560,18,5,7
55713,980,11,3,0
55716,237,0,0,7
55717,242,0,4,0
55718,2919,22,7,39
55719,5452,41,18,43
55720,14554,161,97,407
55721,3505,9,6,145
55722,890,0,0,0
55723,1858,4,5,21
55724,754,0,0,1
55725,94,0,0,2
55726,984,5,0,0
55731,5031,50,0,79
55732,1313,0,4,17
55733,5146,37,0,22
55734,6092,81,4,42
55735,1581,4,5,16
55736,1219,4,0,6
55738,569,6,0,0
55741,3018,0,2,0
55742,185,0,0,0
55744,18469,143,54,346
55746,15863,325,15,249
55748,1289,2,1,12
55749,494,0,0,39
55750,1957,0,0,122
55751,1296,5,0,9
55752,427,0,1,0
55753,956,7,0,32
55756,225,0,4,4
55757,656,1,1,2
55758,121,21,0,8
55760,2658,28,13,36
55763,456,2,0,0
55764,482,10,14,0
55765,707,18,0,0
55767,3853,498,51,157
55768,2526,5,6,23
55769,2121,8,15,76
55771,1183,1,1,23
55772,7,0,0,0
55775,1263,9,3,30
55779,3669,37,51,50
55780,158,0,0,0
55781,799,1,1,9
55782,403,0,3,19
55783,2202,62,15,45
55784,116,0,0,0
55785,339,0,0,0
55786,178,0,0,0
55787,589,11,0,55
55790,1504,0,2,42
55792,9167,84,131,117
55793,572,16,15,5
55795,1728,62,2,8
55796,105,0,0,0
55797,1219,0,0,11
55798,571,0,3,4
55802,2072,225,38,155
55803,17002,44,132,195
55804,14857,146,210,259
55805,8592,342,187,407
55806,7356,583,78,344
55807,8436,71,19,314
55808,4722,48,31,45
55810,7363,83,89,38
55811,25760,325,460,429
55812,9560,476,388,571
55814,225,114,11,40
55901,42644,6600,4457,3146
55902,21297,545,2621,1675
55903,0,0,0,0
55904,22702,2916,1226,1954
55905,0,0,0,0
55906,16367,1088,1459,932
55909,1385,0,2,59
55910,1221,2,2,42
55912,22308,1511,2115,4683
55917,3379,0,3,382
55918,1000,1,0,74
55919,898,5,33,23
55920,7834,79,222,299
55921,4522,7,0,8
55922,988,17,0,6
55923,4169,4,48,100
55924,1093,0,0,61
55925,1191,0,0,12
55926,723,0,1,1
55927,3604,5,57,478
55929,1232,0,8,44
55931,413,0,18,0
55932,1879,0,56,60
55933,241,1,0,2
55934,3444,72,8,113
55935,872,2,4,21
55936,1662,0,25,13
55939,1785,17,0,5
55940,2541,104,44,64
55941,1046,62,0,48
55943,2821,25,14,46
55944,7563,34,3,300
55945,1277,0,5,29
55946,3011,42,0,234
55947,6930,25,5,104
55949,1852,4,2,33
55950,95,0,7,15
55951,1275,0,5,33
55952,2337,17,106,187
55953,805,12,3,19
55954,1337,0,2,3
55955,2488,1,0,68
55956,2039,6,5,40
55957,802,0,1,77
55959,1882,3,30,93
55960,3049,29,17,196
55961,509,7,0,5
55962,800,0,2,13
55963,5500,66,17,18
55964,4203,5,0,263
55965,2169,7,8,76
55967,1017,5,0,19
55968,105,0,21,0
55969,1041,0,23,5
55970,1042,4,22,13
55971,2807,7,31,41
55972,4900,2,257,137
55973,250,0,4,5
55974,2020,0,28,52
55975,4360,32,31,96
55976,8056,4,44,251
55977,186,0,0,0
55979,997,0,3,6
55981,3702,0,10,8
55982,448,0,1,121
55983,1513,103,8,9
55985,1590,17,10,86
55987,31137,637,754,1094
55990,849,0,0,41
55991,1426,6,1,28
55992,5282,0,100,81
56001,43291,3117,1681,2250
56003,13741,261,243,603
56007,17902,351,662,2984
56009,1421,0,9,30
56010,1024,1,2,25
56011,8898,283,36,65
56013,4028,32,23,403
56014,645,3,0,49
56016,787,4,187,31
56017,1812,3,11,20
56019,799,0,0,10
56020,82,0,0,0
56021,1035,0,0,17
56022,74,0,0,0
56023,460,5,0,10
56024,3232,18,11,149
56025,483,0,0,0
56026,1667,8,4,125
56027,593,0,3,73
56028,1026,0,0,12
56029,552,0,1,16
56030,17,0,0,0
56031,11120,89,71,945
56032,307,0,0,52
56033,412,5,0,26
56034,376,0,0,4
56035,322,2,0,22
56036,1613,0,19,36
56037,1469,3,1,39
56039,912,5,0,17
56041,1002,0,3,8
56042,764,4,13,34
56043,332,0,18,24
56044,1990,48,4,21
56045,868,0,0,21
56046,147,0,0,0
56048,4134,59,8,75
56050,1337,52,1,20
56051,696,0,0,55
56052,570,0,0,5
56054,987,0,0,0
56055,3701,16,5,115
56056,64,0,0,0
56057,3531,9,5,614
56058,5255,91,40,773
56060,327,0,28,87
56062,2585,44,12,749
56063,2842,10,16,47
56065,2503,20,4,152
56068,969,0,0,14
56069,4510,64,0,338
56071,12545,3,279,221
56072,2047,10,8,43
56073,16544,199,142,515
56074,1654,38,7,63
56075,131,0,0,6
56078,473,2,1,6
56080,684,31,8,36
56081,4982,4,5,2116
56082,12324,738,260,1017
56083,755,7,0,54
56085,4702,0,1,617
56087,2973,20,5,52
56088,1976,0,2,42
56089,208,6,0,0
56090,600,3,0,8
56091,267,0,5,1
56093,11092,94,143,1132
56096,2566,22,8,99
56097,3342,23,40,168
56098,1632,5,0,291
56101,5127,172,102,669
56110,1428,1,55,158
56111,302,0,0,49
56113,237,0,0,0
56114,335,0,0,2
56115,1225,0,1,22
56116,569,0,1,39
56117,264,0,0,120
56118,508,3,1,3
56119,748,0,24,247
56120,754,0,112,137
56121,564,0,0,3
56122,563,5,3,155
56123,375,0,0,4
56125,45,0,0,0
56127,513,22,0,0
56128,1945,0,22,72
56129,808,0,12,33
56131,2049,12,114,141
56132,451,0,2,0
56134,341,0,0,42
56136,1178,7,0,11
56137,1009,0,10,68
56138,1016,13,0,15
56139,410,0,18,85
56140,51,0,4,6
56141,307,0,0,2
56142,972,2,4,16
56143,4114,43,124,170
56144,943,4,8,132
56145,408,0,14,66
56146,48,0,0,0
56147,81,0,0,0
56149,1100,0,0,31
56150,2706,6,7,106
56151,615,2,0,4
56152,1321,0,12,10
56153,126,0,2,10
56155,491,1,0,136
56156,6030,0,59,193
56157,683,0,2,156
56158,318,3,5,24
56159,2032,0,289,291
56160,227,0,0,8
56161,286,0,5,2
56162,248,0,0,2
56164,4935,236,28,402
56165,296,0,0,23
56166,203,0,1,7
56167,593,11,1,34
56168,673,2,0,99
56169,637,1,9,19
56170,453,0,0,25
56171,1543,0,8,8
56172,2782,1,0,75
56173,249,0,0,6
56174,318,0,0,3
56175,2519,3,299,173
56176,974,6,2,21
56178,1641,0,5,61
56180,800,4,312,52
56181,1108,0,15,28
56183,1198,3,39,14
56185,465,0,9,16
56186,381,24,0,4
56187,9189,1196,1067,5769
56201,18534,2557,417,5181
56207,226,0,0,14
56208,1827,41,0,61
56209,2370,19,9,84
56210,15,0,0,0
56211,503,0,3,39
56212,478,0,0,30
56214,607,0,2,15
56215,4426,33,0,230
56216,626,0,0,36
56218,455,0,1,45
56219,646,0,0,14
56220,2562,2,7,18
56221,782,1,1,14
56222,2012,5,0,152
56223,1292,0,18,161
56224,297,0,0,10
56225,630,0,7,13
56226,193,0,0,2
56227,235,0,5,20
56228,855,0,0,28
56229,1648,1,2,90
56230,678,0,0,26
56231,355,0,0,4
56232,2130,29,16,47
56235,491,0,1,0
56236,410,0,0,0
56237,488,2,23,0
56239,532,8,3,67
56240,842,1,0,15
56241,3100,54,5,258
56243,1778,5,16,33
56244,1595,11,8,87
56245,467,2,0,109
56248,793,6,4,1
56249,280,0,0,0
56251,854,3,0,44
56252,1159,0,1,120
56253,806,0,2,17
56255,347,0,0,13
56256,2300,7,30,24
56257,441,0,0,0
56258,12546,761,922,1270
56260,864,0,0,1
56262,455,0,3,41
56263,443,0,24,3
56264,1959,15,2,155
56265,6645,142,118,686
56266,1439,0,0,61
56267,5556,167,93,653
56270,556,0,13,154
56271,1077,12,10,190
56273,4788,22,28,73
56274,243,0,0,0
56276,201,0,12,6
56277,2781,2,17,373
56278,2649,6,12,28
56279,1058,7,2,113
56280,472,0,10,17
56281,635,7,0,0
56282,1354,14,8,74
56283,5798,2,13,224
56284,1742,18,10,377
56285,1050,0,16,66
56287,53,46,0,0
56288,4476,20,22,138
56289,612,2,0,0
56291,430,0,0,0
56292,545,32,0,18
56293,1122,15,25,13
56294,80,0,0,0
56295,293,0,22,1
56296,1699,19,0,133
56297,788,7,0,18
56301,24378,6580,1388,1587
56303,20474,2565,674,994
56304,10901,3439,808,658
56307,5164,5,56,55
56308,25049,101,156,688
56309,1393,1,11,38
56310,5115,0,7,45
56311,643,0,0,8
56312,2118,0,0,126
56313,45,0,0,0
56314,1316,0,0,8
56315,1842,12,3,4
56316,1342,3,5,97
56318,1059,0,2,6
56319,1204,10,0,31
56320,8078,4,4,313
56321,1385,78,65,93
56323,525,1,2,67
56324,1017,2,1,6
56325,193,0,0,0
56326,1792,1,0,10
56327,786,4,1,3
56328,146,0,1,20
56329,7499,29,59,176
56330,1798,0,9,40
56331,2118,15,0,101
56332,1552,6,33,7
56334,5576,39,33,57
56335,227,0,0,0
56336,1541,0,0,5
56338,1478,4,3,18
56339,941,4,0,52
56340,2273,0,0,22
56342,2445,3,6,48
56343,826,0,1,5
56345,14422,43,77,241
56347,6663,49,91,1438
56349,739,0,1,8
56350,360,2,0,1
56352,5402,27,13,668
56353,8817,57,32,199
56354,1334,0,2,4
56355,625,0,0,7
56356,263,0,0,0
56357,1144,5,5,10
56358,3050,11,15,47
56359,2244,29,3,127
56360,3668,19,3,19
56361,2545,40,0,21
56362,5333,66,16,154
56363,244,0,0,5
56364,5513,22,16,105
56367,6740,41,18,106
56368,3920,0,17,109
56369,391,0,0,61
56371,96,0,0,5
56373,3127,32,10,32
56374,8928,623,153,221
56375,762,0,2,4
56376,300,0,0,6
56377,19067,314,409,433
56378,7853,46,76,402
56379,15769,257,169,615
56381,2156,6,50,73
56382,1327,0,3,15
56384,288,0,0,34
56385,854,0,0,0
56386,565,0,8,39
56387,4585,2597,89,352
56389,77,0,0,0
56401,29696,180,135,581
56425,8302,70,29,189
56431,8544,40,10,118
56433,1499,0,3,9
56434,209,0,0,0
56435,2550,43,33,24
56437,1290,7,0,6
56438,2546,39,3,144
56440,1293,5,13,17
56441,3301,25,0,83
56442,2653,0,0,5
56443,1348,0,1,0
56444,3126,25,8,21
56446,1432,2,6,35
56447,835,0,0,0
56448,391,0,0,0
56449,1776,0,5,108
56450,824,0,0,15
56452,1692,20,14,11
56453,753,4,0,8
56455,1434,6,9,0
56458,334,0,0,0
56461,2990,12,5,144
56464,4607,7,40,54
56465,2135,48,0,14
56466,2778,14,1,44
56467,2499,78,10,34
56468,4249,33,6,116
56469,860,0,0,2
56470,9920,56,20,321
56472,8050,16,42,201
56473,3154,3,5,8
56474,4030,5,61,78
56475,1668,2,0,15
56477,2457,2,20,6
56479,4421,29,2,249
56481,2109,0,16,14
56482,6928,46,3,238
56484,2383,24,9,89
56501,16689,90,156,141
56510,2148,12,0,101
56511,1802,2,9,108
56514,3740,10,82,110
56515,2634,2,9,99
56516,292,2,0,4
56517,275,0,0,3
56518,373,0,1,17
56519,249,2,1,41
56520,3707,9,0,118
56521,564,0,0,36
56522,456,6,0,61
56523,372,0,0,20
56524,662,2,1,30
56525,70,0,4,0
56527,884,0,1,25
56528,1669,0,3,22
56529,4041,235,17,281
56531,1791,3,4,17
56533,269,1,1,8
56534,1198,2,5,57
56535,1153,0,11,83
56536,367,0,9,3
56537,18324,266,180,343
56540,1839,2,1,9
56541,47,0,0,0
56542,2243,18,10,62
56543,226,0,0,3
56544,4959,166,14,234
56545,588,17,1,27
56546,202,0,0,22
56547,2588,6,50,200
56548,630,23,0,121
56549,4733,21,13,48
56550,249,0,0,4
56551,2048,0,6,72
56552,444,0,0,79
56553,197,0,0,0
56554,2491,0,28,65
56556,1049,129,5,46
56557,1316,14,18,171
56560,37320,2618,747,2365
56562,486,16,0,5
56563,1280,81,41,17
56565,96,25,0,0
56566,34,0,0,42
56567,2980,0,1,35
56568,85,0,0,52
56569,567,3,18,45
56570,1060,10,12,34
56571,1648,0,18,2
56572,4851,218,45,1041
56573,5985,98,7,391
56574,254,0,0,11
56575,288,0,0,48
56576,836,0,0,5
56578,651,2,0,0
56579,1018,6,0,32
56580,1143,0,4,26
56581,214,15,0,16
56583,161,0,0,0
56584,1258,17,5,34
56585,1010,4,0,14
56586,1735,1,0,23
56587,1177,0,3,11
56588,437,0,0,0
56589,825,3,7,30
56590,346,0,0,37
56591,127,0,4,74
56592,491,0,8,0
56594,422,16,4,30
56601,27936,540,275,974
56621,3521,15,37,174
56623,2457,15,8,19
56626,91,0,2,0
56627,197,0,0,0
56628,1440,13,10,24
56629,191,0,0,0
56630,1847,2,0,115
56633,1697,33,60,353
56634,1627,0,11,0
56636,3919,21,2,32
56637,156,0,0,0
56639,326,0,2,5
56641,170,2,8,4
56644,648,0,4,10
56646,301,13,1,16
56647,791,0,1,0
56649,8097,88,24,149
56650,760,13,0,0
56651,515,6,0,42
56652,393,0,0,0
56653,1206,0,2,16
56654,44,0,19,0
56655,1200,7,6,2
56657,192,0,0,0
56658,0,0,0,0
56659,138,0,0,0
56660,286,3,0,0
56661,872,0,37,9
56662,535,7,11,0
56663,113,0,0,0
56666,9,0,0,0
56667,748,0,0,0
56668,208,0,0,0
56669,251,5,0,0
56670,47,2,0,15
56671,56,10,0,52
56672,1616,0,13,38
56673,497,0,0,9
56676,1607,0,0,34
56678,1559,0,23,67
56680,107,0,0,0
56681,175,0,0,4
56683,562,3,16,2
56684,391,4,1,0
56685,92,0,3,0
56686,954,0,0,0
56688,113,0,0,0
56701,11806,167,154,642
56710,323,0,0,36
56711,8,0,0,0
56713,972,1,0,34
56714,1157,6,4,16
56715,299,0,0,4
56716,7710,165,246,991
56720,9,0,0,0
56721,9257,439,47,746
56722,341,3,2,27
56723,765,14,0,31
56724,106,1,2,0
56725,912,8,21,5
56726,1404,10,62,35
56727,810,1,2,2
56728,1029,12,8,16
56729,126,0,0,0
56731,116,0,0,0
56732,973,6,4,0
56733,339,10,3,11
56734,545,3,0,29
56735,673,3,6,0
56736,636,0,6,7
56737,703,2,1,4
56738,1376,0,5,43
56742,790,1,0,4
56744,539,0,1,147
56748,535,17,0,57
56750,2165,15,0,83
56751,5258,130,36,116
56754,437,2,2,6
56755,64,0,0,0
56756,469,1,6,35
56757,739,9,0,59
56758,325,0,1,4
56759,349,1,0,12
56760,372,10,0,0
56761,374,0,3,7
56762,2243,6,13,83
56763,4589,2,355,30
57001,1447,4,10,10
57002,1454,0,13,83
57003,1996,14,0,15
57004,3757,0,18,218
57005,11356,385,13,369
57006,20600,333,963,890
57007,2146,33,57,39
57010,506,0,0,0
57012,1052,12,0,81
57013,4304,0,7,19
57014,1667,0,4,7
57015,820,4,0,6
57016,615,0,0,0
57017,1346,11,0,68
57018,1389,9,0,9
57020,1800,3,0,14
57021,387,0,48,0
57022,5375,0,0,161
57024,414,0,0,42
57025,2930,15,4,89
57026,1329,0,0,271
57027,140,0,0,0
57028,1869,36,115,181
57029,2006,0,27,112
57030,2471,9,0,20
57031,720,0,2,60
57032,8431,0,114,206
57033,5635,28,19,83
57034,724,0,0,34
57035,1236,0,5,51
57036,571,0,0,69
57037,983,0,0,0
57038,1519,0,0,33
57039,3419,45,0,152
57040,297,0,0,0
57041,133,0,0,0
57042,7782,28,0,185
57043,1476,0,3,6
57045,1250,0,25,5
57046,682,0,0,0
57047,267,0,0,18
57048,1281,0,0,64
57049,6629,52,258,421
57050,198,0,0,2
57051,215,0,0,0
57052,331,0,0,0
57053,1931,44,0,66
57054,454,0,8,115
57055,1140,0,0,0
57057,196,0,4,0
57058,1841,3,0,69
57059,1166,0,0,8
57061,170,0,0,8
57062,1829,107,11,160
57063,875,0,0,12
57064,6680,141,73,189
57065,345,3,3,1
57066,1251,8,3,16
57067,230,2,0,7
57068,1577,9,8,14
57069,10990,255,445,323
57070,1232,2,0,37
57071,2964,4,24,44
57072,490,0,0,4
57073,516,4,1,0
57075,1026,14,0,5
57076,419,0,0,0
57077,1290,20,0,13
57078,17961,286,55,1157
57103,26484,4239,839,2170
57104,19121,2852,397,2083
57105,20068,843,427,646
57106,42264,2339,906,3355
57107,8895,797,206,1181
57108,28511,694,847,815
57110,16838,1393,946,1065
57117,8,0,0,0
57197,644,34,9,14
57201,24073,169,149,902
57212,2031,0,0,65
57213,397,0,0,10
57214,170,0,0,5
57216,1527,0,7,47
57217,231,0,0,0
57218,336,3,0,21
57219,448,7,0,61
57220,856,0,0,28
57221,997,2,0,54
57223,1269,2,4,5
57224,162,0,0,0
57225,1602,7,6,103
57226,1739,1,0,55
57227,479,0,0,0
57231,1699,0,0,2
57232,536,0,0,0
57233,257,0,0,0
57234,1245,0,8,86
57235,788,0,8,0
57236,116,0,4,0
57237,682,0,0,28
57238,306,0,0,0
57239,383,0,0,4
57241,974,0,0,39
57242,414,1,0,4
57243,559,0,10,0
57245,168,0,0,76
57246,145,0,0,5
57247,175,0,0,52
57248,959,9,0,122
57249,840,0,4,75
57251,131,10,36,0
57252,4323,4,0,291
57255,266,0,2,0
57256,218,0,0,2
57257,159,0,0,5
57258,251,3,0,0
57259,600,0,0,0
57260,875,0,0,2
57261,265,0,0,0
57262,1950,45,5,67
57263,449,0,0,0
57264,243,0,0,3
57265,191,0,0,0
57266,446,3,3,16
57268,455,0,0,65
57269,178,0,0,0
57270,378,0,0,230
57271,209,0,0,0
57272,206,0,0,0
57273,631,0,3,13
57274,2588,0,9,43
57276,1011,0,0,0
57278,880,11,0,54
57279,841,0,0,12
57301,17238,99,179,710
57311,1558,0,0,0
57312,549,0,0,119
57313,1103,47,0,34
57314,618,0,0,33
57315,1037,0,0,8
57317,508,0,3,0
57319,881,0,0,37
57321,337,5,0,0
57322,305,0,0,5
57323,204,0,1,5
57324,362,0,0,0
57325,2259,68,0,61
57328,1145,0,0,1
57329,335,0,0,0
57330,507,0,0,24
57331,237,0,0,0
57332,731,0,0,1
57334,743,0,0,26
57335,223,0,2,0
57337,49,0,0,0
57339,106,0,0,79
57340,184,0,0,0
57341,146,0,0,0
57342,282,0,0,0
57344,103,0,0,0
57345,1011,0,0,49
57346,7,20,0,0
57348,843,4,0,0
57349,1425,8,9,62
57350,11122,108,1708,2122
57353,749,0,2,0
57354,15,0,0,0
57355,1271,1,0,42
57356,839,5,1,137
57358,9,0,0,0
57359,557,0,0,34
57361,4,0,0,0
57362,1913,0,7,23
57363,874,0,0,30
57364,4,0,0,0
57365,487,0,0,16
57366,2618,0,0,45
57367,208,3,2,1
57368,978,24,6,125
57369,2599,0,5,15
57370,542,0,0,66
57371,191,0,0,0
57373,376,4,0,0
57374,285,0,0,2
57375,565,0,0,22
57376,837,0,0,25
57379,70,0,0,0
57380,1653,4,17,216
57381,420,0,0,31
57382,1096,0,0,16
57383,805,9,0,25
57384,1146,1,0,111
57385,1287,0,0,24
57386,334,0,0,5
57401,27182,906,1315,1395
57420,186,0,0,0
57421,54,0,0,0
57422,151,0,0,6
57424,303,0,0,0
57426,46,0,0,0
57427,438,0,0,0
57428,438,12,0,2
57429,71,0,0,0
57430,1753,5,0,74
57432,239,0,0,5
57433,354,0,0,0
57434,485,0,0,0
57435,277,0,0,0
57436,451,0,0,17
57437,1255,42,7,13
57438,994,0,0,0
57439,22,0,0,0
57440,505,0,0,1
57441,585,0,7,0
57442,1723,39,21,0
57445,1849,0,0,41
57446,599,0,22,5
57448,436,0,0,10
57449,302,31,0,0
57450,566,0,0,1
57451,2461,2,3,50
57452,240,0,0,7
57454,693,1,0,17
57455,131,0,0,0
57456,668,0,0,0
57457,88,0,0,0
57460,321,0,0,0
57461,277,0,0,0
57465,400,0,0,0
57466,190,0,0,0
57467,237,0,0,97
57468,270,0,0,8
57469,2906,70,0,230
57470,114,0,0,0
57471,460,0,1,20
57472,948,14,0,54
57473,288,0,0,0
57474,227,0,0,2
57475,119,0,0,0
57476,427,0,0,0
57477,127,1,0,0
57479,578,0,0,13
57481,361,0,0,0
57501,14255,7,88,583
57520,134,0,0,0
57521,127,0,0,0
57522,408,72,0,14
57523,826,0,0,0
57528,819,0,11,0
57529,271,0,0,0
57531,93,0,0,0
57532,2703,9,0,134
57533,1553,36,0,77
57534,148,0,0,0
57536,254,1,0,8
57537,130,0,0,0
57538,236,0,0,0
57540,157,0,0,3
57541,137,0,0,0
57543,388,0,9,23
57544,390,0,0,0
57547,100,0,0,0
57548,123,0,7,20
57551,1283,6,45,144
57552,518,0,0,0
57553,146,0,0,0
57555,414,1,131,85
57559,533,14,0,0
57560,152,0,0,0
57562,120,0,0,0
57563,0,0,0,0
57564,776,0,0,0
57566,0,0,0,84
57567,938,32,0,1
57568,629,0,0,6
57569,202,0,0,0
57570,157,0,33,223
57571,16,0,0,0
57572,14,0,150,0
57574,60,0,0,0
57576,87,0,0,0
57577,56,8,8,0
57579,449,5,0,13
57580,3221,36,19,57
57584,73,0,0,0
57585,43,0,0,0
57601,2475,102,7,47
57620,590,0,0,0
57621,2,0,0,0
57622,35,0,0,16
57623,322,0,0,24
57625,344,13,0,164
57626,575,0,0,6
57630,26,0,0,0
57631,340,0,0,0
57632,721,0,0,7
57633,322,0,0,0
57634,89,0,0,0
57636,60,0,0,0
57638,1831,0,0,13
57639,4,0,0,4
57640,44,0,0,0
57641,221,0,0,1
57642,482,4,0,3
57644,259,0,0,0
57645,123,0,0,0
57646,249,0,0,42
57648,408,0,1,12
57649,233,0,22,0
57650,13,0,0,0
57651,73,0,0,0
57652,7,0,0,0
57656,438,6,3,14
57657,92,0,0,2
57658,2,0,0,4
57659,12,0,0,0
57660,65,0,0,0
57661,0,0,0,2
57701,33780,813,392,2755
57702,30277,358,421,1756
57703,13744,143,273,1215
57706,1684,301,85,349
57714,0,0,0,171
57716,120,0,0,0
57717,7576,0,37,425
57718,6599,34,76,375
57719,9320,169,91,432
57720,597,0,0,4
57722,140,0,0,0
57724,213,0,0,7
57725,222,0,0,0
57730,5357,23,28,146
57732,1831,8,12,77
57735,1318,9,9,97
57737,47,0,0,0
57738,356,0,0,0
57741,119,15,0,53
57744,1626,0,7,179
57745,1592,0,16,102
57747,4895,0,72,172
57748,136,0,0,0
57750,80,0,0,0
57751,891,0,8,68
57752,89,8,0,70
57754,3438,0,0,72
57755,87,0,0,0
57756,0,0,0,0
57758,20,0,0,0
57759,160,55,0,0
57760,927,0,0,0
57761,1012,21,0,33
57762,389,0,0,17
57763,285,0,0,25
57764,19,0,0,81
57766,123,0,0,0
57767,180,0,0,0
57769,3890,18,0,225
57770,379,0,0,453
57772,30,0,0,48
57773,214,0,0,26
57775,330,0,0,7
57776,0,0,0,0
57779,267,0,0,14
57780,60,0,0,0
57782,29,0,0,0
57783,14894,94,113,571
57785,9753,129,53,256
57787,592,0,0,85
57788,633,0,0,11
57790,889,22,11,17
57791,157,0,0,3
57792,86,0,0,0
57793,2020,0,17,48
57794,0,0,0,70
57799,479,29,6,61
58001,248,0,0,0
58002,0,0,0,0
58004,364,3,0,1
58005,849,1,0,22
58006,503,3,0,2
58007,110,0,0,4
58008,213,0,0,0
58009,30,0,0,0
58011,432,4,0,11
58012,2682,0,0,87
58013,105,0,0,0
58015,245,0,0,0
58016,164,0,0,0
58017,268,0,0,18
58018,339,0,0,26
58021,581,0,0,62
58027,1357,34,9,65
58029,56,0,0,0
58030,639,0,0,72
58031,373,0,0,0
58032,700,2,0,26
58033,398,0,12,0
58035,263,0,0,0
58036,278,0,59,0
58038,245,0,0,0
58040,870,98,11,50
58041,1337,6,0,64
58042,1209,0,0,9
58043,125,0,1,9
58045,1963,0,9,50
58046,698,0,0,38
58047,4141,78,0,156
58048,441,0,2,4
58049,291,0,0,4
58051,1834,0,0,21
58052,554,0,0,0
58053,1195,0,0,105
58054,2826,91,44,8
58056,139,0,0,0
58057,179,0,0,0
58058,129,0,0,0
58059,1346,21,0,88
58060,1157,0,0,39
58061,292,0,0,0
58062,146,0,0,3
58063,386,0,0,5
58064,446,4,0,4
58065,9,0,0,0
58067,243,0,0,0
58068,286,0,0,27
58069,130,0,0,0
58071,406,0,0,1
58072,7193,201,137,229
58074,35,0,0,0
58075,8129,102,16,283
58076,485,25,5,10
58077,739,5,0,1
58078,34867,1106,775,1019
58079,452,0,0,0
58081,746,0,4,37
58102,28358,945,994,1436
58103,36264,6156,2678,1615
58104,39115,3620,1372,928
58105,2164,86,115,122
58201,35348,1893,1068,1801
58202,2558,80,121,93
58203,13083,587,774,1012
58204,1436,88,70,283
58205,192,37,5,87
58210,269,0,0,8
58212,332,0,0,9
58214,403,0,0,1
58216,160,8,0,0
58218,760,0,0,0
58219,69,0,0,0
58220,2035,45,22,50
58222,189,0,0,0
58223,138,0,0,0
58224,55,0,0,0
58225,1036,1,0,8
58227,512,7,4,7
58228,591,53,4,25
58229,62,0,0,0
58230,558,0,0,1
58231,441,5,0,12
58233,261,1,4,8
58235,536,0,1,44
58236,42,0,0,0
58237,4363,68,64,1031
58238,104,0,0,0
58239,20,0,0,0
58240,1046,4,2,48
58241,202,0,0,0
58243,491,0,0,108
58244,38,0,5,0
58249,2110,0,0,1
58250,210,0,0,0
58251,1792,13,4,82
58254,510,0,0,0
58255,0,0,0,0
58256,782,4,5,19
58257,2111,62,0,212
58258,263,0,0,8
58259,412,0,18,33
58260,219,0,0,0
58261,1209,0,1,83
58262,99,0,0,12
58265,512,6,7,56
58266,156,0,0,0
58267,1379,0,0,6
58269,164,0,0,32
58270,1787,7,0,24
58271,524,0,5,22
58272,211,0,4,5
58273,119,0,0,0
58274,865,7,0,0
58275,746,0,22,0
58276,399,0,0,50
58277,151,0,0,0
58278,1801,0,2,18
58281,58,0,0,0
58282,1059,0,0,57
58301,8276,62,104,275
58310,10,0,0,0
58311,69,0,0,0
58313,49,0,0,2
58316,114,87,13,68
58317,188,0,0,0
58318,3434,31,20,25
58321,99,0,0,0
58323,80,0,0,0
58324,1152,8,9,83
58325,57,0,0,0
58327,307,3,2,9
58329,439,0,29,130
58330,414,0,4,93
58331,143,0,0,0
58332,212,11,0,0
58335,22,0,0,0
58338,104,0,0,0
58339,23,0,0,0
58341,2406,0,8,86
58343,51,0,4,0
58344,921,0,22,59
58345,157,0,0,0
58346,531,0,0,21
58348,709,1,0,18
58351,289,0,0,2
58352,406,0,5,0
58353,92,0,0,0
58355,49,0,0,0
58356,1599,0,0,63
58357,86,0,0,0
58361,261,0,0,8
58362,20,0,0,0
58363,74,0,0,0
58365,156,0,0,0
58366,581,5,0,13
58367,652,1,11,59
58368,3176,10,48,32
58369,394,9,0,27
58370,151,3,0,33
58372,111,0,0,0
58374,295,0,0,0
58377,214,0,2,0
58379,22,0,0,7
58380,401,0,0,3
58381,248,0,31,0
58382,116,0,0,0
58384,248,0,0,0
58385,179,0,17,0
58386,62,0,0,0
58401,16045,372,147,511
58402,102,1,0,3
58405,545,65,11,83
58413,941,0,17,10
58415,211,0,0,0
58416,399,0,0,10
58418,414,0,0,0
58420,338,1,0,0
58421,2819,16,2,0
58422,195,0,0,6
58423,56,0,0,0
58424,445,0,0,0
58425,1236,0,0,25
58426,195,0,0,0
58428,215,0,0,18
58429,268,0,0,11
58430,150,0,0,0
58431,135,0,0,0
58433,1208,5,3,7
58436,1604,0,20,63
58438,722,0,0,0
58439,248,0,0,0
58440,84,0,0,0
58441,251,11,0,14
58442,454,2,0,22
58443,135,0,0,19
58444,154,0,0,2
58445,207,0,0,0
58448,339,0,0,0
58451,61,0,3,5
58452,52,0,0,0
58454,290,0,0,4
58455,364,0,6,0
58456,552,0,0,34
58458,1030,11,0,35
58460,131,0,0,2
58461,427,0,0,2
58463,534,0,0,0
58464,204,0,0,0
58466,338,0,0,0
58467,549,0,0,2
58472,385,0,0,3
58474,2569,0,30,163
58475,121,0,0,0
58476,411,0,0,0
58477,146,0,0,0
58478,126,0,0,0
58479,161,0,0,1
58480,183,0,0,0
58481,212,0,0,0
58482,958,0,0,69
58483,328,1,0,27
58484,99,0,0,0
58486,164,0,0,0
58487,515,5,0,12
58488,149,0,0,11
58490,283,0,0,0
58492,367,0,0,0
58494,377,0,1,2
58495,1087,16,1,54
58496,120,0,0,0
58497,178,0,0,0
58501,23843,1196,159,897
58503,33490,458,570,606
58504,25602,258,81,1156
58505,0,0,0,0
58520,253,0,0,0
58521,654,0,0,29
58523,3061,0,25,75
58524,61,0,0,0
58528,20,6,0,9
58529,658,0,13,14
58530,986,0,2,61
58531,332,0,0,0
58532,269,0,0,26
58533,874,2,59,5
58535,412,0,0,4
58538,84,1,0,13
58540,2559,13,33,144
58541,527,0,0,6
58542,235,0,0,15
58544,513,6,0,11
58545,2968,20,39,122
58549,277,0,0,0
58552,1298,0,10,20
58554,25289,431,133,1330
58558,844,0,6,2
58559,352,8,0,0
58560,210,0,0,54
58561,1034,0,1,7
58562,296,0,0,21
58563,1906,0,1,12
58564,95,0,0,0
58565,180,0,0,0
58566,250,0,0,0
58568,163,2,0,16
58569,108,0,0,0
58570,323,1,0,0
58571,767,1,0,9
58572,308,0,1,26
58573,761,0,0,2
58575,819,0,9,10
58576,956,5,22,11
58577,1745,13,0,48
58579,970,0,1,44
58580,491,0,0,0
58581,287,0,0,0
58601,25646,753,381,2009
58620,161,0,0,0
58621,1104,0,0,66
58622,1705,49,0,5
58623,1886,0,0,153
58625,242,0,6,0
58626,544,21,0,99
58627,181,0,0,0
58630,453,0,0,0
58631,892,0,0,34
58632,271,0,0,2
58634,318,0,0,0
58636,606,9,2,41
58638,878,0,0,21
58639,1678,11,12,83
58640,1112,0,0,75
58641,71,0,0,0
58642,313,0,0,8
58643,108,0,0,4
58644,21,0,0,0
58645,231,0,0,12
58646,989,0,0,8
58647,1184,12,0,6
58649,301,0,0,0
58650,416,0,6,0
58651,516,0,0,0
58652,1093,0,28,34
58653,684,0,0,6
58654,220,3,0,24
58655,449,0,0,7
58656,322,16,7,0
58701,27670,821,766,1631
58703,18961,1250,289,2102
58704,2881,834,53,673
58705,226,6,3,72
58707,344,76,15,38
58710,550,0,0,15
58711,251,0,0,4
58712,73,0,0,0
58713,175,0,0,0
58716,287,0,0,0
58718,1112,3,0,22
58721,414,0,12,0
58722,1354,2,7,48
58723,201,0,0,0
58725,324,0,2,1
58727,134,0,0,5
58730,1173,65,7,120
58731,341,0,6,0
58733,250,0,4,4
58734,212,0,0,0
58735,462,0,0,10
58736,457,2,0,10
58737,173,1,3,0
58740,749,0,4,15
58741,671,0,0,0
58744,114,0,0,0
58746,1533,2,0,30
58748,138,0,0,0
58750,467,0,0,32
58752,334,0,33,13
58755,206,0,0,0
58756,155,0,0,4
58757,148,1,6,284
58758,267,0,0,4
58759,658,0,0,0
58760,185,0,1,40
58761,818,0,0,0
58762,180,0,0,15
58763,1109,111,16,395
58765,323,4,4,0
58768,350,0,0,26
58769,172,0,0,0
58770,752,42,33,53
58771,514,0,5,19
58772,129,14,4,0
58773,930,0,4,3
58775,32,1,3,32
58776,253,0,0,48
58778,78,0,16,0
58779,330,0,0,0
58781,578,0,0,11
58782,496,0,0,43
58783,434,0,0,0
58784,2488,26,15,365
58785,1524,3,2,47
58787,65,0,0,0
58788,745,30,27,30
58789,422,0,2,0
58790,1403,7,5,2
58792,258,0,0,0
58793,553,0,3,52
58794,206,0,0,0
58795,142,0,0,0
58801,26859,2021,414,3475
58830,154,0,0,0
58831,913,134,0,11
58833,212,1,0,0
58835,813,2,30,11
58838,268,0,3,8
58843,842,5,0,0
58844,96,0,0,0
58845,542,0,0,4
58847,167,91,0,0
58849,1075,4,0,4
58852,1726,0,4,182
58853,207,0,2,35
58854,7901,75,39,1174
58856,70,0,0,2
59001,1256,0,0,8
59002,144,0,0,36
59003,478,1,23,50
59006,979,0,0,100
59007,124,0,0,2
59008,361,0,0,46
59010,184,0,0,0
59011,2940,57,0,85
59012,39,0,0,0
59013,141,0,0,8
59014,1399,0,0,21
59015,336,0,0,2
59016,65,0,0,84
59018,596,0,0,6
59019,3985,7,23,241
59020,86,0,0,2
59022,134,0,0,0
59024,309,0,1,8
59025,32,0,0,0
59026,110,0,0,0
59027,650,0,0,0
59028,428,0,0,10
59029,704,0,0,39
59030,993,33,0,87
59031,11,0,0,0
59032,440,0,0,0
59033,93,0,0,0
59034,2644,0,28,647
59035,95,0,0,27
59036,1481,49,0,44
59037,2203,0,0,0
59038,579,0,8,29
59039,23,0,0,0
59041,2008,3,0,58
59043,88,9,0,66
59044,11705,76,130,614
59046,436,7,0,67
59047,12607,0,53,460
59050,238,0,0,4
59052,130,0,0,0
59053,166,0,0,37
59054,211,0,0,3
59055,116,0,0,0
59057,857,0,0,0
59058,22,0,0,0
59059,184,0,0,0
59061,223,0,10,0
59062,50,0,0,0
59063,1866,0,0,72
59064,244,0,0,0
59065,101,0,0,0
59066,79,0,0,23
59067,184,0,0,0
59068,3283,46,48,113
59069,478,1,3,48
59070,1342,1,0,2
59071,113,0,0,0
59072,4132,0,0,163
59074,398,2,0,5
59075,73,0,0,0
59076,44,0,0,0
59077,55,0,0,0
59078,120,0,0,0
59079,3196,0,0,15
59081,114,0,0,2
59082,13,0,0,0
59083,3,0,0,0
59085,94,0,8,0
59086,813,0,3,12
59087,348,0,8,0
59088,1123,0,16,157
59089,113,0,0,8
59101,32168,633,237,3690
59102,44054,255,731,2664
59105,31296,113,148,2193
59106,16980,301,11,813
59201,1744,17,99,299
59211,234,0,0,0
59212,273,0,3,6
59213,127,0,3,46
59214,54,0,0,0
59215,881,0,5,0
59217,191,0,0,0
59218,972,2,1,37
59219,190,0,0,3
59221,1808,22,6,57
59222,190,5,0,0
59223,44,0,0,0
59225,172,0,3,34
59226,456,3,0,1
59230,4129,26,0,84
59231,249,0,0,0
59240,17,0,0,0
59241,392,0,0,24
59242,67,0,0,0
59243,398,0,1,0
59244,53,0,0,0
59247,273,0,0,13
59248,931,3,1,17
59250,282,0,0,20
59252,81,0,0,13
59253,66,0,10,0
59254,1718,0,0,65
59255,556,13,0,33
59256,122,0,0,0
59257,67,0,0,0
59258,166,0,0,72
59259,334,0,1,4
59260,104,0,0,0
59261,390,0,0,3
59262,742,0,2,4
59263,1080,0,18,22
59270,7617,0,4,597
59273,13,0,0,0
59274,254,0,0,0
59275,553,0,1,2
59276,23,0,0,0
59301,10613,28,46,419
59311,142,0,0,0
59312,10,0,0,0
59313,2191,1,0,22
59314,71,0,0,0
59315,83,0,0,0
59316,18,0,0,11
59317,1054,0,0,12
59318,149,0,0,0
59319,21,0,0,0
59322,126,0,0,0
59323,1799,0,31,253
59324,587,0,0,4
59326,379,0,34,7
59327,1873,0,18,122
59330,7809,68,0,240
59332,180,0,0,0
59333,30,0,0,0
59336,221,0,0,1
59337,588,11,0,0
59338,137,0,0,7
59339,148,0,0,0
59343,47,0,0,0
59344,497,0,0,1
59345,41,0,0,0
59347,347,0,0,2
59349,789,0,17,8
59351,199,0,0,0
59353,1052,10,6,81
59354,141,0,0,0
59401,11482,136,106,951
59404,25378,179,401,1140
59405,27796,931,287,1785
59410,581,0,1,35
59411,331,0,36,21
59412,1335,0,2,80
59414,563,0,0,56
59416,360,0,0,0
59417,468,23,21,119
59418,94,0,0,0
59419,65,0,0,7
59420,238,0,0,0
59421,1871,0,0,51
59422,2585,13,0,2
59424,61,0,0,0
59425,3426,0,1,105
59427,3207,0,21,338
59430,578,0,0,4
59432,113,0,0,15
59433,421,0,0,16
59434,272,0,2,14
59435,36,0,0,0
59436,2012,42,0,87
59440,255,0,0,0
59441,134,0,0,0
59442,1728,0,6,120
59443,412,0,0,85
59444,233,0,0,8
59446,625,0,0,24
59447,358,0,0,0
59448,29,3,0,4
59450,511,0,3,3
59451,204,6,0,28
59452,425,0,0,87
59453,274,0,0,0
59454,115,0,11,11
59456,194,0,0,0
59457,8186,43,175,166
59460,156,0,0,0
59461,53,0,0,0
59462,126,0,0,0
59463,97,0,0,0
59464,508,0,0,16
59465,37,0,0,0
59466,100,0,0,0
59467,92,0,0,0
59468,601,0,0,0
59469,156,0,0,3
59471,313,6,0,22
59472,487,0,3,25
59474,2771,78,34,170
59477,312,0,0,0
59479,711,0,0,23
59480,260,0,0,12
59482,959,0,0,13
59483,357,0,0,0
59484,73,0,0,9
59485,645,0,0,26
59486,981,0,8,17
59487,1213,0,0,55
59489,322,0,0,0
59501,10072,57,39,523
59520,990,8,17,0
59521,145,0,2,145
59522,1285,0,0,7
59523,1958,25,0,66
59524,195,0,0,12
59525,210,0,0,6
59526,553,0,3,95
59527,36,31,0,82
59528,217,0,0,0
59529,134,0,0,0
59530,103,0,0,0
59531,378,0,0,0
59532,103,0,0,5
59535,40,0,0,0
59537,48,0,0,0
59538,2626,0,0,91
59540,531,0,0,0
59542,297,0,0,0
59544,155,0,0,0
59545,60,0,0,4
59546,115,0,0,0
59547,42,0,0,0
59601,29159,283,199,1092
59602,27118,70,236,1093
59623,0,0,0,0
59625,137,0,4,5
59631,346,4,21,2
59632,2145,0,18,118
59633,263,0,0,21
59634,4902,9,10,82
59635,7370,53,41,341
59636,25,2,0,12
59638,566,0,0,34
59639,1098,0,3,31
59640,67,0,0,0
59642,37,0,0,0
59643,633,0,0,25
59644,3913,19,25,73
59645,1607,1,5,13
59647,412,0,0,0
59648,319,0,1,3
59701,31383,53,169,1572
59710,241,0,0,0
59711,8664,47,45,311
59713,205,0,0,0
59714,21919,17,66,653
59715,34526,305,1088,1569
59716,2042,5,0,343
59718,39177,198,390,1783
59720,308,0,4,67
59721,436,0,0,7
59722,4914,62,102,161
59724,84,0,0,0
59725,7488,98,12,456
59727,314,0,0,59
59728,348,0,0,6
59729,2305,0,67,0
59730,2221,0,6,138
59731,195,0,2,0
59732,211,0,0,35
59733,152,0,4,0
59735,263,0,0,0
59736,127,0,3,4
59739,261,0,0,0
59740,435,0,0,0
59741,5063,0,20,84
59743,185,0,0,0
59745,156,0,0,0
59746,100,0,0,0
59747,179,0,0,24
59748,342,0,0,4
59749,1917,0,0,46
59750,391,0,2,0
59751,272,0,0,0
59752,4336,0,64,138
59754,1035,0,3,4
59755,124,0,0,0
59756,302,4,0,20
59758,1203,0,39,585
59759,3377,24,0,234
59760,246,0,0,0
59761,301,0,0,0
59762,182,0,2,33
59801,27191,324,304,1189
59802,17184,85,416,1362
59803,15665,96,320,680
59804,7112,0,369,114
59808,20181,35,517,525
59812,1138,13,40,88
59820,1887,14,12,29
59821,1575,0,6,193
59823,1648,4,8,79
59824,971,6,5,81
59825,2055,18,33,54
59826,546,0,0,9
59827,294,0,0,0
59828,5049,38,31,185
59829,1994,1,64,77
59830,143,0,0,0
59831,351,0,0,26
59832,852,0,0,0
59833,4888,0,19,319
59834,1763,126,0,66
59837,364,0,0,0
59840,13668,0,56,683
59841,848,0,0,54
59842,125,0,0,0
59843,247,0,0,4
59844,706,0,0,15
59845,1112,5,0,41
59846,1295,0,0,0
59847,6257,43,34,113
59848,92,0,0,0
59851,40,0,0,0
59853,876,0,2,4
59854,179,0,0,0
59855,201,15,0,0
59856,161,0,0,0
59858,1511,0,30,103
59859,3820,4,0,109
59860,8347,35,92,441
59863,152,0,0,0
59864,3576,0,54,387
59865,2163,13,22,240
59866,857,17,0,25
59867,5,0,0,0
59868,1741,0,100,7
59870,11353,78,34,227
59871,291,0,0,0
59872,2251,2,19,103
59873,2435,7,6,158
59874,1909,23,15,76
59875,3513,28,0,175
59901,55066,165,661,2036
59910,440,0,0,18
59911,8182,25,17,558
59912,14238,14,136,398
59913,508,0,0,0
59914,262,0,7,0
59915,91,0,0,0
59916,186,0,0,0
59917,4610,0,18,172
59918,550,1,0,87
59919,865,0,0,0
59920,1337,82,17,32
59922,2403,0,0,57
59923,8748,7,45,319
59925,1559,4,13,25
59926,271,0,0,0
59927,266,0,0,20
59928,170,0,0,0
59929,215,0,0,0
59930,682,0,0,15
59931,171,0,3,0
59932,1296,0,0,0
59933,21,0,0,0
59934,734,6,0,16
59935,3232,0,13,93
59936,448,53,0,0
59937,13352,1,44,407
60002,20723,690,750,1731
60004,39580,1712,6025,5055
60005,21257,832,2752,4672
60007,24757,760,3690,4547
60008,14513,763,2498,6382
60010,37566,369,6505,1525
60012,10470,158,544,513
60013,23297,56,351,3270
60014,42264,536,1560,6016
60015,24433,305,2282,1460
60016,37233,3273,13252,9919
60018,17848,618,2818,11245
60020,9313,258,167,1287
60021,4503,0,149,812
60022,8032,187,159,183
60025,30091,492,7529,2398
60026,9750,294,3536,970
60029,460,18,44,29
60030,28179,2633,1462,3424
60031,25183,2591,4692,5125
60033,10971,54,13,5565
60034,1968,22,0,389
60035,26148,286,869,3049
60040,3388,130,60,2021
60041,7000,280,197,1814
60042,7539,11,234,1541
60043,2193,0,77,129
60044,8186,150,907,1032
60045,18114,206,1336,955
60046,27973,1357,1990,5161
60047,35452,441,5072,2436
60048,25039,240,2204,1746
60050,28173,187,460,4825
60051,21366,48,525,2089
60053,14091,387,8397,1696
60056,38435,1595,7763,8962
60060,24322,858,3809,12233
60061,17545,500,7059,3269
60062,31020,1411,7354,1745
60064,3650,5060,494,7491
60067,27489,1175,6849,2574
60068,33503,437,2495,2477
60069,6527,72,1726,189
60070,10680,189,1184,5041
60071,3632,8,0,336
60072,897,52,2,40
60073,36564,3026,4174,27133
60074,21727,2007,3023,12182
60075,0,0,0,0
60076,17455,3225,8853,3769
60077,14480,2671,8468,3192
60081,8300,0,116,565
60083,5524,1550,834,2378
60084,13679,100,844,2871
60085,23704,11897,4514,42545
60087,11973,4556,1344,13901
60088,8269,2804,803,3482
60089,27806,1536,10892,2926
60090,21043,558,6478,12314
60091,22569,213,3182,1064
60093,17864,14,990,1476
60096,5893,170,7,745
60097,9974,68,73,2212
60098,27204,714,639,6468
60099,14867,6763,956,12051
60101,22302,1300,3401,14955
60102,27030,627,1680,3689
60103,28706,1592,6710,6283
60104,1485,13374,179,4298
60106,12082,1234,791,8883
60107,19766,2118,5536,14320
60108,16907,1071,3565,2733
60109,409,4,0,57
60110,18188,1971,2563,21504
60111,144,0,0,0
60112,3820,564,0,769
60113,201,4,0,19
60115,27835,6233,2045,6671
60118,12768,464,664,1926
60119,10704,4,10,960
60120,22563,2298,2521,30132
60123,25024,3646,2770,21956
60124,18440,285,1961,3567
60126,39132,893,3602,4570
60129,193,5,0,49
60130,7884,3578,946,1340
60131,9431,181,853,10604
60133,15838,2865,7257,14338
60134,27494,340,847,2078
60135,6262,21,0,902
60136,5632,19,505,2357
60137,31388,845,3479,2664
60139,13674,3609,7384,11031
60140,16789,1540,1042,2429
60141,129,104,11,33
60142,24894,1488,1349,2553
60143,8239,109,1611,1651
60144,83,0,0,0
60145,2317,32,0,208
60146,2023,7,0,139
60148,38286,2627,6540,5813
60150,1633,62,17,242
60151,3733,5,20,219
60152,11724,80,0,1308
60153,3183,14167,239,7130
60154,10901,3244,548,3130
60155,1143,5461,248,1202
60156,22763,826,2040,4529
60157,2355,0,162,59
60160,9882,998,95,19882
60162,2105,4101,114,2558
60163,2175,1322,91,2465
60164,10159,606,713,13508
60165,1639,53,11,4268
60169,17221,2021,7868,8051
60171,7580,3,145,3643
60172,19305,206,2501,2184
60173,5738,1103,5678,1064
60174,25380,990,1177,3410
60175,22688,457,1120,1913
60176,7966,148,753,3777
60177,16433,1278,2278,5668
60178,19776,687,228,1909
60180,1350,4,32,339
60181,21711,1965,2079,7440
60183,0,0,0,0
60184,1868,54,166,116
60185,19748,1027,2687,14307
60187,24204,1020,1890,2202
60188,25552,2720,7756,6812
60189,25366,938,1736,2101
60190,9755,199,644,1320
60191,9864,412,756,3864
60192,10038,791,4625,1186
60193,27009,1189,5628,5397
60194,10839,1802,5269,2307
60195,1606,396,2586,353
60201,27997,5904,4533,3546
60202,19441,6846,2530,5113
60203,3499,404,309,452
60208,118,6,46,54
60301,1686,505,423,325
60302,20959,6934,1576,2675
60304,11313,2805,1179,1990
60305,9736,512,530,612
60401,6755,306,110,919
60402,24719,5006,2208,40042
60403,11565,2607,560,4120
60404,15915,822,772,2564
60406,11180,8270,145,11460
60407,1550,0,2,220
60408,4981,6,0,301
60409,5918,25517,85,6113
60410,13188,185,52,1626
60411,13615,27149,114,13762
60415,9486,1130,406,2830
60416,8958,55,0,607
60417,8396,5776,96,1145
60418,8406,1157,320,1151
60419,1056,19409,43,245
60420,4350,42,0,351
60421,3422,143,24,397
60422,2959,6115,158,218
60423,26381,2351,912,2101
60424,2060,4,34,286
60425,2495,5502,39,476
60426,3318,14123,468,7339
60428,1957,8090,70,1283
60429,1185,12701,34,964
60430,8485,10189,196,1411
60431,18318,3680,592,6089
60432,7726,4288,55,12643
60433,6468,3817,53,6833
60435,27278,7387,696,17500
60436,8505,4324,210,7176
60437,81,0,0,9
60438,10550,13621,659,5745
60439,22564,285,480,1588
60440,23433,9822,5099,16360
60441,30181,2985,483,3996
60442,11688,247,14,935
60443,3481,15385,577,932
60444,1879,0,0,114
60445,9091,1371,688,4808
60446,23304,4488,2818,14247
60447,13255,621,71,2663
60448,22658,334,365,1620
60449,5477,2493,126,1309
60450,18685,194,162,1797
60451,34887,186,331,1663
60452,20373,2013,1384,4000
60453,42871,4683,1394,12013
60455,12580,701,383,5422
60456,2984,83,55,1368
60457,11881,418,650,2578
60458,8353,3007,347,3355
60459,17622,432,738,13840
60460,1219,0,2,89
60461,783,3952,159,11
60462,34098,1319,2092,5166
60463,12230,314,111,1361
60464,8029,350,557,484
60465,15947,987,395,1456
60466,4175,15106,80,1529
60467,21354,1273,1076,1401
60468,5483,37,48,465
60469,2685,713,37,3771
60470,378,0,1,32
60471,646,12066,24,401
60472,409,4232,19,324
60473,2623,17180,186,1408
60474,670,0,7,34
60475,6341,1729,93,2498
60476,1221,627,13,386
60477,28233,2607,1260,4805
60478,1143,14728,288,387
60479,635,0,0,51
60480,4673,21,106,1202
60481,10507,95,67,894
60482,8685,359,368,1963
60484,616,5773,52,374
60487,22003,1426,886,2710
60490,11432,3370,4549,3684
60491,20587,151,530,1597
60501,4776,1060,429,8409
60502,13071,1878,5716,2330
60503,8848,2039,3295,2401
60504,19135,5490,7590,8141
60505,24024,3456,631,47342
60506,26791,6394,1182,22901
60510,24243,667,546,2471
60511,1671,0,22,88
60512,530,350,0,0
60513,15730,731,167,3552
60514,7861,27,1182,641
60515,25138,732,1655,1216
60516,24127,1094,1395,2219
60517,21644,3692,4030,5294
60518,2970,107,17,471
60519,49,0,0,21
60520,2635,14,49,260
60521,13765,201,2370,1088
60523,6729,180,2671,420
60525,26396,1006,360,4838
60526,11453,271,373,1976
60527,20397,2126,3889,1926
60530,762,13,0,58
60531,2186,0,0,132
60532,21507,1244,4164,2137
60534,6986,405,200,5849
60536,87,0,0,0
60537,531,11,0,6
60538,20817,1237,320,10322
60539,133,88,13,55
60540,31990,1221,6212,3918
60541,3285,46,5,164
60542,14047,1521,571,2672
60543,29889,3558,1062,7540
60544,20909,2009,1245,4301
60545,9801,480,299,4637
60546,11553,752,386,4335
60548,11189,105,71,1045
60549,586,0,0,113
60550,1121,12,3,26
60551,3654,922,16,342
60552,4292,46,27,78
60553,654,4,2,4
60554,10415,733,219,960
60555,10913,641,740,3030
60556,1863,29,14,219
60557,218,0,0,0
60558,12535,27,301,790
60559,16764,1481,3361,3214
60560,22487,1435,777,4076
60561,17779,555,2591,1792
60563,25565,2606,7618,3045
60564,27769,2355,13511,2632
60565,28674,1136,6372,2116
60585,16632,3014,3575,1504
60586,34506,5839,1671,10149
60601,9364,1076,4423,1453
60602,433,32,226,422
60603,594,70,391,66
60604,546,22,136,61
60605,20359,5210,5434,3264
60606,2103,69,1169,178
60607,16000,3350,6577,2670
60608,27555,14143,11715,38697
60609,19833,14332,3751,36067
60610,30791,4682,4339,2452
60611,23195,1254,8400,2202
60612,9350,19116,1454,5395
60613,38932,3273,4363,6241
60614,59085,2664,4815,4796
60615,12515,23118,3545,2218
60616,16764,13206,18720,4046
60617,17654,45463,330,32139
60618,56478,2621,6553,34152
60619,827,56610,145,1589
60620,1210,64102,502,1853
60621,742,24980,167,1153
60622,39242,3341,2779,11444
60623,19306,20720,471,52679
60624,1950,30775,235,3075
60625,43243,3571,11648,25714
60626,25725,12057,3157,9230
60628,2458,56319,60,2942
60629,35471,18584,924,81355
60630,35013,1209,7188,15186
60631,24585,406,1303,5259
60632,33023,1310,6011,71588
60633,5143,3879,68,4896
60634,45878,2308,4441,31826
60636,1346,23494,84,5496
60637,8215,37004,2628,1610
60638,34821,1411,468,32545
60639,27485,12212,1652,63048
60640,41036,11998,6387,9117
60641,35157,2149,3697,36831
60642,14913,2117,1540,3209
60643,11188,33996,315,1664
60644,2886,40643,432,5856
60645,23234,6892,6903,10491
60646,22446,190,3503,3959
60647,53954,5499,3924,31955
60649,1983,46471,240,1651
60651,11569,35502,744,24705
60652,11203,17581,436,19909
60653,2359,29282,473,1449
60654,17023,964,2282,2448
60655,24043,1390,274,2639
60656,21539,1191,3346,4127
60657,57548,2720,4711,6455
60659,19216,3609,11547,9936
60660,23107,6252,6525,7215
60661,7199,467,2896,1142
60706,19410,206,2042,3576
60707,25213,2909,1395,15873
60712,8924,466,3046,1249
60714,20476,641,6627,3689
60803,13740,4606,356,5712
60804,20624,3045,463,73974
60805,12317,4551,468,3064
60827,939,22894,15,1586
60901,19840,10526,242,5513
60910,514,12,2,59
60911,1129,19,0,31
60912,538,12,0,15
60913,1333,6,0,32
60914,23070,2574,709,1918
60915,8722,390,8,1349
60917,379,0,0,2
60918,601,6,0,20
60919,507,0,0,4
60920,197,0,0,0
60921,1364,7,0,200
60922,2300,56,2,288
60924,1513,2,0,63
60926,76,0,0,0
60927,2184,0,0,42
60928,549,0,0,35
60929,566,0,0,57
60930,735,6,0,10
60931,544,0,0,26
60932,397,0,0,0
60933,288,0,0,5
60934,188,0,0,0
60935,1168,6,0,158
60936,3675,52,28,266
60938,1410,12,6,295
60939,0,0,0,0
60940,3179,3,0,110
60941,1556,11,6,28
60942,4911,293,125,331
60945,179,15,0,0
60946,394,4,0,0
60948,1681,33,1,13
60949,486,2,0,37
60950,11164,296,11,885
60951,700,10,3,32
60952,621,0,0,1
60953,2379,6,0,59
60954,4440,82,40,1125
60955,1196,23,1,888
60956,101,0,2,0
60957,5176,24,62,222
60958,315,1013,0,165
60959,847,15,0,19
60960,851,0,0,39
60961,890,0,7,1
60962,597,0,0,31
60963,1440,0,16,193
60964,3457,669,26,755
60966,1484,13,0,45
60967,0,0,0,0
60968,482,7,1,26
60969,49,0,0,7
60970,5491,73,49,340
60973,375,0,0,39
60974,291,5,0,3
61001,1240,3,0,41
61006,1405,10,11,57
61007,325,0,0,0
61008,26189,503,443,9726
61010,6500,6,37,700
61011,2438,97,26,241
61012,2115,3,0,524
61013,614,0,0,48
61014,1013,0,23,30
61015,902,0,0,0
61016,4175,240,186,671
61018,922,0,0,18
61019,3211,23,9,146
61020,2976,5,4,416
61021,19170,1720,173,1664
61024,2389,23,26,44
61025,4189,65,31,155
61027,61,41,0,0
61028,1574,1,9,39
61030,2086,40,33,54
61031,1520,0,2,226
61032,22563,3665,390,1540
61036,6518,35,63,206
61037,105,0,0,6
61038,1233,0,0,76
61039,828,0,0,0
61041,1297,33,4,58
61042,385,0,0,36
61043,155,0,0,38
61044,235,0,0,0
61046,2536,47,24,43
61047,1592,9,2,27
61048,3725,68,0,43
61049,445,0,1,16
61050,357,0,0,0
61051,1512,1,0,74
61052,905,0,0,115
61053,2684,21,28,74
61054,3460,48,7,100
61057,54,1,0,4
61059,169,0,0,2
61060,1469,4,0,3
61061,6479,23,103,330
61062,1786,46,0,155
61063,3867,25,0,124
61064,3805,0,24,57
61065,8855,849,0,1537
61067,588,0,0,0
61068,12099,328,57,3676
61070,1323,0,5,36
61071,12059,71,36,2118
61072,10383,111,144,804
61073,18187,739,455,1345
61074,3725,10,17,273
61075,989,8,0,47
61077,118,0,0,0
61078,1200,3,11,38
61079,213,0,0,0
61080,9018,359,165,1178
61081,17553,435,267,4442
61084,2922,93,1,57
61085,2725,28,12,86
61087,1670,2,6,81
61088,5848,51,56,104
61089,513,2,1,57
61091,0,0,0,0
61101,10133,7862,203,3266
61102,7295,5756,119,4563
61103,14302,5562,175,2685
61104,9516,4162,762,4506
61107,22434,2667,1354,3259
61108,20377,2990,1221,6887
61109,17205,3632,1480,5250
61111,17889,1597,685,2244
61112,87,13,0,13
61114,11678,1388,660,1776
61115,19441,878,505,1792
61201,25726,6366,1647,5112
61230,881,15,0,24
61231,4911,87,44,178
61232,1409,13,7,41
61233,245,0,0,12
61234,999,9,11,33
61235,1385,0,0,14
61236,65,0,0,0
61237,0,0,0,0
61238,2835,65,14,14
61239,909,120,0,137
61240,5525,12,25,326
61241,6092,37,13,650
61242,1092,12,14,0
61243,272,0,0,0
61244,15395,3898,732,4181
61250,2624,3,5,28
61251,354,0,0,0
61252,5271,19,13,31
61254,11381,20,96,508
61256,1744,96,0,280
61257,767,0,0,71
61258,186,0,0,2
61259,1379,0,0,0
61260,564,0,0,18
61261,601,5,1,95
61262,722,0,0,23
61263,777,5,0,47
61264,9073,166,123,418
61265,32538,4009,967,7551
61270,6750,51,15,232
61272,1324,0,6,3
61273,3033,22,20,45
61274,269,0,0,0
61275,3886,85,0,292
61276,77,0,0,0
61277,2836,43,29,48
61278,595,1,21,12
61279,910,4,9,5
61281,2460,0,0,96
61282,6412,587,229,1104
61283,1389,11,0,52
61284,1610,39,0,83
61285,2118,451,0,188
61301,8209,470,70,2043
61310,3416,38,0,126
61311,217,0,0,59
61312,416,0,0,6
61313,232,0,0,0
61314,840,1,15,18
61315,188,0,0,59
61316,195,0,0,20
61317,451,0,4,11
61318,584,0,2,112
61319,1266,0,0,24
61320,617,0,0,39
61321,278,0,0,31
61322,862,37,26,900
61323,97,0,0,3
61324,85,0,0,16
61325,993,0,2,51
61326,1892,10,0,195
61327,1323,9,16,52
61328,78,0,0,0
61329,1173,0,0,163
61330,1175,4,0,27
61331,0,0,0,0
61332,134,0,0,2
61333,259,0,0,6
61334,560,0,0,43
61335,346,0,0,37
61336,479,0,0,0
61337,467,0,0,54
61338,234,2,0,10
61340,480,0,0,30
61341,6735,14,137,368
61342,6949,60,121,1643
61344,258,4,0,0
61345,672,3,3,16
61346,46,0,0,1
61348,4079,5,8,480
61349,994,10,3,51
61350,22014,708,265,2181
61353,1224,2,0,12
61354,9707,104,162,636
61356,10102,8,193,485
61358,349,0,0,4
61359,341,0,15,12
61360,3131,26,0,139
61361,1281,22,0,12
61362,4971,90,5,1287
61363,288,0,1,39
61364,15908,523,135,2367
61367,852,8,0,39
61368,1239,0,37,42
61369,1202,12,0,194
61370,1064,15,9,89
61371,85,0,0,0
61372,193,0,0,82
61373,2011,0,0,49
61374,44,0,0,2
61375,1030,0,0,41
61376,1933,7,0,40
61377,1381,6,0,35
61378,487,0,2,11
61379,1198,0,4,50
61401,24657,2684,468,2295
61402,461,1138,0,274
61410,3574,60,0,207
61411,318,26,0,10
61412,1140,0,0,28
61413,865,3,0,83
61414,785,0,0,6
61415,1676,7,0,0
61416,242,1,0,0
61417,234,0,3,3
61418,632,0,0,0
61419,143,0,0,2
61420,930,0,15,0
61421,1359,12,0,43
61422,2917,0,22,14
61423,497,0,0,0
61424,16,0,0,0
61425,379,0,0,0
61426,105,0,0,0
61427,2021,27,0,54
61428,1110,34,0,40
61430,596,0,1,8
61431,315,0,0,0
61432,681,0,0,0
61433,22,0,0,0
61434,2728,4,25,129
61435,155,0,0,0
61436,779,0,0,0
61437,649,0,0,0
61438,661,23,0,11
61439,208,15,0,40
61440,754,0,1,4
61441,788,0,2,12
61442,670,0,0,2
61443,11197,904,23,1412
61447,1119,0,0,18
61448,3951,15,12,70
61449,200,3,0,10
61450,1702,0,0,43
61451,225,0,0,0
61452,144,0,0,2
61453,605,49,0,0
61454,459,0,0,47
61455,14823,1401,617,745
61458,455,0,0,18
61459,344,0,0,0
61460,179,0,0,0
61462,8559,574,245,1621
61465,1164,0,10,6
61466,267,0,0,0
61467,1229,1,5,5
61468,152,0,0,0
61469,1813,9,0,49
61470,433,12,11,11
61471,134,0,0,0
61472,357,3,0,19
61473,1180,15,0,70
61474,284,0,0,7
61475,192,0,0,0
61476,564,0,6,0
61477,435,0,0,0
61478,383,0,0,0
61479,24,0,0,0
61480,1287,2,0,24
61482,507,1,1,3
61483,1756,30,0,27
61484,729,2,2,6
61485,382,0,0,7
61486,1308,0,8,74
61488,1217,12,3,85
61489,745,79,5,1
61490,1069,15,0,4
61491,2150,15,46,54
61501,1617,1,0,43
61516,739,11,0,4
61517,3094,32,0,48
61519,235,0,0,0
61520,14379,841,21,709
61523,9492,111,36,214
61524,352,0,0,3
61525,7583,482,2598,397
61526,700,0,19,0
61528,3273,6,155,165
61529,2673,0,23,82
61530,6082,120,20,225
61531,3053,9,3,88
61532,397,0,0,5
61533,2309,0,0,18
61534,2042,0,3,20
61535,1974,0,86,0
61536,2915,130,57,110
61537,2630,8,5,9
61539,142,0,0,10
61540,2678,41,16,46
61541,99,0,0,0
61542,3273,14,73,41
61543,111,0,0,1
61544,858,0,0,2
61545,766,0,0,8
61546,3631,18,5,109
61547,3357,11,0,25
61548,11896,40,137,123
61550,17220,193,425,324
61552,220,0,0,15
61553,256,0,1,0
61554,38002,940,204,1006
61559,3527,13,0,156
61560,555,0,24,0
61561,2395,0,0,237
61562,92,0,0,31
61563,553,0,0,4
61564,1027,14,0,36
61565,1408,0,0,24
61567,491,0,0,0
61568,4506,0,60,161
61569,1010,0,0,0
61570,1631,0,2,47
61571,23608,64,294,855
61572,991,14,5,3
61602,610,111,24,111
61603,6694,6441,120,1375
61604,17440,7278,389,1947
61605,4357,8016,75,1168
61606,5011,1463,220,622
61607,10045,93,98,156
61610,4404,54,0,56
61611,22194,228,326,635
61614,19783,5003,2000,1000
61615,17046,2430,2107,1687
61616,5135,193,133,149
61625,348,35,46,53
61701,27172,4143,1192,2597
61704,27765,2623,4992,2011
61705,10983,808,317,332
61720,276,0,0,0
61721,499,0,5,69
61722,638,39,0,31
61723,2439,0,0,73
61724,425,0,0,0
61725,1545,28,3,30
61726,2443,11,17,68
61727,8869,134,18,403
61728,1274,0,0,28
61729,1078,0,5,0
61730,362,0,0,91
61731,145,0,0,0
61732,1819,6,12,8
61733,815,14,0,5
61734,2434,8,11,91
61735,360,1,1,0
61736,2454,3,0,82
61737,412,0,0,23
61738,3972,108,28,18
61739,4458,66,19,200
61740,1501,4,9,42
61741,1537,15,0,70
61742,1366,0,3,13
61743,155,2,0,0
61744,1449,23,16,7
61745,4189,0,22,355
61747,1403,24,0,2
61748,2665,3,21,58
61749,485,5,0,1
61750,88,1,0,0
61751,60,0,0,0
61752,4391,17,0,0
61753,3220,9,2,81
61754,1074,1,2,48
61755,4463,2,8,60
61756,2053,77,81,96
61759,1287,8,0,43
61760,2224,0,11,19
61761,42091,6712,2088,3219
61764,11839,1116,159,588
61769,655,0,0,25
61770,1029,50,0,42
61771,959,0,5,13
61772,224,0,0,28
61773,349,0,0,7
61774,808,0,0,11
61775,240,0,0,0
61776,1284,21,0,0
61777,990,0,2,46
61778,588,0,0,0
61801,16616,4280,4806,2369
61802,13091,3716,1281,1661
61810,152,18,1,4
61811,562,0,2,0
61812,279,0,0,7
61813,1599,47,0,21
61814,1207,45,11,7
61815,265,17,6,21
61816,405,6,0,7
61817,2427,27,0,136
61818,1484,0,0,13
61820,22807,5106,7398,2724
61821,17533,6954,2162,1915
61822,17552,3388,5366,1351
61830,395,0,0,1
61831,139,0,0,0
61832,21087,8988,497,2188
61833,1732,11,0,88
61834,6776,967,5,663
61839,495,32,0,28
61840,494,15,0,0
61841,1045,1,0,7
61842,2417,1,9,16
61843,2030,0,4,6
61844,768,19,0,23
61845,251,0,0,0
61846,4263,331,1,78
61847,1115,12,0,11
61848,248,7,0,0
61849,1873,8,0,25
61850,461,0,1,10
61851,295,0,0,0
61852,133,0,0,0
61853,13314,90,225,433
61854,1382,0,0,42
61855,103,0,0,0
61856,8030,84,1,129
61857,142,0,0,0
61858,2737,16,0,8
61859,1179,3,46,4
61862,681,0,0,11
61863,794,0,0,20
61864,1741,0,0,4
61865,1217,29,43,102
61866,7987,2877,106,1916
61870,1189,11,0,96
61871,312,29,0,0
61872,473,2,32,37
61873,5569,32,80,103
61874,6416,561,1175,512
61875,1138,0,0,43
61876,821,0,3,12
61877,1163,0,2,53
61878,1113,30,4,50
61880,4196,140,0,15
61882,583,32,0,4
61883,4333,0,23,43
61884,1024,0,5,15
61910,4082,99,15,1258
61911,4453,7,0,87
61912,1139,23,0,4
61913,1198,0,13,8
61914,1749,0,0,25
61917,492,0,0,4
61919,772,0,0,3
61920,18343,1320,324,735
61924,2270,8,17,0
61925,1034,19,0,0
61928,637,0,0,30
61929,629,0,6,2
61930,739,0,0,41
61931,1218,1,0,121
61932,517,0,0,34
61933,1070,15,0,0
61936,286,0,0,0
61937,1531,25,0,43
61938,19736,353,177,513
61940,290,0,0,9
61941,196,0,0,0
61942,930,18,0,13
61943,1387,4,0,11
61944,11140,90,49,166
61949,147,0,0,5
61951,7529,103,17,64
61953,5919,106,76,138
61955,187,0,0,6
61956,2870,13,12,29
61957,1761,0,4,76
62001,1742,0,0,22
62002,21817,6003,274,633
62006,474,0,0,2
62009,1635,16,5,9
62010,10670,115,19,122
62011,269,0,0,18
62012,6422,10,0,141
62013,493,18,0,3
62014,3528,23,21,124
62015,551,0,0,0
62016,3407,12,21,54
62017,900,3,0,0
62018,2577,197,0,145
62019,267,13,0,0
62021,902,0,0,10
62022,911,0,0,0
62023,128,0,1,0
62024,8852,153,0,193
62025,31862,1917,651,1070
62026,873,141,12,33
62027,504,0,2,1
62028,893,86,51,34
62030,62,0,13,0
62031,691,0,0,0
62032,647,0,3,0
62033,4450,10,16,26
62034,12459,1050,179,623
62035,14325,1008,17,294
62036,546,0,0,0
62037,1456,20,0,11
62040,33578,3693,446,3143
62044,2230,0,0,2
62045,492,0,0,1
62046,879,16,1,6
62047,1683,12,0,0
62048,1509,0,0,75
62049,7207,670,0,302
62050,278,0,0,0
62051,765,2,0,13
62052,12238,27,63,139
62053,303,2,1,21
62054,349,3,1,2
62056,8513,45,24,19
62058,670,0,1,5
62059,11,603,0,32
62060,1127,2196,0,119
62061,1577,0,8,53
62062,7343,529,237,196
62063,970,0,0,16
62067,2038,29,0,39
62069,3122,23,59,12
62074,1170,0,0,8
62075,3037,3,95,10
62076,73,0,0,0
62077,316,0,0,1
62078,102,0,0,4
62079,469,0,0,7
62080,2599,21,0,3
62081,306,14,0,36
62082,2404,64,10,55
62083,132,0,0,0
62084,1522,48,14,12
62085,161,0,0,2
62086,1079,0,3,20
62087,1880,58,5,90
62088,6229,13,53,17
62089,526,0,0,26
62090,31,907,0,36
62091,325,0,0,0
62092,2384,12,1,4
62093,496,0,0,0
62094,1018,13,0,9
62095,9450,808,2,186
62097,2685,10,4,0
62098,32,0,0,0
62201,930,2914,31,1389
62203,282,5628,43,18
62204,130,5204,50,516
62205,86,5516,123,0
62206,3605,8868,187,191
62207,125,6258,19,0
62208,9242,5190,167,570
62214,1012,0,0,32
62215,1967,0,15,56
62216,2833,6,4,159
62217,718,0,0,3
62218,1975,0,0,32
62219,859,16,6,155
62220,13520,4184,221,691
62221,17882,8012,517,1394
62223,10600,4458,138,741
62225,3288,1598,76,356
62226,18807,7611,654,856
62230,6113,3,39,186
62231,6258,86,0,100
62232,5406,663,0,1007
62233,6082,1799,6,414
62234,25529,3847,289,2978
62236,13997,105,40,364
62237,2326,4,14,10
62238,482,4,0,33
62239,3860,122,0,22
62240,2120,56,0,4
62241,879,0,0,0
62242,1522,9,0,11
62243,5835,46,110,55
62244,908,0,0,18
62245,1661,5,0,19
62246,8546,1169,66,547
62248,508,8,0,10
62249,15518,37,443,170
62250,636,0,0,0
62253,692,0,8,0
62254,5518,606,32,245
62255,1020,1,0,0
62256,34,0,0,0
62257,1743,0,0,38
62258,8978,255,238,706
62260,6280,0,0,27
62261,12,0,0,0
62262,1582,90,0,30
62263,4927,30,16,32
62264,3069,0,5,26
62265,3909,135,34,323
62266,13,0,0,0
62268,950,0,0,15
62269,25927,4596,1280,1654
62271,1919,14,11,36
62272,1670,0,13,242
62273,237,0,0,14
62274,6457,1162,79,328
62275,2917,0,0,26
62277,976,5,0,18
62278,6340,15,169,64
62279,70,0,0,0
62280,562,0,0,0
62281,2736,0,5,18
62282,641,0,0,6
62284,733,0,0,0
62285,4370,76,0,30
62286,4569,549,8,98
62288,2604,15,0,58
62289,384,0,0,8
62292,741,32,0,47
62293,4222,5,13,51
62294,14424,226,71,375
62295,1417,6,0,83
62297,338,0,0,0
62298,16711,98,174,117
62301,26712,2173,289,717
62305,18586,378,165,180
62311,731,0,0,34
62312,1881,13,6,42
62313,323,2,0,5
62314,357,0,0,3
62316,801,8,6,1
62319,240,0,0,0
62320,2448,0,5,74
62321,3463,26,17,105
62323,240,0,0,0
62324,1377,17,0,5
62325,458,0,0,31
62326,2280,0,0,29
62330,1404,0,2,75
62334,141,18,0,0
62336,93,0,0,1
62338,1010,0,0,0
62339,1001,0,0,0
62340,1612,17,6,50
62341,3344,44,15,9
62343,594,0,0,164
62344,20,0,0,0
62345,373,0,1,0
62346,127,0,0,0
62347,1993,0,0,0
62348,215,0,0,0
62349,647,10,0,21
62351,1918,0,0,3
62352,207,0,0,5
62353,3721,1053,3,386
62354,1397,11,14,12
62355,1003,1,0,29
62356,629,0,0,5
62357,257,0,0,0
62358,513,0,0,9
62359,126,0,0,0
62360,1847,0,28,15
62361,330,0,0,6
62362,341,6,0,5
62363,5018,66,23,64
62365,385,0,0,0
62366,1421,0,0,11
62367,1302,15,19,3
62370,319,0,8,0
62373,267,0,0,0
62374,211,0,0,0
62375,502,0,0,6
62376,1053,0,0,0
62378,727,0,0,47
62379,1759,3,0,16
62380,450,0,2,0
62401,18444,210,143,549
62410,1191,0,28,12
62411,4051,0,0,112
62413,257,0,0,0
62414,1604,0,0,17
62417,2632,126,0,0
62418,1873,0,69,3
62419,249,0,0,0
62420,3889,63,0,123
62421,405,0,1,6
62422,906,8,2,23
62423,834,0,0,0
62424,2423,0,10,3
62425,829,0,0,12
62426,758,0,8,6
62427,1937,0,0,0
62428,2741,0,8,0
62431,699,0,0,17
62432,627,0,3,1
62433,1108,8,1,7
62434,335,0,0,0
62436,705,0,0,0
62438,211,0,0,0
62439,6334,214,56,52
62440,1038,0,0,1
62441,6689,23,2,118
62442,2456,0,21,7
62443,1749,0,9,70
62444,407,0,0,0
62445,1128,1,0,16
62446,352,0,0,4
62447,3078,0,0,18
62448,5163,13,9,163
62449,2812,28,1,36
62450,11553,94,46,265
62451,1933,0,3,37
62452,322,0,0,0
62454,9483,805,61,376
62458,2211,15,28,17
62459,289,0,0,0
62460,977,0,0,0
62461,643,0,0,9
62462,1194,0,0,1
62463,1140,0,5,6
62464,101,4,0,0
62465,893,0,0,4
62466,3078,888,11,297
62467,3755,13,65,5
62468,2189,12,0,157
62469,388,0,0,0
62471,9090,609,3,431
62473,1133,0,0,0
62474,595,0,5,10
62475,289,0,0,0
62476,1332,7,0,3
62477,735,43,0,0
62478,345,0,0,3
62479,794,2,0,6
62480,500,0,0,0
62481,308,7,0,0
62501,2163,0,0,15
62510,1419,2,0,48
62512,491,4,0,35
62513,1368,19,7,51
62514,372,0,0,8
62515,1017,0,9,8
62517,224,0,1,13
62518,181,0,0,0
62519,46,0,0,0
62520,1417,58,0,35
62521,25427,5820,333,770
62522,9632,4401,123,301
62523,314,409,13,22
62526,21779,6451,483,1021
62530,1346,44,14,19
62531,1823,38,0,0
62532,64,0,0,0
62533,756,0,3,125
62534,1021,0,11,15
62535,3441,35,201,90
62536,726,0,9,0
62537,329,0,0,0
62538,470,0,0,28
62539,1112,4,3,13
62540,1147,0,0,36
62541,46,0,0,0
62543,562,0,4,0
62544,1534,17,0,11
62545,1219,0,0,19
62546,1476,0,5,24
62547,703,0,1,0
62548,2146,0,0,48
62549,6135,306,150,64
62550,2777,40,1,66
62551,779,0,0,89
62553,339,0,0,5
62554,1567,67,9,46
62555,1526,0,0,0
62556,321,0,0,0
62557,6777,0,77,178
62558,3306,28,0,38
62560,1326,31,7,3
62561,4989,11,30,11
62563,5478,16,78,88
62565,7358,12,9,32
62567,873,0,11,8
62568,14942,849,181,230
62570,630,0,0,124
62571,1297,0,0,16
62572,526,0,0,0
62573,1264,0,0,30
62601,322,0,0,0
62610,149,0,0,0
62611,1107,0,0,0
62612,1431,23,0,0
62613,3591,101,16,113
62615,5375,5,0,284
62617,457,0,0,3
62618,5213,417,97,2475
62621,1118,0,38,46
62622,56,0,0,34
62624,234,5,8,0
62625,787,0,21,17
62626,7135,189,30,270
62627,975,7,0,16
62628,760,0,0,37
62629,13957,332,354,182
62630,683,0,0,3
62631,289,0,0,5
62633,569,0,0,30
62634,942,1,0,33
62635,667,0,0,34
62638,1278,0,3,2
62639,204,0,0,0
62640,3126,0,0,31
62642,1385,0,2,0
62643,657,0,0,1
62644,4538,17,15,20
62649,402,0,0,0
62650,21369,1611,199,687
62655,715,0,0,0
62656,15494,1690,55,709
62661,1421,4,2,61
62663,183,0,0,0
62664,2792,29,20,34
62665,1305,0,0,17
62666,498,0,0,0
62667,553,0,0,1
62668,1256,36,0,3
62670,2432,58,0,8
62671,465,0,0,42
62672,146,0,0,0
62673,328,0,0,0
62674,1391,0,0,4
62675,5675,15,29,47
62677,2152,0,2,0
62681,5259,250,15,171
62682,658,1,24,11
62684,5287,263,2,75
62685,1484,200,2,14
62688,847,0,0,4
62689,543,0,7,0
62690,3755,0,19,0
62691,2284,20,1,111
62692,1995,31,39,139
62693,1709,25,9,2
62694,2803,0,0,14
62695,460,0,2,4
62701,581,282,106,38
62702,24294,5525,367,1024
62703,16208,10152,257,1420
62704,30714,6254,1554,1097
62706,0,0,0,0
62707,6691,200,97,29
62711,14531,1103,1183,334
62712,9297,538,170,122
62801,16561,2162,303,779
62803,1078,24,2,43
62806,3219,1,26,72
62807,827,0,0,2
62808,1851,2,0,10
62809,284,0,0,4
62810,939,0,9,37
62811,248,0,0,8
62812,10720,53,0,379
62814,1639,0,0,43
62815,248,0,0,0
62816,1035,0,0,33
62817,516,0,0,0
62818,388,0,0,4
62819,260,0,0,6
62820,132,0,0,0
62821,6770,59,53,121
62822,2437,1,10,71
62823,1713,11,0,11
62824,1818,10,0,3
62825,240,0,0,1
62827,1075,7,0,14
62828,1350,0,9,0
62829,128,0,0,0
62830,1221,6,12,20
62831,379,1,0,4
62832,7942,483,51,207
62833,334,0,0,0
62835,1281,5,0,19
62836,895,0,0,1
62837,7845,111,44,240
62838,1486,0,0,7
62839,5866,6,39,3
62841,131,0,0,0
62842,640,0,18,19
62843,83,0,7,0
62844,1909,22,10,7
62846,1428,400,0,137
62848,446,36,0,40
62849,1901,6,6,52
62850,627,0,0,0
62851,244,0,0,0
62852,121,0,6,8
62853,975,2,5,0
62854,1553,0,2,53
62856,333,0,0,10
62858,3239,45,1,16
62859,5055,8,25,158
62860,457,0,0,0
62861,124,0,0,0
62862,303,0,0,0
62863,8859,109,103,317
62864,19496,1895,355,710
62865,1791,9,4,13
62867,445,0,0,6
62868,1683,3,0,0
62869,2656,14,5,51
62870,2118,34,1,27
62871,556,0,0,0
62872,1001,0,0,0
62874,321,0,0,8
62875,1195,0,4,28
62876,134,0,0,2
62877,426,2,0,0
62878,248,2,0,0
62879,44,0,0,1
62880,584,0,0,0
62881,10457,251,52,32
62882,1981,23,11,83
62883,594,0,0,0
62884,2682,0,85,70
62885,294,33,0,0
62886,367,3,18,0
62887,206,0,0,0
62888,1847,0,0,5
62889,946,64,0,0
62890,2278,2,0,42
62891,676,4,0,36
62892,186,0,2,0
62893,861,0,0,0
62894,811,15,0,6
62895,1968,0,0,0
62896,10617,54,0,49
62897,518,0,0,0
62898,1741,19,0,67
62899,1646,0,2,1
62901,14378,5967,1392,1122
62902,3771,142,185,153
62903,1827,291,179,72
62905,523,0,10,87
62906,6722,192,14,236
62907,1858,2,0,20
62908,384,21,0,0
62910,1871,230,0,122
62912,1603,0,1,73
62914,542,1279,0,18
62915,284,61,0,61
62916,819,1,0,4
62917,2001,386,55,83
62918,9828,248,263,305
62919,677,35,0,11
62920,2406,13,16,478
62921,165,61,0,0
62922,2765,0,0,66
62923,386,0,0,0
62924,2616,43,11,65
62926,2027,28,20,68
62927,298,0,0,1
62928,70,0,0,0
62930,5326,18,53,120
62931,1301,20,0,0
62932,1059,6,0,105
62933,1055,0,9,41
62934,658,0,0,0
62935,2145,0,5,16
62938,2544,126,1,118
62939,2635,0,0,36
62940,702,0,0,29
62941,423,8,3,40
62942,522,0,0,41
62943,251,0,0,30
62946,11028,185,54,191
62947,401,0,0,0
62948,11071,510,31,562
62949,666,6,10,24
62950,153,0,0,0
62951,5242,7,124,108
62952,2862,21,9,34
62953,314,12,0,0
62954,549,0,0,0
62956,1121,25,0,0
62957,615,11,1,0
62958,1898,87,63,11
62959,23973,1297,546,693
62960,9442,692,56,329
62961,45,0,0,4
62962,0,0,0,0
62963,418,345,8,0
62964,326,812,0,4
62965,45,0,0,0
62966,11199,1192,136,895
62967,301,0,7,0
62969,341,0,0,0
62970,304,95,0,0
62972,992,0,12,111
62974,1474,0,8,12
62975,169,0,0,0
62976,178,173,0,6
62977,618,0,0,10
62979,866,0,6,0
62982,1124,0,0,27
62983,1406,43,0,31
62984,1548,0,0,10
62985,931,0,0,27
62987,1670,0,0,7
62988,643,435,1,33
62990,1111,23,11,0
62992,600,99,0,51
62994,637,0,2,12
62995,4598,1157,22,260
62996,520,73,0,0
62997,562,5,1,91
62998,198,0,0,0
62999,1478,6,0,13
63005,14911,317,2614,772
63010,32128,304,395,651
63011,30147,794,2690,1423
63012,9954,22,44,248
63013,1191,0,0,0
63014,456,19,0,6
63015,1960,9,0,0
63016,5994,0,27,32
63017,32737,1605,5330,1161
63019,3859,137,21,0
63020,18410,4,94,353
63021,44346,1249,5698,2283
63023,4916,0,21,9
63025,15784,55,358,666
63026,40169,544,730,1056
63028,25608,506,477,579
63030,278,10,0,0
63031,26056,20228,256,1244
63033,10558,28162,326,336
63034,4247,12237,384,664
63036,1186,0,0,74
63037,2525,4,61,0
63038,6519,54,282,145
63039,469,30,0,0
63040,7035,63,485,523
63041,251,0,0,0
63042,8474,7258,512,462
63043,13954,3137,3475,833
63044,7583,1863,308,1096
63045,0,0,0,0
63047,0,0,0,0
63048,3438,110,10,38
63049,16039,90,223,284
63050,16356,102,73,470
63051,11197,46,60,225
63052,26675,318,89,1152
63053,67,0,0,0
63055,1639,14,0,46
63056,1515,0,0,88
63060,1914,7,0,45
63061,60,0,0,0
63068,5818,15,0,294
63069,12754,628,165,171
63070,7664,283,225,37
63071,1205,0,0,23
63072,3809,53,0,22
63073,1477,0,0,34
63074,8411,5022,218,2138
63077,10739,16,24,62
63079,208,0,0,0
63080,12306,119,19,297
63084,17965,329,185,427
63087,1073,0,0,47
63088,7108,580,256,342
63089,5321,103,27,300
63090,20631,55,50,358
63091,1356,0,0,55
63101,1467,1126,104,109
63102,1081,952,154,180
63103,4268,3645,735,342
63104,9801,7721,479,633
63105,13953,1531,1936,603
63106,504,7977,0,143
63107,735,8478,0,134
63108,11580,5458,2671,693
63109,23544,1205,272,751
63110,11672,3361,622,1202
63111,9061,8547,259,1685
63112,4699,11956,869,882
63113,707,11074,15,133
63114,18558,10380,971,3264
63115,272,15185,0,102
63116,25081,10307,2373,2906
63117,8002,718,593,141
63118,11706,11806,754,1512
63119,27811,2923,823,1139
63120,181,6035,6,57
63121,3135,19921,259,193
63122,35963,1552,829,926
63123,43306,1784,2151,1924
63124,9393,222,794,208
63125,28298,1572,831,920
63126,13989,265,164,683
63127,4914,97,94,13
63128,28331,377,395,250
63129,47224,1505,807,1294
63130,15657,9705,1905,655
63131,16392,210,981,356
63132,7071,4157,2061,248
63133,583,5996,5,133
63134,2746,9332,48,1654
63135,5135,13541,20,275
63136,2777,38090,173,243
63137,3074,16666,27,31
63138,2539,15137,25,209
63139,16258,3536,758,1064
63140,119,147,2,42
63141,16001,1493,2212,444
63143,6836,940,195,282
63144,7392,287,545,184
63146,20389,4616,4941,752
63147,317,7921,0,2
63155,0,0,0,0
63301,43159,3252,1269,2829
63303,38476,3250,2271,1984
63304,38212,1918,824,1439
63330,65,0,0,0
63332,1689,1,2,56
63333,840,8,4,2
63334,6393,754,24,43
63336,1034,42,0,17
63339,1092,3,20,2
63341,3438,4,0,15
63343,4452,84,5,36
63344,1464,10,0,11
63345,364,13,0,12
63347,2173,34,0,52
63348,10179,176,0,59
63349,1785,86,7,10
63350,649,0,2,0
63351,1477,27,0,27
63352,1082,40,0,9
63353,4469,68,15,347
63357,6571,63,158,64
63359,1366,1,0,10
63361,4352,138,19,101
63362,8174,194,28,416
63363,1115,1,0,61
63365,59,0,0,0
63366,45167,2342,1415,2329
63367,23789,1466,476,1100
63368,39151,1845,2525,1584
63369,2542,73,8,0
63373,648,7,3,27
63376,66129,3500,1415,1597
63377,3390,50,29,0
63379,24971,754,45,888
63380,753,53,9,24
63381,615,0,0,39
63382,3395,453,19,103
63383,13915,167,0,586
63384,1854,16,0,17
63385,42960,2699,952,1477
63386,510,7,0,0
63387,106,0,0,0
63388,781,78,0,0
63389,6456,3,49,155
63390,9406,505,12,631
63401,19017,1322,134,178
63430,348,0,18,0
63431,253,53,0,59
63432,383,0,0,0
63433,0,0,0,0
63434,679,0,11,33
63435,3856,100,23,109
63436,1245,9,3,50
63437,1448,41,3,43
63438,232,0,0,0
63439,171,0,0,0
63440,934,1,44,0
63441,1082,12,4,0
63443,301,0,0,0
63445,3785,2,42,64
63446,311,2,0,0
63447,1090,96,0,8
63448,1186,178,16,19
63450,150,0,0,10
63451,161,0,0,0
63452,1178,0,0,0
63453,349,7,2,0
63454,1149,0,0,0
63456,4482,287,47,27
63457,466,11,0,1
63458,63,14,1,8
63459,4154,167,7,0
63460,248,0,0,0
63461,4857,187,3,10
63462,1289,0,0,36
63463,813,0,7,0
63465,626,0,0,0
63466,19,0,0,0
63467,77,0,0,0
63468,2470,77,0,45
63469,828,12,0,9
63471,805,0,0,0
63472,457,2,0,0
63473,310,0,8,0
63474,465,0,0,0
63501,18563,1035,459,511
63530,1282,2,48,0
63531,260,0,2,0
63532,1213,6,0,5
63533,899,0,0,0
63534,752,3,4,0
63535,13,0,0,0
63536,859,0,0,0
63537,2131,29,2,23
63538,174,6,0,0
63539,244,0,0,2
63540,267,0,0,129
63541,407,0,0,51
63543,231,0,0,0
63544,1016,5,7,55
63545,830,0,0,89
63546,1620,4,0,5
63547,479,0,9,0
63548,834,0,26,1
63549,2321,8,17,6
63551,363,0,0,6
63552,6499,252,24,186
63555,3216,3,0,0
63556,2549,184,40,1001
63557,294,0,0,0
63558,591,18,0,2
63559,1851,0,13,57
63560,64,0,0,0
63561,1083,12,11,0
63563,542,0,61,0
63565,3682,11,0,47
63566,58,0,0,0
63567,75,0,0,23
63601,15554,17,0,147
63620,927,4,8,47
63621,1634,9,0,0
63622,726,0,0,5
63623,785,2,0,9
63624,3300,30,48,55
63625,459,13,0,0
63626,941,0,0,0
63627,2537,83,0,7
63628,13489,814,219,196
63629,1107,7,3,0
63630,3371,0,0,59
63631,752,0,0,5
63633,791,14,0,3
63636,486,0,0,0
63637,847,11,0,96
63638,2458,67,1,40
63640,26545,1076,121,767
63645,11105,144,37,324
63648,1211,0,11,0
63650,3628,75,24,63
63653,1314,0,6,4
63654,559,0,0,33
63655,1388,0,0,2
63656,521,0,9,0
63660,3172,368,8,74
63662,696,6,0,0
63663,653,0,7,66
63664,8381,15,3,200
63665,233,0,0,28
63670,11565,172,93,210
63673,2206,28,4,1
63674,24,0,0,0
63675,12,0,0,0
63701,31440,3586,1135,1306
63703,5860,2119,20,291
63730,3505,4,0,18
63732,1037,18,1,0
63735,737,0,0,0
63736,2928,186,12,152
63738,0,0,0,0
63739,531,15,16,10
63740,5050,80,0,4
63742,154,0,0,0
63743,59,0,0,0
63744,163,0,0,0
63745,146,0,0,0
63746,9,0,0,0
63747,636,0,0,0
63748,1115,2,0,5
63750,30,0,0,0
63751,1295,0,3,10
63755,25551,444,98,457
63758,475,0,0,0
63760,636,0,0,3
63763,97,0,0,0
63764,4324,53,3,167
63766,1606,12,0,45
63767,502,22,0,25
63769,1596,7,0,0
63770,172,0,0,0
63771,2382,139,12,50
63774,180,0,0,0
63775,15299,116,139,455
63780,5717,11,3,116
63781,1364,0,0,0
63782,198,0,0,0
63783,145,0,0,0
63784,154,0,0,14
63785,1073,2,0,0
63787,526,0,0,0
63801,16685,4235,48,629
63820,253,0,0,0
63821,459,0,0,155
63822,2408,62,8,36
63823,1247,119,0,69
63824,133,4,0,7
63825,3902,13,0,80
63826,76,4,0,73
63827,393,107,0,12
63828,133,0,0,0
63829,935,0,0,126
63830,3912,2131,0,264
63833,133,1,0,1
63834,2362,2726,0,10
63837,1300,30,8,259
63839,323,0,0,5
63840,54,0,0,0
63841,12617,145,0,308
63845,5155,81,9,95
63846,1048,90,0,3
63847,69,0,0,0
63848,1019,6,0,43
63849,113,121,0,0
63850,0,0,0,0
63851,2060,1293,6,30
63852,1101,0,8,75
63853,77,11,0,0
63855,786,24,0,32
63857,9592,1485,18,431
63860,213,0,0,0
63862,840,278,0,2
63863,4287,617,20,145
63866,236,171,0,0
63867,945,0,0,26
63868,727,0,0,39
63869,2358,673,0,37
63870,885,137,0,130
63873,2975,395,0,28
63874,176,0,0,3
63876,1501,26,0,758
63877,2522,246,0,99
63878,88,0,0,1
63879,623,134,0,1
63880,0,24,0,0
63882,253,44,0,9
63901,29769,2058,51,776
63932,926,16,29,0
63933,2613,13,14,40
63934,18,0,0,0
63935,7430,11,64,200
63936,503,0,0,99
63937,2382,50,2,61
63939,1156,0,29,24
63940,1326,0,0,0
63941,183,0,0,0
63942,486,0,0,0
63943,830,0,0,0
63944,1377,2,0,138
63945,1090,0,0,0
63950,34,0,0,0
63951,170,0,0,0
63952,393,0,0,10
63953,709,0,0,19
63954,793,75,0,36
63955,86,0,0,0
63956,789,11,3,44
63957,4940,57,71,14
63960,3079,62,0,9
63961,1812,15,0,45
63962,181,0,0,0
63964,472,0,0,15
63965,2132,4,6,63
63966,1896,41,0,37
63967,1568,5,0,128
64001,733,21,116,3
64011,3951,4,5,0
64012,23822,1571,267,2110
64014,23348,2033,255,1870
64015,27353,1974,435,2094
64016,4293,41,17,118
64017,193,0,0,5
64018,854,0,0,1
64019,1958,31,0,90
64020,2976,16,0,165
64021,611,9,0,0
64022,162,0,0,0
64024,13345,622,89,795
64028,210,0,24,5
64029,19370,686,39,738
64030,12606,8598,607,3921
64034,7718,394,43,266
64035,1023,1,0,22
64036,422,30,0,6
64037,5473,386,19,136
64040,5589,0,0,321
64048,4223,28,3,79
64050,16859,1735,85,1502
64052,15840,1857,343,3819
64053,4223,807,62,1383
64054,2562,50,24,285
64055,28238,3935,410,3238
64056,13331,2757,122,1108
64057,10989,1980,210,502
64058,6273,140,53,174
64060,14678,56,56,619
64061,2874,215,0,19
64062,6443,9,0,89
64063,16689,1687,414,1421
64064,16055,2072,450,608
64065,34,3,0,0
64066,39,0,2,1
64067,5407,93,0,504
64068,32955,1435,473,2042
64070,2815,24,11,52
64071,595,45,86,6
64072,254,16,1,17
64074,712,0,0,8
64075,11192,263,75,216
64076,8665,69,0,95
64077,1499,14,0,33
64078,9161,385,0,581
64079,12395,298,144,562
64080,13086,80,12,585
64081,19666,2780,758,902
64082,15513,1871,349,944
64083,19393,2501,305,1313
64084,1421,0,5,0
64085,7795,174,22,312
64086,20692,919,426,1647
64088,1256,0,2,33
64089,13004,51,97,136
64090,127,0,0,0
64092,14,0,0,0
64093,23945,963,638,1216
64096,1062,25,0,110
64097,912,11,0,50
64098,2939,0,19,57
64101,78,35,0,16
64102,0,0,0,0
64105,4277,389,333,268
64106,5052,4162,880,592
64108,5323,2723,199,1572
64109,4270,4442,269,1050
64110,8953,6329,577,1425
64111,13579,1509,371,1106
64112,7216,300,420,316
64113,11395,87,355,397
64114,19180,2997,665,1485
64116,12265,2094,633,1286
64117,10904,1648,397,1649
64118,32358,4519,849,3965
64119,24985,2774,620,3148
64120,487,0,12,199
64123,5577,1237,516,4440
64124,4692,2062,569,4865
64125,1374,324,7,1434
64126,1820,520,192,3402
64127,4348,8007,193,5704
64128,1466,9987,0,1004
64129,3415,3878,67,833
64130,2052,16035,24,1393
64131,10620,9244,430,1268
64132,2391,8442,35,856
64133,18631,13967,290,3981
64134,7381,13679,167,1794
64136,873,656,16,113
64137,6661,2249,292,705
64138,9895,12002,490,1061
64139,1912,265,12,64
64145,4034,468,149,288
64146,880,187,30,143
64147,55,383,0,4
64149,339,0,0,25
64150,3058,711,136,384
64151,21474,3569,709,2472
64152,27201,965,740,1792
64153,3938,714,354,614
64154,9790,1593,710,989
64155,22472,2024,556,2433
64156,6073,438,286,468
64157,18414,655,1088,913
64158,5094,351,501,1311
64161,277,54,0,0
64163,759,78,4,46
64164,110,0,0,0
64165,273,0,0,0
64166,296,0,0,0
64167,340,0,0,0
64401,1241,0,0,55
64402,2226,20,34,84
64420,40,0,0,0
64421,905,0,0,45
64422,339,0,0,0
64423,953,0,0,0
64424,3611,79,31,126
64426,454,1,0,0
64427,661,0,3,8
64428,696,3,0,3
64429,10826,947,63,264
64430,734,1,19,29
64431,404,0,0,3
64432,119,7,5,3
64433,230,0,36,16
64434,507,0,0,8
64436,836,38,0,108
64437,446,0,2,3
64438,134,0,0,0
64439,1680,0,0,5
64440,897,0,0,0
64441,107,0,0,0
64442,878,0,0,7
64443,1576,0,0,101
64444,1263,0,0,126
64445,221,0,0,4
64446,1003,4,0,10
64448,919,0,0,0
64449,447,0,0,0
64451,403,0,3,0
64453,199,0,5,0
64454,2492,0,0,10
64455,309,0,0,0
64456,1414,4,0,22
64457,261,1,0,0
64458,260,0,0,9
64459,411,0,0,0
64461,840,2,1,3
64463,1287,0,44,18
64465,3881,6,60,269
64466,422,0,15,13
64467,178,0,0,0
64468,13214,440,207,293
64469,1982,14,5,28
64470,1574,12,3,32
64471,477,0,0,23
64473,1224,16,0,5
64474,698,0,9,35
64475,316,0,1,13
64476,265,0,9,0
64477,3104,116,46,38
64479,925,3,1,16
64480,224,0,78,0
64481,1009,0,1,1
64482,2001,6,11,30
64483,584,0,0,0
64484,782,1,6,2
64485,7691,26,4,15
64486,231,0,0,16
64487,609,1,0,11
64489,2083,11,28,26
64490,1777,45,0,54
64491,1556,6,0,31
64492,1672,7,0,52
64493,721,0,2,0
64494,985,15,28,38
64496,180,0,0,0
64497,608,5,0,4
64498,219,0,0,14
64499,108,1,0,0
64501,7601,1395,94,1032
64503,10638,255,167,612
64504,9097,355,24,746
64505,11802,370,309,1000
64506,17561,1554,526,1649
64507,12143,1103,44,1012
64601,10967,412,111,274
64620,474,0,0,0
64622,479,0,0,0
64623,399,0,0,3
64624,1423,0,0,8
64625,731,2,0,62
64628,5347,70,39,112
64630,534,0,0,29
64631,749,0,0,19
64632,422,0,0,8
64633,4334,92,6,138
64635,402,0,6,0
64636,244,0,0,14
64637,507,0,7,17
64638,596,3,0,0
64639,127,0,0,0
64640,2964,0,17,46
64641,578,0,0,15
64642,691,3,1,47
64643,1112,37,0,3
64644,2946,0,27,95
64645,167,0,0,2
64646,308,0,0,0
64647,441,0,0,0
64648,2455,10,6,56
64649,523,0,2,32
64650,632,27,1,7
64651,403,2,0,5
64652,371,0,0,9
64653,574,2,0,2
64654,35,0,0,0
64655,96,0,0,0
64656,220,0,0,1
64657,328,0,0,0
64658,3071,14,2,173
64659,956,0,2,9
64660,411,0,0,31
64661,744,3,31,15
64664,233,0,0,7
64667,340,0,0,2
64668,1285,46,0,16
64670,879,29,3,22
64671,1821,3,9,12
64672,113,0,0,0
64673,2313,9,0,90
64674,272,0,0,0
64676,135,0,0,0
64679,805,0,0,14
64681,142,0,0,0
64682,344,0,0,0
64683,7316,43,91,240
64686,181,0,6,18
64688,678,0,7,9
64689,485,2,0,3
64701,13350,73,29,307
64720,4003,88,0,215
64722,254,0,0,0
64723,547,0,0,7
64724,1997,9,1,61
64725,1891,12,0,40
64726,369,0,0,10
64728,402,0,2,0
64730,6170,239,57,119
64733,1032,0,0,28
64734,2028,0,0,109
64735,12485,158,45,313
64738,1157,0,2,36
64739,1042,1,0,10
64740,1461,0,0,32
64741,183,0,0,0
64742,2224,2,10,44
64743,196,0,0,0
64744,7497,12,0,93
64745,64,0,0,0
64746,1450,10,9,3
64747,3816,8,0,204
64748,1180,0,4,24
64750,436,0,0,7
64752,651,0,1,7
64755,2142,0,0,158
64756,526,0,0,2
64759,7372,33,3,200
64761,1499,0,0,29
64762,1456,0,0,90
64763,1388,3,4,45
64765,6,0,0,0
64767,524,6,2,14
64769,653,0,0,53
64770,1091,1,0,12
64771,425,0,0,2
64772,12205,101,129,395
64776,3272,39,12,81
64778,482,0,0,0
64779,2434,12,4,52
64780,395,5,0,9
64781,108,0,0,0
64783,631,0,0,0
64784,1183,0,0,55
64788,1284,0,2,33
64790,860,0,0,20
64801,31497,1126,761,2163
64804,31814,595,629,2433
64830,697,0,0,32
64831,4963,12,53,598
64832,1259,0,0,5
64833,65,0,0,0
64834,9332,41,61,205
64835,1710,6,13,110
64836,20820,421,108,5784
64840,3247,10,0,130
64841,1100,0,19,113
64842,607,0,139,98
64843,2900,7,82,280
64844,3785,13,39,40
64847,314,0,0,71
64848,739,0,0,0
64849,173,0,0,2
64850,19373,289,432,2064
64854,2882,335,0,993
64855,2451,5,7,2
64856,3317,38,0,37
64857,348,0,0,45
64858,334,0,0,0
64859,1107,14,0,110
64861,987,66,69,0
64862,3162,28,0,77
64863,818,0,32,716
64865,4750,0,24,97
64866,914,0,23,50
64867,814,1,6,64
64868,88,0,0,0
64870,14016,308,295,342
64873,748,0,0,0
64874,589,0,0,18
65001,190,0,0,0
65010,6540,52,31,141
65011,2095,0,47,0
65013,2577,0,0,21
65014,2518,0,9,0
65016,1391,0,0,0
65017,1054,0,0,8
65018,7234,106,41,735
65020,14103,142,87,507
65023,1437,0,3,36
65024,941,1,0,9
65025,744,0,3,11
65026,10812,0,84,250
65032,1118,50,0,13
65034,820,0,0,0
65035,1696,0,0,9
65037,4530,21,17,165
65039,2782,0,4,58
65040,1233,0,0,37
65041,5084,110,0,24
65043,9045,204,10,447
65046,1209,0,0,22
65047,1715,0,0,47
65048,176,0,0,0
65049,6659,209,0,114
65050,777,0,0,7
65051,4679,11,0,97
65052,3415,42,25,73
65053,1342,0,61,84
65054,1186,0,0,1
65058,954,4,0,4
65059,1052,0,0,2
65061,420,0,0,0
65062,26,0,0,0
65063,3657,60,3,67
65064,577,0,0,0
65065,6393,123,0,679
65066,5771,0,15,65
65067,484,0,0,0
65068,727,9,4,56
65069,556,0,0,0
65072,1959,1,1,3
65074,2759,22,18,5
65075,1081,9,2,8
65076,515,0,16,42
65077,438,0,0,0
65078,3213,9,22,115
65079,4469,12,4,22
65080,1517,0,0,0
65081,4006,303,2,68
65082,1100,32,4,6
65083,225,0,0,0
65084,6920,43,0,187
65085,1192,5,0,18
65101,22577,5966,47,744
65109,34286,2773,1068,1398
65201,37791,4166,3461,2223
65202,34427,7145,1508,2287
65203,46774,5604,3598,1689
65215,255,3,0,20
65216,155,12,0,12
65230,419,15,0,0
65231,2501,162,0,9
65232,280,0,0,0
65233,9254,902,57,307
65236,1163,58,0,11
65237,897,15,0,0
65239,1742,10,0,28
65240,8009,17,18,50
65243,2590,5,0,37
65244,373,0,0,0
65246,21,55,0,0
65247,900,0,0,0
65248,3745,375,9,138
65250,508,0,0,0
65251,18783,1382,44,465
65254,1743,127,0,56
65255,4763,68,97,124
65256,1810,2,4,26
65257,1701,6,0,37
65258,518,6,0,0
65259,2608,44,8,27
65260,428,0,0,15
65261,1239,4,0,18
65262,961,12,0,0
65263,1397,15,4,83
65264,1007,10,0,2
65265,13653,674,105,706
65270,14578,1183,86,444
65274,1560,66,0,5
65275,2372,47,0,37
65276,1770,0,0,0
65278,72,2,0,0
65279,1466,11,21,22
65280,262,0,0,0
65281,2759,83,0,4
65282,129,0,0,0
65283,503,0,0,12
65284,2018,3,0,47
65285,350,0,0,0
65286,133,0,0,0
65287,222,0,3,0
65301,30399,1147,235,3311
65305,2883,327,120,557
65320,49,0,0,1
65321,363,2,0,6
65322,636,0,0,0
65323,964,0,2,2
65324,1181,6,0,29
65325,3208,12,0,72
65326,1525,0,0,67
65327,259,0,0,5
65329,440,0,0,37
65330,486,7,0,12
65332,1643,40,10,45
65333,771,0,0,0
65334,947,0,0,2
65335,185,0,0,0
65336,5178,392,211,393
65337,1380,7,4,554
65338,2795,80,17,44
65339,439,5,2,0
65340,12003,999,80,2387
65344,177,0,0,0
65345,434,0,0,0
65347,878,0,5,12
65348,1172,0,44,6
65349,2190,249,47,140
65350,1728,18,0,31
65351,2142,28,44,19
65354,452,12,0,24
65355,10078,43,0,259
65360,4559,1,0,225
65401,27972,946,1406,868
65409,13,0,0,0
65436,0,0,0,0
65438,2358,0,0,14
65439,17,0,0,0
65440,457,0,0,0
65441,4458,19,32,117
65443,124,0,0,0
65444,689,0,0,3
65446,410,0,0,0
65449,99,0,0,0
65452,2473,2,0,173
65453,8722,55,24,259
65456,401,0,0,0
65457,223,0,6,0
65459,7833,92,40,183
65461,127,0,0,0
65462,1063,0,0,47
65463,1010,0,14,70
65464,283,0,0,0
65466,1251,14,0,3
65468,80,0,0,0
65470,725,0,0,22
65473,8853,2751,599,3733
65479,258,0,0,0
65483,4363,14,86,66
65484,54,0,0,0
65486,2814,0,21,0
65501,185,0,0,0
65529,264,0,25,0
65534,416,0,0,0
65535,1452,0,0,87
65536,27375,162,235,842
65541,173,0,0,0
65542,5992,579,0,180
65543,546,0,0,0
65548,6263,47,2,165
65550,2763,1,35,105
65552,2171,19,0,0
65555,1172,0,0,32
65556,4784,8,42,236
65557,204,0,0,0
65559,8575,21,47,374
65560,12284,86,128,293
65564,133,0,0,0
65565,4463,45,3,12
65566,660,0,0,6
65567,1604,5,0,25
65570,662,0,0,51
65571,1708,0,2,0
65580,599,0,0,0
65582,2052,1,0,0
65583,11200,1694,151,555
65584,6869,872,557,1384
65586,94,0,0,0
65588,1803,6,23,24
65589,42,0,0,0
65590,1681,0,0,0
65591,1604,0,32,49
65601,588,0,0,74
65603,172,0,0,12
65604,3606,4,0,177
65605,10494,9,8,706
65606,2315,6,19,46
65608,7925,34,14,106
65609,679,0,0,0
65610,4809,4,0,68
65611,1962,9,0,7
65612,1716,0,0,0
65613,16471,347,199,404
65614,652,0,0,0
65616,23760,754,440,2536
65617,1583,2,0,0
65618,232,0,0,0
65619,7671,51,173,661
65620,267,0,0,0
65622,7552,3,0,391
65623,38,0,0,6
65624,1528,0,0,71
65625,6996,71,45,301
65626,2120,0,0,11
65627,879,0,0,0
65629,647,0,0,3
65630,368,0,8,17
65631,5616,19,37,159
65632,2556,7,0,163
65633,3712,0,10,50
65634,569,0,0,0
65635,650,7,3,8
65637,716,0,0,51
65638,694,0,0,12
65640,1343,0,0,0
65641,1086,0,0,25
65644,1602,0,0,0
65646,1560,0,1,7
65647,2628,15,252,43
65648,6513,25,38,34
65649,2112,0,22,4
65650,1551,0,0,110
65652,4124,96,0,20
65653,5450,79,6,107
65654,237,0,0,14
65655,2284,52,0,63
65656,4728,8,0,69
65657,370,0,0,0
65658,1099,0,1,2
65660,159,0,0,0
65661,2123,33,13,123
65662,1021,0,3,0
65663,2631,0,12,8
65664,38,0,0,0
65666,40,0,0,0
65667,3021,24,6,28
65668,1495,8,0,127
65669,2454,7,0,152
65672,7652,7,12,577
65674,2532,10,16,234
65675,33,0,0,0
65676,387,0,0,0
65679,2790,27,0,14
65680,1099,0,0,39
65681,1843,18,53,23
65682,2033,0,6,27
65685,1013,0,0,9
65686,4531,0,33,20
65688,44,0,0,0
65689,4381,5,121,172
65690,119,0,0,0
65692,908,0,2,72
65702,135,0,0,0
65704,4256,9,0,34
65705,3961,0,5,216
65706,15424,74,71,277
65707,1950,5,0,3
65708,10081,29,165,3072
65710,1090,3,0,13
65711,7788,2,57,323
65712,8803,69,0,224
65713,2423,0,0,31
65714,31535,446,642,1651
65715,76,0,0,0
65717,2670,22,2,64
65720,719,0,0,0
65721,31274,355,118,1033
65722,1018,0,19,41
65723,2436,3,140,353
65724,1441,0,17,0
65725,2367,7,0,363
65726,810,123,26,13
65727,114,0,0,0
65728,30,0,0,0
65729,140,0,0,0
65730,10,0,0,0
65731,165,0,0,0
65732,1181,0,0,28
65733,843,0,4,1
65734,2594,0,108,453
65735,54,0,0,0
65737,7505,33,50,356
65738,18790,500,225,453
65739,812,72,0,8
65740,3307,46,12,336
65741,0,0,0,0
65742,13151,0,122,51
65744,82,0,0,0
65745,2678,0,0,117
65746,8223,72,17,374
65747,2935,0,9,385
65752,363,0,0,0
65753,4757,0,0,59
65754,582,0,0,10
65755,609,0,0,19
65756,809,0,0,0
65757,6918,6,82,105
65759,1060,0,0,0
65760,416,0,0,0
65761,1195,0,0,0
65762,514,0,0,0
65764,1246,0,0,10
65766,63,0,0,0
65767,1804,12,0,7
65768,139,0,0,0
65769,2404,2,1,319
65770,2214,2,29,28
65771,1470,0,0,22
65772,2081,0,0,188
65773,319,0,0,0
65774,892,0,0,14
65775,23876,66,73,474
65777,152,0,0,0
65778,483,0,0,0
65779,1199,7,24,11
65781,8614,2,8,197
65783,161,0,0,0
65784,0,0,0,0
65785,5166,38,0,276
65786,1598,2,31,38
65787,1058,0,18,14
65788,316,0,1,106
65789,1572,0,0,101
65790,857,0,0,36
65791,4001,0,0,108
65793,4755,68,25,149
65801,0,0,0,0
65802,40658,1679,654,2197
65803,36621,1956,332,2210
65804,35628,822,762,1210
65806,11604,822,818,962
65807,46682,2358,1226,2718
65809,10198,109,575,253
65810,19892,486,704,929
65897,3002,177,9,76
66002,11537,599,74,515
66006,7010,87,171,324
66007,8802,144,132,320
66008,200,0,0,0
66010,460,0,0,42
66012,8197,317,383,1133
66013,2357,0,0,79
66014,576,0,0,0
66015,647,11,4,0
66016,611,0,0,0
66017,301,0,0,2
66018,5795,217,127,440
66020,1823,10,9,16
66021,2636,9,0,230
66023,832,0,0,7
66024,573,45,0,46
66025,6942,345,12,433
66026,511,0,0,307
66027,4654,780,296,1302
66030,21059,1521,782,1658
66031,390,137,9,76
66032,4626,32,0,186
66033,789,0,0,3
66035,995,302,5,68
66039,556,34,0,0
66040,2926,39,47,132
66041,850,0,6,0
66042,598,13,1,1
66043,8185,1516,61,624
66044,23430,1492,1143,1812
66045,1165,257,149,186
66046,13878,1114,1388,1785
66047,15545,477,1240,2058
66048,28593,3624,300,1954
66049,25346,1326,1770,1287
66050,1615,3,0,43
66052,1674,33,11,541
66053,7404,0,39,125
66054,2527,0,33,79
66056,1399,9,1,25
66058,281,3,0,9
66060,1306,0,0,0
66061,54160,3289,1791,10261
66062,63298,4085,4089,6737
66064,5280,152,12,183
66066,2596,1,4,95
66067,14457,115,96,686
66070,2133,27,18,28
66071,12246,188,126,248
66072,1217,40,0,178
66073,2203,62,0,117
66075,2396,13,4,34
66076,2182,10,6,26
66078,772,0,6,31
66079,565,1,0,55
66080,819,3,2,0
66083,10956,85,29,477
66085,9792,144,572,476
66086,8963,44,235,933
66087,1851,0,1,66
66088,2547,21,0,91
66090,2452,12,0,42
66091,386,0,0,0
66092,4022,10,21,249
66093,674,0,0,15
66094,233,2,2,4
66095,1092,0,0,173
66097,1008,0,0,7
66101,4979,4002,797,5106
66102,9706,5636,1988,15032
66103,7845,1379,711,3926
66104,8642,9793,1321,9547
66105,1372,0,4,1587
66106,15959,1687,734,8074
66109,16607,6020,1737,2629
66111,7717,799,132,1945
66112,5367,4836,1055,2144
66115,0,0,0,0
66118,0,0,0,0
66160,30,9,0,0
66202,14030,1336,318,1976
66203,15171,1232,755,2207
66204,15242,1651,227,2518
66205,11729,187,490,1444
66206,10688,10,565,526
66207,14627,125,201,618
66208,19935,211,444,965
66209,17061,345,1440,558
66210,14931,1260,1857,1687
66211,5300,85,234,149
66212,26241,2543,976,3268
66213,23299,1245,3725,1756
66214,8155,2384,223,1877
66215,20430,2078,721,3066
66216,19866,1553,1710,1647
66217,4905,192,62,137
66218,6746,477,262,388
66219,11391,432,618,1312
66220,6763,479,350,238
66221,20182,436,2621,636
66223,17446,829,5673,646
66224,10063,242,1486,429
66226,14139,460,298,1093
66227,7686,348,148,403
66251,5,0,0,5
66401,1714,8,0,80
66402,2554,1,19,449
66403,839,0,5,11
66404,404,0,0,0
66406,429,0,0,23
66407,293,0,0,42
66408,433,0,0,0
66409,3248,76,0,30
66411,1311,2,0,50
66412,467,0,0,0
66413,1607,7,0,34
66414,2161,0,4,269
66415,668,2,0,2
66416,429,0,2,4
66417,403,0,0,9
66418,381,0,0,3
66419,298,0,0,5
66422,1130,0,0,145
66423,1059,3,0,39
66424,458,4,0,0
66425,383,7,18,47
66427,1225,11,0,9
66428,206,0,0,0
66429,411,0,0,0
66431,652,9,0,22
66432,469,0,0,13
66434,4061,58,20,56
66436,5127,118,0,457
66438,84,0,0,0
66439,1780,19,3,402
66440,1566,0,5,71
66441,15080,4684,730,4206
66442,10996,3006,769,3190
66449,1009,3,0,7
66451,1766,36,1,71
66501,337,0,0,44
66502,36391,2218,1867,3630
66503,13179,832,884,942
66506,2823,112,51,136
66507,766,0,11,85
66508,3696,60,58,156
66509,1699,8,19,52
66510,673,6,1,0
66512,2877,0,1,129
66514,1448,37,27,156
66515,410,0,0,9
66516,275,0,2,1
66517,1246,143,7,210
66518,202,0,5,0
66520,521,0,0,9
66521,1292,0,21,30
66522,237,1,0,0
66523,3666,9,5,65
66524,2372,0,11,58
66526,897,0,3,39
66527,172,0,0,5
66528,728,28,0,20
66531,1394,0,0,24
66532,617,0,4,14
66533,1639,9,7,39
66534,3545,21,11,88
66535,3349,0,18,160
66536,3541,43,71,304
66537,1127,0,0,8
66538,3333,14,0,111
66539,2477,0,0,69
66540,596,0,0,0
66541,252,1,0,0
66542,2797,38,0,311
66543,962,0,0,43
66544,302,0,0,0
66546,955,67,6,7
66547,7712,142,0,536
66548,783,0,0,52
66549,1378,22,0,8
66550,577,10,5,21
66552,483,13,0,3
66554,608,0,3,17
66603,725,119,0,302
66604,17495,1522,456,3143
66605,14335,3357,127,4834
66606,8461,487,7,957
66607,4947,2048,0,4099
66608,3976,551,53,339
66609,4989,864,8,902
66610,9157,704,438,592
66611,7710,1117,94,1453
66612,816,385,0,509
66614,27342,1498,1091,2568
66615,2843,42,32,97
66616,3686,562,7,1598
66617,7699,155,204,413
66618,9217,84,6,413
66619,1856,648,0,397
66621,461,25,56,58
66622,77,2,17,1
66701,10212,354,43,280
66710,671,0,0,20
66711,585,0,0,47
66712,1574,15,0,70
66713,5054,17,0,425
66714,115,6,0,0
66716,769,59,12,9
66717,593,0,0,7
66720,10121,112,68,785
66724,1009,0,0,4
66725,4710,113,35,64
66732,246,0,14,13
66733,2088,80,15,78
66734,231,0,0,0
66735,781,0,0,0
66736,3296,9,2,179
66738,211,0,0,0
66739,4359,24,18,128
66740,192,0,0,2
66741,189,0,0,0
66742,29,0,0,3
66743,3787,33,0,88
66746,137,0,0,4
66748,2735,16,49,127
66749,6480,202,19,366
66751,620,0,17,3
66753,1188,2,0,12
66754,258,0,0,80
66755,819,1,0,6
66756,984,0,0,0
66757,3008,3,0,94
66758,181,0,0,0
66760,11,0,0,0
66761,278,0,0,0
66762,22087,700,580,2258
66763,3079,69,96,19
66767,294,0,5,0
66769,566,0,8,80
66770,878,0,0,0
66771,953,0,5,36
66772,232,0,0,1
66773,448,11,0,0
66775,198,0,0,0
66776,1290,0,0,109
66777,434,0,0,8
66778,0,0,0,0
66779,823,0,0,3
66780,457,0,0,0
66781,1036,4,0,0
66782,140,0,0,10
66783,2050,2,0,19
66801,21170,560,605,7162
66830,253,0,0,0
66833,603,0,0,3
66834,867,29,35,33
66835,1200,0,2,88
66838,96,0,0,6
66839,3515,26,26,183
66840,515,0,0,14
66842,474,0,0,25
66843,151,0,0,7
66845,953,9,0,67
66846,3112,9,0,259
66849,451,0,0,0
66850,212,4,0,9
66851,579,0,0,44
66852,564,0,0,25
66853,308,0,0,14
66854,733,5,3,13
66856,1728,8,0,51
66857,873,6,20,8
66858,341,0,0,34
66859,215,0,0,30
66860,1238,5,0,47
66861,2671,20,11,60
66862,92,0,0,0
66863,34,0,0,0
66864,462,4,0,0
66865,964,8,0,51
66866,1766,6,0,100
66868,667,0,0,1
66869,562,0,2,2
66870,114,0,0,0
66871,1259,0,0,23
66872,832,0,30,37
66873,223,0,0,0
66901,5705,77,0,341
66930,106,0,0,3
66932,73,0,1,0
66933,290,0,4,15
66935,2366,55,0,109
66936,291,0,0,2
66937,882,0,20,7
66938,1370,0,0,0
66939,405,0,0,0
66940,376,0,0,0
66941,78,0,0,0
66942,279,0,0,12
66943,546,0,6,53
66944,321,0,0,0
66945,1036,0,7,4
66946,108,0,0,0
66948,577,0,0,2
66949,562,5,0,6
66951,748,10,0,48
66952,347,0,0,1
66953,550,0,0,63
66955,49,0,0,0
66956,990,28,4,30
66958,260,9,0,0
66959,165,0,13,0
66960,94,0,0,0
66961,9,0,0,0
66962,187,0,0,39
66963,255,0,4,0
66964,115,0,0,0
66966,549,3,0,0
66967,1902,11,11,84
66968,1223,1,5,68
66970,74,0,0,0
67001,2359,3,0,2
67002,14150,410,518,1342
67003,2359,5,11,117
67004,731,17,0,8
67005,12414,373,156,2664
67008,534,0,0,0
67009,831,0,0,131
67010,13038,148,15,602
67012,40,0,0,0
67013,2892,1,35,111
67016,433,0,0,77
67017,1817,0,42,275
67018,79,0,0,0
67019,860,0,0,0
67020,1286,3,6,24
67021,20,0,0,4
67022,1436,0,0,75
67023,117,0,0,0
67024,783,6,0,125
67025,3768,6,0,185
67026,4700,30,76,475
67028,210,0,1,20
67029,943,3,0,21
67030,2598,2,107,91
67031,2437,19,30,17
67035,785,1,1,33
67036,115,0,0,0
67037,24523,414,404,2917
67038,647,0,0,2
67039,2706,1,7,54
67041,261,0,7,3
67042,14766,975,209,878
67045,2799,25,20,166
67047,656,0,0,4
67049,70,0,0,0
67050,2053,2,0,13
67051,379,0,0,26
67052,8158,56,78,562
67053,514,0,0,9
67054,1133,10,9,53
67055,88,0,0,0
67056,2758,63,41,56
67057,203,0,0,21
67058,1517,3,0,137
67059,803,8,53,66
67060,12346,6,59,1001
67061,166,0,0,15
67062,3800,11,21,135
67063,3305,100,45,130
67065,197,0,0,0
67066,284,0,0,36
67067,1685,226,289,133
67068,3686,18,0,113
67070,809,9,0,28
67071,197,0,0,157
67072,304,6,0,0
67073,319,4,0,0
67074,1121,0,0,43
67101,5505,79,170,1036
67102,150,0,0,0
67103,229,0,0,1
67104,1857,0,32,53
67105,150,0,0,4
67106,295,0,0,0
67107,2565,7,0,135
67108,1429,29,2,122
67109,353,0,0,18
67110,7841,27,0,352
67111,207,0,0,0
67112,235,0,0,0
67114,17301,432,30,3701
67117,1623,37,243,218
67118,647,0,0,71
67119,1048,21,1,32
67120,838,0,10,9
67122,350,0,0,25
67123,664,0,0,25
67124,7061,206,16,617
67127,734,0,0,27
67131,312,1,0,0
67132,373,0,0,0
67133,6254,56,98,454
67134,319,0,0,7
67135,3090,5,24,276
67137,476,0,0,2
67138,365,0,0,33
67140,932,16,6,19
67142,339,0,0,15
67143,65,0,0,5
67144,2684,0,27,28
67146,1651,1,0,115
67147,9457,68,228,397
67149,1071,0,0,46
67150,6,0,0,3
67151,473,0,0,15
67152,7776,124,64,852
67154,1651,141,2,9
67155,108,0,0,0
67156,12256,343,463,1193
67159,172,0,0,0
67202,1381,253,0,195
67203,21869,2193,1030,7894
67204,15318,738,189,9478
67205,18464,262,213,1408
67206,13758,1217,1159,1095
67207,15597,3301,3958,4540
67208,10990,3854,558,1566
67209,10924,356,137,1094
67210,4677,1305,1542,1871
67211,11151,1944,516,4915
67212,36549,1781,827,5006
67213,14731,1640,428,4624
67214,5253,5958,652,4803
67215,4564,273,510,893
67216,14119,1126,2141,6112
67217,23011,2336,1025,5931
67218,14418,2994,673,5702
67219,7173,2588,541,1652
67220,8403,3223,1272,1816
67221,314,50,15,124
67223,752,0,0,33
67226,16128,2769,1005,1261
67227,192,0,0,0
67228,2037,112,461,48
67230,9214,586,1424,397
67232,339,0,42,0
67235,13055,252,505,1141
67260,158,30,10,21
67301,10878,588,50,710
67330,1503,4,0,45
67332,152,0,0,27
67333,2117,13,36,54
67334,57,0,1,0
67335,3119,0,50,26
67336,1281,0,0,35
67337,7875,938,42,1541
67340,346,0,0,18
67341,270,20,0,0
67342,577,0,0,11
67344,623,0,0,13
67345,80,0,0,1
67346,335,0,0,6
67347,328,0,0,0
67349,740,2,5,91
67351,351,0,1,1
67352,544,0,0,0
67353,433,0,6,18
67354,509,0,0,38
67355,140,0,0,0
67356,2758,31,0,121
67357,10117,760,12,720
67360,277,0,0,0
67361,1509,25,13,66
67363,123,0,0,0
67364,168,0,0,0
67401,44119,1681,1085,6079
67410,9934,148,0,568
67416,683,0,8,29
67417,127,0,0,0
67418,179,0,0,0
67420,3689,12,0,156
67422,1319,0,0,0
67423,287,4,0,36
67425,569,0,3,116
67427,327,2,0,36
67428,1095,31,0,50
67430,531,0,28,9
67431,1617,0,35,132
67432,5312,150,13,165
67436,451,2,0,17
67437,848,0,9,10
67438,288,0,0,10
67439,2773,179,22,196
67441,799,11,19,19
67442,235,0,0,200
67443,1899,8,0,34
67444,523,0,0,15
67445,472,0,0,1
67446,642,0,8,25
67447,243,0,0,6
67448,944,16,2,26
67449,2193,62,71,149
67450,518,16,0,11
67451,1007,0,4,45
67452,325,0,0,0
67454,621,0,0,71
67455,1577,1,0,66
67456,4543,142,24,400
67457,569,2,0,0
67458,417,0,0,39
67459,346,0,0,36
67460,14730,346,190,894
67464,992,0,1,33
67466,581,1,0,3
67467,2455,17,4,49
67468,309,0,0,0
67470,501,0,2,1
67473,1729,15,0,63
67474,209,0,0,0
67475,99,0,0,0
67476,7,0,0,0
67478,78,0,0,6
67480,1633,24,0,59
67481,709,0,0,11
67482,96,0,0,0
67483,445,0,13,39
67484,923,0,0,54
67485,286,0,0,0
67487,1228,0,18,85
67490,880,10,0,42
67491,277,0,0,0
67492,201,0,0,7
67501,19858,1106,168,3723
67502,22126,132,200,1983
67505,2426,42,33,103
67510,264,0,0,8
67511,154,0,0,2
67512,203,0,0,0
67513,107,0,0,0
67514,675,1,0,50
67515,43,0,0,0
67516,283,0,0,214
67518,36,0,0,0
67519,138,0,0,17
67520,257,0,10,29
67521,105,0,0,0
67522,1860,16,0,61
67523,413,30,0,26
67524,550,6,0,81
67525,972,0,0,25
67526,2616,2,0,142
67529,281,0,0,52
67530,14614,210,92,3629
67543,1900,2,1,43
67544,2757,65,0,169
67545,177,0,0,0
67546,2793,6,0,42
67547,1504,10,5,378
67548,1165,16,6,103
67550,4547,328,0,394
67552,637,0,1,182
67553,100,0,0,3
67554,3207,74,29,807
67556,135,0,0,0
67557,429,1,0,195
67559,35,0,0,0
67560,1328,8,3,153
67561,1331,0,0,49
67563,268,0,8,42
67564,287,0,0,37
67565,476,0,0,23
67566,729,0,1,32
67567,610,0,0,50
67568,242,0,0,13
67570,1443,5,0,55
67572,356,0,1,0
67573,164,0,0,0
67574,175,0,0,0
67575,497,0,0,2
67576,1914,0,0,318
67578,1018,10,5,30
67579,2767,105,12,172
67581,321,0,0,17
67583,752,0,0,40
67584,133,0,0,0
67601,21679,312,421,1673
67621,292,26,0,0
67622,495,7,0,49
67623,210,2,0,2
67625,99,52,0,4
67626,230,0,2,0
67627,124,56,0,15
67628,169,0,0,0
67629,121,0,0,0
67631,113,1,0,0
67632,247,0,0,14
67634,223,0,0,0
67635,173,0,0,0
67637,2761,13,21,141
67638,108,0,0,0
67639,198,0,0,20
67640,350,0,0,7
67642,1696,49,32,93
67643,239,4,0,0
67644,227,0,0,2
67645,519,0,1,21
67646,741,28,13,40
67647,230,0,6,0
67648,572,0,8,1
67649,193,0,0,0
67650,235,2,0,3
67651,463,0,0,14
67653,266,6,0,13
67654,3793,149,25,241
67656,221,0,0,0
67657,217,8,0,3
67658,120,0,0,3
67659,69,0,0,0
67660,33,0,0,0
67661,2641,9,2,74
67663,2420,54,15,54
67664,281,0,2,0
67665,4406,55,0,283
67667,192,0,0,12
67669,1751,24,0,56
67671,1385,0,10,20
67672,2130,1,11,23
67673,81,0,2,2
67674,110,0,0,0
67675,138,0,0,0
67701,5775,67,21,468
67730,1669,12,2,173
67731,700,0,0,97
67732,626,0,2,79
67733,163,0,0,0
67734,154,0,0,0
67735,4487,108,2,657
67736,148,0,0,0
67737,397,0,0,2
67738,532,7,4,4
67739,202,0,5,0
67740,1480,2,0,99
67741,471,5,0,102
67743,218,0,0,0
67744,124,0,0,2
67745,346,2,4,20
67747,155,0,7,0
67748,2472,0,8,166
67749,1936,19,4,88
67751,166,0,0,2
67752,1520,14,26,56
67753,415,6,1,60
67756,1634,1,0,97
67757,432,0,0,47
67758,1021,7,9,86
67761,217,0,0,7
67762,203,3,0,8
67764,328,0,0,2
67801,19706,849,462,19198
67831,896,0,0,60
67834,906,0,0,6
67835,2515,0,0,451
67836,102,0,0,40
67837,978,0,0,180
67838,924,0,0,498
67839,923,7,40,156
67840,80,0,8,0
67841,277,0,0,51
67842,388,0,0,6
67843,130,0,2,0
67844,616,0,0,99
67846,20544,1702,1597,18339
67849,379,0,0,29
67850,481,0,0,31
67851,2489,0,45,1117
67853,786,0,12,129
67854,1014,2,0,89
67855,1548,0,0,789
67857,155,0,0,5
67859,494,0,16,214
67860,2158,117,23,795
67861,1544,15,0,531
67862,233,0,1,88
67863,328,0,0,9
67864,1737,5,32,99
67865,829,0,10,82
67867,1511,0,0,209
67868,155,0,0,61
67869,1006,32,0,684
67870,1024,12,0,497
67871,4288,0,27,1073
67876,1478,0,4,74
67877,1622,1,0,653
67878,1852,0,0,812
67879,1069,2,0,263
67880,5750,9,30,3631
67882,180,0,0,26
67901,9383,649,507,13879
67950,1411,0,35,243
67951,3355,20,0,1885
67952,505,0,0,127
67953,81,0,0,6
67954,770,25,2,394
68001,59,0,0,0
68002,1957,0,41,314
68003,4563,0,102,104
68004,952,0,6,5
68005,16157,1974,646,3411
68007,14970,508,233,1126
68008,12222,83,24,227
68010,436,215,0,57
68014,335,0,0,0
68015,1075,21,0,9
68016,383,8,1,14
68017,2195,1,25,97
68018,522,0,0,0
68019,354,0,14,65
68020,534,0,0,31
68022,29493,315,1032,1091
68023,2504,7,0,70
68025,27763,190,93,5077
68028,16228,15,160,649
68029,787,0,0,3
68030,625,0,0,0
68031,1535,27,53,43
68033,269,0,0,6
68034,718,0,0,2
68036,417,0,0,2
68037,2283,12,24,144
68038,1145,3,0,123
68039,37,6,0,39
68040,357,3,0,19
68041,959,0,0,30
68042,68,0,0,13
68044,494,0,0,278
68045,2028,24,0,12
68046,28711,1524,600,1865
68047,1674,1,0,206
68048,12499,22,69,720
68050,611,0,0,0
68055,131,0,0,27
68056,10,0,0,0
68057,1264,3,4,108
68058,328,0,0,2
68059,2974,15,23,55
68061,2233,3,29,10
68062,319,0,0,0
68063,236,0,0,0
68064,3710,46,0,72
68065,1187,7,0,0
68066,5443,32,0,71
68067,280,0,24,165
68068,204,0,0,0
68069,3092,21,0,62
68070,928,17,0,3
68071,127,4,37,90
68072,100,0,0,4
68073,2395,0,0,189
68102,6015,1472,333,878
68104,19434,9150,5177,2969
68105,16261,1184,597,7308
68106,17018,1194,822,2297
68107,15601,2560,110,18503
68108,10799,369,224,7025
68110,3051,3910,876,1724
68111,5998,13155,969,4085
68112,7644,2604,114,997
68113,555,104,22,175
68114,14435,1850,588,767
68116,27720,1686,1948,1885
68117,5841,49,0,3685
68118,8408,16,240,348
68122,7045,3271,1247,1144
68123,25615,2015,1542,3801
68124,12990,785,562,1076
68127,16532,1260,445,3670
68128,15997,911,534,1970
68130,18478,283,1264,1138
68131,8727,2121,782,1464
68132,12611,1334,440,1994
68133,11639,344,344,1166
68134,21654,4481,304,2628
68135,25521,656,1762,1772
68136,18587,340,616,1050
68137,20388,752,1110,2142
68138,10277,120,197,631
68142,4106,185,262,457
68144,22333,1019,496,1541
68147,8965,433,24,4408
68152,4946,1150,53,323
68154,19102,1501,879,1002
68157,4082,178,127,1076
68164,22270,3105,1163,2167
68178,1765,110,274,213
68182,567,55,71,85
68183,0,0,0,0
68301,1471,6,0,17
68303,239,0,0,0
68304,277,0,0,4
68305,3982,33,22,122
68307,500,0,0,0
68309,65,0,0,0
68310,13570,131,122,531
68313,545,31,0,55
68314,377,0,0,0
68315,86,0,0,0
68316,463,0,0,1
68317,1862,14,15,24
68318,400,0,0,0
68319,478,16,0,125
68320,340,0,0,0
68321,307,0,0,8
68322,493,0,0,6
68323,205,0,0,0
68324,64,0,0,0
68325,102,0,0,0
68326,317,3,0,0
68327,329,0,0,4
68328,392,0,0,7
68329,668,8,4,16
68330,42,0,0,0
68331,1061,0,0,92
68332,83,0,0,0
68333,6667,134,339,2905
68335,491,0,0,30
68336,655,0,0,5
68337,300,0,0,10
68338,229,0,0,0
68339,958,0,7,24
68340,929,0,0,74
68341,818,0,0,24
68342,593,0,0,0
68343,793,2,4,127
68344,416,0,1,61
68345,198,2,0,1
68346,469,0,0,30
68347,2030,0,11,112
68348,250,0,0,0
68349,1141,0,0,17
68350,259,0,0,2
68351,750,3,0,13
68352,4589,55,2,308
68354,823,3,0,10
68355,4466,25,0,29
68357,321,0,0,0
68358,1541,0,8,50
68359,1434,0,0,75
68360,436,0,0,7
68361,2214,16,26,134
68362,18,0,0,0
68364,235,0,0,2
68365,263,0,0,2
68366,870,0,4,13
68367,362,0,2,13
68368,415,0,0,20
68370,1791,8,1,27
68371,1315,4,0,8
68372,4064,8,0,42
68375,126,0,0,7
68376,1274,55,0,99
68377,300,0,0,10
68378,612,0,0,1
68379,57,0,0,6
68380,43,0,0,0
68381,126,0,0,0
68382,66,0,0,2
68401,951,11,0,8
68402,1227,0,0,1
68403,215,0,0,0
68404,980,0,0,0
68405,3388,46,4,70
68406,404,0,1,9
68407,985,0,6,3
68409,680,0,0,10
68410,7312,98,9,1050
68413,430,0,1,16
68414,169,0,0,0
68415,531,0,3,11
68416,238,0,0,15
68417,363,0,0,3
68418,1222,0,13,49
68419,225,6,0,2
68420,1177,2,0,26
68421,894,70,4,77
68422,702,0,0,11
68423,948,0,0,0
68424,619,0,3,0
68428,1336,0,92,0
68429,89,0,0,0
68430,1810,0,0,16
68431,194,2,2,0
68433,123,0,0,2
68434,8736,40,48,330
68436,533,0,0,39
68437,275,12,0,7
68438,88,0,0,3
68439,555,0,2,1
68440,104,0,0,24
68441,191,0,0,12
68442,210,0,0,4
68443,1036,19,0,5
68444,30,0,0,0
68445,204,0,0,25
68446,2639,0,0,11
68447,542,2,0,14
68448,302,0,0,44
68450,2308,264,36,524
68452,87,0,0,0
68453,233,0,7,63
68454,709,0,0,13
68455,802,0,0,6
68456,1381,0,6,10
68457,462,0,2,18
68458,172,0,0,1
68460,623,0,3,13
68461,752,0,0,0
68462,4736,16,0,263
68463,1560,2,1,27
68464,454,0,0,18
68465,2241,0,69,628
68466,1602,13,0,31
68467,8783,123,88,569
68502,20995,1576,488,3513
68503,9948,1466,1820,2316
68504,13237,1078,955,1586
68505,15545,554,793,791
68506,24863,583,841,2123
68507,13554,180,231,1286
68508,13441,733,1173,1713
68510,16804,763,265,1250
68512,11779,429,938,476
68514,239,0,0,0
68516,41221,1079,1366,1793
68517,539,0,0,0
68520,1888,6,32,95
68521,29708,2111,2771,4085
68522,10149,1012,565,1289
68523,1742,0,19,45
68524,4986,150,35,1130
68526,7357,39,442,311
68527,1902,0,56,48
68528,5766,225,322,482
68531,209,0,0,0
68532,579,0,44,28
68588,0,0,0,0
68601,24745,216,146,7423
68620,2692,0,14,54
68621,182,0,0,0
68622,359,0,0,0
68623,369,0,0,22
68624,906,0,0,0
68626,535,0,6,11
68627,753,4,0,46
68628,822,2,0,89
68629,1200,0,0,20
68631,343,0,0,2
68632,3527,10,0,211
68633,1028,0,0,98
68634,628,0,1,44
68635,434,0,0,20
68636,1142,0,0,0
68637,256,0,1,4
68638,1778,14,34,89
68640,1156,5,0,6
68641,1082,16,0,76
68642,1757,1,1,6
68643,970,0,2,56
68644,675,7,0,5
68647,751,3,0,5
68648,252,0,0,0
68649,1826,0,28,37
68651,1093,1,0,71
68652,621,0,0,28
68653,659,0,4,4
68654,512,0,0,47
68655,105,0,0,0
68658,675,0,0,15
68659,211,0,0,12
68660,1050,0,0,21
68661,3601,329,0,4680
68662,1108,3,0,121
68663,758,0,0,37
68664,311,0,0,11
68665,763,0,0,15
68666,1491,4,0,71
68667,60,0,0,3
68669,496,0,0,2
68701,26433,297,313,4203
68710,665,0,2,56
68711,57,0,0,0
68713,2230,0,6,92
68714,1073,8,0,10
68715,1744,8,12,16
68716,851,8,6,20
68717,257,0,0,13
68718,1550,14,2,106
68719,161,0,0,2
68720,214,2,0,4
68722,402,0,0,53
68723,642,0,2,11
68724,220,1,0,7
68725,561,1,0,4
68726,656,0,0,28
68727,649,10,0,7
68728,220,0,0,0
68729,1692,36,10,1
68730,1975,2,8,0
68731,2258,9,131,1351
68732,134,0,1,0
68733,1004,25,12,110
68734,65,0,0,32
68735,861,1,0,12
68736,757,0,0,34
68739,2558,2,0,34
68740,817,1,2,0
68741,646,0,10,23
68742,171,0,0,81
68743,680,0,0,6
68745,1467,0,19,23
68746,255,0,0,0
68747,184,0,0,0
68748,1617,9,80,1270
68749,38,0,0,0
68751,62,0,0,0
68752,597,5,0,15
68753,63,0,0,0
68755,354,0,0,1
68756,1841,17,0,166
68757,802,0,0,0
68758,977,0,10,379
68759,382,0,0,15
68760,601,2,3,87
68761,347,11,4,10
68763,4483,41,17,301
68764,768,1,0,14
68765,1106,0,2,16
68766,390,0,0,2
68767,3421,0,5,32
68768,623,22,17,0
68769,1636,0,5,110
68770,1345,2,0,42
68771,1429,0,0,88
68773,148,0,0,0
68774,321,0,0,0
68776,6608,1594,532,7079
68777,537,5,0,1
68778,668,1,0,3
68779,2103,10,10,126
68780,904,0,1,12
68781,1540,39,2,83
68783,778,0,0,13
68784,1079,0,0,707
68785,161,0,39,2
68786,964,4,18,51
68787,6387,125,23,590
68788,3776,28,7,764
68789,58,0,0,21
68790,810,16,9,24
68791,1906,3,0,53
68792,326,0,0,0
68801,18484,1566,340,13155
68803,21089,545,373,4891
68810,738,0,4,169
68812,628,0,0,6
68813,462,0,0,49
68814,834,0,2,25
68815,656,0,0,0
68816,120,0,0,0
68817,377,0,0,8
68818,5503,7,0,127
68820,266,0,0,16
68821,83,0,0,0
68822,4437,56,0,201
68823,2088,9,0,59
68824,1316,36,6,146
68825,918,2,0,23
68826,3587,3,94,232
68827,654,0,0,21
68828,191,0,0,1
68831,778,0,0,34
68832,1988,2,1,54
68833,140,0,0,0
68834,160,5,0,24
68835,527,2,0,17
68836,1762,3,19,96
68837,74,0,0,0
68838,220,0,0,8
68840,2395,44,0,585
68841,679,0,31,23
68842,523,11,0,0
68843,741,4,0,23
68844,194,0,0,3
68845,19264,229,222,1583
68846,226,6,0,100
68847,14790,130,458,1922
68849,982,38,125,196
68850,5272,1559,102,7416
68852,538,9,0,2
68853,1285,6,0,59
68854,729,0,4,34
68855,320,1,0,0
68856,650,0,0,22
68858,367,4,0,19
68859,434,0,7,8
68860,235,0,0,29
68861,129,0,0,0
68862,2925,7,4,76
68863,1293,2,2,137
68864,1151,0,4,9
68865,843,0,0,58
68866,983,0,0,24
68869,2030,0,4,65
68870,587,0,1,28
68871,288,0,5,2
68872,835,0,22,0
68873,3204,23,0,112
68874,688,2,0,2
68875,532,3,0,14
68876,1584,4,0,345
68878,570,0,0,83
68879,293,0,0,74
68881,111,0,0,0
68882,369,4,0,17
68883,2263,0,0,404
68901,22586,148,345,3510
68920,1368,1,7,6
68922,1088,7,4,35
68923,121,0,0,1
68924,1383,4,0,22
68925,406,4,0,0
68926,554,0,0,8
68927,1094,4,0,36
68928,334,0,0,13
68929,136,0,0,16
68930,1250,4,0,49
68932,371,0,1,13
68933,825,11,1,30
68934,135,0,0,0
68935,669,0,1,47
68936,218,0,0,2
68937,1783,5,0,100
68938,475,0,0,11
68939,962,3,2,32
68940,475,0,1,8
68941,736,0,0,46
68942,486,0,0,77
68943,245,0,0,0
68944,1067,7,0,325
68945,195,0,0,0
68946,29,0,0,0
68947,592,4,0,3
68948,328,0,1,33
68949,6084,50,4,487
68950,276,0,0,15
68952,93,0,0,0
68954,20,0,0,0
68955,2078,57,1,26
68956,1076,9,4,35
68957,476,0,0,0
68958,605,0,0,19
68959,3668,2,0,491
68960,180,0,0,0
68961,517,2,0,8
68964,115,0,0,0
68966,415,2,28,9
68967,1029,8,0,127
68970,1151,1,4,61
68971,355,0,0,18
68972,256,0,2,18
68973,442,0,11,7
68974,265,0,0,14
68975,92,0,0,0
68976,214,0,0,0
68977,293,0,2,17
68978,2221,6,0,25
68979,1537,5,0,142
68980,438,0,0,0
68981,209,0,0,0
68982,617,0,2,4
69001,8214,111,0,396
69020,621,0,0,27
69021,1256,2,0,6
69022,1648,0,0,76
69023,339,0,65,0
69024,1089,0,0,74
69025,900,28,0,50
69026,84,0,0,114
69027,25,0,0,0
69028,668,0,0,1
69029,397,0,0,11
69030,208,2,0,21
69032,455,0,0,61
69033,2237,1,10,683
69034,848,3,0,105
69036,82,0,0,0
69037,194,0,0,0
69038,406,4,0,17
69039,85,0,0,2
69040,619,0,0,12
69041,58,0,0,0
69042,1,0,0,0
69043,446,0,3,4
69044,608,2,0,14
69045,756,12,0,11
69046,148,0,2,1
69101,24789,390,265,2950
69120,1126,0,0,53
69121,330,0,0,2
69122,626,2,0,84
69123,800,2,3,64
69125,219,0,0,37
69127,759,0,5,48
69128,339,0,0,21
69129,1106,0,9,132
69130,4648,125,63,452
69131,673,0,0,18
69132,118,0,0,0
69133,396,1,0,31
69134,402,0,0,0
69135,0,0,0,0
69138,3920,0,27,102
69140,1560,2,11,118
69141,361,0,7,48
69142,117,0,0,0
69143,1653,13,0,101
69144,199,0,0,0
69145,2343,6,1,305
69146,196,0,0,0
69147,433,0,0,0
69148,53,0,0,0
69149,708,0,0,7
69150,386,0,0,5
69151,802,6,0,49
69152,705,10,0,0
69153,5323,119,34,527
69154,1086,0,3,74
69155,1068,0,0,66
69156,627,0,2,35
69157,117,0,0,0
69161,52,0,0,0
69162,6641,101,80,673
69163,812,0,0,16
69165,1710,9,14,74
69166,556,8,0,21
69167,356,0,0,0
69168,217,0,0,14
69169,463,0,0,43
69170,256,0,0,41
69171,0,0,0,0
69201,2941,16,72,115
69210,1982,1,0,103
69211,309,0,0,0
69212,107,0,0,0
69214,147,1,0,2
69216,188,0,0,0
69217,428,0,1,3
69218,384,0,0,0
69219,47,0,0,0
69220,44,0,0,0
69221,83,0,0,0
69301,8131,368,65,1333
69331,23,0,0,0
69333,233,1,1,0
69334,1758,0,35,427
69335,53,0,0,0
69336,2046,1,16,257
69337,5626,194,75,341
69339,1350,0,2,132
69340,30,0,0,0
69341,9059,114,39,2819
69343,1952,56,42,112
69345,419,0,6,30
69346,458,2,1,48
69347,1327,13,1,6
69348,1096,0,11,100
69350,323,0,0,2
69351,173,0,24,0
69352,614,0,0,219
69353,49,0,0,23
69354,87,0,0,0
69355,120,6,0,35
69356,1860,0,0,523
69357,2875,10,0,680
69358,1681,2,0,239
69360,858,0,22,195
69361,13730,74,163,4431
69365,21,0,0,0
69366,297,10,4,0
69367,161,0,0,5
70001,27983,6842,1002,6154
70002,13147,2851,1392,2332
70003,30580,3701,1916,4826
70005,20489,216,513,2645
70006,10317,1263,716,3218
70030,3369,118,0,75
70031,753,583,0,56
70032,2918,649,241,532
70036,702,12,0,0
70037,12469,2656,314,1716
70038,14,0,0,0
70039,743,1397,0,106
70040,445,486,0,103
70041,1405,398,546,9
70043,13944,5935,641,1905
70047,10248,2192,214,645
70049,100,1041,0,0
70050,18,0,0,18
70051,672,1155,0,0
70052,1153,1822,0,10
70053,7538,5262,467,3807
70056,14872,17681,1722,10351
70057,2015,1955,0,638
70058,9386,25401,2682,3959
70062,7831,5040,69,5411
70065,31283,7234,2976,11666
70067,2799,0,9,72
70068,12369,17071,382,2544
70070,9833,2411,246,844
70071,1681,1492,0,85
70072,25211,21460,2988,4841
70075,4062,464,189,595
70076,0,89,0,0
70079,2460,75,21,31
70080,685,0,0,42
70082,9,420,0,0
70083,523,974,136,37
70084,2119,3089,16,439
70085,3989,317,0,1106
70086,97,1542,0,26
70087,3113,3332,0,970
70090,2991,4227,0,296
70091,254,11,0,76
70092,3486,3134,5,455
70094,13086,14460,867,3413
70112,1423,2471,264,112
70113,2077,6445,48,1082
70114,4111,16326,138,947
70115,21420,8246,837,1533
70116,5268,4230,39,835
70117,8152,15924,78,812
70118,18334,13936,1591,2525
70119,15328,16244,297,2693
70121,7593,2480,207,1082
70122,6556,25165,510,1785
70123,21793,3222,601,2280
70124,16212,1193,674,2070
70125,6019,10396,419,1234
70126,1567,26596,161,1460
70127,573,24360,169,535
70128,877,19292,1314,127
70129,998,5387,2826,1070
70130,8080,4120,148,1009
70131,6307,16386,1142,1691
70139,0,0,0,0
70148,88,149,25,8
70163,0,0,0,0
70301,34042,9982,279,1952
70310,221,110,0,42
70339,4566,47,8,41
70340,0,132,0,0
70341,988,2753,0,52
70342,3824,588,0,275
70343,4704,0,0,42
70344,4192,282,90,73
70345,7159,99,49,845
70346,2342,6734,55,139
70352,374,0,0,24
70353,415,0,0,71
70354,3197,181,1,489
70355,1318,0,0,0
70356,838,679,0,31
70357,2293,141,11,146
70358,860,6,0,22
70359,5376,3302,56,604
70360,20747,5101,367,963
70363,15443,5535,458,1275
70364,20347,4481,282,2457
70372,1526,189,0,189
70373,4969,103,52,156
70374,5759,157,49,526
70375,133,0,0,0
70377,3169,23,0,15
70380,14791,2431,450,3041
70390,3889,2926,80,309
70391,101,0,0,0
70392,4574,3163,88,168
70393,110,41,0,0
70394,10723,3151,179,193
70395,3080,526,32,170
70397,822,0,0,116
70401,11467,7658,532,1012
70402,943,926,38,45
70403,18085,11875,142,1565
70420,6758,823,35,509
70422,6840,5441,52,334
70426,2822,2817,12,103
70427,11395,5683,46,778
70431,5170,0,13,94
70433,33299,3881,457,2483
70435,17862,1469,0,393
70436,57,282,0,0
70437,6435,487,0,418
70438,14860,4771,0,321
70441,1944,4121,15,180
70442,322,0,0,24
70443,4520,2788,29,459
70444,6342,2927,0,121
70445,5948,2522,19,552
70446,6004,584,0,474
70447,15476,301,74,1193
70448,22962,993,659,1644
70449,2806,30,7,0
70450,1737,589,0,0
70451,69,0,0,0
70452,12058,566,37,642
70453,749,486,0,0
70454,24603,4905,128,2187
70455,2006,0,0,12
70456,1122,1237,12,8
70457,132,21,1,3
70458,28560,6445,590,2440
70460,12382,6712,43,1574
70461,18474,7869,1223,3190
70462,4245,413,48,83
70463,82,19,0,0
70464,184,0,0,0
70465,16,600,0,0
70466,7182,2336,21,776
70471,21269,207,663,1111
70501,5871,20179,75,678
70503,22784,2912,1338,1888
70506,25949,8635,1191,3755
70507,9501,8201,91,394
70508,31678,4587,1294,1104
70510,15752,5874,746,895
70512,7568,2315,13,551
70513,26,0,0,0
70514,398,1573,0,0
70515,3225,503,16,411
70516,1060,84,0,24
70517,17313,7671,296,787
70518,12106,2710,561,543
70519,0,40,0,0
70520,12455,7217,0,324
70522,17,151,0,0
70523,151,6,5,10
70524,115,124,0,12
70525,10906,2791,35,1051
70526,12671,3623,63,174
70528,2222,179,0,173
70529,9019,3002,0,586
70531,1534,0,0,0
70532,1505,612,0,32
70533,6326,360,53,459
70534,713,0,0,16
70535,11873,4303,0,544
70537,207,0,0,22
70538,6697,5722,115,237
70541,245,520,0,4
70542,3126,188,0,17
70543,4001,70,0,82
70544,4489,4727,217,130
70546,12907,2511,0,357
70548,8445,374,1,87
70549,2837,184,0,171
70550,38,0,0,0
70551,553,175,0,0
70552,642,422,0,0
70554,2947,1564,0,26
70555,6861,1266,209,294
70556,512,115,0,11
70558,2,22,0,0
70559,3001,11,0,1
70560,19922,13532,879,1974
70563,15086,3561,334,838
70570,14773,21806,47,1166
70575,60,0,0,0
70576,1012,71,4,178
70577,2591,1067,24,147
70578,12539,3815,4,300
70580,130,0,0,0
70581,1021,0,0,0
70582,12566,6041,118,271
70583,6820,1563,0,1267
70584,4587,1618,383,260
70585,235,0,0,0
70586,12548,5782,34,654
70589,2048,1031,0,24
70591,4173,879,0,174
70592,24966,2937,411,1168
70601,9667,21158,226,1110
70605,33541,3348,1502,2208
70607,13786,11278,810,1079
70609,223,215,0,14
70611,17316,2206,80,386
70615,5455,7901,5,679
70629,0,0,0,0
70630,1923,12,50,217
70631,346,11,0,1
70632,219,0,0,0
70633,7016,705,0,369
70634,19011,3926,272,1361
70637,1046,0,0,0
70638,1027,12,0,65
70639,534,0,0,0
70640,96,80,2,0
70643,196,0,0,0
70644,319,0,0,0
70645,988,0,0,0
70646,445,0,0,0
70647,8857,2180,6,309
70648,5274,1487,106,340
70650,157,0,0,0
70651,39,0,0,0
70652,2025,0,0,0
70653,3217,215,0,30
70654,169,0,0,0
70655,1906,798,15,21
70656,2945,0,0,31
70657,4403,26,0,128
70658,755,2,7,1
70659,1237,172,4,185
70660,2019,166,0,0
70661,1307,0,18,112
70662,511,0,0,0
70663,25785,2602,132,1192
70665,11470,78,94,633
70668,5963,341,22,653
70669,8115,961,218,165
70706,20021,1027,128,806
70710,3401,3243,47,18
70711,4690,9,0,353
70712,1274,2334,8,114
70714,4674,12505,93,119
70715,791,436,0,318
70719,2837,836,0,354
70721,171,312,1,37
70722,3292,1635,48,0
70723,331,771,0,1
70725,68,657,0,0
70726,48748,7375,646,3754
70729,774,253,0,0
70730,1987,1328,0,8
70732,839,227,0,0
70733,1362,9,0,4
70734,6294,1706,297,1638
70736,412,312,0,22
70737,29627,11745,369,3025
70739,11713,772,82,490
70740,900,78,0,0
70743,706,0,0,0
70744,5398,117,0,317
70747,90,162,0,0
70748,3009,3627,0,326
70749,1067,133,1,56
70750,1370,0,0,0
70752,572,89,0,0
70753,187,698,0,13
70754,11935,228,17,67
70755,1615,50,0,10
70756,741,6,0,0
70757,884,734,0,56
70759,889,450,0,60
70760,2351,4089,62,6
70761,208,142,0,2
70762,572,101,0,95
70763,3270,1259,5,50
70764,8179,6133,0,349
70767,8281,6970,82,547
70769,36363,7186,751,2935
70770,2972,34,65,173
70772,916,281,0,0
70773,0,0,0,0
70774,9765,188,45,40
70775,6587,4268,0,111
70776,2450,2934,10,453
70777,3558,706,0,15
70778,2110,987,8,59
70780,346,605,0,0
70782,82,0,0,0
70783,2093,156,0,69
70785,20754,748,339,297
70786,0,0,0,0
70787,28,201,0,0
70788,1293,2702,0,69
70789,124,632,10,0
70791,16191,12702,373,275
70801,137,99,38,0
70802,4400,17930,1011,656
70803,2084,794,111,316
70805,526,22643,36,527
70806,14768,11713,367,1128
70807,310,14730,3,129
70808,25795,7271,1712,1170
70809,16313,7236,1155,1213
70810,25357,12437,1646,2017
70811,1314,11651,48,274
70812,117,10661,0,307
70813,179,1595,0,114
70814,1188,9203,22,763
70815,9228,16224,2819,2729
70816,19539,18543,1826,4410
70817,22613,6722,1088,1053
70818,7520,1705,160,179
70819,1223,2252,172,348
70820,13332,5588,1258,2087
70825,0,0,0,0
70836,63,164,18,5
71001,1319,2503,0,167
71002,112,16,0,0
71003,496,163,0,0
71004,316,89,0,14
71006,12123,1340,82,607
71007,792,411,0,24
71008,281,53,1,1
71009,71,0,0,0
71016,1285,152,3,7
71018,755,454,0,0
71019,4425,2897,0,136
71021,59,437,0,0
71023,2622,220,0,84
71024,885,236,0,0
71027,701,245,0,40
71028,552,863,1,68
71029,95,70,0,7
71030,798,327,0,26
71031,735,0,29,0
71032,1865,513,18,113
71033,2098,1214,21,259
71034,186,56,0,32
71037,17596,3328,211,1421
71038,1840,2003,0,52
71039,1725,585,0,7
71040,3113,4589,19,53
71043,241,153,0,2
71044,550,129,0,7
71045,688,5,0,0
71046,620,125,0,140
71047,8730,2084,13,421
71048,69,61,0,0
71049,2576,839,0,72
71051,1833,503,0,0
71052,2205,6499,46,86
71055,10037,7276,75,233
71060,2005,312,0,3
71061,1090,511,8,156
71063,385,190,0,57
71064,1811,1672,45,29
71065,352,256,0,13
71066,0,19,0,0
71067,1871,1243,0,104
71068,1994,1373,0,182
71069,299,171,0,0
71070,856,387,1,8
71071,2005,85,0,6
71072,1339,22,0,3
71073,1103,1373,18,73
71075,3703,1834,0,422
71078,6846,448,9,345
71079,101,9,0,0
71082,2352,1402,4,24
71101,1890,4008,29,180
71103,938,5513,8,85
71104,7285,3303,232,728
71105,14687,3184,756,921
71106,18442,12720,451,1372
71107,14480,17599,71,761
71108,2155,16837,8,582
71109,1043,16789,0,63
71110,2065,473,237,257
71111,24866,13314,1144,3249
71112,22573,7765,576,3211
71115,9657,2829,901,252
71118,9648,13792,428,891
71119,3694,6440,281,77
71129,4030,7951,95,407
71201,12364,7072,513,365
71202,3100,22543,89,580
71203,18491,19276,591,777
71209,793,478,48,40
71212,0,0,0,0
71218,0,0,0,0
71219,866,16,0,0
71220,9607,10689,130,266
71222,1578,986,0,333
71223,208,148,0,51
71225,7192,332,0,255
71226,1457,510,0,4
71227,3455,123,67,171
71229,1138,354,0,54
71230,0,0,0,0
71232,3208,2266,0,130
71233,169,0,0,0
71234,4366,241,5,7
71235,3360,568,7,99
71237,741,397,0,174
71238,2196,0,0,29
71241,5516,2139,6,294
71242,67,0,0,0
71243,203,0,0,0
71245,349,3641,6,31
71247,546,637,11,16
71250,45,0,0,0
71251,4543,2527,1,235
71253,321,5,0,0
71254,1597,4794,0,105
71256,220,413,0,8
71259,1385,271,0,50
71260,2335,543,0,5
71261,669,615,1,0
71263,5401,929,0,170
71264,525,490,0,0
71266,1473,248,1,68
71268,1971,219,3,0
71269,7905,4691,0,293
71270,17569,12573,552,1045
71272,1145,496,33,152
71275,1416,931,0,65
71276,58,106,0,0
71277,751,768,0,346
71279,36,52,0,0
71280,4240,568,17,154
71282,2933,6150,0,294
71286,362,17,0,5
71291,28244,4575,456,842
71292,16359,4648,140,787
71295,8837,5027,44,309
71301,7217,10499,348,720
71302,1960,11100,53,131
71303,13865,8330,459,901
71316,60,0,0,0
71320,67,0,0,0
71322,3175,2001,0,106
71323,1038,0,6,0
71325,762,520,0,0
71326,353,353,0,0
71327,2925,2524,11,144
71328,7390,0,0,131
71330,37,0,0,0
71331,793,9,0,47
71333,511,227,0,0
71334,4412,5306,55,263
71336,1315,132,0,4
71339,0,0,0,0
71340,1150,724,0,62
71341,2257,542,3,85
71342,6051,976,268,419
71343,4744,1603,7,7
71345,0,0,0,0
71346,1679,555,0,86
71350,2963,1274,151,36
71351,7425,2573,80,304
71353,1131,469,0,27
71354,1279,7,0,80
71355,1692,384,0,1
71356,249,158,0,135
71357,590,804,0,45
71358,352,575,0,12
71359,292,70,0,23
71360,26768,6474,319,1052
71362,1730,45,0,44
71366,820,668,0,0
71367,1322,127,31,71
71368,580,604,0,28
71369,1390,681,0,8
71371,2050,0,0,25
71373,3999,1543,8,12
71375,316,696,34,84
71378,1368,775,0,15
71401,24,0,0,0
71403,3323,89,37,289
71404,524,118,7,0
71405,5225,222,61,103
71406,175,0,0,0
71407,1277,10,0,0
71409,3869,1479,8,114
71410,65,0,0,0
71411,1617,797,0,0
71414,9,318,0,0
71415,125,117,0,0
71416,636,215,0,12
71417,3347,1511,35,37
71418,3806,1453,7,48
71419,1422,5,28,105
71422,1517,135,0,0
71423,4120,161,0,20
71424,1398,0,0,0
71425,24,0,0,0
71426,75,61,0,0
71427,196,0,0,6
71428,0,0,0,0
71429,2344,343,1,36
71430,1818,170,1,730
71432,806,0,1,24
71433,2694,536,233,431
71434,45,0,0,0
71435,3154,387,0,34
71438,1140,0,0,14
71439,1990,0,0,3
71441,806,0,0,0
71446,16783,3190,496,1534
71447,882,0,0,43
71449,6497,1667,26,185
71450,554,27,0,218
71452,25,101,0,0
71454,1927,304,0,86
71455,205,0,0,0
71456,389,253,0,11
71457,11415,12670,182,506
71459,6396,1983,238,2297
71461,845,852,66,196
71462,782,40,3,205
71463,6611,1943,48,1096
71465,2966,308,0,86
71466,420,0,0,0
71467,6560,1399,39,1013
71468,498,5,0,0
71469,2431,103,0,141
71472,94,0,44,0
71473,456,0,0,2
71474,360,0,1,10
71475,14,0,0,0
71479,564,16,10,2
71480,700,432,0,50
71483,5469,3665,27,442
71485,2568,365,0,91
71486,2608,849,19,343
71497,631,597,27,134
71601,1753,11023,88,338
71602,9442,4905,260,705
71603,10404,19149,89,235
71630,285,225,0,0
71631,500,62,0,23
71635,7173,3055,19,235
71638,1265,1850,13,89
71639,2096,2993,25,527
71640,450,2036,0,155
71642,886,139,6,0
71643,1949,3122,0,308
71644,151,238,0,0
71646,5128,771,0,770
71647,1054,256,0,155
71651,46,1,0,0
71652,655,302,0,0
71653,2780,1616,13,401
71654,2322,1817,0,199
71655,9579,3899,125,598
71658,264,178,0,8
71659,0,10,0,0
71660,685,167,0,0
71661,59,105,0,6
71662,8,16,0,34
71663,430,138,0,145
71665,4455,523,0,0
71666,0,0,0,0
71667,5874,619,0,266
71670,748,306,0,49
71671,5218,2403,6,1496
71674,540,30,0,0
71675,970,588,0,43
71676,160,390,0,0
71677,13,72,0,0
71678,0,0,0,0
71701,10359,7031,8,752
71720,1288,863,0,63
71721,0,0,0,0
71722,26,14,0,0
71724,201,94,0,0
71725,52,168,0,3
71726,333,555,8,0
71728,21,0,0,0
71730,18318,9488,241,1458
71740,1151,429,0,83
71742,2184,2441,0,84
71743,2493,715,0,250
71744,2232,486,0,16
71745,63,78,0,0
71747,336,482,0,0
71748,74,0,0,0
71749,1945,868,0,152
71751,324,205,0,0
71752,376,273,0,0
71753,9899,5880,104,534
71758,184,10,0,0
71759,342,32,0,6
71762,2224,669,0,0
71763,1292,361,4,0
71764,704,660,0,0
71765,1097,1168,58,15
71766,454,139,0,0
71770,1910,1380,0,48
71772,19,0,0,0
71801,8276,4950,38,2436
71820,117,0,0,0
71822,5619,1402,27,237
71823,46,0,0,0
71825,338,54,0,51
71826,829,340,0,172
71827,461,239,13,3
71831,20,74,0,0
71832,5057,501,0,4813
71833,2046,16,0,4
71834,1333,281,0,0
71835,984,124,0,1
71836,2176,777,0,211
71837,4182,20,0,247
71838,586,520,0,0
71839,144,116,0,0
71841,633,0,1,35
71842,1234,18,43,545
71845,972,638,0,26
71846,2310,233,0,65
71847,143,102,0,0
71851,818,865,0,207
71852,6297,1815,104,1497
71853,200,22,0,18
71854,23563,10336,148,1358
71855,85,105,0,1
71857,3607,1786,0,342
71858,982,707,0,0
71859,279,17,0,0
71860,972,918,61,20
71861,1571,220,0,20
71862,241,441,0,9
71864,38,29,0,0
71865,132,37,0,16
71866,453,0,0,0
71901,23735,3932,253,2414
71909,17984,132,50,229
71913,38289,3924,441,3168
71921,3205,27,0,287
71922,138,57,0,4
71923,9689,3810,23,619
71929,4131,0,1,126
71933,1062,0,0,0
71935,583,5,0,5
71937,2081,0,0,31
71940,1221,74,4,23
71941,2208,3,1,27
71942,153,0,0,0
71943,3184,38,65,624
71944,699,0,0,157
71945,1107,13,0,51
71949,753,0,0,0
71950,719,0,20,0
71952,44,0,0,0
71953,12207,12,34,419
71956,1188,49,0,43
71957,2781,21,0,35
71958,1862,241,4,108
71959,805,0,0,0
71960,1139,27,0,20
71961,1180,0,7,118
71962,371,482,0,0
71964,4775,0,0,49
71965,230,0,0,27
71968,4397,36,3,347
71969,182,11,0,21
71970,653,0,0,12
71971,405,0,0,0
71972,313,0,0,17
71973,1150,0,0,613
71998,534,101,108,30
71999,386,65,9,18
72001,572,0,0,0
72002,14667,4819,18,1628
72003,737,44,0,148
72004,143,595,0,62
72005,42,0,0,0
72006,1287,806,0,18
72007,9940,108,147,548
72010,5268,21,0,308
72011,4481,33,0,451
72012,12082,194,47,422
72013,1776,0,0,0
72014,50,0,0,0
72015,23007,2846,69,973
72016,2825,10,7,190
72017,285,71,0,0
72019,25959,810,969,1726
72020,2876,7,3,23
72021,1899,1660,9,0
72022,13920,2830,332,374
72023,31817,1079,688,1570
72024,3620,311,0,0
72025,733,12,0,5
72026,61,196,0,0
72027,1070,52,0,0
72028,0,0,0,0
72029,1088,513,13,0
72030,452,199,0,29
72031,6571,39,7,317
72032,26809,5119,151,2320
72034,36197,8046,980,1636
72035,1385,449,54,127
72036,131,381,0,1
72038,79,8,0,0
72039,1867,253,0,14
72040,2159,193,0,63
72041,906,218,0,0
72042,4448,497,0,272
72044,1093,0,0,0
72045,1180,0,0,50
72046,2757,925,27,231
72047,688,0,0,5
72048,120,0,0,0
72051,457,0,0,0
72052,101,0,0,18
72053,0,0,0,0
72055,529,65,0,0
72057,1194,0,0,0
72058,17098,76,57,900
72059,13,0,0,0
72060,546,0,0,16
72061,117,0,0,0
72063,1844,5,0,0
72064,2264,375,17,36
72065,4847,678,35,144
72066,165,0,0,72
72067,2451,3,0,52
72068,672,0,2,32
72069,310,739,0,0
72070,1721,183,0,0
72072,276,7,0,1
72073,783,95,0,5
72074,129,0,0,0
72075,12,0,0,0
72076,20580,14272,796,2202
72079,384,29,0,0
72080,414,0,0,0
72081,7234,43,104,537
72082,1521,374,0,275
72083,111,96,0,29
72084,982,154,0,180
72085,213,0,9,0
72086,9676,1203,27,775
72087,1474,24,1,13
72088,2196,20,18,149
72099,369,167,51,127
72101,2708,468,0,12
72102,2378,64,3,212
72103,9232,2864,8,2419
72104,18642,3660,76,1096
72106,4974,248,22,84
72107,7,107,0,0
72108,0,0,0,0
72110,9234,1473,0,636
72111,1468,19,0,22
72112,7425,2008,73,476
72113,16661,6687,819,1229
72114,2368,7174,105,608
72116,16382,2572,255,930
72117,3585,9828,103,250
72118,11141,9469,22,2183
72119,0,0,0,0
72120,22463,8292,306,739
72121,2578,0,2,0
72122,1216,0,0,8
72123,216,66,0,0
72125,654,1,0,27
72126,3143,29,0,83
72127,1763,339,85,228
72128,723,6,0,6
72129,1260,116,0,9
72130,382,0,0,0
72131,3615,17,11,69
72132,3109,186,86,8
72133,16,0,0,0
72134,433,108,0,0
72135,2947,141,9,13
72136,2354,0,0,0
72137,2341,0,0,216
72139,282,1,0,2
72140,302,3,0,32
72141,517,0,0,0
72142,1468,580,0,59
72143,29494,2668,497,1706
72150,11332,294,62,371
72152,96,67,0,167
72153,3712,0,25,54
72156,497,0,0,0
72157,1093,59,0,39
72160,5242,3440,8,192
72165,121,0,0,0
72166,205,0,0,0
72167,1348,0,0,209
72168,816,1046,0,72
72169,76,0,0,0
72170,187,9,0,0
72173,9703,79,8,381
72175,49,343,0,3
72176,7862,182,104,288
72178,25,1,0,0
72179,388,2,0,0
72180,0,95,0,0
72181,5,0,0,0
72182,29,0,0,0
72183,343,355,0,42
72199,16,0,0,0
72201,582,81,26,15
72202,4359,4570,178,356
72204,6237,21278,202,2289
72205,14350,5667,544,508
72206,9946,10899,89,1172
72207,10080,1271,127,96
72209,7329,20122,36,8199
72210,7468,6127,128,492
72211,14831,5751,2029,996
72212,11146,1366,408,468
72223,17710,5043,2456,712
72227,7243,2690,58,546
72301,8088,15177,153,520
72311,50,4,0,2
72313,0,0,0,0
72315,10269,8818,111,796
72320,633,804,0,26
72322,34,25,0,0
72324,1753,41,5,18
72325,11,0,0,8
72326,1757,632,0,90
72327,710,400,0,129
72328,62,0,0,0
72329,0,0,0,0
72330,396,97,0,47
72331,563,1401,0,7
72332,7,117,0,0
72333,111,163,0,8
72335,5479,9977,25,804
72338,8,0,0,0
72339,15,115,0,0
72340,19,79,0,0
72341,95,89,0,5
72342,1287,2589,93,193
72346,198,77,0,114
72347,657,0,0,0
72348,1256,725,4,201
72350,567,379,0,0
72351,671,32,0,10
72352,3,3,0,0
72353,49,0,0,0
72354,1754,150,0,156
72355,931,1115,0,15
72358,737,659,0,177
72359,0,293,0,28
72360,1561,3494,0,81
72364,8469,5781,184,741
72365,1957,275,2,223
72366,914,1059,0,89
72367,0,0,0,0
72368,1124,152,16,130
72369,0,0,0,0
72370,2799,3759,37,470
72372,1207,365,0,21
72373,328,447,0,0
72374,485,75,0,0
72376,915,536,26,2
72377,31,0,0,0
72379,0,14,0,0
72383,54,0,0,0
72384,199,432,0,8
72386,1404,37,0,28
72387,0,0,0,0
72389,210,256,0,0
72390,1823,5003,0,58
72391,46,0,0,0
72392,297,224,0,26
72394,176,199,0,0
72395,959,231,5,12
72396,9144,2795,0,341
72401,26996,10768,439,3698
72404,22626,5065,692,1210
72405,13780,1707,172,443
72410,438,0,0,0
72411,2752,52,0,260
72412,483,0,0,0
72413,518,2,0,52
72414,257,0,0,52
72415,1269,0,0,0
72416,4977,210,0,66
72417,4956,77,21,60
72419,1569,0,0,49
72421,450,3,0,0
72422,4156,67,0,66
72424,58,0,0,0
72425,306,0,0,0
72426,179,0,11,0
72427,54,0,0,0
72428,107,0,0,0
72429,212,2,0,0
72430,417,0,0,1
72431,345,0,0,5
72432,5903,182,0,193
72433,2378,72,5,43
72434,1891,0,0,93
72435,223,0,0,4
72436,701,0,0,0
72437,3288,36,8,37
72438,2187,15,0,384
72440,184,0,0,10
72441,24,0,0,0
72442,4298,19,0,14
72443,2870,0,0,24
72444,1479,0,0,0
72445,41,0,0,0
72447,1881,9,13,100
72449,148,0,0,0
72450,36484,1144,197,1409
72453,136,0,6,0
72454,4515,31,0,33
72455,12109,234,70,275
72456,538,0,0,0
72457,228,0,0,0
72458,537,0,0,22
72459,1496,1,0,12
72460,677,0,0,0
72461,3382,0,0,12
72462,411,0,1,0
72464,11,0,0,0
72466,1081,0,4,36
72467,773,111,12,99
72469,983,25,1,16
72470,298,0,0,0
72471,1192,3,0,0
72472,7922,374,0,216
72473,1921,30,0,30
72476,6979,130,0,172
72478,160,22,0,0
72479,900,2,3,6
72482,1354,0,0,2
72501,22214,709,254,2519
72512,2120,13,1,62
72513,2497,24,0,44
72515,0,0,0,0
72517,80,0,0,0
72519,2178,226,2,136
72520,374,0,0,0
72521,5174,133,26,266
72522,331,0,0,0
72523,723,0,21,0
72524,307,0,0,0
72526,94,0,7,0
72527,491,0,0,0
72528,219,0,0,0
72529,4668,0,31,126
72530,1443,0,3,7
72531,750,0,0,0
72532,937,0,0,29
72533,268,0,0,0
72534,1550,0,0,0
72536,344,0,0,3
72537,574,0,0,0
72538,768,0,0,0
72539,124,0,0,0
72540,117,0,0,2
72542,3271,19,34,36
72543,12268,74,26,357
72544,712,0,0,10
72546,26,0,0,0
72550,675,0,0,0
72553,60,0,0,0
72554,2837,0,0,0
72555,275,0,0,0
72556,3733,10,2,92
72560,7082,17,47,246
72561,697,0,0,22
72562,2193,0,0,34
72564,362,4,0,9
72565,973,0,0,0
72566,445,0,0,33
72567,222,0,0,0
72568,1207,0,0,87
72569,573,0,0,0
72571,368,0,0,0
72572,359,0,0,15
72573,394,0,0,0
72576,3090,21,4,22
72577,870,0,0,11
72578,151,0,0,0
72579,1275,14,13,32
72581,864,0,0,8
72583,1972,0,0,4
72584,403,0,0,9
72585,282,0,0,0
72587,9,0,0,0
72601,28383,101,160,896
72611,1509,3,0,4
72615,36,0,0,0
72616,8318,86,239,2030
72617,443,0,0,0
72619,1683,0,53,95
72623,672,0,0,0
72624,336,0,0,0
72626,1308,0,0,4
72628,660,0,0,0
72629,360,0,0,0
72630,78,0,2,1
72631,3970,0,0,303
72632,3827,17,14,133
72633,2148,0,0,79
72634,4246,12,41,127
72635,3477,29,24,63
72636,4,0,0,0
72638,5019,0,87,1951
72639,615,29,0,11
72640,426,0,0,0
72641,2225,10,0,124
72642,1783,0,6,20
72644,2553,19,3,138
72645,1365,0,3,148
72648,458,0,0,0
72650,3498,4,18,80
72651,1200,0,77,0
72653,26614,71,118,935
72655,399,0,0,0
72658,1539,0,5,86
72660,409,0,6,0
72661,755,0,0,0
72662,2774,0,0,18
72663,314,0,0,3
72666,82,0,0,0
72668,473,0,0,0
72669,148,0,0,0
72670,129,0,0,8
72672,264,0,0,0
72675,1553,0,0,0
72677,716,0,7,0
72679,74,0,0,0
72680,753,0,0,0
72682,194,0,0,0
72683,389,0,0,0
72685,1220,0,0,0
72686,188,0,0,0
72687,6342,76,21,155
72701,37475,2761,1319,3742
72703,28198,1658,1314,2197
72704,23419,904,311,1987
72712,28148,1334,2709,3122
72713,15003,900,4959,2671
72714,11918,0,97,522
72715,14875,71,76,888
72717,701,0,0,267
72718,4022,0,83,439
72719,11872,926,409,1825
72721,395,0,0,0
72722,1450,88,133,311
72727,5492,16,28,377
72729,34,0,0,0
72730,8639,189,172,1007
72732,3990,28,14,560
72734,6257,0,159,1226
72736,6582,80,11,344
72738,1770,0,64,196
72739,359,0,0,0
72740,7902,8,103,682
72742,457,0,0,0
72744,3595,15,192,315
72745,8829,136,375,3637
72747,119,0,0,0
72749,395,1,0,3
72751,6518,297,81,774
72752,124,0,0,10
72753,8331,91,27,304
72756,29087,333,601,12789
72758,32930,641,1440,12557
72760,251,0,0,12
72761,15665,235,678,4731
72762,28205,738,1240,11065
72764,28484,2459,1662,24304
72768,1203,1,0,57
72769,761,0,147,142
72773,1248,0,0,0
72774,5680,42,172,405
72776,733,0,0,33
72801,13717,866,439,2675
72802,20079,572,111,2896
72821,2091,0,0,26
72823,5833,120,0,5
72824,1660,16,94,118
72826,7,0,0,0
72827,110,0,0,0
72828,87,0,0,0
72829,0,0,0,0
72830,13041,294,681,3097
72832,666,0,0,27
72833,2531,49,14,1456
72834,7317,344,105,2269
72835,663,0,0,70
72837,7589,70,0,386
72838,218,0,0,0
72839,587,0,0,0
72840,2045,73,74,324
72841,224,0,0,0
72842,827,31,9,255
72843,2082,0,0,18
72845,933,0,0,77
72846,3259,40,27,182
72847,3222,4,11,40
72851,716,0,0,0
72852,140,0,0,29
72853,2207,9,0,183
72854,475,10,0,0
72855,5288,60,240,184
72856,387,0,0,0
72857,1131,9,0,43
72858,2597,0,78,285
72860,101,0,0,0
72863,1518,51,58,17
72865,1208,16,11,9
72901,13334,2010,523,3603
72903,19613,1840,910,2375
72904,8103,2779,2039,9648
72905,0,0,0,0
72908,10477,304,1076,1316
72916,8846,398,779,660
72921,11407,280,13,557
72923,4025,123,403,466
72926,545,119,0,0
72927,7564,179,0,405
72928,542,0,63,33
72930,208,5,0,1
72932,1287,0,28,208
72933,4549,24,26,175
72934,989,0,0,0
72935,404,16,0,93
72936,12545,128,14,867
72937,2867,0,0,18
72938,967,0,55,17
72940,1620,5,123,19
72941,4557,50,4,226
72943,2430,30,33,44
72944,2387,23,16,111
72945,266,0,0,6
72946,3027,0,0,71
72947,2907,25,25,169
72948,193,0,0,0
72949,8719,67,26,243
72950,547,0,53,38
72951,623,0,46,17
72952,1901,0,0,52
72955,941,0,131,94
72956,29108,450,618,4050
72958,5573,0,10,766
72959,2742,0,67,88
73001,39,0,0,24
73002,921,11,13,18
73003,16349,2166,603,2124
73004,769,0,3,36
73005,3204,528,18,1197
73006,1559,20,0,49
73007,1923,58,24,69
73008,14976,1641,150,4072
73009,570,26,2,55
73010,17004,100,33,1032
73011,543,3,0,5
73012,31012,3638,3090,3183
73013,41091,5976,4141,2180
73014,1001,0,0,85
73015,1424,68,10,328
73016,2148,18,0,231
73017,1042,0,0,116
73018,15749,1096,98,1646
73019,0,0,0,0
73020,20352,1376,420,1480
73021,173,51,0,15
73022,0,0,0,0
73024,573,0,0,72
73025,14108,418,333,1171
73026,9270,139,33,357
73027,1104,81,0,23
73028,3267,25,0,92
73029,882,0,2,133
73030,3256,77,0,187
73031,36,0,0,0
73032,120,9,0,0
73033,275,1,0,327
73034,37968,1436,1403,3193
73036,14177,1310,106,3196
73038,1037,40,0,99
73040,974,27,0,129
73041,298,2,2,2
73042,661,7,0,73
73043,86,0,0,0
73044,19421,1638,132,1948
73045,9339,52,223,686
73047,4797,267,1,1500
73048,1996,45,0,195
73049,5369,404,6,718
73050,134,1403,0,60
73051,6696,764,64,801
73052,5134,12,44,551
73053,471,0,1,55
73054,3538,133,5,160
73055,8540,24,4,467
73056,547,0,0,41
73057,1931,5,0,57
73058,234,22,0,10
73059,2383,30,4,186
73061,1373,12,9,22
73062,897,4,0,49
73063,650,0,18,24
73064,21194,749,588,2337
73065,8084,155,0,648
73066,91,21,0,0
73067,1520,2,0,112
73068,10453,65,0,835
73069,19747,1089,929,3554
73070,130,22,0,23
73071,29888,3496,2012,3695
73072,37983,1764,3055,3690
73073,591,0,0,4
73074,884,1,21,120
73075,7395,312,59,1608
73077,5485,114,5,205
73078,10134,264,321,983
73079,542,0,26,50
73080,7937,84,55,1534
73082,2591,24,0,84
73084,1908,3304,27,745
73086,5971,76,0,723
73089,12071,16,83,858
73090,553,109,12,35
73092,637,20,3,31
73093,2962,3,18,326
73095,1540,49,0,122
73096,11120,384,247,1847
73097,128,0,0,44
73098,2949,120,0,371
73099,65248,2837,2525,7922
73102,2065,590,150,360
73103,4245,318,180,346
73104,2064,913,286,176
73105,2023,3032,317,267
73106,8290,895,701,3131
73107,16947,1302,667,9224
73108,7422,1254,53,9264
73109,10837,1848,150,11231
73110,19164,8040,442,2378
73111,1451,9120,20,475
73112,19602,4255,1384,5789
73114,7078,7560,247,3465
73115,11155,4283,382,2858
73116,7707,521,366,544
73117,1217,3978,111,479
73118,10390,836,497,1771
73119,16830,2128,38,18418
73120,21649,7088,663,1877
73121,1163,1654,58,309
73122,7327,1860,315,3590
73127,13899,3668,582,9539
73128,3623,520,1128,970
73129,9624,1848,370,12033
73130,13786,3821,379,1383
73131,2828,190,18,244
73132,16035,5408,1454,4297
73134,3620,1211,507,785
73135,9973,6193,1421,4048
73139,10637,1695,471,5917
73141,1003,1201,12,342
73142,10794,1954,1421,970
73145,2603,349,70,329
73149,3302,340,364,2329
73150,4494,203,72,337
73151,1834,74,99,107
73159,19200,2785,1741,9030
73160,45382,3233,1709,7137
73162,19224,4500,1770,1492
73165,6004,547,164,787
73169,2497,94,53,840
73170,28915,1984,3828,3954
73173,3248,90,119,507
73179,4217,477,707,1200
73401,24535,2529,602,3487
73425,32,0,0,46
73430,1126,43,0,107
73432,705,7,0,37
73433,1991,24,0,136
73434,454,0,0,1
73435,53,0,0,0
73436,89,7,0,6
73437,57,0,0,0
73438,2302,28,0,200
73439,5232,30,9,315
73440,98,0,0,64
73441,112,0,0,1
73442,212,0,0,15
73443,2259,128,37,193
73444,102,27,0,0
73446,5184,124,31,2525
73447,791,0,0,142
73448,4028,149,8,1538
73449,2199,34,1,141
73450,861,22,2,23
73453,491,2,0,33
73455,405,0,0,7
73456,1314,0,1,100
73458,778,26,0,40
73459,1257,11,45,66
73460,2802,150,0,346
73461,527,49,0,31
73463,3358,10,0,119
73481,838,43,0,15
73487,14,153,0,0
73488,14,0,0,0
73491,559,0,0,51
73501,10517,4468,485,2927
73503,7332,1847,436,2415
73505,25800,9277,1522,7279
73507,13006,3001,326,2795
73520,75,7,0,3
73521,14786,1473,370,5505
73523,85,63,6,6
73526,1547,17,0,175
73527,3567,138,79,610
73528,545,1,2,19
73529,3844,22,10,220
73530,322,4,0,91
73531,288,21,0,0
73532,368,7,0,44
73533,21844,673,193,2920
73537,385,11,0,142
73538,5076,88,73,773
73539,131,0,0,29
73540,218,0,2,9
73541,2981,61,25,119
73542,2599,381,31,1320
73543,1552,50,11,207
73544,241,3,0,39
73546,725,55,0,296
73547,1118,190,6,120
73548,342,0,22,0
73549,297,0,0,2
73550,1316,246,6,755
73551,47,0,0,0
73552,1002,7,7,84
73553,10,0,0,0
73554,2958,124,0,525
73555,144,31,0,30
73556,78,0,0,47
73557,184,0,0,1
73559,343,5,0,63
73560,621,1,0,356
73562,643,0,0,171
73564,341,9,0,53
73565,710,58,0,166
73566,1221,6,5,186
73567,726,0,8,39
73568,773,67,0,127
73569,338,4,0,100
73570,639,37,0,269
73571,69,0,0,0
73572,2322,11,4,211
73573,1945,33,0,256
73601,5458,527,107,3163
73620,1423,15,0,186
73622,253,0,0,50
73624,1608,63,6,369
73625,352,0,0,30
73626,865,6,0,133
73627,420,0,0,3
73628,1354,3,5,184
73632,2825,35,1,200
73638,171,0,0,0
73639,656,3,0,69
73641,474,0,0,13
73642,118,0,0,4
73644,11785,349,113,2561
73645,871,4,0,122
73646,247,0,0,16
73647,622,0,9,22
73650,664,0,6,104
73651,3228,258,25,628
73654,774,0,0,51
73655,707,23,0,39
73658,201,1,0,6
73659,191,0,0,57
73660,362,0,0,22
73661,661,0,0,6
73662,5388,1069,26,906
73663,958,0,0,79
73664,865,3,0,216
73666,356,0,0,24
73667,418,2,0,5
73668,16,0,0,0
73669,1337,0,0,122
73673,375,0,0,35
73701,17090,490,114,5817
73703,24438,706,643,2371
73705,182,70,0,90
73716,452,0,0,31
73717,6200,266,13,605
73718,475,0,0,47
73719,101,0,0,0
73720,109,0,0,0
73722,331,0,38,4
73724,591,0,4,78
73726,331,0,0,27
73727,85,0,5,16
73728,1603,19,1,194
73729,574,0,0,8
73730,630,0,0,14
73731,96,0,0,0
73733,170,0,0,25
73734,485,3,0,80
73735,579,9,0,111
73736,547,11,0,21
73737,3022,2,27,324
73738,870,17,0,45
73739,404,0,0,13
73741,1002,182,0,96
73742,3061,8,14,1141
73743,67,0,0,0
73744,137,0,0,6
73746,5,0,0,0
73747,197,0,0,0
73749,524,0,0,24
73750,5896,71,214,1013
73753,428,1,0,4
73754,1073,11,3,38
73755,679,2,0,17
73756,274,0,0,46
73757,161,0,0,0
73758,190,0,5,4
73759,1080,52,3,63
73760,362,0,0,46
73761,209,3,0,6
73762,1948,1,4,179
73763,1370,0,0,152
73764,240,0,0,0
73766,1124,15,0,32
73768,1161,0,9,343
73770,17,0,0,0
73771,339,0,0,61
73772,2530,363,0,832
73773,1591,0,1,57
73801,13342,103,58,2462
73832,860,1,18,72
73834,1311,0,0,421
73835,258,0,0,3
73838,491,0,1,12
73840,458,0,0,93
73841,771,199,3,133
73842,383,4,2,5
73843,708,0,0,17
73844,247,6,0,97
73848,1182,0,0,403
73851,143,0,0,5
73852,1875,6,9,157
73853,468,0,0,36
73855,126,0,0,21
73857,763,14,12,28
73858,1367,8,17,148
73859,1254,0,0,115
73860,941,0,0,38
73901,114,0,0,164
73931,461,0,6,11
73932,1528,14,0,508
73933,1241,3,0,483
73937,187,0,0,16
73938,533,0,0,102
73939,1137,47,40,268
73942,7116,1221,205,7224
73944,127,0,4,333
73945,1666,32,8,812
73946,28,0,0,0
73947,510,0,0,51
73949,1115,0,0,463
73950,895,0,0,651
73951,625,0,0,738
73960,7,0,0,0
74001,170,0,0,2
74002,1264,7,0,68
74003,10019,692,93,1048
74006,20867,667,850,1640
74008,23702,395,671,2448
74010,8071,357,5,302
74011,24332,1249,865,2788
74012,44761,4402,3431,6154
74014,29944,1453,1556,3911
74015,5608,73,160,835
74016,3624,3,60,130
74017,20232,371,280,1799
74019,14890,157,225,978
74020,5831,40,20,401
74021,16354,232,923,973
74022,1300,6,12,142
74023,9553,542,8,804
74026,702,18,0,58
74027,600,24,0,9
74028,1211,24,0,40
74029,3761,8,64,402
74030,2448,60,0,41
74032,1524,11,0,36
74033,8838,469,524,1210
74034,64,0,0,5
74035,2244,357,0,251
74036,5856,54,68,304
74037,16108,757,2691,1864
74038,1718,0,0,32
74039,3187,4,3,172
74041,1913,10,91,263
74042,172,13,0,8
74044,6046,103,9,496
74045,222,0,0,0
74046,157,0,0,0
74047,5861,108,16,658
74048,3568,63,42,273
74050,368,0,0,16
74051,1221,7,2,71
74052,849,0,0,14
74053,3815,28,168,162
74054,522,0,4,33
74055,35880,1549,1263,3335
74056,2857,52,17,226
74058,2637,36,32,90
74059,5089,192,33,173
74060,294,0,2,3
74061,1664,8,13,170
74062,698,4,5,39
74063,24240,493,184,1602
74066,23539,771,285,1776
74068,41,0,0,0
74070,11349,10,61,509
74071,104,3,0,0
74072,1117,19,0,28
74073,3806,126,241,250
74074,25496,1280,1248,1516
74075,18837,1027,2034,1429
74077,1204,105,11,99
74078,297,9,26,15
74079,3811,85,7,204
74080,2159,0,70,64
74081,1639,0,0,28
74082,206,0,0,12
74083,706,19,0,38
74084,302,0,0,12
74085,2117,0,12,127
74103,1411,500,0,223
74104,9085,839,392,1418
74105,19610,2145,403,1548
74106,3120,9576,15,1769
74107,12742,1575,156,2086
74108,4095,584,637,1659
74110,5203,3588,69,5305
74112,14841,2112,240,3890
74114,14390,319,179,894
74115,10947,3289,46,8583
74116,1520,292,119,937
74117,25,0,0,0
74119,2538,251,102,160
74120,4006,179,113,600
74126,2787,4997,215,1283
74127,8197,4498,61,1267
74128,8260,1386,440,4944
74129,10765,3356,469,5953
74130,590,537,67,474
74131,1807,47,0,159
74132,7808,381,557,660
74133,31631,5351,3463,4806
74134,12257,2522,1450,5052
74135,14368,1241,564,1623
74136,19315,4961,2077,3038
74137,22328,1199,1604,1546
74145,11240,2467,558,4338
74146,8219,2368,380,8293
74171,1297,429,109,301
74301,6654,467,172,559
74330,1802,0,0,50
74331,5098,0,70,125
74332,1224,5,58,81
74333,587,1,12,21
74337,3268,28,7,176
74338,2732,20,98,254
74339,1295,20,5,575
74340,125,0,0,5
74342,1289,0,76,49
74343,2101,9,18,64
74344,11000,108,42,761
74346,4178,6,189,383
74347,1676,14,73,119
74349,694,0,0,14
74350,461,2,10,50
74352,2796,27,21,183
74354,10988,311,124,925
74358,150,1,2,24
74359,63,16,11,0
74360,9,0,0,0
74361,11566,62,93,1021
74363,1761,5,30,65
74364,969,1,33,36
74365,1912,9,3,92
74366,924,0,0,13
74367,453,0,0,0
74368,58,0,0,0
74369,1237,18,0,55
74370,2505,10,16,167
74401,7345,4070,95,951
74403,16904,1671,237,2805
74421,3052,272,26,249
74422,610,244,0,17
74423,526,4,0,42
74425,751,16,0,94
74426,5858,255,131,450
74427,1021,7,7,0
74428,498,0,0,0
74429,11868,484,57,808
74430,577,0,2,16
74431,520,0,0,34
74432,7720,168,23,116
74434,5057,115,100,322
74435,2007,8,12,62
74436,3782,286,52,199
74437,6034,276,12,430
74438,212,0,0,4
74441,2812,56,70,351
74442,540,0,6,37
74445,1933,24,3,40
74446,238,15,0,23
74447,8511,2098,143,605
74450,980,18,8,101
74451,1995,4,0,95
74452,119,9,0,7
74454,2156,153,3,214
74455,2142,17,11,133
74456,53,49,0,11
74457,135,0,0,0
74458,35,33,0,4
74459,19,34,0,0
74460,331,0,0,0
74462,4974,15,43,490
74463,1080,272,11,353
74464,14092,435,293,3167
74467,9516,632,14,502
74468,244,0,0,3
74469,1250,31,4,54
74470,871,0,33,6
74471,692,10,15,41
74472,482,0,0,15
74477,9,0,0,0
74501,20276,919,154,1822
74521,32,0,0,8
74522,107,1,0,15
74523,3933,82,35,269
74525,7047,407,100,469
74528,85,5,0,6
74530,161,0,0,24
74531,750,16,0,80
74533,740,0,0,18
74534,125,0,0,0
74535,66,0,0,0
74536,995,11,0,42
74538,2536,13,25,233
74540,75,0,6,11
74543,318,0,7,18
74546,325,0,3,30
74547,1878,36,29,155
74549,83,0,0,38
74552,643,29,13,15
74553,825,20,0,36
74554,1366,9,0,115
74555,416,0,0,12
74556,228,0,0,0
74557,599,0,4,5
74558,285,11,0,4
74560,304,0,0,10
74561,1231,14,0,91
74562,447,17,1,19
74563,1192,25,0,78
74565,329,0,0,21
74567,40,0,0,0
74569,369,50,0,5
74570,892,0,5,38
74571,2043,30,131,96
74572,585,0,0,41
74574,782,4,0,100
74576,104,0,0,7
74577,152,0,0,0
74578,3635,66,11,352
74601,12976,704,171,1977
74604,10202,90,69,494
74630,571,3,0,14
74631,5757,64,0,1066
74632,547,1,0,3
74633,540,0,0,2
74636,206,23,0,4
74637,975,53,4,29
74640,212,0,0,5
74641,451,2,1,27
74643,454,0,0,72
74644,303,0,2,99
74646,262,0,1,0
74647,2557,0,18,137
74650,355,2,0,24
74651,354,0,2,29
74652,669,6,0,5
74653,2706,25,19,295
74701,18165,643,244,2243
74720,330,6,0,16
74721,0,0,0,0
74722,153,0,0,0
74723,926,2,18,49
74724,72,0,0,3
74726,1375,0,0,42
74727,1308,61,11,100
74728,6847,626,19,949
74729,1939,1,0,68
74730,3896,116,25,406
74731,1195,0,7,35
74733,2485,168,8,160
74734,560,23,0,55
74735,1417,26,9,21
74736,501,7,120,16
74737,29,0,0,0
74738,212,108,0,0
74740,1194,186,11,72
74741,725,25,0,44
74743,4488,1182,15,591
74745,5714,1338,88,766
74747,331,7,0,8
74748,597,5,11,17
74750,138,5,0,2
74753,40,0,0,0
74754,448,106,0,0
74755,99,0,0,0
74756,481,9,4,5
74759,710,7,7,34
74760,49,0,0,0
74761,44,0,0,4
74764,2408,88,95,140
74766,658,43,0,47
74801,15383,969,100,1537
74804,15863,833,211,1243
74820,20124,916,316,1924
74824,1274,5,0,85
74825,1274,0,5,57
74826,1031,6,0,91
74827,243,2,0,20
74829,689,496,0,33
74830,99,4,0,47
74831,536,3,14,41
74832,721,2,0,81
74833,353,31,0,6
74834,6026,309,84,135
74836,226,0,0,0
74837,79,0,0,5
74839,432,48,0,34
74840,1369,43,3,38
74842,159,0,0,0
74843,278,0,0,0
74844,237,0,2,10
74845,147,20,7,14
74848,4993,436,58,593
74849,1918,41,0,158
74850,195,0,0,29
74851,8049,419,92,545
74852,1193,0,25,103
74854,1371,3,0,124
74855,3388,62,49,187
74856,588,0,0,27
74857,8152,165,28,366
74859,3887,76,10,267
74860,1217,0,41,60
74864,4013,15,17,215
74865,1559,0,0,207
74866,51,0,0,6
74867,360,22,1,27
74868,8408,442,47,712
74869,459,7,2,45
74871,1632,18,7,86
74872,2296,15,0,131
74873,8668,130,43,400
74875,877,3,0,42
74878,1392,3,0,43
74880,1225,154,26,107
74881,4585,52,3,250
74883,1159,43,0,64
74884,3203,474,3,323
74901,1585,10,0,63
74902,3214,52,28,164
74930,1184,1,26,23
74931,453,0,0,37
74932,1850,0,0,118
74935,83,0,1,4
74936,906,25,0,75
74937,3459,51,9,1087
74939,754,325,0,47
74940,1876,20,0,236
74941,1818,6,49,58
74942,107,0,0,1
74943,89,0,0,16
74944,787,9,0,24
74945,52,0,0,0
74946,33,15,0,0
74947,93,0,6,0
74948,7460,73,149,570
74949,128,0,0,8
74951,958,5,29,43
74953,9223,95,69,1481
74954,3328,266,32,150
74955,9091,142,85,821
74956,1534,40,87,29
74957,538,0,20,10
74959,4344,298,99,259
74960,3619,41,66,913
74962,2411,171,0,275
74963,371,0,7,0
74964,1277,20,83,178
74965,2786,11,123,400
74966,2548,5,0,58
75001,9243,2949,1226,4523
75002,45714,9462,7663,9392
75006,31228,4361,3409,23200
75007,30318,4460,8755,14992
75009,21012,1554,1528,4671
75010,14963,4988,8497,4674
75013,25684,3326,13920,4276
75019,24246,2387,13956,6257
75020,20020,1591,79,2619
75021,7921,287,131,878
75022,19275,759,4253,3658
75023,31920,4436,6526,7701
75024,19137,4123,15992,3354
75025,24467,5335,19356,5374
75028,35554,1716,5683,5078
75032,28371,3186,981,6180
75033,29928,5339,6014,6515
75034,29098,4555,9028,7112
75035,37307,7423,29134,10524
75036,17929,2567,8815,3245
75038,9849,10693,9524,5736
75039,8639,2719,7962,3341
75040,27637,7883,7697,31195
75041,14975,1860,813,22244
75042,15851,5015,5593,20098
75043,27875,14692,4281,22586
75044,20894,8490,8187,12380
75048,16073,3401,5318,2740
75050,20201,8499,732,24719
75051,17508,5090,876,28009
75052,33405,26728,9248,37329
75054,6574,5903,2573,2639
75056,37703,6414,10780,12746
75057,10550,2004,428,7562
75058,3033,43,9,646
75060,21501,2258,3189,33763
75061,24699,4594,2473,39733
75062,22006,7602,7563,26170
75063,9816,5831,26082,3227
75065,10591,450,295,3455
75067,36411,9764,7404,21657
75068,35822,13037,7053,14886
75069,28950,4218,919,12029
75070,33377,7739,10994,7620
75071,42848,8529,6289,10716
75072,38640,4265,6127,6431
75074,27246,5513,6834,18165
75075,25778,2359,4972,5310
75076,7630,0,87,348
75077,29232,2820,3080,4950
75078,27848,2960,4992,4165
75080,32634,4535,6347,11090
75081,20501,7546,4637,6579
75082,16527,2748,7288,2571
75087,30837,1906,1628,6829
75088,18427,4359,1094,5459
75089,17517,9473,3361,7759
75090,17633,3078,299,8527
75092,21491,1667,958,2371
75093,29424,3852,9177,4381
75094,11078,2161,8856,673
75098,41026,7826,6450,11963
75101,363,164,0,245
75102,1552,32,9,281
75103,14978,209,90,1375
75104,15607,24791,945,12918
75105,122,32,0,2
75109,3592,58,4,877
75110,17434,4565,316,11063
75114,5176,389,34,2100
75115,9988,37499,517,10345
75116,8469,5313,496,9396
75117,4068,209,30,382
75119,21220,2536,82,12364
75124,5462,59,13,625
75125,3408,640,2,4313
75126,39437,15812,2114,14362
75127,1685,5,18,73
75132,0,0,0,0
75134,3456,13387,47,5043
75135,6441,520,64,1664
75137,7785,7611,185,7551
75140,7078,42,17,1933
75141,1196,2049,0,2115
75142,16342,993,1,8687
75143,13398,79,58,1900
75144,2501,852,0,430
75146,4573,16419,246,4554
75147,7289,161,29,986
75148,4859,561,5,573
75149,27587,14453,684,27890
75150,31284,13353,1861,30368
75152,4674,110,13,2053
75153,564,0,0,4
75154,24793,14979,458,11706
75155,1939,231,0,1796
75156,14853,307,82,1443
75157,164,13,0,13
75158,5337,170,0,842
75159,13185,3257,216,10837
75160,15779,4762,30,8106
75161,5194,166,0,1257
75163,1867,315,0,201
75164,390,12,0,16
75165,33468,7203,339,12252
75166,3862,846,159,1033
75167,9832,1196,234,2655
75169,13560,717,0,2043
75172,2237,1568,0,2579
75173,6881,302,112,2611
75180,10579,7843,20,14683
75181,10457,9451,1174,10300
75182,4762,994,1574,525
75189,27663,3439,683,9282
75201,12397,2288,1287,2557
75202,1701,231,107,496
75203,7135,5614,133,9023
75204,20703,4367,2107,6442
75205,21132,441,1329,2320
75206,26862,3603,3588,5776
75207,3724,2609,233,1917
75208,19225,1830,319,17476
75209,10922,1621,447,1831
75210,2411,4549,117,3865
75211,38657,6879,643,58116
75212,11634,6878,521,18396
75214,27141,2384,638,5803
75215,4024,12066,28,4297
75216,13321,27699,153,25245
75217,39313,15505,519,65473
75218,16780,1226,138,6057
75219,15953,2905,2465,4720
75220,19257,1646,782,28196
75223,7422,1593,284,8636
75224,16716,9345,147,22870
75225,20401,110,659,728
75226,2885,1225,124,1566
75227,21775,16138,539,36401
75228,32760,13181,1184,38517
75229,21501,632,1752,12760
75230,20680,2085,1032,3059
75231,14915,9545,3588,13998
75232,8007,16687,18,14508
75233,6608,4808,98,9203
75234,21740,2342,2883,17470
75235,10972,2749,1653,8800
75236,4961,7763,233,8143
75237,1751,15462,24,3519
75238,19335,5461,1596,7352
75240,8469,4909,510,15241
75241,5264,21797,204,8678
75243,18691,28639,4901,13306
75244,8361,1122,1202,2448
75246,1212,542,65,733
75247,380,436,0,232
75248,25359,3650,1888,6249
75249,4169,8851,592,6972
75251,1801,1620,129,556
75252,15397,3245,5192,3996
75253,12875,3266,258,16982
75254,10933,5315,1589,8131
75261,0,0,0,0
75270,0,0,0,0
75287,24572,12847,4120,14954
75390,0,0,0,0
75401,13168,2754,64,6540
75402,16041,1772,334,2552
75407,17953,3825,980,8088
75409,17251,3208,282,4828
75410,3819,29,2,125
75411,803,0,0,110
75412,502,8,0,16
75413,165,15,0,0
75414,3053,0,49,250
75415,293,0,0,0
75416,2581,54,0,159
75417,1980,20,30,329
75418,11855,1371,81,2607
75420,1264,0,0,211
75421,737,76,0,62
75422,2510,44,50,158
75423,2598,6,0,419
75424,2962,2,3,786
75426,1927,1632,0,199
75428,7036,2062,279,2070
75429,0,0,0,0
75431,1599,20,12,740
75432,2674,330,19,73
75433,2738,115,6,225
75434,0,0,0,0
75435,981,35,0,35
75436,2173,80,0,56
75437,1093,0,0,56
75438,1003,11,0,26
75439,936,24,4,67
75440,6534,193,84,361
75441,90,0,0,0
75442,8539,576,31,1594
75446,3046,292,0,425
75447,1100,1,17,66
75448,559,123,0,322
75449,793,237,0,41
75450,338,0,0,99
75451,1241,109,1,246
75452,4244,89,48,932
75453,3012,5,2,500
75454,12183,2086,950,1849
75455,16172,2731,412,12165
75457,4558,474,0,1208
75459,4579,185,2,1086
75460,16354,5467,230,2797
75462,9351,518,207,839
75468,1085,0,0,28
75469,300,9,0,12
75470,129,32,0,0
75471,1123,4,53,675
75472,3558,132,15,551
75473,3389,21,0,229
75474,14449,190,288,2805
75475,19,0,0,0
75476,1082,0,0,31
75477,1072,96,0,42
75478,777,18,0,134
75479,1845,12,32,186
75480,1525,0,0,206
75481,357,0,10,0
75482,20164,2552,233,4502
75486,2283,81,6,75
75487,1068,104,0,410
75488,862,0,0,17
75489,797,7,0,85
75490,2470,110,0,246
75491,4384,147,7,395
75492,332,8,0,0
75493,275,13,0,574
75494,9910,93,120,1206
75495,7705,292,28,1837
75496,3132,111,0,324
75497,3624,0,74,30
75501,20291,11744,244,2999
75503,18476,6323,860,1763
75550,495,64,0,59
75551,7887,1798,651,706
75554,2312,40,8,243
75555,1450,20,38,11
75556,1153,24,3,90
75558,1670,18,0,588
75559,4168,835,17,596
75560,833,146,0,53
75561,4077,581,24,506
75562,89,0,0,0
75563,3169,616,3,97
75564,22,0,0,0
75565,210,0,0,0
75566,477,170,2,24
75567,3417,249,92,60
75568,2072,324,36,353
75569,1497,1762,4,325
75570,8061,1940,9,1260
75571,1692,703,0,310
75572,2488,556,47,15
75573,192,0,0,0
75574,1380,0,0,12
75601,10239,2503,290,3214
75602,9780,6608,204,7600
75603,3450,2066,2,861
75604,21390,5435,276,6054
75605,25269,5048,623,2122
75630,2221,252,0,134
75631,2231,247,0,185
75633,9583,1632,142,1740
75638,3182,1217,81,603
75639,1644,516,0,83
75640,4910,163,18,211
75641,30,69,0,13
75642,71,0,0,0
75643,1946,38,0,80
75644,10210,1376,11,1240
75645,8861,481,86,885
75647,10569,1424,98,1538
75650,7953,594,63,1050
75651,1880,235,21,50
75652,8458,3119,125,2407
75654,9499,1331,17,3319
75656,3662,616,0,475
75657,4620,1687,58,297
75658,26,0,0,0
75659,0,0,0,0
75661,2058,481,0,964
75662,16838,3156,134,5181
75667,850,353,0,149
75668,1572,787,0,68
75669,821,194,0,0
75670,8030,7364,150,4015
75671,0,0,0,0
75672,10522,3794,107,2105
75680,0,0,0,0
75681,1869,567,0,122
75682,573,6,2,61
75683,3258,297,0,428
75684,5533,1099,5,1600
75686,8464,2011,90,3611
75687,0,0,0,0
75689,188,0,0,0
75691,3288,647,3,612
75692,3909,623,14,180
75693,4720,320,1,1052
75694,0,0,0,0
75701,23478,7461,662,5960
75702,12420,10921,48,13077
75703,31699,6975,1871,4042
75704,5818,2615,105,1524
75705,1191,1126,0,76
75706,7489,1507,45,5229
75707,12513,1442,472,2083
75708,7543,899,170,6080
75709,3685,936,82,1420
75711,75,56,0,34
75750,2954,65,16,26
75751,12315,2240,344,4258
75752,6109,473,20,1348
75754,6874,22,135,771
75755,4124,637,15,562
75756,3860,83,0,317
75757,11708,205,21,1939
75758,7888,195,26,1460
75759,30,59,0,63
75760,1836,155,6,94
75762,10690,1833,62,2189
75763,5321,242,22,507
75764,101,0,0,48
75765,6404,1099,10,498
75766,17754,3207,168,8482
75770,2063,365,34,97
75771,18712,1229,267,2120
75773,12042,538,27,2088
75778,1789,406,1,135
75779,11,0,0,11
75780,166,0,0,336
75782,71,0,0,13
75783,6843,87,8,1042
75784,467,288,0,108
75785,7319,2278,80,1354
75788,43,0,0,0
75789,6143,1016,24,1058
75790,3253,101,0,766
75791,13303,481,62,1046
75792,1853,987,0,739
75801,8951,5116,52,2793
75803,14538,2868,247,4733
75831,3982,628,0,719
75833,2000,558,14,437
75835,7262,3124,69,1497
75838,299,0,0,0
75839,5081,415,36,498
75840,5013,757,0,876
75844,3737,964,0,382
75845,2090,139,0,202
75846,2328,61,0,598
75847,1410,142,0,7
75848,82,11,0,0
75849,95,1,0,20
75850,1202,0,1,382
75851,2543,1144,7,814
75852,1459,1034,13,797
75853,823,192,0,106
75855,2100,372,39,88
75856,211,0,0,0
75858,49,0,0,0
75859,2257,148,0,302
75860,3639,1046,23,1959
75861,997,82,25,149
75862,7794,904,17,1259
75865,0,0,0,0
75884,1758,1225,0,1148
75886,1089,1200,7,858
75901,18559,3019,573,9696
75903,54,82,0,25
75904,23603,5756,160,6015
75925,2079,682,0,707
75926,1083,121,0,130
75928,297,676,0,0
75929,1341,0,0,0
75930,1957,0,0,72
75931,1900,37,8,79
75932,1162,173,0,14
75933,1089,135,83,5
75934,74,68,0,74
75935,7834,1955,92,2825
75936,796,103,0,39
75937,1008,217,5,89
75938,2160,18,46,82
75939,3512,722,64,1428
75941,5002,1600,66,3381
75942,162,0,0,0
75943,1226,101,23,63
75944,821,13,3,15
75946,3224,549,0,150
75948,4434,253,165,495
75949,7920,152,7,166
75951,9529,4085,103,998
75954,2384,112,4,572
75956,5639,992,0,465
75959,927,0,0,0
75960,479,37,0,302
75961,8353,4866,35,2405
75962,2437,472,109,787
75964,12872,3159,202,7166
75965,13043,2249,253,2471
75966,3373,879,2,446
75968,1877,181,0,14
75969,3758,315,3,597
75972,3651,1827,3,638
75973,2502,413,0,116
75974,1529,781,0,551
75975,2771,801,17,558
75976,941,129,0,59
75977,175,280,0,13
75979,8449,2019,80,1194
75980,2432,0,19,13
76001,20080,9479,1836,7811
76002,11715,11778,4153,7106
76005,2518,491,1525,399
76006,9259,9682,1421,5569
76008,20621,234,209,2519
76009,15597,759,46,7789
76010,17626,9911,2558,34238
76011,9308,7748,495,8481
76012,16848,3973,687,8543
76013,23057,5061,2806,6016
76014,9771,8453,2816,13714
76015,8792,3587,1066,4753
76016,21369,3593,1620,4887
76017,26844,9853,2969,8065
76018,11296,6536,5051,8805
76020,28542,342,159,5553
76021,24611,2988,2071,5385
76022,8476,2872,1023,3423
76023,6720,22,0,630
76028,60819,4297,1229,15118
76031,15540,578,88,4963
76033,21318,1385,211,6556
76034,20571,998,1944,2084
76035,2418,352,14,236
76036,17628,6338,581,8806
76039,21413,6620,5439,7068
76040,13761,6961,4221,6875
76041,728,0,0,417
76043,5636,123,50,1660
76044,6345,382,194,1486
76048,23234,313,206,4307
76049,26931,68,320,3232
76050,6880,64,0,914
76051,36629,3265,3348,9917
76052,19704,2986,363,4568
76053,19844,3912,1359,9047
76054,9105,525,887,1564
76055,2651,183,0,1084
76058,18339,177,24,4644
76059,4359,125,201,1829
76060,5798,1175,499,1555
76061,59,0,0,0
76063,49168,17125,3403,13927
76064,1410,1,0,629
76065,32843,3926,201,7748
76066,3845,0,9,965
76067,16738,748,313,4922
76070,766,0,0,0
76071,3840,191,24,857
76073,6412,39,4,861
76077,678,59,0,22
76078,7536,108,37,2369
76082,20636,145,141,3491
76084,7984,1144,360,3033
76085,10308,31,89,1232
76086,18171,873,438,3584
76087,27924,356,239,4179
76088,13418,6,84,1991
76092,23644,417,5305,2758
76093,3246,0,0,549
76102,7490,2355,261,2685
76103,6639,3345,110,9611
76104,7229,5591,540,8694
76105,4319,7853,88,13444
76106,12004,3376,401,30079
76107,20879,4082,1062,6485
76108,30817,2938,882,12979
76109,20537,1306,1664,2637
76110,19406,539,401,21505
76111,11374,806,645,14818
76112,13058,18590,1220,13815
76114,17536,515,183,16120
76115,8541,2301,1350,15215
76116,31003,9612,878,13315
76117,17149,2291,2696,15091
76118,11468,1382,1119,3640
76119,13171,19790,1096,25309
76120,6755,9147,707,4257
76123,15125,16295,2892,10876
76126,19828,595,393,5371
76127,1349,125,14,489
76129,1149,297,135,188
76131,28086,7831,5227,13218
76132,16499,4723,2095,4928
76133,29144,11836,1773,20539
76134,11846,9071,1326,12582
76135,14360,948,94,5363
76137,33432,7398,6511,14690
76140,12446,10746,600,12322
76148,16802,1393,1425,6937
76155,2133,2646,761,1572
76164,5213,242,9,12805
76177,13494,2525,1805,4494
76179,50107,7065,2375,22928
76180,25836,3237,1417,8431
76182,24529,1212,1055,4757
76201,19146,3763,1770,5052
76203,385,278,212,160
76205,13221,3077,677,5636
76207,12266,1149,221,3712
76208,18618,2732,861,8152
76209,19079,3066,454,8382
76210,31855,4174,1359,8674
76225,2992,6,0,154
76226,31294,1191,1782,3452
76227,33440,7794,1124,7753
76228,1166,18,0,57
76230,8944,118,0,1185
76233,2824,18,0,481
76234,16362,230,111,5697
76238,453,0,0,0
76239,1119,20,0,18
76240,23437,1327,317,6542
76241,10,0,0,0
76244,51865,7034,6044,13760
76245,1680,19,69,82
76247,12790,863,170,2843
76248,33729,1165,2397,4113
76249,7934,204,81,1242
76250,806,0,0,13
76251,661,7,0,14
76252,2644,0,30,116
76253,219,0,0,42
76255,5037,0,0,782
76258,5900,251,10,1910
76259,5017,100,50,743
76261,137,0,0,9
76262,30934,1958,2929,6371
76263,20,0,0,0
76264,1030,0,21,40
76265,1617,0,0,72
76266,15572,734,254,3532
76267,64,0,0,24
76268,91,0,0,38
76270,1933,14,0,268
76271,1847,0,9,138
76272,4377,9,6,1081
76273,9276,137,302,899
76301,9456,3238,134,5544
76302,8488,973,542,2386
76305,4033,76,115,431
76306,10100,2048,350,2999
76308,16604,1735,236,3251
76309,10392,1088,478,3766
76310,15904,1125,869,2881
76311,4897,1069,208,1135
76351,1544,9,0,110
76354,10488,170,52,1794
76357,450,0,0,11
76360,2207,53,18,420
76363,92,88,0,54
76364,227,0,0,37
76365,4157,9,45,241
76366,1848,0,0,117
76367,11327,1417,30,2282
76370,444,0,0,29
76371,1151,51,0,693
76372,944,4,0,87
76373,143,0,0,12
76374,3246,23,62,703
76377,438,0,0,59
76379,482,32,0,88
76380,3111,51,0,390
76384,8243,977,422,3836
76388,176,0,0,73
76389,1313,0,0,306
76401,25229,575,403,5637
76402,645,28,7,115
76424,7056,264,89,2325
76426,9409,315,124,3153
76427,980,0,0,54
76429,129,0,0,0
76430,2003,21,1,309
76431,4279,48,90,693
76432,1083,0,8,154
76433,1792,0,0,146
76435,388,0,0,189
76436,93,0,0,5
76437,5320,64,27,1116
76439,0,0,0,0
76442,5277,46,34,2490
76443,1711,0,0,72
76444,2965,13,37,942
76445,380,0,0,73
76446,6594,1,0,3250
76448,4321,182,29,649
76449,2304,0,0,140
76450,11321,303,0,2738
76452,133,0,0,0
76453,1394,0,0,94
76454,1455,28,0,346
76455,537,0,0,216
76457,3615,0,3,841
76458,5270,339,4,1342
76459,137,0,0,21
76460,472,0,0,0
76462,4410,0,9,1066
76463,433,0,0,74
76464,379,0,9,13
76466,481,0,0,140
76469,73,0,0,0
76470,2583,110,24,307
76471,1216,47,0,273
76472,1388,0,0,53
76474,236,0,0,33
76475,851,0,0,145
76476,3119,28,12,196
76481,205,0,0,0
76483,707,3,6,106
76484,623,23,0,156
76486,1276,0,56,111
76487,2492,23,0,11
76490,39,0,0,39
76491,562,0,0,80
76501,10035,2898,144,6757
76502,35215,4347,1227,11447
76504,14584,3916,343,7612
76511,1760,163,0,732
76513,31764,2642,1106,11046
76518,1082,165,0,498
76519,483,0,0,0
76520,5083,1407,63,2519
76522,25217,6083,925,7787
76523,419,7,0,29
76524,3094,81,93,993
76525,1043,0,0,209
76527,3381,44,7,960
76528,15096,914,227,3202
76530,1904,114,6,459
76531,3945,68,0,634
76534,2504,91,2,483
76537,7283,801,499,4193
76538,986,13,0,125
76539,6316,983,70,1421
76541,8051,5774,514,6523
76542,19574,18672,2624,13865
76543,13090,13545,1098,9279
76544,15573,5227,911,5909
76548,16047,9656,1151,7029
76549,20053,22685,1896,14194
76550,11298,228,127,3041
76554,1736,52,56,637
76556,1654,230,0,291
76557,4377,196,110,981
76559,3976,1636,96,1293
76561,1065,4,2,291
76565,39,0,0,0
76566,329,0,0,10
76567,6745,530,26,2448
76569,2505,6,40,1085
76570,1642,194,0,656
76571,8396,26,76,1669
76573,27,0,0,27
76574,13359,1337,172,7901
76577,2488,175,0,727
76578,848,42,0,375
76579,4154,130,0,1046
76596,559,211,4,376
76597,1345,905,0,1028
76598,222,121,0,103
76599,751,363,1,550
76621,932,4,2,67
76622,1462,57,0,192
76623,156,0,0,147
76624,1906,113,0,271
76626,1248,8,0,92
76627,1308,0,0,200
76628,68,0,0,23
76629,1432,292,0,168
76630,1870,0,0,428
76631,413,66,3,160
76632,865,339,0,729
76633,5663,176,102,924
76634,6204,88,57,1314
76635,984,237,0,533
76636,1436,0,17,229
76637,380,6,2,56
76638,2888,69,6,195
76639,1317,252,9,251
76640,2478,9,0,400
76641,1252,45,0,311
76642,3845,1193,148,1154
76643,12716,948,552,3240
76645,7193,1393,105,3698
76648,2336,174,40,391
76649,648,14,0,66
76650,87,0,0,8
76651,2764,551,9,825
76652,910,0,0,50
76653,1346,24,0,139
76654,152,2,0,16
76655,7288,231,44,1348
76656,2206,161,0,321
76657,10087,191,30,3024
76660,487,41,0,179
76661,2446,2644,1212,2190
76664,2642,842,8,565
76665,2184,74,8,504
76666,171,0,0,32
76667,5844,2261,85,2713
76670,1339,266,0,561
76671,1623,8,3,445
76673,879,81,0,285
76676,265,0,1,77
76678,93,0,0,24
76679,1100,0,0,52
76680,165,0,0,34
76681,318,41,0,13
76682,2973,56,12,328
76685,0,40,0,9
76686,176,23,0,28
76687,1618,40,0,8
76689,3532,67,0,815
76690,968,12,0,428
76691,5348,165,7,856
76692,8745,225,114,1060
76693,1525,464,0,345
76701,1286,330,24,455
76704,1657,4938,0,1564
76705,17802,6636,436,10150
76706,27340,5510,1022,13393
76707,7086,4872,134,8294
76708,17529,4378,546,8460
76710,15036,4168,121,5742
76711,4649,1097,60,5678
76712,23319,1935,706,3888
76798,2241,171,273,283
76801,19419,1136,27,7138
76802,4812,81,109,1010
76820,131,0,4,0
76821,3536,221,0,1239
76823,2368,108,11,317
76824,0,0,0,0
76825,4704,65,31,2331
76827,581,0,0,17
76828,223,0,0,3
76831,0,0,0,0
76832,483,14,0,66
76834,4001,30,12,1175
76836,3,0,0,0
76837,1538,95,23,900
76841,186,0,0,0
76842,179,0,0,33
76844,2595,22,13,985
76845,200,0,0,5
76848,66,0,0,0
76849,2980,75,0,1067
76852,257,0,0,35
76853,1442,5,57,261
76854,262,0,0,40
76856,2981,3,24,718
76857,1894,0,0,144
76858,189,0,0,81
76859,1372,1,0,660
76861,1523,24,0,926
76862,143,5,0,0
76864,702,6,0,35
76865,135,0,0,61
76866,622,36,0,324
76869,190,0,0,11
76870,65,0,0,0
76871,437,0,0,35
76872,770,0,7,57
76873,72,0,16,0
76874,0,0,0,0
76875,454,0,0,23
76877,3735,81,3,1683
76878,1319,223,68,191
76880,0,0,0,0
76882,192,0,0,6
76884,46,0,0,29
76885,65,0,0,0
76887,63,0,0,18
76888,125,0,0,2
76890,875,2,0,89
76901,24845,563,70,13534
76902,0,0,0,0
76903,19687,1792,161,17786
76904,27851,1580,889,11875
76905,10166,291,183,5218
76908,956,282,247,422
76909,353,61,11,154
76930,76,0,0,11
76932,1572,86,89,2340
76933,999,33,0,327
76934,812,87,0,169
76935,1489,27,7,367
76936,1413,40,0,1343
76937,46,0,5,18
76939,0,0,0,0
76940,12,2,0,5
76941,830,0,0,422
76943,1138,11,0,1728
76945,1638,22,5,416
76950,1631,5,0,2496
76951,1049,2,3,466
76953,79,0,0,6
76955,241,0,0,62
76957,189,0,0,0
76958,197,0,0,39
77002,8102,6267,892,4379
77003,4356,2389,423,3991
77004,11235,17422,2869,4547
77005,20634,711,3778,2841
77006,16604,1760,2316,3858
77007,28956,2876,4891,8166
77008,28807,1326,2081,9341
77009,17333,2372,1210,20542
77010,837,0,0,66
77011,6146,543,108,15030
77012,5314,851,34,16663
77013,6665,3755,146,13321
77014,6598,16033,3521,15603
77015,21950,8666,847,45067
77016,5138,16408,199,12629
77017,13781,1909,958,27319
77018,19919,2228,794,9344
77019,15643,2094,2220,3576
77020,4672,5583,300,18583
77021,4640,16349,764,5440
77022,10474,4576,205,20212
77023,9006,894,488,20121
77024,26984,1154,5729,4416
77025,14985,4063,5201,5682
77026,2584,10882,163,8664
77027,12604,1916,2409,2942
77028,3742,11135,0,7150
77029,5877,3496,0,11323
77030,7298,913,3343,1247
77031,6532,2993,879,10735
77032,4996,4537,56,7287
77033,7473,15750,44,11872
77034,16726,3651,1759,27679
77035,12479,10470,747,14565
77036,13464,8404,7490,50010
77037,8602,273,46,16053
77038,11940,7090,1949,22095
77039,15684,2430,634,23208
77040,22219,8187,4245,25605
77041,13290,2196,5030,15707
77042,15325,12169,3213,11899
77043,14589,1957,1732,10991
77044,21207,17573,773,24904
77045,8504,13715,585,16254
77046,810,200,116,205
77047,4953,22410,571,8284
77048,3077,14033,591,4649
77049,16608,6726,1749,28478
77050,955,1389,0,4496
77051,1769,13386,169,2819
77053,8413,12348,183,16454
77054,6592,11286,5626,3174
77055,18617,2404,2417,23029
77056,14057,1968,3227,3879
77057,24016,4797,4486,17208
77058,11550,1039,1834,4115
77059,12081,771,2979,2560
77060,19481,8447,474,33325
77061,7305,5873,1647,15809
77062,16067,2429,3235,5426
77063,15926,10069,5214,11782
77064,18898,8856,7534,20874
77065,18001,9358,3409,12999
77066,12740,8452,5654,18881
77067,11932,10030,1778,18527
77068,4982,3280,674,4020
77069,10502,5472,1007,4125
77070,27749,11466,5614,18682
77071,6622,13295,2071,7498
77072,12098,14448,14129,29580
77073,15667,12931,408,23291
77074,14201,5185,3291,23653
77075,16415,4825,2822,30608
77076,18848,1783,144,29401
77077,26954,17238,8011,13278
77078,4268,6517,0,6902
77079,22583,4032,3647,6687
77080,15116,1545,2170,34081
77081,16319,6412,2424,37925
77082,15065,21145,6496,14542
77083,17369,22903,16626,28413
77084,40061,18434,11947,50431
77085,4947,4848,326,10330
77086,9913,5662,2901,18947
77087,13857,5080,139,28789
77088,13859,21235,1969,26843
77089,22687,9166,9596,26623
77090,12207,19792,1114,11655
77091,10778,12802,183,15387
77092,18397,3918,942,22024
77093,23831,5406,258,39914
77094,5888,618,2338,1375
77095,33611,10604,8902,19725
77096,17929,6055,2893,8507
77098,10612,747,1849,2356
77099,13449,15940,6363,22411
77204,1641,1511,707,700
77301,20470,4811,673,16752
77302,15119,484,149,5176
77303,16955,1338,315,9102
77304,31356,4296,1279,5981
77306,14404,418,92,8617
77316,26675,504,448,3981
77318,15743,537,211,2515
77320,23085,9409,231,7923
77326,221,0,0,59
77327,19566,2495,30,15996
77328,13942,559,197,4550
77331,6238,645,0,312
77334,226,0,0,0
77335,2518,130,0,698
77336,9759,522,30,2413
77338,18950,17419,1431,19277
77339,31988,2351,1742,10173
77340,22924,6891,632,5864
77341,0,0,0,0
77342,0,0,0,0
77345,22516,851,892,3391
77346,40010,14132,2604,19128
77350,42,28,0,52
77351,27411,2955,257,4939
77354,28435,2108,1064,10751
77355,25763,471,125,6958
77356,26656,981,377,1510
77357,19611,1003,56,15565
77358,4007,616,77,483
77359,125,74,0,66
77360,5210,42,0,287
77362,5222,580,205,846
77363,2644,149,9,240
77364,1607,227,40,49
77365,31118,1306,618,16800
77367,455,0,0,0
77368,0,0,0,0
77369,598,0,0,87
77371,5236,716,0,1606
77372,11958,116,43,3767
77373,33232,14169,1789,25947
77374,311,0,0,0
77375,45000,7841,3459,20691
77376,502,4,0,63
77377,27529,1922,3714,7970
77378,12691,798,0,7512
77379,50762,8352,8927,19632
77380,21260,2156,2285,6161
77381,29875,738,1738,5170
77382,30103,1106,3326,7580
77384,17021,1262,1789,3228
77385,17908,2952,1290,7176
77386,46443,6501,3825,14632
77388,31404,8672,3704,13396
77389,29276,3421,2135,12730
77396,23289,17218,1841,29094
77401,11758,274,3634,1869
77406,36843,7839,8005,17371
77407,20687,20687,25679,13541
77412,0,0,0,0
77414,12894,3070,190,11111
77415,165,228,0,0
77417,1347,208,0,2387
77418,7701,1155,147,2042
77419,526,0,0,327
77420,1774,356,0,957
77422,10617,1633,17,2744
77423,7754,2583,262,6176
77426,1649,294,0,385
77428,64,0,0,0
77429,57749,8559,9207,21381
77430,1560,2,0,221
77431,0,345,0,0
77432,0,0,0,0
77433,54610,17986,13653,29281
77434,2001,813,0,2295
77435,3195,513,0,1150
77436,0,0,0,0
77437,13895,1273,20,9146
77440,121,0,0,0
77441,17138,949,3846,5995
77442,566,383,19,586
77443,114,0,0,76
77444,602,0,0,452
77445,5717,4872,16,4860
77446,221,5657,17,310
77447,11717,2077,227,7373
77448,176,10,0,59
77449,47992,26778,5972,60865
77450,47223,4867,8644,15808
77451,117,252,0,219
77453,170,17,0,170
77454,159,0,0,0
77455,1707,83,0,695
77456,971,58,0,287
77457,514,0,0,38
77458,13,0,0,0
77459,33457,18808,18243,10206
77460,132,0,0,57
77461,8343,197,108,6083
77464,322,5,0,165
77465,4968,23,357,3788
77466,266,0,0,105
77467,0,0,0,0
77468,0,0,0,0
77469,25797,14609,7774,19924
77470,388,10,0,44
77471,21761,5565,2614,25351
77473,0,24,0,0
77474,10480,1014,0,5494
77475,399,0,0,69
77476,230,30,0,75
77477,10428,9567,7923,8876
77478,11052,1010,8040,3050
77479,33969,7143,42831,10590
77480,6483,495,130,2123
77481,20,75,0,1
77482,665,195,0,511
77483,259,0,0,0
77484,8902,1989,72,3440
77485,2131,332,35,1001
77486,6167,241,30,1900
77488,8533,3066,172,5668
77489,5918,23327,1315,10215
77493,27752,8007,5196,19297
77494,64348,9840,30736,32647
77498,20683,12045,14516,12696
77502,20358,1198,121,30475
77503,13466,801,39,17098
77504,15710,1401,515,16376
77505,16936,444,906,10795
77506,23139,410,16,33918
77507,384,100,4,109
77510,10682,88,154,3595
77511,35364,2605,877,21721
77514,3267,737,180,1984
77515,23329,3272,650,9942
77517,5544,0,0,1109
77518,7042,770,182,4883
77519,561,0,0,6
77520,20337,3860,389,21512
77521,34709,11656,1427,33131
77523,21049,2069,282,6867
77530,16172,2535,616,22998
77531,9109,1615,73,8631
77532,21433,3555,193,9238
77533,1002,40,0,20
77534,2367,23,0,843
77535,28245,3453,245,8970
77536,25175,737,329,13251
77538,785,71,0,119
77539,31829,4339,992,16219
77541,10303,2313,33,7442
77545,4376,14259,307,8922
77546,41617,2814,3817,9680
77547,5089,381,189,8519
77550,13699,4757,811,6688
77551,14348,3377,416,8038
77554,8388,299,316,1290
77555,1,1,0,1
77560,582,227,27,243
77561,45,0,0,0
77562,7390,542,16,4098
77563,7140,1543,59,2995
77564,1811,0,17,182
77565,5089,335,116,1181
77566,23844,1926,711,8758
77568,10089,5749,795,6139
77571,25057,2674,534,14567
77573,70660,6867,5569,18649
77575,10411,1894,108,3712
77577,903,62,0,265
77578,11426,6256,2195,5836
77580,0,0,0,0
77581,31058,6335,3446,15894
77582,363,0,0,50
77583,18468,14036,2284,16985
77584,38412,19289,17947,21492
77585,1010,0,0,50
77586,19300,1130,1268,4471
77587,8156,180,257,14931
77590,18534,6159,494,12086
77591,6458,7391,372,3017
77597,323,75,0,0
77598,15424,3732,1731,9612
77611,8554,46,158,1241
77612,8846,49,0,778
77613,564,228,30,45
77614,484,0,0,0
77615,339,0,0,0
77616,644,15,0,0
77617,38,0,0,0
77619,11351,1547,1256,4388
77622,1706,0,0,319
77623,512,0,0,1
77624,559,0,0,39
77625,6772,618,11,718
77627,18530,723,365,2849
77629,433,110,0,33
77630,20072,6518,144,2804
77632,18656,697,118,1643
77640,5020,9234,595,3369
77642,11966,14397,2849,15606
77650,1842,178,0,273
77651,11948,120,427,1084
77655,266,6,0,13
77656,13735,2549,6,1051
77657,19606,147,179,1262
77659,5683,173,65,536
77660,1094,0,0,0
77661,264,29,0,37
77662,23904,162,138,1911
77663,888,0,0,0
77664,2304,55,24,103
77665,5046,36,114,1436
77701,3141,5839,428,5266
77702,1057,1125,7,1236
77703,1975,7435,27,3266
77705,15634,18038,729,7487
77706,18623,7055,1091,3882
77707,6783,6995,1048,4338
77708,3112,9089,194,1253
77713,8130,2931,666,2954
77801,9736,2761,527,5975
77802,19353,1922,488,5723
77803,18172,7835,16,19092
77807,7783,2023,505,4024
77808,12314,730,94,3501
77830,2474,80,29,245
77831,2629,329,0,455
77833,20507,5112,234,5737
77835,2567,92,0,101
77836,9276,1215,21,2705
77837,726,644,25,142
77840,34570,6401,5459,10373
77843,5384,398,978,1575
77845,57542,3559,5744,11420
77852,14,0,0,0
77853,587,279,0,252
77855,64,0,0,0
77856,4166,359,14,856
77857,842,104,0,93
77859,3462,2097,0,2305
77861,2593,35,0,467
77863,0,348,0,0
77864,4991,1136,147,2277
77865,2052,2,6,184
77866,0,0,0,0
77867,121,90,0,97
77868,10007,3114,70,6079
77871,2204,94,15,193
77872,2127,3,0,214
77873,1180,22,0,53
77875,0,0,0,0
77876,167,8,0,0
77878,432,29,0,279
77879,3500,648,111,896
77880,1255,766,0,20
77882,36,0,0,21
77901,24099,3352,505,25902
77904,21786,1020,693,11511
77905,13005,443,40,5335
77950,119,10,0,38
77951,1049,74,0,855
77954,6040,1223,18,4217
77957,6417,832,60,2459
77960,55,0,0,55
77961,137,0,0,0
77962,2775,54,20,1698
77963,3793,360,10,2132
77964,6121,772,91,1079
77968,3005,4,0,280
77969,215,0,0,0
77970,242,0,0,91
77971,854,0,0,328
77973,23,0,0,23
77974,487,0,0,80
77975,1351,25,0,302
77976,49,0,0,0
77977,335,119,0,218
77978,365,0,2,187
77979,11225,578,750,9050
77982,772,1,0,21
77983,1767,0,87,851
77984,3788,120,9,388
77986,16,0,0,0
77987,146,0,0,0
77988,123,0,0,143
77990,779,22,0,568
77991,201,0,11,357
77993,214,0,0,0
77994,383,0,0,150
77995,7337,400,60,3607
78001,0,0,0,0
78002,4300,40,53,6515
78003,7218,85,17,1753
78004,567,0,0,24
78005,1268,0,0,1004
78006,34036,390,574,9907
78007,145,0,0,113
78008,152,0,20,323
78009,5482,405,145,4745
78010,2610,3,44,1779
78011,1008,0,0,1273
78012,79,0,0,253
78013,4023,17,0,1611
78014,2761,198,6,4658
78015,16746,937,387,5157
78016,8156,163,180,6248
78017,3356,536,5,3950
78019,960,34,0,1495
78021,5,0,0,0
78022,3891,64,174,2255
78023,19199,756,1403,12890
78024,1057,109,0,90
78025,4128,104,25,1486
78026,4864,19,68,2584
78027,333,0,0,127
78028,31661,642,325,10873
78029,0,0,0,0
78039,1547,37,0,1123
78040,17567,120,10,36019
78041,25183,485,439,44113
78043,22998,161,186,42974
78044,186,0,0,397
78045,37768,426,577,63654
78046,39048,121,182,67119
78050,276,19,0,583
78052,4779,0,0,4221
78055,1607,44,0,354
78056,1645,0,140,436
78057,518,7,0,108
78058,755,0,42,87
78059,4025,8,0,4497
78061,6639,243,108,9444
78062,0,0,0,0
78063,8325,73,83,2077
78064,10879,268,102,8883
78065,6318,193,65,9523
78066,674,0,0,490
78067,306,0,0,811
78069,4704,3,9,6007
78070,15046,506,125,4708
78071,3207,210,0,2111
78072,342,0,0,288
78073,5228,89,70,7321
78074,69,0,0,69
78075,154,0,0,0
78076,6972,13,21,12298
78101,5952,105,0,3630
78102,16786,1979,196,16099
78104,79,0,0,86
78107,268,0,0,175
78108,27248,6967,1522,14202
78109,25903,10186,1339,25262
78111,0,0,0,0
78112,5646,68,70,7594
78113,2135,0,0,748
78114,17272,480,140,11784
78116,175,0,37,0
78117,551,0,0,49
78118,2605,232,0,2451
78119,4414,687,124,4365
78121,11686,209,44,3906
78122,96,95,0,87
78123,1504,96,156,799
78124,4757,350,75,2792
78125,16,0,0,9
78130,70804,2009,672,34779
78132,30377,1098,488,8475
78133,18896,468,212,4092
78140,2950,21,0,2906
78141,749,2,0,227
78142,35,0,0,15
78143,47,0,0,180
78144,0,0,0,0
78145,69,0,0,81
78146,453,6,0,441
78147,1301,0,0,998
78148,14132,2892,740,8550
78150,0,0,0,0
78151,1071,46,0,1203
78152,2405,141,0,644
78154,24169,6040,1339,13146
78155,33275,2898,483,25545
78159,490,0,0,352
78160,4161,35,35,2165
78161,226,0,0,249
78162,205,0,0,152
78163,12704,188,519,3291
78164,2211,77,0,1357
78201,24219,1082,186,37658
78202,4296,1938,50,6199
78203,2630,597,19,4240
78204,6224,194,12,10094
78205,1246,21,27,1190
78207,27340,2468,355,45855
78208,1997,787,0,2773
78209,32562,1519,875,14055
78210,18598,1144,231,27961
78211,16426,386,48,29421
78212,16063,771,426,16579
78213,22571,1384,659,31323
78214,13746,68,48,20002
78215,2405,109,113,1082
78216,23947,2637,526,25544
78217,18032,3286,638,17032
78218,17818,5688,1320,19612
78219,6430,4434,253,8636
78220,6922,5596,88,9696
78221,24146,515,339,35775
78222,12697,3717,245,16490
78223,30535,3062,588,43060
78224,12866,292,412,18984
78225,7505,371,20,12844
78226,4965,272,0,6660
78227,24724,2257,482,37711
78228,29192,1355,448,50913
78229,16389,3321,5109,16664
78230,25032,2634,1559,22327
78231,6778,658,364,4070
78232,26926,2037,809,12888
78233,27126,5186,1437,23555
78234,3571,757,301,1019
78235,1563,184,156,1871
78236,5518,1083,324,1200
78237,20109,721,56,36652
78238,12426,1490,1205,18657
78239,16177,5316,983,15733
78240,30427,6679,5334,29120
78242,19563,937,81,32347
78243,153,123,13,36
78244,15592,9557,360,17985
78245,51810,10888,2212,58618
78247,31846,2881,1333,22589
78248,10330,251,241,4347
78249,34981,4014,4407,31769
78250,35096,2277,1910,39829
78251,35699,5982,2110,40294
78252,8568,782,306,11267
78253,34884,7283,2945,31256
78254,45802,4213,2198,42922
78255,11889,438,1725,7288
78256,7013,400,939,5467
78257,6542,558,676,4717
78258,31710,2114,4107,18804
78259,16558,1399,1923,9133
78260,23687,1948,2521,12776
78261,14557,1835,1197,9957
78263,3636,596,0,2441
78264,6790,349,0,10190
78266,4051,772,137,2372
78330,391,0,39,306
78332,21926,146,157,23034
78336,8369,402,201,5141
78338,0,0,0,0
78339,316,0,0,291
78340,270,6,0,143
78341,1367,0,0,1439
78342,227,0,0,363
78343,2565,300,0,3238
78344,391,0,0,440
78347,24,0,0,0
78349,133,0,0,562
78351,338,15,0,630
78352,235,0,0,235
78353,231,34,0,280
78355,4421,10,0,6290
78357,1855,1,0,2313
78358,475,65,198,14
78359,1419,9,0,1978
78360,0,0,0,0
78361,2967,26,53,4334
78362,8818,115,54,4789
78363,17264,894,403,21852
78368,6301,45,64,6057
78369,188,0,0,188
78370,3928,0,0,3956
78371,50,0,0,128
78372,4109,0,0,2763
78373,3066,0,0,342
78374,15433,338,364,8736
78375,2626,0,10,3049
78376,230,0,0,243
78377,2122,399,15,1686
78379,1093,43,4,812
78380,15879,116,69,18393
78382,16118,136,221,5440
78383,3343,138,36,1722
78384,4527,92,0,4943
78385,75,0,1,112
78387,6038,132,24,6557
78389,1966,14,0,1375
78390,3012,34,0,4696
78391,111,0,0,150
78393,1503,10,1,1038
78401,2400,583,53,2185
78402,218,35,0,62
78404,10189,458,112,10073
78405,7626,444,11,13883
78406,1208,208,0,1670
78407,577,244,0,1329
78408,5825,758,63,8698
78409,1333,38,0,1881
78410,19370,301,67,18172
78411,16167,691,313,15105
78412,26346,1448,1612,22859
78413,23988,1589,914,22255
78414,29415,1478,3119,26620
78415,24867,1521,340,36539
78416,7180,1776,43,11271
78417,2427,186,10,4270
78418,22461,764,958,8664
78419,352,133,27,33
78501,31615,658,868,53330
78503,9483,141,216,20012
78504,33117,653,2915,51081
78516,22067,12,2,31354
78520,36951,263,134,58262
78521,52061,54,113,83869
78526,33839,430,1139,55607
78535,547,6,0,497
78536,275,0,0,404
78537,24116,48,74,48688
78538,4999,0,0,9934
78539,17819,549,1350,31904
78540,0,0,0,0
78541,27119,840,670,43423
78542,39574,691,228,79489
78543,4612,0,0,8514
78545,380,0,0,444
78547,96,0,0,358
78548,656,0,0,1384
78549,559,0,0,838
78550,36699,1232,515,45755
78552,29607,465,782,32390
78557,3918,3,0,13970
78558,236,0,0,533
78559,8813,15,19,11978
78560,2509,0,41,4221
78561,477,0,0,890
78562,1705,9,0,3137
78563,0,0,0,62
78564,48,0,0,48
78565,57,0,0,51
78566,14734,236,35,21575
78567,365,1,0,460
78569,3000,0,0,3647
78570,18034,6,6,33572
78572,38133,429,1399,66186
78573,19254,62,187,42358
78574,30062,190,42,61479
78575,2880,0,64,3840
78576,5663,28,0,13328
78577,45417,429,118,75542
78578,9153,0,40,6998
78579,654,0,0,3060
78580,9090,180,0,11565
78582,26256,51,34,42743
78583,3558,0,13,5378
78584,9867,29,0,17495
78585,0,0,0,0
78586,29454,63,32,46781
78588,58,0,0,124
78589,23395,21,43,38914
78590,617,0,0,708
78591,202,0,0,270
78592,451,0,0,587
78593,3778,0,0,4854
78594,845,0,0,1389
78595,3214,0,0,6074
78596,19607,406,54,31863
78597,1836,122,91,489
78598,108,0,0,11
78599,18419,214,68,34821
78602,24186,1793,261,12714
78605,5514,14,33,1910
78606,5555,5,13,1504
78607,203,0,0,0
78608,291,0,0,13
78609,1750,0,4,157
78610,32271,1491,767,19441
78611,12210,354,203,2017
78612,8514,1715,185,10238
78613,63332,3041,9988,18044
78614,281,0,0,52
78615,967,0,48,941
78616,4757,24,0,6050
78617,10720,1894,402,22243
78618,303,0,0,1
78619,5668,4,0,686
78620,17079,213,524,2161
78621,15018,2338,86,11692
78622,323,0,0,163
78623,849,0,52,58
78624,19881,60,68,6028
78626,27354,2880,1118,13931
78628,33826,1350,1595,6234
78629,8223,1052,101,5694
78631,2530,0,0,343
78632,1117,0,57,133
78633,25139,241,490,2494
78634,27090,3764,565,14831
78635,71,0,0,0
78636,2962,17,76,645
78638,1531,74,0,686
78639,7012,68,62,1512
78640,42990,3113,610,39897
78641,60047,4972,6932,19823
78642,16928,422,164,5324
78643,6394,52,31,502
78644,14154,855,258,10747
78645,12456,259,70,2553
78648,4928,543,52,3745
78650,1801,46,1,951
78652,3792,306,55,1473
78653,15693,5482,683,18387
78654,15716,269,3,5388
78655,2126,112,20,2127
78656,1576,124,0,2115
78657,5850,13,35,1261
78658,78,0,0,0
78659,2216,23,91,507
78660,55805,18112,10199,42517
78661,337,51,0,205
78662,2991,0,0,105
78663,517,0,0,26
78664,36830,9001,2958,21107
78665,36352,7137,5415,15120
78666,58603,4807,1594,37942
78669,9345,86,287,1431
78670,108,14,0,54
78671,731,0,0,276
78672,670,0,0,120
78674,233,0,0,195
78675,96,0,0,49
78676,13059,141,91,2238
78677,6,6,0,0
78681,39276,2912,7222,12054
78701,8206,292,798,1762
78702,16241,3148,694,8902
78703,19515,314,1231,2493
78704,39067,2050,1775,12670
78705,19975,3084,5226,7095
78712,156,27,27,39
78717,16864,2029,10415,5579
78719,757,35,0,1116
78721,5624,1939,265,4006
78722,4738,533,170,1388
78723,20642,5383,1725,13390
78724,8392,4546,525,19041
78725,4531,926,301,5477
78726,9679,238,2096,2545
78727,18213,2437,5997,5111
78728,14723,4177,2645,8368
78729,19304,3047,4148,6291
78730,7597,67,897,1382
78731,21430,272,2071,3362
78732,14549,969,2337,2220
78733,6242,153,1354,1243
78734,18304,490,696,3236
78735,16100,532,1409,3882
78736,8297,27,98,2006
78737,18492,597,938,5478
78738,21178,933,4117,3483
78739,14209,692,2683,3207
78741,26239,4955,1704,22610
78742,445,87,0,907
78744,24702,4512,922,32139
78745,46210,2326,1691,23117
78746,23319,495,2471,3383
78747,11647,819,839,12149
78748,37882,3250,2876,17475
78749,24903,1174,3661,6871
78750,19082,1473,3459,5102
78751,12021,439,1354,3606
78752,10600,3525,1235,10988
78753,29507,10104,4885,30165
78754,14334,5313,3760,12829
78756,7610,405,403,1658
78757,18521,963,940,6320
78758,28768,4027,3816,24910
78759,31070,1555,6289,6656
78801,15875,284,457,16854
78802,0,0,0,0
78827,360,2,1,694
78828,83,0,0,0
78829,673,0,0,1105
78830,265,0,13,447
78832,2661,0,0,2032
78833,1251,3,0,383
78834,3200,50,68,6422
78836,53,0,0,65
78837,128,0,0,58
78838,105,0,0,0
78839,4317,8,32,6964
78840,33945,538,310,39187
78841,0,0,0,0
78842,0,0,0,0
78843,391,47,0,74
78850,709,0,0,342
78851,61,0,0,0
78852,29591,84,168,53928
78860,0,0,0,0
78861,8897,709,17,6665
78870,1227,0,0,536
78871,32,0,0,0
78872,625,62,0,1030
78873,1139,34,0,330
78877,454,0,0,1021
78879,291,0,0,1
78880,1115,14,0,683
78881,1196,0,0,508
78883,247,0,0,3
78884,933,0,0,126
78885,100,0,0,0
78886,369,0,0,278
78931,210,0,0,0
78932,340,1,0,144
78933,1085,0,0,148
78934,4572,620,51,1816
78935,511,30,0,149
78938,173,0,0,48
78940,1928,110,0,55
78941,2607,50,8,1501
78942,6928,1205,67,3277
78943,113,44,0,234
78944,575,78,0,23
78945,9077,574,46,2278
78946,465,459,0,7
78947,4514,67,0,529
78948,460,150,0,175
78949,592,0,0,70
78950,1974,313,0,291
78951,0,0,0,0
78953,1030,18,0,64
78954,1210,7,7,145
78956,3966,568,18,1041
78957,7106,811,84,2157
78959,829,79,10,1125
78962,3971,514,5,1153
78963,512,38,0,78
79001,190,0,0,64
79002,33,0,0,0
79003,132,0,0,7
79005,1023,12,14,880
79007,10192,382,128,4376
79008,0,0,0,0
79009,981,0,0,1419
79010,286,137,0,104
79011,196,0,0,18
79012,0,0,0,0
79013,1846,312,274,2249
79014,2471,60,0,1195
79015,18876,414,356,4071
79016,498,54,5,223
79018,378,0,10,50
79019,1636,16,2,180
79021,72,0,0,15
79022,7571,401,14,4463
79024,275,0,0,54
79025,13,0,0,0
79027,3049,54,55,3313
79029,9971,589,543,8607
79031,926,59,0,675
79032,76,0,0,96
79033,26,0,0,0
79034,491,0,0,31
79035,3942,44,0,3545
79036,4535,92,0,516
79039,683,0,0,39
79040,1680,1,0,1258
79041,1579,154,5,1553
79042,1047,2,2,229
79043,1018,52,0,1261
79044,646,0,0,226
79045,11417,266,82,14214
79046,479,0,0,72
79051,4,0,0,0
79052,861,49,0,584
79053,65,0,0,46
79054,504,0,3,48
79056,62,0,0,3
79057,977,0,0,171
79058,0,0,0,0
79059,627,0,0,106
79061,289,11,13,118
79062,312,0,0,157
79063,584,0,0,43
79064,1803,23,0,1632
79065,15022,996,256,6277
79066,12,0,0,0
79068,2870,68,8,475
79070,7088,82,45,5513
79072,17161,1156,199,16501
79073,16,0,0,0
79078,125,3,0,41
79079,1924,76,0,723
79080,424,1,0,23
79081,2634,11,6,1528
79082,159,11,0,46
79083,1443,4,5,126
79084,1039,3,25,537
79085,0,0,0,0
79086,2474,0,17,1725
79087,685,0,0,156
79088,3740,517,76,2482
79091,70,0,0,0
79092,1064,10,8,347
79093,69,0,0,58
79094,9,0,0,0
79095,1898,214,0,807
79096,1809,45,0,388
79097,1048,0,0,68
79098,420,0,4,51
79101,2133,125,0,500
79102,6435,290,425,3632
79103,7796,385,299,6562
79104,3937,331,85,3881
79106,20438,1531,1054,9514
79107,18599,8986,4160,18140
79108,9255,308,14,3065
79109,33848,2468,494,8437
79110,15277,548,378,6273
79111,1342,89,24,794
79118,19482,893,601,9379
79119,19419,275,534,3531
79121,4587,99,109,1104
79124,10276,72,192,1435
79201,4811,478,6,2533
79220,141,0,0,131
79223,103,0,0,0
79225,688,90,2,198
79226,2345,217,76,182
79227,831,3,2,146
79229,206,24,0,48
79230,47,0,0,22
79231,20,0,0,20
79233,81,10,0,31
79234,95,0,0,0
79235,2252,265,16,1947
79236,157,2,1,47
79237,415,0,1,13
79239,101,0,0,18
79240,98,0,0,216
79241,1887,33,0,1167
79243,21,0,0,0
79244,644,25,0,126
79245,1464,174,12,784
79247,23,0,0,0
79248,1102,109,0,413
79250,887,8,0,694
79251,19,0,0,11
79252,2221,26,41,813
79255,314,19,0,101
79256,232,0,0,41
79257,705,35,0,353
79258,8,0,0,0
79259,58,0,0,0
79261,263,2,0,169
79311,3119,77,0,1737
79312,898,69,42,743
79313,886,23,8,744
79314,85,0,0,83
79316,6450,534,24,5903
79322,1246,48,2,1113
79323,4522,120,0,5620
79324,4,0,0,0
79325,1971,16,18,1275
79326,59,0,0,0
79329,2595,42,0,1447
79330,60,0,0,0
79331,6882,994,20,6906
79336,10712,527,77,8322
79339,5435,273,14,3641
79342,277,0,0,149
79343,1167,27,13,782
79344,0,0,0,0
79345,575,0,0,677
79346,1060,113,0,1077
79347,5651,42,72,4859
79350,300,27,0,184
79351,764,14,2,506
79353,20,0,0,0
79355,1056,0,40,821
79356,3954,540,67,2671
79357,1480,81,17,1022
79358,1097,17,0,360
79359,2115,355,0,1926
79360,14147,35,185,5909
79363,4331,61,7,1496
79364,5404,401,0,3361
79366,886,7,15,213
79367,449,0,0,256
79369,42,0,0,5
79370,987,4,8,420
79371,1154,18,24,605
79372,1003,0,9,816
79373,2106,59,5,1255
79376,112,0,0,0
79377,293,0,0,85
79378,129,0,0,99
79379,380,59,2,379
79380,50,0,0,54
79381,1089,9,2,710
79382,6972,88,0,2793
79383,58,0,0,67
79401,6285,934,376,3494
79402,0,0,0,0
79403,8520,3225,164,8595
79404,4141,1966,76,4787
79406,5477,843,513,1726
79407,16882,1192,500,8061
79410,7233,819,418,3721
79411,4077,739,0,3023
79412,8089,1532,17,9454
79413,16284,1158,204,8457
79414,11551,1392,241,7525
79415,9584,1808,935,10022
79416,24996,3148,1008,12246
79423,32014,1794,1103,13727
79424,40438,1070,1921,10125
79501,2012,90,18,819
79502,1088,6,0,351
79503,142,0,4,0
79504,2909,42,0,444
79505,210,0,0,51
79506,506,0,0,39
79508,1005,19,0,139
79510,6873,123,120,974
79511,965,12,5,195
79512,5141,695,7,3370
79517,131,0,1,68
79518,104,0,0,0
79519,57,0,0,0
79520,1903,43,3,961
79521,2729,234,0,840
79525,2583,16,0,145
79526,852,0,0,232
79527,268,0,0,22
79528,459,2,0,83
79529,911,60,62,366
79530,433,2,0,87
79532,615,27,4,246
79533,402,0,0,33
79534,166,0,0,56
79535,109,0,0,5
79536,5540,62,4,904
79537,9,0,0,31
79538,154,0,0,17
79539,158,0,0,95
79540,38,0,0,6
79541,1203,0,0,92
79543,983,46,0,297
79544,414,29,0,304
79545,1586,12,0,871
79546,1098,67,9,798
79547,668,60,4,201
79548,161,0,0,36
79549,11338,619,102,6791
79553,2368,99,14,1306
79556,9251,690,27,4894
79560,58,0,0,0
79561,412,41,15,28
79562,3205,0,15,303
79563,813,22,15,297
79565,306,0,0,64
79566,228,0,0,66
79567,2433,60,6,1373
79601,17938,3350,775,6354
79602,18715,2695,658,5922
79603,14252,2241,359,11671
79605,20272,2645,379,7376
79606,21630,1862,1059,5021
79607,2519,447,119,709
79699,83,11,7,31
79701,15052,3257,83,18099
79703,12681,1239,273,12131
79705,27015,3399,200,17841
79706,22775,1041,423,17244
79707,28853,2496,1879,12327
79713,703,0,15,372
79714,12484,417,96,10638
79718,518,0,0,367
79719,299,0,0,319
79720,23998,1962,384,14207
79721,424,36,19,432
79730,22,0,0,82
79731,1730,109,114,2947
79733,196,14,0,194
79734,1598,26,0,295
79735,8791,670,95,9866
79738,265,10,0,36
79739,611,0,0,323
79741,376,0,0,178
79742,322,28,4,249
79743,214,0,0,66
79744,1156,0,96,580
79745,4070,416,0,4468
79748,237,0,0,381
79749,428,0,0,123
79752,607,65,20,1410
79754,91,0,5,0
79755,65,0,0,7
79756,7134,681,71,5243
79758,2409,0,0,764
79759,0,0,0,0
79761,17074,2537,389,21392
79762,25894,2634,667,20927
79763,20334,922,289,27710
79764,16973,752,74,16245
79765,14175,1224,923,9877
79766,5339,135,62,8301
79769,0,0,0,0
79770,0,0,0,0
79772,6916,400,152,10111
79776,0,0,0,0
79777,125,3,0,30
79778,745,7,17,432
79780,77,0,0,66
79781,46,16,0,3
79782,2979,67,0,2369
79783,90,0,0,31
79785,16,0,0,30
79788,603,8,0,476
79789,849,4,43,280
79821,3458,120,10,5852
79830,6200,23,97,3938
79832,84,9,28,14
79834,232,0,10,39
79835,4782,7,83,11614
79836,4399,97,0,7098
79837,121,0,0,100
79838,3192,9,153,5105
79839,621,0,0,1229
79842,340,0,0,121
79843,2068,0,2,1539
79845,1503,0,0,3354
79846,0,0,0,0
79847,61,0,0,5
79848,629,0,0,405
79849,5697,0,28,12712
79851,217,20,34,1193
79852,385,0,0,141
79853,1204,0,0,2994
79854,50,0,0,98
79855,965,4,22,1774
79901,3278,260,6,8074
79902,8795,520,333,14732
79903,6926,5,6,14648
79904,14725,1963,575,23545
79905,7652,86,20,20726
79906,3521,977,187,1328
79907,24354,467,128,46505
79908,2610,639,30,1203
79911,5357,119,238,5778
79912,37381,1636,2501,55697
79915,17229,323,414,34815
79916,1931,582,111,693
79918,109,114,6,56
79920,32,0,0,2
79922,4428,74,97,4735
79924,26742,5102,957,43625
79925,20539,1278,480,32396
79927,20779,99,154,41094
79928,40365,1760,344,71808
79930,13498,279,188,23188
79932,15924,195,258,22976
79934,12958,3096,990,15962
79935,8765,359,419,15901
79936,55865,3545,1214,93673
79938,52517,4065,890,78129
80002,17049,140,267,4943
80003,27151,561,1421,9676
80004,31185,355,446,4050
80005,26319,168,506,3250
80007,15024,14,782,1756
80010,16574,7128,2475,21218
80011,21371,9596,2233,26260
80012,20692,12324,2884,18752
80013,43218,11308,4573,17348
80014,25991,5337,2801,5953
80015,50541,6005,6150,11096
80016,45608,4129,6588,6975
80017,17911,8304,2121,13524
80018,8899,2507,832,3115
80019,1174,1935,170,1339
80020,42825,594,3424,8851
80021,29499,327,1300,4211
80022,37903,2450,1270,31774
80023,20735,397,2672,2094
80024,76,0,0,54
80025,31,0,0,0
80026,26771,217,1077,5113
80027,27089,301,3115,3251
80030,11900,361,422,7919
80031,26691,602,1911,9700
80033,23143,219,399,5843
80045,1011,57,172,214
80101,348,0,0,36
80102,5318,116,36,926
80103,2325,56,9,798
80104,30950,169,600,2921
80105,1621,0,11,158
80106,4140,169,182,182
80107,12847,23,137,1026
80108,28085,733,1013,3196
80109,24586,252,760,3221
80110,17256,1128,743,5950
80111,24118,387,4462,2519
80112,25674,1910,3592,4231
80113,18799,745,292,3151
80116,4652,0,25,168
80117,1984,21,10,307
80118,5594,0,40,163
80120,26017,295,700,3377
80121,16352,211,272,1396
80122,27799,254,1016,2423
80123,38142,503,2651,6043
80124,17523,680,2654,1538
80125,10932,34,346,1550
80126,37842,507,2387,3606
80127,37969,294,1019,4832
80128,31648,700,643,4491
80129,26009,192,1640,3213
80130,20575,352,2175,2318
80131,173,0,0,44
80132,24642,243,770,1870
80133,2222,31,11,327
80134,60717,1684,5371,7695
80135,3859,16,22,310
80136,4646,106,32,1141
80137,1144,141,1,664
80138,30418,171,1360,4102
80202,14396,467,930,2565
80203,17455,966,442,3545
80204,22333,2471,725,14029
80205,20895,4651,1072,8152
80206,20654,1054,744,2291
80207,11933,5682,288,4236
80209,22356,163,606,1611
80210,30991,951,1529,3954
80211,27267,679,825,8591
80212,17017,234,727,4102
80214,20156,563,451,9013
80215,15702,264,562,2471
80216,8360,1275,236,9163
80218,15748,689,418,1620
80219,35945,1038,1971,44789
80220,25431,3095,1214,6617
80221,26579,577,461,22656
80222,17935,1198,876,3581
80223,12736,1071,494,8733
80224,12809,2411,738,2390
80226,24014,829,1238,10048
80227,26162,814,1767,8916
80228,28984,287,1593,4511
80229,33013,823,2231,31936
80230,8112,660,352,1535
80231,22755,4843,1438,6185
80232,17174,149,1404,6081
80233,34209,1457,1642,16253
80234,21974,516,2008,7388
80235,6661,431,196,1631
80236,10798,239,800,6955
80237,16925,1740,783,3399
80238,20932,2233,1835,3936
80239,15435,8712,1320,29218
80241,25228,659,1740,7958
80246,8830,1491,347,2283
80247,15397,7042,1351,5146
80249,13273,12822,2934,15417
80260,20985,964,1115,20239
80264,0,0,0,0
80266,0,0,0,0
80290,238,0,30,133
80293,0,0,0,0
80294,0,0,0,0
80301,21164,183,894,2333
80302,25942,336,1650,2210
80303,20778,166,1697,1852
80304,21700,54,857,3908
80305,13730,180,967,1188
80310,5768,202,833,1044
80401,37406,513,1101,4491
80403,19429,141,282,1020
80419,0,0,0,0
80420,788,0,0,54
80421,8166,58,0,770
80422,3869,9,10,336
80423,160,0,0,0
80424,9372,14,285,588
80425,326,1,0,2
80426,46,0,0,0
80427,563,0,0,195
80428,432,0,0,80
80430,145,0,0,0
80432,201,7,0,0
80433,7619,0,133,561
80434,46,0,0,0
80435,6573,71,71,2487
80436,313,0,0,94
80438,575,16,2,21
80439,23051,144,200,1199
80440,2377,26,76,190
80442,1978,93,0,350
80443,3290,0,0,68
80444,1002,6,0,102
80446,3080,8,0,309
80447,1812,0,0,14
80448,0,0,0,0
80449,1050,0,0,58
80451,895,9,15,54
80452,2961,132,0,435
80453,329,0,0,0
80454,1241,0,24,66
80455,375,0,11,11
80456,399,0,0,0
80457,409,0,0,49
80459,2070,0,0,544
80461,5119,9,24,2241
80463,92,0,0,0
80465,13280,212,369,2200
80466,3199,31,20,231
80467,2253,10,12,112
80468,398,0,0,13
80469,350,0,6,0
80470,3794,1,0,46
80471,0,0,0,0
80473,53,0,0,0
80474,189,0,0,0
80475,9,0,0,0
80476,211,0,6,0
80478,1614,17,0,22
80479,12,0,0,0
80480,1102,9,0,165
80481,382,0,5,2
80482,1139,0,0,26
80483,426,0,20,18
80487,15844,38,211,1375
80498,7033,8,1,1634
80501,33824,594,640,12582
80503,31859,315,1524,3444
80504,48726,486,1614,14072
80510,446,2,0,38
80512,1508,2,11,59
80513,14824,37,89,1802
80514,4782,141,406,1782
80515,829,0,0,4
80516,29548,51,2031,3921
80517,9345,61,138,952
80520,1498,0,0,551
80521,31990,703,1399,4440
80524,32269,514,503,6962
80525,46395,662,1420,6107
80526,38262,255,1282,4498
80528,18873,471,1334,3851
80530,4673,8,320,1380
80532,193,0,0,0
80534,16386,69,674,2756
80535,2321,0,42,388
80536,2256,0,0,283
80537,39307,153,287,4467
80538,43314,453,521,7037
80540,4175,20,27,269
80542,4192,0,114,935
80543,8131,0,47,1833
80544,0,0,0,0
80545,942,0,0,50
80546,169,0,0,119
80547,6584,0,121,95
80549,12024,98,71,2163
80550,36662,169,636,3826
80601,28259,1291,688,15882
80602,29370,943,3315,9218
80603,12558,304,54,5837
80610,2835,6,6,795
80611,742,2,0,165
80612,284,0,0,0
80615,7496,22,119,1958
80620,15417,355,378,10270
80621,9246,145,58,6704
80622,202,0,0,0
80623,823,6,0,751
80624,618,0,0,82
80631,39883,2199,657,28032
80634,48753,886,836,18379
80640,10268,25,252,5532
80642,3810,48,39,1781
80643,3492,2,35,756
80644,2364,0,0,491
80645,3744,59,3,1667
80646,0,0,0,0
80648,1013,2,0,309
80649,334,0,0,20
80650,1611,0,10,213
80651,3478,24,10,1495
80652,262,0,0,80
80653,836,2,0,92
80654,2300,1,0,615
80701,11294,894,103,7467
80705,739,0,9,403
80720,2053,48,8,282
80721,134,0,0,170
80722,407,0,0,10
80723,5714,33,0,2026
80726,383,0,0,52
80727,429,0,0,124
80728,885,0,19,222
80729,382,0,0,1
80731,1285,0,5,110
80732,24,0,0,0
80733,521,0,0,58
80734,2622,6,4,973
80735,296,3,0,47
80736,495,4,0,131
80737,1511,12,20,248
80740,117,0,0,0
80741,936,15,32,87
80742,212,0,0,0
80743,1191,26,0,98
80744,357,0,8,101
80745,68,0,0,9
80746,61,0,0,28
80747,449,0,7,29
80749,193,0,10,116
80750,147,0,0,22
80751,13939,219,66,3045
80754,135,0,0,7
80755,127,0,0,0
80757,167,0,9,0
80758,3117,8,1,683
80759,3753,0,0,1594
80801,91,0,0,0
80802,126,0,0,47
80804,265,0,0,9
80805,272,0,5,75
80807,3625,2,7,1007
80808,5427,184,20,1113
80809,916,0,0,50
80810,1001,8,3,155
80812,268,0,1,129
80813,1541,25,0,353
80814,3020,1,5,391
80815,831,0,0,14
80816,6370,41,28,514
80817,22048,2669,720,8269
80818,383,0,0,0
80819,625,29,8,41
80820,482,0,0,30
80821,1247,16,0,37
80822,236,0,24,40
80823,210,0,0,0
80824,264,0,0,65
80825,311,8,0,4
80826,713,319,4,625
80827,682,0,8,35
80828,2088,31,43,162
80829,5057,30,93,375
80830,171,0,0,0
80831,25300,1260,483,3969
80832,926,5,0,21
80833,875,0,0,54
80834,299,0,0,4
80835,652,28,0,0
80836,834,0,0,198
80840,5270,523,266,586
80860,452,0,0,43
80861,245,0,0,35
80862,35,0,0,0
80863,11231,147,36,677
80864,1100,16,18,220
80902,8345,2006,137,2390
80903,13012,1359,432,2605
80904,17804,363,317,2682
80905,12599,1160,388,4203
80906,30198,1521,1285,6728
80907,22798,904,341,3972
80908,18059,1060,602,1998
80909,27201,2153,442,7765
80910,16838,3913,761,11458
80911,24548,2436,861,8973
80913,3941,857,181,1588
80914,307,56,19,89
80915,16368,1326,546,5573
80916,18815,7019,1595,14118
80917,23974,1646,906,6026
80918,38231,2344,1065,7345
80919,23105,894,684,3563
80920,31910,1043,1988,4080
80921,19588,488,1219,2091
80922,21448,1221,703,5400
80923,24974,929,1612,4820
80924,12135,528,864,1402
80925,10059,2024,359,4001
80926,1723,0,9,146
80927,4179,304,152,1687
80928,635,0,4,19
80929,71,0,0,33
80930,1232,202,201,140
80938,474,104,0,367
80939,0,0,0,0
80951,2433,799,17,799
81001,21500,736,265,16647
81003,9771,574,120,7356
81004,20378,488,145,12797
81005,22764,568,226,15159
81006,9481,51,66,4640
81007,28945,373,470,10912
81008,8443,585,159,4315
81019,1414,0,0,227
81020,603,0,0,320
81021,12,0,0,0
81022,1486,0,0,462
81023,1269,0,0,197
81024,199,0,0,32
81025,600,4,0,156
81027,101,0,0,18
81029,302,0,0,1
81030,129,0,0,18
81033,83,0,0,114
81036,972,8,0,59
81039,1394,22,0,235
81040,248,0,0,143
81041,404,0,0,403
81043,35,0,0,4
81044,144,0,0,46
81045,84,0,0,0
81046,3,0,0,0
81047,1262,0,2,570
81049,122,0,0,21
81050,6976,135,84,4015
81052,6808,159,65,3643
81054,3198,269,14,1684
81055,1410,0,0,196
81057,354,0,0,66
81058,741,74,20,481
81059,37,0,0,12
81062,1345,111,30,512
81063,2019,126,7,954
81064,269,0,10,12
81067,4036,5,57,3011
81069,2283,0,0,793
81071,246,0,0,23
81073,1599,11,50,205
81076,437,2,120,317
81077,735,0,11,242
81081,95,0,0,39
81082,8502,107,155,5038
81084,42,0,0,0
81087,106,0,0,57
81089,4103,3,5,1834
81090,850,0,21,147
81091,624,54,0,407
81092,743,0,2,131
81101,10116,177,352,7537
81120,1417,0,0,1348
81121,148,0,0,173
81122,8236,2,11,1256
81123,489,23,46,285
81124,69,0,2,303
81125,2727,96,0,2326
81126,43,0,0,371
81128,16,0,0,0
81129,0,0,0,0
81130,723,0,6,27
81131,955,0,0,26
81132,2755,15,0,1141
81133,898,5,2,589
81136,337,8,0,200
81137,3857,5,19,1284
81138,16,0,0,16
81140,1547,11,0,763
81141,716,0,0,478
81143,680,0,0,53
81144,4850,19,9,3523
81146,696,0,4,153
81147,10410,47,73,2305
81148,165,0,2,293
81149,779,0,71,250
81151,1176,0,0,716
81152,737,10,8,824
81154,1128,0,8,72
81155,244,0,0,0
81201,7923,0,144,1090
81210,270,0,0,31
81211,7173,207,74,636
81212,27889,1145,227,4510
81220,132,0,0,0
81221,378,0,0,76
81222,379,0,0,0
81223,1930,39,3,76
81224,3195,0,50,198
81225,1000,0,0,15
81226,6757,696,54,1343
81227,0,0,0,0
81228,0,0,0,0
81230,9429,182,102,1409
81232,32,0,0,0
81233,917,28,0,48
81235,752,9,1,10
81236,1651,0,0,109
81237,143,0,0,0
81239,134,0,0,0
81240,4149,0,0,444
81241,178,0,0,0
81242,807,0,8,133
81243,118,0,0,0
81244,523,0,0,209
81248,197,0,0,0
81251,351,0,0,28
81252,3779,70,56,83
81253,389,0,0,0
81301,25375,108,247,2426
81303,7645,14,149,2276
81320,382,0,0,0
81321,11419,156,180,2497
81323,4501,172,4,507
81324,1309,0,0,294
81325,73,0,0,0
81326,2289,0,11,209
81327,318,0,0,0
81328,3797,0,12,372
81330,115,0,17,0
81331,208,0,0,0
81332,347,0,0,25
81334,87,6,6,7
81335,54,0,0,0
81401,19870,90,175,4782
81403,9473,66,50,2324
81410,1615,0,11,173
81411,2,0,0,0
81413,5314,12,22,333
81415,1842,0,14,558
81416,11313,104,122,3288
81418,1484,0,0,35
81419,2937,0,0,239
81422,476,0,0,17
81423,1574,0,0,155
81424,1076,13,0,36
81425,4562,11,0,1671
81426,180,0,0,1
81427,1100,65,10,106
81428,3397,74,26,267
81429,105,0,0,1
81430,730,0,0,28
81431,482,0,0,44
81432,2824,33,5,100
81433,553,0,0,126
81434,158,0,0,5
81435,5022,44,57,736
81501,20900,250,149,4408
81503,14110,65,139,2381
81504,25351,349,132,6406
81505,10010,58,186,2034
81506,10659,39,248,984
81507,14757,45,218,1294
81520,12224,114,305,3113
81521,14121,152,131,1806
81522,107,0,0,0
81523,653,0,0,0
81524,2328,0,0,349
81525,1490,0,0,16
81526,4649,9,5,541
81527,1391,6,35,93
81601,11904,116,349,4828
81610,600,0,0,352
81611,8194,58,391,1070
81612,35,0,0,52
81615,2721,17,0,409
81620,8267,291,354,2724
81621,5142,10,21,946
81623,14229,162,100,4402
81624,1487,24,14,92
81625,10790,49,36,1811
81630,926,0,0,139
81631,6961,10,0,2127
81632,7910,234,171,3352
81633,0,0,0,0
81635,5422,81,13,1571
81637,6476,0,23,5759
81638,65,0,0,0
81639,2337,0,24,221
81640,114,0,0,25
81641,3292,0,4,503
81642,12,0,0,0
81643,442,0,0,1
81645,853,0,0,194
81646,258,0,0,0
81647,4921,0,47,1702
81648,2268,19,0,218
81649,258,0,0,75
81650,10940,30,59,5517
81652,4799,69,15,1492
81653,0,0,0,0
81654,1567,0,0,17
81655,181,0,0,0
81656,541,0,0,81
81657,4768,0,26,167
82001,31869,1129,336,5938
82005,342,72,5,82
82007,17651,588,288,5568
82009,30600,578,475,3380
82050,204,0,0,18
82051,28,0,0,0
82052,81,0,0,0
82053,1078,0,0,134
82054,900,0,0,0
82055,345,0,0,9
82058,16,0,0,0
82059,255,0,0,20
82060,559,0,0,162
82061,0,0,0,0
82063,58,0,0,0
82070,17139,124,431,1960
82072,14252,246,976,1708
82073,48,0,0,0
82081,83,0,0,0
82082,1613,0,0,262
82083,309,0,5,42
82084,112,0,0,0
82190,817,48,20,18
82201,5740,44,0,581
82210,230,0,0,0
82212,434,0,0,216
82213,461,0,0,63
82214,1027,3,0,77
82215,245,0,0,6
82217,43,0,0,0
82218,12,0,0,0
82219,31,0,0,0
82221,492,2,2,0
82222,187,0,0,0
82223,705,0,0,0
82224,2,0,0,0
82225,1605,4,0,121
82227,309,0,0,2
82229,70,0,0,0
82240,8725,56,78,1103
82242,128,0,0,18
82243,280,0,0,0
82244,450,20,0,73
82301,7058,199,64,2094
82310,34,0,0,0
82321,609,2,0,173
82322,153,0,0,0
82323,177,0,0,163
82324,159,0,0,0
82325,665,1,0,0
82327,764,0,0,100
82329,344,0,0,24
82331,2130,1,9,111
82332,20,0,0,0
82334,573,2,2,12
82335,0,0,0,0
82336,179,0,0,86
82401,5918,1,28,1092
82410,1937,0,7,39
82411,595,0,0,10
82412,574,0,1,112
82414,14655,71,32,761
82420,642,38,23,33
82421,259,0,1,45
82422,0,0,0,0
82423,211,0,0,13
82426,2661,0,24,604
82428,60,0,0,2
82430,56,0,0,7
82431,2980,14,25,206
82432,239,0,0,66
82433,806,77,1,122
82434,74,0,0,0
82435,11003,16,44,911
82440,9,0,0,0
82441,169,0,0,2
82442,807,0,4,11
82443,4197,0,6,183
82450,216,0,0,0
82501,14001,116,170,1959
82510,71,4,0,87
82512,221,0,0,6
82513,1427,0,0,25
82514,70,3,0,82
82515,402,0,0,59
82516,178,0,0,3
82520,9850,93,10,725
82523,806,0,0,54
82601,24175,36,130,2876
82604,25167,82,107,1957
82609,17195,137,122,1541
82620,187,0,0,2
82630,0,0,0,0
82633,9149,32,19,1001
82635,116,0,0,0
82636,3400,58,62,601
82637,3819,0,0,161
82638,115,0,0,0
82639,774,0,0,99
82640,115,0,0,0
82642,51,0,0,0
82643,197,0,0,7
82644,1666,0,0,279
82646,26,0,0,0
82648,114,0,0,0
82649,1019,0,4,61
82701,4550,6,16,223
82710,397,0,0,0
82711,9,0,0,0
82712,363,0,0,0
82714,38,0,0,0
82716,15888,13,24,1931
82718,22381,152,0,2011
82720,657,0,0,65
82721,2772,0,25,91
82723,123,0,0,0
82725,83,0,0,0
82727,1402,0,0,19
82729,2526,0,9,50
82730,1336,0,0,20
82731,144,0,0,0
82732,1271,13,10,186
82801,23654,88,314,1389
82831,214,0,0,2
82832,1259,0,0,0
82833,226,0,0,0
82834,6899,16,57,370
82835,357,0,0,39
82836,1048,0,14,18
82837,38,0,0,3
82838,478,0,0,0
82839,1317,0,0,21
82842,548,0,0,0
82844,10,0,0,0
82845,85,0,0,0
82901,23122,528,300,4918
82922,268,0,0,0
82923,600,0,0,0
82925,299,0,0,0
82929,21,0,0,0
82930,13241,105,33,1674
82932,800,0,0,28
82933,802,0,0,8
82934,124,0,0,32
82935,10731,0,61,1735
82936,10,0,0,0
82937,2832,0,0,276
82938,226,0,0,0
82939,1282,0,0,67
82941,4392,2,0,328
82942,68,0,0,0
82943,61,0,0,0
82944,612,0,0,0
82945,195,0,0,21
83001,14172,86,242,3374
83011,208,0,0,4
83012,127,0,0,0
83013,376,2,0,8
83014,2479,0,44,93
83025,902,0,0,54
83101,2987,6,23,86
83110,4809,0,7,275
83111,375,0,0,22
83112,868,0,0,0
83113,2338,0,0,289
83114,756,0,2,2
83115,357,0,0,0
83116,599,0,0,63
83118,309,0,0,21
83119,197,0,0,0
83120,342,0,0,45
83121,0,0,0,0
83122,997,0,0,0
83123,589,0,6,6
83124,118,0,1,0
83126,531,0,0,0
83127,3712,5,8,204
83128,1620,0,10,274
83201,33505,565,1178,3861
83202,17931,50,269,2622
83203,10,0,0,0
83204,16115,195,123,1506
83209,1068,59,106,141
83210,2217,11,0,2294
83211,4445,0,0,2538
83212,380,0,0,6
83213,1092,0,0,128
83214,570,0,1,91
83215,21,0,0,0
83217,900,0,0,35
83218,404,0,0,22
83220,80,0,0,16
83221,23210,54,123,4884
83223,193,0,0,0
83226,2142,0,1,70
83227,64,6,0,0
83228,1050,0,0,60
83232,388,0,0,73
83233,194,0,0,0
83234,1296,0,2,52
83235,57,0,0,0
83236,1793,0,27,156
83237,1173,0,21,252
83238,100,0,0,0
83239,816,8,22,14
83241,2006,0,2,444
83243,14,0,0,0
83244,421,0,0,4
83245,2317,0,0,89
83246,973,0,8,49
83250,1955,0,0,101
83251,1102,0,0,67
83252,4257,0,0,204
83253,80,0,0,0
83254,3431,0,32,125
83255,1079,0,0,43
83261,653,0,0,115
83262,992,0,2,64
83263,9090,0,15,539
83271,284,0,0,3
83272,205,0,0,7
83274,9028,14,23,1209
83276,3727,0,3,32
83277,168,0,0,9
83278,372,0,0,0
83281,81,0,0,0
83283,206,0,0,0
83285,25,6,0,0
83286,1368,0,0,75
83287,240,0,0,0
83301,51228,436,1348,9867
83302,337,0,1,169
83311,572,0,0,120
83312,137,0,0,0
83313,2746,0,61,880
83314,835,0,3,207
83316,8291,14,72,2164
83318,14596,21,78,6066
83320,870,0,0,619
83321,343,0,0,249
83322,64,0,0,0
83323,1360,4,0,365
83324,597,0,0,186
83325,615,0,14,270
83327,830,0,0,168
83328,5797,32,0,392
83330,5548,13,10,1331
83332,2202,1,7,355
83333,10399,72,0,3222
83334,1913,0,0,831
83335,1500,0,0,951
83336,5380,14,0,2273
83337,15,0,0,0
83338,15586,7,82,8202
83340,4967,0,28,852
83341,7120,12,0,1806
83342,1278,0,0,89
83344,1049,0,9,295
83346,1242,5,12,251
83347,2358,0,0,847
83348,56,0,0,0
83349,1027,3,2,153
83350,8951,7,30,4619
83352,2540,22,18,1316
83353,1113,45,14,114
83354,10,0,0,0
83355,3610,1,27,2635
83401,40888,290,202,6357
83402,23201,99,315,5539
83404,23340,56,410,3124
83406,17140,45,214,1903
83414,533,28,0,0
83420,2541,9,0,170
83421,379,0,0,0
83422,2596,0,0,1018
83423,411,4,0,301
83424,87,0,0,0
83425,632,0,0,176
83427,2471,0,21,145
83428,517,0,0,1
83429,631,0,0,4
83431,635,0,0,237
83433,29,0,0,0
83434,1601,0,0,240
83435,340,0,0,158
83436,849,1,0,42
83438,349,0,0,17
83440,43985,401,935,4224
83442,22325,28,74,1860
83443,949,0,0,189
83444,798,0,0,348
83445,6257,34,7,1077
83446,22,0,0,7
83448,2810,86,14,199
83449,217,0,0,9
83450,917,6,0,233
83451,1011,0,0,307
83452,2095,0,0,136
83454,346,0,0,10
83455,5133,0,0,779
83460,14,0,0,0
83462,378,0,10,19
83463,49,0,0,0
83464,291,0,0,18
83465,41,0,3,12
83466,80,0,0,0
83467,6313,1,0,216
83468,166,0,0,0
83469,13,0,0,21
83501,34458,34,326,1796
83520,300,0,0,0
83522,2416,7,2,73
83523,721,0,7,31
83524,650,0,2,17
83525,362,0,0,6
83526,249,0,0,18
83530,5255,4,38,390
83533,219,0,0,0
83535,935,7,0,32
83536,3676,18,63,218
83537,1001,0,2,14
83539,2088,0,10,25
83540,673,3,46,59
83541,978,0,0,15
83542,132,0,0,0
83543,647,45,0,33
83544,5629,19,76,279
83545,378,0,0,11
83546,431,0,0,16
83547,278,0,0,0
83548,125,0,0,0
83549,648,0,0,6
83552,800,0,0,0
83553,970,0,0,57
83554,341,2,0,2
83555,359,4,2,8
83602,5,0,0,0
83604,430,0,0,42
83605,24900,219,298,16112
83607,26673,13,472,8953
83610,909,0,0,45
83611,2906,6,3,81
83612,1840,9,0,101
83615,1286,0,0,22
83616,30211,57,634,2807
83617,14477,22,49,1731
83619,6692,0,158,1402
83622,2002,23,7,90
83623,1353,2,0,416
83624,1252,12,2,411
83626,965,0,16,308
83627,403,0,3,69
83628,3534,0,15,1481
83629,1653,0,9,143
83631,1291,1,6,78
83632,471,0,0,25
83633,507,0,0,119
83634,30845,242,246,3463
83636,514,0,3,0
83637,237,0,0,4
83638,7296,1,3,123
83639,2366,33,0,887
83641,3348,14,0,728
83642,47637,425,1330,4849
83643,116,0,0,0
83644,13062,39,129,1255
83645,813,0,0,27
83646,61814,1391,1489,6340
83647,16953,376,713,3770
83648,2143,298,143,611
83650,405,0,0,76
83651,28863,42,379,9400
83654,1554,5,0,11
83655,4856,0,43,466
83656,327,0,0,250
83657,343,0,0,0
83660,5033,7,32,2249
83661,8617,20,0,2265
83666,41,0,0,7
83669,11695,105,138,1743
83670,694,0,0,0
83672,7251,20,14,1669
83676,3951,2,9,1622
83677,327,0,0,0
83686,45757,412,278,11759
83687,28928,676,204,7803
83702,20410,202,456,1467
83703,16518,80,391,869
83704,33763,401,1148,5741
83705,23080,640,660,3333
83706,31353,427,1706,3469
83709,50587,1202,1580,4420
83712,8197,181,207,342
83713,24705,487,759,2718
83714,24169,243,274,2253
83716,16680,192,1888,1421
83720,0,0,0,0
83725,0,0,0,0
83801,6378,0,59,497
83802,130,0,0,31
83803,498,0,0,0
83804,1510,0,0,57
83805,8030,41,83,542
83806,223,0,0,5
83808,138,0,0,0
83809,460,0,0,0
83810,1522,0,0,26
83811,1579,0,0,33
83812,16,0,0,0
83813,1047,0,0,39
83814,23915,56,248,1653
83815,34876,176,609,1645
83821,200,0,9,1
83822,1710,0,3,33
83823,1449,0,0,44
83824,253,0,0,80
83825,166,0,0,28
83826,86,0,0,0
83827,197,0,0,0
83830,300,0,0,0
83832,1681,1,4,26
83833,1313,1,0,71
83834,223,0,0,0
83835,21797,99,27,783
83836,779,0,0,4
83837,2856,72,0,124
83839,1093,0,0,0
83840,639,0,0,19
83841,601,0,0,0
83842,95,0,0,0
83843,21340,401,540,1089
83844,3882,65,232,246
83845,1797,0,8,34
83846,659,4,1,23
83847,1228,5,91,85
83848,228,0,0,0
83849,2131,16,0,91
83850,2104,3,0,184
83851,1242,61,4,176
83852,958,94,17,36
83854,45307,141,203,2583
83855,1573,7,15,64
83856,6191,0,7,187
83857,1289,5,0,156
83858,16238,27,105,1387
83860,7563,0,31,424
83861,6344,18,0,183
83864,17674,47,219,898
83866,239,0,0,0
83867,535,0,0,0
83868,803,0,0,25
83869,5093,7,0,374
83870,331,0,0,18
83871,2192,0,16,42
83872,714,7,0,146
83873,1578,20,3,56
83874,82,0,0,9
83876,871,0,6,33
84001,678,10,0,9
84002,266,0,0,10
84003,46591,441,1001,3902
84004,9525,0,104,349
84005,40530,157,177,5204
84006,864,2,1,147
84007,397,0,0,13
84008,0,0,0,0
84009,34003,200,1426,3341
84010,42081,559,623,3238
84013,702,0,0,4
84014,15209,151,217,1168
84015,58396,951,1688,10464
84017,3626,72,8,1240
84018,291,0,0,0
84020,42712,998,2087,3630
84021,3047,9,0,257
84022,479,15,10,48
84023,121,0,0,0
84024,53,0,0,26
84025,22326,159,469,1562
84026,257,0,0,114
84027,636,0,4,140
84028,504,0,0,96
84029,12285,38,172,1089
84031,189,0,0,0
84032,21257,121,372,3718
84033,1019,0,0,53
84034,18,0,0,4
84035,435,0,0,21
84036,7362,36,53,1667
84037,35915,154,442,1773
84038,431,0,1,39
84039,442,0,0,0
84040,23768,280,522,2847
84041,46642,1175,970,8651
84042,9971,50,295,662
84043,69409,372,1546,5969
84044,18996,435,209,9698
84045,35116,73,549,4039
84046,459,0,0,14
84047,26605,968,1464,6657
84049,6638,0,7,112
84050,11444,69,50,379
84051,460,0,0,0
84052,1001,14,22,99
84053,691,0,34,0
84054,18035,48,1136,3530
84055,1627,21,0,89
84056,2609,416,70,462
84057,31125,283,596,8178
84058,27776,441,521,6407
84059,12609,220,344,2537
84060,7252,71,262,1283
84061,307,0,0,5
84062,40980,172,853,5154
84063,210,0,2,94
84064,916,0,0,102
84065,43191,93,931,3828
84066,11864,41,91,1441
84067,31810,354,605,7868
84069,409,6,0,3
84070,22866,452,1145,6221
84071,2190,0,30,349
84072,378,0,0,0
84073,165,0,0,0
84074,47682,530,377,7886
84075,29859,459,311,2233
84076,422,0,0,0
84078,25750,152,147,2621
84080,224,0,0,3
84081,37810,837,1606,12186
84082,767,0,0,22
84083,836,0,5,747
84084,23617,511,899,7357
84085,95,0,0,0
84086,388,0,0,19
84087,15082,145,99,1344
84088,30088,378,983,8491
84092,25675,228,827,1445
84093,22193,261,570,757
84094,23006,165,1247,2415
84095,32659,165,2084,2744
84096,58950,360,1841,6969
84097,19520,80,271,1731
84098,18101,101,474,1276
84101,5197,523,376,1388
84102,15356,473,1325,1938
84103,19341,443,865,1764
84104,11711,1495,992,10761
84105,19817,300,676,1477
84106,29508,868,1428,3149
84107,27584,1041,1763,5684
84108,18747,136,1045,1369
84109,23268,97,889,1146
84111,8841,690,1090,2005
84112,2071,35,360,179
84113,203,7,19,9
84114,0,0,0,0
84115,18684,1248,2543,8187
84116,16556,1365,2778,15120
84117,21174,577,809,1836
84118,22862,940,1128,16379
84119,25561,2187,2331,22703
84120,27125,1163,3552,19729
84121,35239,337,1230,2527
84123,28288,521,2053,7650
84124,19335,92,867,1801
84128,16078,334,996,14378
84129,26914,637,2698,8761
84138,0,0,0,0
84150,7,0,0,0
84180,0,0,0,0
84301,687,7,19,78
84302,23650,147,216,2675
84304,105,0,0,0
84305,658,0,0,5
84306,322,0,0,0
84307,1075,17,4,111
84308,252,0,2,19
84309,729,0,0,23
84310,4542,64,86,123
84311,788,5,0,78
84312,4554,0,25,647
84313,26,13,0,10
84314,1153,0,14,46
84315,8930,0,11,511
84316,295,0,0,12
84317,2503,0,9,71
84318,5129,4,17,273
84319,8643,0,80,1326
84320,2575,0,18,89
84321,42033,625,1384,5963
84322,0,0,0,0
84324,1265,46,2,41
84325,2123,10,0,170
84326,1770,0,16,224
84327,1011,6,0,20
84328,1673,0,2,41
84329,150,0,0,0
84330,335,0,0,7
84331,208,3,0,12
84332,7462,5,52,1034
84333,2895,14,0,211
84334,178,0,0,0
84335,14395,0,69,1310
84336,416,0,0,6
84337,13454,2,271,1781
84338,549,6,5,50
84339,5615,30,1,375
84340,3064,0,30,224
84341,20513,225,1053,3660
84401,36889,693,633,11323
84403,30858,824,473,7869
84404,55435,441,839,14865
84405,30276,244,428,4499
84408,49,13,0,16
84414,29380,164,633,2969
84501,11392,191,56,2125
84511,3105,6,71,227
84512,99,0,0,19
84513,1317,0,0,45
84515,0,0,0,0
84516,61,0,0,0
84518,741,0,0,0
84520,1021,0,0,187
84521,539,0,0,45
84522,302,8,0,0
84523,1640,0,0,42
84525,832,0,0,288
84526,3998,29,0,306
84528,2756,0,0,210
84529,95,0,0,0
84530,105,0,0,212
84531,0,0,0,0
84532,9001,2,140,1052
84533,75,0,10,5
84534,48,0,6,62
84535,2677,16,0,243
84536,13,0,0,10
84537,1273,0,0,47
84539,334,0,0,49
84540,0,0,0,0
84542,1374,6,0,132
84601,25122,326,534,9630
84602,1391,3,59,78
84604,37803,391,1131,4710
84606,29266,327,933,5662
84620,1031,7,0,26
84621,32,0,0,0
84622,1203,0,29,128
84623,0,0,0,98
84624,5039,31,85,679
84626,314,0,0,265
84627,5655,64,61,297
84628,839,0,0,71
84629,3224,0,0,42
84630,281,0,0,183
84631,2372,1,131,579
84632,1291,0,45,87
84633,651,0,2,269
84634,2486,12,31,886
84635,665,0,0,211
84636,506,0,0,14
84637,679,0,4,85
84638,293,0,2,33
84639,785,0,0,22
84640,204,0,2,2
84642,2980,139,4,270
84643,557,0,0,3
84644,228,0,0,12
84645,2717,0,0,219
84646,1251,0,19,475
84647,4134,37,34,141
84648,6633,76,71,373
84649,746,0,0,40
84651,25228,113,149,3434
84652,928,0,1,35
84653,9912,64,21,522
84654,2408,9,21,219
84655,14275,103,12,2077
84656,398,0,0,2
84657,509,0,8,199
84660,41571,260,72,5453
84662,1479,0,3,68
84663,31308,122,228,5640
84664,11093,62,9,534
84665,562,6,0,38
84667,397,0,0,19
84701,8144,94,16,408
84710,252,0,0,0
84711,787,0,0,4
84712,121,0,0,0
84713,3412,10,0,549
84714,709,0,0,127
84715,466,0,0,1
84716,442,0,0,140
84718,261,0,0,0
84719,60,0,0,0
84720,20342,357,438,1956
84721,25386,77,157,3437
84722,902,0,0,0
84723,377,0,0,49
84724,936,0,7,138
84725,1566,0,0,0
84726,805,0,0,76
84728,59,0,0,0
84729,375,0,0,0
84730,660,0,0,13
84731,9,0,0,0
84732,57,0,0,0
84733,234,0,0,0
84734,213,0,0,3
84735,169,0,0,18
84736,279,0,0,5
84737,20534,227,45,1803
84738,8442,27,171,666
84739,557,0,0,14
84740,288,0,0,0
84741,5885,13,74,411
84742,324,0,6,0
84743,362,0,0,0
84744,245,0,0,17
84745,3752,0,0,461
84746,1213,0,21,32
84747,960,0,0,6
84749,198,0,0,0
84750,557,3,0,25
84751,1961,0,0,277
84752,944,0,0,93
84753,0,0,0,0
84754,3783,7,42,152
84755,25,0,0,0
84756,360,0,0,0
84757,1274,0,13,48
84758,595,0,0,6
84759,2080,6,0,74
84760,936,0,39,0
84761,2770,0,1,77
84762,88,0,0,0
84763,151,0,0,4
84764,178,0,0,64
84765,6605,39,183,874
84766,147,0,0,0
84767,634,16,0,75
84770,40978,173,508,6995
84772,234,0,0,10
84773,296,0,0,0
84774,1749,9,7,137
84775,352,0,0,36
84776,524,0,0,4
84779,711,0,0,50
84780,24978,74,396,4191
84781,310,0,0,0
84782,466,0,0,40
84783,922,0,0,0
84784,1002,0,0,66
84790,45003,497,598,4953
85003,6067,1325,170,2593
85004,6309,577,642,2489
85006,13074,1495,325,14457
85007,7029,1223,296,7497
85008,30489,6584,1020,35861
85009,23663,2376,414,42977
85012,5929,222,424,1512
85013,14044,1187,720,6116
85014,17636,1194,1033,7554
85015,19898,6350,1800,21301
85016,26334,1541,1649,11310
85017,19762,3337,1903,27367
85018,29180,1636,964,7876
85019,13992,690,1032,20130
85020,24000,1808,574,9227
85021,22172,4715,1165,13633
85022,38001,3859,1231,10698
85023,22816,2500,1688,9593
85024,19063,455,1442,4255
85026,0,0,0,0
85027,28791,923,2870,8881
85028,15701,428,303,1621
85029,31370,3538,1173,17512
85031,17604,1072,45,26047
85032,47777,2646,2317,19875
85033,27456,2573,335,49388
85034,2591,610,108,2880
85035,23992,4950,544,43177
85037,24486,5103,1303,35121
85040,13972,6242,795,21907
85041,23384,10257,1725,40851
85042,21128,7557,1578,24993
85043,16743,3502,154,31108
85044,28139,2796,1835,6645
85045,4736,282,740,1491
85048,23314,1417,3691,5152
85050,24354,474,2973,3309
85051,22697,3465,2200,19936
85053,20914,1308,1110,7894
85054,6150,590,933,614
85083,15448,411,1717,2341
85085,20384,898,3326,3406
85086,38078,758,1231,5300
85087,8278,86,191,808
85118,11876,168,144,1044
85119,19555,259,243,4660
85120,25331,207,391,4363
85121,43,0,0,199
85122,35449,2126,870,25588
85123,7049,170,0,3228
85128,7804,1222,52,8794
85131,9441,1475,229,8701
85132,27416,2702,278,12075
85135,314,0,0,495
85137,1930,0,0,1133
85138,28087,5859,1104,16642
85139,11478,1482,511,6133
85140,37383,1658,1149,11057
85141,209,0,0,181
85142,61931,3194,2345,18180
85143,31044,1300,647,10064
85145,2566,0,56,606
85147,498,21,0,574
85172,474,74,0,1023
85173,1608,13,98,1584
85191,33,0,0,12
85192,1581,0,0,1120
85193,3718,46,33,2834
85194,6034,12,139,2013
85201,30012,3817,1309,19681
85202,25253,3038,1038,13355
85203,27025,1992,1026,10548
85204,44643,2571,731,28264
85205,35458,1374,923,6701
85206,28537,1450,431,7854
85207,41328,737,1176,7654
85208,28390,931,873,8855
85209,32588,1291,1357,7214
85210,24802,3674,680,19744
85212,34202,2354,1738,8142
85213,30066,1210,565,5884
85215,14064,210,477,2325
85224,30504,2599,5287,10923
85225,45929,5557,4481,24603
85226,27911,2021,4693,6936
85233,27188,2044,3453,7780
85234,39625,1228,1780,9353
85236,0,0,0,0
85248,27037,1264,4937,2735
85249,33399,1524,5628,5621
85250,12714,302,619,1405
85251,32674,768,1280,6759
85253,14119,45,675,2037
85254,35908,428,4294,4497
85255,38025,734,1856,3338
85256,115,1,0,920
85257,24241,763,1101,4952
85258,21724,759,967,1624
85259,17294,594,2183,1727
85260,31309,887,3390,3783
85262,12359,309,85,609
85263,3121,0,27,33
85264,476,3,13,201
85266,10696,143,818,371
85268,21803,527,534,746
85281,40472,4648,8067,17062
85282,33893,4682,2738,12825
85283,25769,3483,3982,14255
85284,14921,500,1485,2398
85286,29472,3054,7752,8969
85295,40501,2528,3093,10330
85296,39202,2471,2290,8904
85297,24001,1452,2940,5724
85298,33876,995,2888,5066
85301,28813,6256,1125,43177
85302,24142,3607,2522,13418
85303,15962,3305,1422,20691
85304,21476,980,732,7951
85305,8965,1075,868,7134
85306,19130,444,769,5493
85307,7325,1274,295,5397
85308,49989,1541,3197,9473
85309,404,186,44,246
85310,15750,585,593,1675
85320,435,0,0,296
85321,2191,3,20,999
85322,242,1,0,263
85323,20377,5613,903,27990
85324,2192,0,0,80
85325,1023,0,0,0
85326,46376,4309,1045,37320
85328,171,0,0,0
85329,1397,0,0,2500
85331,28044,301,743,2290
85332,1503,0,0,34
85333,332,5,0,360
85334,709,0,0,323
85335,17889,2702,425,17567
85336,6483,0,0,9777
85337,1106,68,0,1481
85338,37812,3606,1585,24075
85339,19548,8910,2039,22215
85340,22559,2045,1474,11662
85341,40,0,0,40
85342,1711,25,8,124
85343,75,0,0,0
85344,4222,37,131,3305
85345,38745,3273,2491,23427
85346,2341,10,0,603
85347,181,0,0,483
85348,1965,0,0,65
85349,11383,443,38,24154
85350,8764,510,9,17418
85351,25637,465,155,1617
85352,221,0,0,349
85353,19955,3671,519,32199
85354,6412,33,19,2930
85355,8611,1011,416,3449
85356,2918,1,14,946
85357,154,47,22,323
85360,49,0,0,0
85361,5431,109,52,2076
85362,562,0,0,17
85363,4602,146,61,2945
85364,39215,1604,1323,50652
85365,32382,952,725,24528
85367,16897,454,145,4714
85371,8,0,0,80
85373,18380,546,180,1564
85374,35123,1673,646,5685
85375,25727,196,278,438
85377,3519,1,24,76
85378,6281,553,22,3684
85379,34388,3264,1642,11589
85381,21549,865,720,5806
85382,32585,1104,2106,5693
85383,53950,1894,5896,7578
85387,13137,484,423,1964
85388,26325,1850,984,8091
85390,9372,35,49,769
85392,21285,3379,1695,17692
85395,26480,1999,1914,8426
85396,24692,1207,562,11842
85501,9192,228,119,4676
85530,11,0,0,0
85531,280,0,95,0
85532,263,0,0,249
85533,2059,4,0,1998
85534,2064,1,9,1070
85535,0,0,0,0
85536,340,0,0,4
85539,1562,27,11,1522
85540,2934,166,62,1505
85541,20401,113,197,2735
85542,82,0,0,217
85543,3606,70,0,1115
85544,2391,0,15,109
85545,510,12,0,0
85546,15515,565,123,9594
85550,96,4,41,233
85551,125,0,0,395
85552,5810,35,59,1258
85553,1451,0,0,3
85554,470,5,0,4
85601,503,0,0,54
85602,8259,10,68,1813
85603,4997,75,9,2174
85605,475,4,0,555
85606,763,0,7,153
85607,9048,303,146,15112
85608,1656,389,0,1460
85609,446,0,0,62
85610,661,23,0,230
85611,1152,0,18,113
85613,3252,861,118,790
85614,21426,461,198,3544
85615,8300,37,86,1584
85616,3638,138,51,1029
85617,864,12,3,170
85618,969,0,0,897
85619,26,0,0,0
85620,457,0,0,1075
85621,9685,110,45,20102
85622,5900,6,4,529
85623,3884,0,8,966
85624,1184,15,2,418
85625,1860,2,0,193
85626,635,0,0,955
85627,437,2,0,2
85629,21089,607,413,11938
85630,1805,0,0,364
85631,2674,1,0,1891
85632,664,2,0,169
85633,34,1,0,5
85634,421,22,0,304
85635,24273,2329,1591,9777
85637,1165,8,0,95
85638,1507,0,6,173
85639,0,0,0,14
85640,81,0,0,81
85641,22899,1483,739,6888
85643,6353,121,63,3930
85645,713,0,22,683
85646,1219,0,0,253
85648,10688,11,0,18675
85650,10591,782,294,3524
85653,16064,796,300,5147
85654,0,0,0,0
85658,12274,226,524,3609
85701,3509,99,212,1921
85704,27742,313,1722,6180
85705,32282,2263,1988,26904
85706,23981,1908,610,48805
85707,345,190,6,89
85708,2283,362,128,692
85709,0,0,0,0
85710,39315,2751,960,14155
85711,25051,2491,1606,17135
85712,21629,1684,971,8962
85713,23690,1550,609,32738
85714,7355,144,101,13942
85715,15043,590,302,4087
85716,22139,1862,599,8080
85718,20299,743,2093,3506
85719,34144,1544,3716,12785
85721,0,0,0,0
85723,68,0,0,80
85724,0,0,0,0
85726,0,0,0,0
85730,24928,2504,1160,12628
85734,1947,876,47,2250
85735,6642,74,81,5662
85736,2911,31,25,1494
85737,18232,356,877,3944
85739,15487,65,176,2821
85741,21957,875,1885,10645
85742,22814,752,801,8091
85743,22393,717,1154,8525
85745,24283,729,1269,18687
85746,19481,1276,459,36093
85747,19144,1124,843,7319
85748,16367,621,729,3250
85749,14795,191,283,2191
85750,20358,456,1122,2607
85755,14440,274,682,2135
85756,19010,2427,894,22893
85757,8530,656,126,13339
85901,15912,109,91,3279
85902,5,0,0,0
85911,22,0,0,4
85912,142,0,0,9
85920,517,0,0,50
85922,101,0,0,4
85923,345,0,0,0
85924,1517,0,29,249
85925,3820,0,0,738
85926,14,0,0,0
85927,55,0,0,121
85928,409,0,0,14
85929,6093,57,78,1273
85930,13,0,0,56
85931,222,4,0,0
85932,438,0,0,284
85933,2944,2,66,140
85934,425,0,0,0
85935,3655,0,6,339
85936,2983,301,0,1488
85937,8075,223,0,596
85938,1794,5,0,528
85939,3374,39,0,337
85940,1334,48,0,101
85941,358,40,13,154
85942,0,0,0,0
86001,26031,752,1356,5718
86003,0,0,0,1
86004,25678,205,590,7107
86005,12263,662,445,2584
86011,3009,134,26,920
86015,842,0,19,157
86016,0,0,0,0
86017,902,48,0,75
86018,851,0,0,4
86020,38,0,0,62
86021,4118,0,0,4
86022,1129,12,19,202
86023,1247,41,13,380
86024,1016,0,0,165
86025,2203,318,0,1695
86028,37,0,0,0
86029,92,0,0,12
86030,0,0,0,25
86031,37,2,6,88
86032,1724,1,2,491
86033,197,21,48,30
86034,61,18,0,20
86035,13,0,7,11
86036,9,0,0,9
86038,272,0,0,0
86039,15,0,14,36
86040,3211,170,91,531
86042,41,6,0,215
86043,0,0,0,45
86044,15,0,14,162
86045,440,94,0,579
86046,4209,41,71,1716
86047,3356,361,94,3952
86052,179,22,0,132
86053,0,0,0,7
86054,8,0,0,0
86301,22748,86,583,2422
86303,17266,165,246,1576
86305,17588,24,134,1554
86313,171,14,0,12
86314,31130,300,413,8698
86315,7571,43,161,1290
86320,1915,0,0,500
86321,2240,0,0,1596
86322,9839,99,47,2824
86323,16699,128,177,2875
86324,4089,3,13,484
86325,4794,89,10,648
86326,19876,196,89,4440
86327,10544,67,0,991
86329,1060,0,0,106
86331,346,0,0,27
86332,1997,7,0,312
86333,4785,93,86,1786
86334,3744,0,25,1066
86335,4020,3,7,432
86336,8457,116,323,2031
86337,1551,0,35,321
86338,512,20,8,57
86343,121,0,0,19
86351,5224,114,144,609
86401,25119,401,467,4918
86403,15716,97,111,3746
86404,15819,38,196,2632
86406,21182,105,178,2936
86409,24841,406,183,4087
86411,520,0,0,0
86413,9296,252,52,1801
86426,13181,229,276,2679
86429,7293,121,39,1091
86431,295,0,0,28
86432,2434,0,0,1729
86433,77,0,17,0
86434,179,0,0,352
86435,0,0,0,0
86436,743,0,0,64
86437,39,0,0,16
86438,543,11,0,71
86440,6633,58,61,1724
86441,1426,0,64,128
86442,26560,667,664,9200
86443,0,0,0,0
86444,1617,0,0,8
86445,227,25,0,15
86502,41,0,0,48
86503,185,42,105,135
86504,103,38,47,130
86505,59,17,12,176
86506,13,0,0,29
86507,2,0,0,16
86508,7,0,0,7
86510,119,0,0,33
86511,17,0,73,18
86512,30,10,4,73
86514,62,5,45,36
86515,117,3,14,145
86520,0,0,0,12
86535,0,0,0,45
86538,25,0,15,50
86540,0,7,0,0
86544,15,0,5,0
86545,0,0,17,5
86547,0,0,0,22
86556,215,109,8,94
87001,595,0,33,944
87002,13054,296,299,12155
87004,5970,59,8,6696
87005,25,0,0,0
87006,952,1,0,1469
87007,74,2,1,47
87008,2183,0,16,436
87010,980,28,0,7
87011,0,0,0,5
87012,35,0,0,310
87013,570,1,0,839
87014,298,0,0,547
87015,11099,48,17,4903
87016,2055,0,0,1345
87017,122,0,0,305
87018,9,0,0,13
87020,6120,389,56,5776
87021,1540,9,0,1536
87022,8,0,0,81
87023,404,0,0,437
87024,18,4,0,169
87025,838,0,118,297
87026,352,0,0,349
87027,160,0,0,301
87028,60,0,0,95
87029,278,0,0,1
87031,29131,800,203,30164
87032,0,0,0,62
87034,239,0,0,213
87035,4750,100,94,3305
87036,1025,219,21,690
87037,9,0,0,15
87038,0,0,0,0
87040,0,0,0,0
87041,302,5,0,713
87042,2295,0,58,2082
87043,3504,0,61,730
87044,117,0,0,25
87045,5,0,0,51
87046,175,0,0,93
87047,4159,16,34,1109
87048,6597,190,108,2388
87049,118,0,0,1
87051,1981,0,0,1861
87052,9,0,0,860
87053,39,0,1,126
87056,876,0,17,227
87059,7824,0,49,3085
87060,0,0,0,0
87061,232,0,0,119
87062,1241,0,0,962
87063,289,0,0,313
87064,14,0,0,102
87068,2899,24,42,1713
87070,10,0,0,0
87072,11,0,0,29
87083,276,4,2,74
87101,0,0,0,0
87102,10722,805,215,11937
87104,8034,321,73,7907
87105,25340,448,104,44191
87106,17417,831,1010,10257
87107,17462,521,142,14605
87108,20617,1894,987,18645
87109,25766,1686,1105,15353
87110,25887,1294,928,17124
87111,42773,1080,2168,16272
87112,29010,1227,1082,15462
87113,9061,200,2453,5658
87114,42164,2804,1153,33408
87116,2750,362,287,1186
87117,17,0,0,11
87120,37605,2392,1777,35957
87121,35534,1760,999,64204
87122,13239,207,1949,4632
87123,26656,1422,1979,19138
87124,38920,1994,1453,24229
87144,31961,1141,592,22293
87151,639,100,0,745
87301,5405,316,834,6968
87305,110,0,0,19
87310,24,44,0,90
87311,80,6,0,336
87312,17,0,0,0
87313,99,10,14,77
87315,182,0,0,0
87316,209,0,0,54
87317,98,0,0,974
87319,32,0,0,471
87320,5,0,0,0
87321,885,0,0,180
87322,102,0,0,9
87323,863,10,25,966
87325,33,0,47,42
87326,160,0,0,38
87327,89,0,41,206
87328,6,0,0,56
87347,84,0,0,125
87357,11,0,13,60
87364,0,0,0,14
87365,0,0,0,0
87375,33,0,0,115
87401,22479,332,566,11970
87402,6139,90,20,2923
87410,10952,390,180,3883
87412,432,89,107,894
87413,8588,35,4,4953
87415,2103,6,0,551
87416,186,0,24,162
87417,2306,2,17,452
87418,633,0,7,73
87419,354,0,0,223
87420,115,5,100,252
87421,405,0,39,205
87455,38,5,9,26
87461,0,0,0,45
87499,96,0,0,0
87501,11949,109,171,4462
87505,23560,482,647,12885
87506,8998,190,155,6977
87507,31668,578,791,36324
87508,13610,161,265,7433
87510,538,0,0,609
87511,521,56,3,2652
87512,55,0,0,67
87513,664,0,0,281
87514,1149,0,0,1053
87515,121,0,0,121
87516,13,0,0,82
87517,240,0,0,68
87518,0,0,0,0
87519,699,0,0,619
87520,645,0,0,717
87521,326,0,11,792
87522,1051,0,0,2778
87523,37,0,0,180
87524,0,0,0,414
87525,64,0,0,0
87527,504,0,0,626
87528,46,5,25,370
87529,3981,0,0,1917
87530,111,0,0,973
87531,299,0,0,108
87532,7470,116,111,15310
87535,1277,0,0,635
87537,1396,1,0,2338
87538,230,0,0,198
87539,214,0,0,214
87540,817,0,21,124
87543,0,0,0,247
87544,10451,164,981,2434
87547,4689,60,48,1091
87548,192,0,6,860
87549,573,0,0,836
87551,305,0,0,19
87552,1500,9,0,1590
87553,549,8,8,1324
87554,0,0,0,0
87556,2070,6,14,1987
87557,2896,0,0,3767
87558,1034,0,0,50
87560,958,30,16,1390
87562,543,0,0,582
87564,84,0,0,0
87565,251,0,0,310
87566,281,49,0,1642
87567,391,0,0,1026
87569,148,0,0,451
87571,7170,25,84,5322
87573,6,0,0,0
87575,450,0,0,911
87577,348,0,3,428
87578,222,0,0,199
87579,874,9,119,1492
87580,161,0,0,0
87581,30,0,0,30
87582,944,0,0,1055
87583,0,0,0,403
87701,9585,259,169,14265
87710,1183,12,6,296
87711,620,0,0,927
87712,280,0,0,364
87713,43,0,0,184
87714,759,40,4,570
87715,286,0,0,395
87718,326,2,0,127
87722,237,0,0,577
87723,63,0,0,249
87724,0,0,0,0
87728,519,0,0,424
87729,69,0,0,36
87730,12,0,0,2
87731,232,74,6,208
87732,642,0,0,928
87733,62,0,0,38
87734,169,0,0,177
87735,32,0,0,0
87736,66,0,0,66
87740,5005,26,66,3627
87742,231,0,0,175
87743,125,1,0,244
87745,701,0,0,754
87746,58,0,0,50
87747,1080,17,0,949
87749,104,0,0,0
87750,0,0,0,0
87752,327,0,0,383
87753,0,0,0,59
87801,6365,149,306,4533
87820,124,0,0,102
87821,696,17,0,13
87823,278,0,7,307
87824,83,0,0,0
87825,804,0,0,581
87827,279,0,0,0
87828,307,0,0,409
87829,868,0,0,74
87830,650,0,0,360
87831,208,0,0,41
87832,118,0,0,66
87901,4669,30,31,2235
87930,408,0,0,52
87931,580,0,0,171
87933,0,0,0,0
87935,1481,0,0,287
87936,101,0,0,177
87937,2075,0,0,3145
87939,267,0,0,56
87940,116,0,0,298
87941,112,0,0,821
87942,1116,0,0,877
87943,196,0,0,0
88001,22023,1212,851,28853
88002,950,172,84,138
88003,298,8,6,231
88004,683,47,0,577
88005,17395,610,82,17056
88007,16632,331,190,16005
88008,5923,171,50,10104
88009,48,0,0,0
88011,22120,780,800,12405
88012,19219,562,430,19903
88020,504,0,0,371
88021,7297,40,8,15374
88022,539,0,0,478
88023,1274,0,0,1775
88024,137,0,0,430
88025,50,0,0,0
88026,1019,0,0,1274
88027,387,0,0,708
88028,254,0,0,49
88029,930,0,0,1159
88030,16145,482,304,16313
88034,64,0,0,35
88038,202,0,0,150
88039,514,0,0,14
88040,81,0,0,0
88041,1083,1,0,607
88042,283,0,0,0
88043,868,0,19,1233
88044,1414,0,24,2165
88045,2170,7,0,2071
88046,635,0,0,310
88047,574,0,0,1056
88048,1105,14,0,3058
88049,724,0,0,165
88051,59,0,0,0
88052,91,0,0,7
88053,99,0,0,86
88055,34,0,0,0
88056,165,0,0,27
88061,13111,234,219,7788
88063,5953,7,0,10888
88065,545,21,0,399
88072,1033,0,0,2730
88081,7646,263,68,14950
88101,27172,2674,728,20733
88103,0,0,0,19
88112,255,0,0,41
88113,14,0,0,172
88114,57,0,0,0
88115,7,0,0,0
88116,424,0,0,143
88118,182,0,0,32
88119,633,1,0,1076
88120,290,0,0,50
88121,177,0,0,15
88124,729,0,0,119
88125,26,0,0,48
88126,8,0,0,0
88130,12659,374,133,7932
88132,234,0,1,46
88134,45,0,0,47
88135,825,53,0,570
88136,63,0,0,0
88201,19450,452,689,12912
88203,19287,440,37,19831
88210,13228,63,108,9440
88220,27894,859,335,20344
88230,3628,57,2,3245
88231,2549,0,0,1811
88232,1638,55,38,1533
88240,23855,2427,394,26456
88242,5477,0,0,3753
88244,704,58,0,763
88250,354,0,0,278
88252,1712,47,0,1270
88253,984,7,0,557
88254,29,0,0,0
88255,72,0,0,0
88256,1551,0,0,1501
88260,10325,497,46,10224
88262,4,0,0,0
88263,156,0,0,80
88264,0,0,0,0
88265,72,0,0,36
88267,832,49,0,674
88268,0,0,0,0
88301,725,6,0,824
88310,26281,1865,687,12077
88311,690,8,21,138
88312,2061,5,15,849
88314,186,0,0,0
88316,2095,0,0,633
88317,2058,0,0,211
88318,271,0,0,34
88321,339,0,0,47
88323,0,0,0,0
88324,112,0,0,0
88325,1286,0,0,358
88330,2885,499,86,621
88336,390,0,0,435
88337,1456,0,0,490
88338,161,0,0,19
88339,705,0,0,120
88340,308,4,0,276
88341,490,0,0,98
88342,0,0,0,0
88343,12,0,0,0
88344,34,0,0,0
88345,6789,283,23,2497
88346,1532,72,19,1328
88347,10,5,0,5
88348,424,0,0,108
88349,0,0,0,0
88350,116,0,0,0
88351,186,0,0,74
88352,2462,0,34,2341
88353,165,0,0,464
88354,88,0,0,0
88355,209,0,0,48
88401,4700,226,50,3598
88410,105,0,0,0
88411,88,0,0,8
88414,61,0,0,73
88415,2140,47,0,1504
88416,147,0,0,0
88417,69,0,0,0
88418,380,3,0,176
88419,64,0,0,2
88421,0,0,0,19
88422,106,0,0,19
88424,59,0,0,0
88426,910,0,0,280
88427,60,0,0,13
88430,163,0,0,0
88431,94,0,0,20
88434,194,0,0,63
88435,1692,87,4,2628
88436,50,0,0,0
88439,0,0,0,0
89001,1038,0,0,169
89002,28047,1068,1745,6928
89003,478,40,0,120
89004,236,0,0,0
89005,13117,208,161,1355
89007,959,0,0,16
89008,850,22,0,49
89010,406,0,0,189
89011,19808,2443,2829,9356
89012,26066,2680,3543,5328
89013,178,2,19,24
89014,24494,4586,3233,9290
89015,29279,2191,1537,10037
89017,36,0,0,0
89018,642,0,0,201
89019,1874,79,197,279
89020,1294,2,12,360
89021,2538,0,0,399
89022,0,0,0,0
89025,567,85,0,336
89026,23,0,0,16
89027,13987,181,363,5048
89029,6899,365,78,1533
89030,16789,7578,696,37758
89031,30777,15842,5752,25533
89032,17245,14462,3000,21057
89034,2413,44,115,170
89039,277,0,0,0
89040,4036,44,30,518
89042,987,0,0,0
89043,897,182,0,112
89044,16904,1101,4830,4266
89045,2195,0,0,566
89046,292,0,0,23
89047,213,0,0,0
89048,18687,724,747,3196
89049,2014,149,12,327
89052,37484,2866,9152,8321
89054,296,0,0,15
89060,9041,202,126,2460
89061,6248,111,102,1424
89070,1691,1802,63,1380
89074,35732,3126,4510,9988
89081,15030,9397,2606,15634
89084,14733,6499,3919,8294
89085,2661,749,353,633
89086,2315,2762,655,1729
89101,14495,6101,1736,25582
89102,12979,5072,3525,17507
89103,19356,7575,7118,18888
89104,16547,4063,1778,23641
89106,5349,8165,1030,11702
89107,14754,3897,2004,19655
89108,34035,10299,3040,37709
89109,3297,914,844,1338
89110,29981,5717,3367,42034
89113,17834,3730,8854,6695
89115,21360,13819,1710,36317
89117,32379,5510,7488,8969
89118,9921,4807,4174,4865
89119,18170,7558,6071,19008
89120,11896,1510,1899,10275
89121,28298,8423,3288,31369
89122,21379,5815,5870,21491
89123,31173,4034,11529,13354
89124,588,2,18,141
89128,19871,4677,3068,12402
89129,33904,5322,4466,11997
89130,19532,5387,1779,8464
89131,32904,5417,2454,8555
89134,18020,971,2344,2298
89135,21703,767,3871,4046
89138,14666,717,3040,2167
89139,15612,6733,12917,7261
89141,19089,3388,8624,6815
89142,12509,2662,3444,19309
89143,9345,1096,505,2504
89144,12787,1280,2475,3077
89145,14709,1353,2164,8733
89146,9435,2173,2947,7522
89147,22694,9065,10276,13446
89148,27799,8034,14299,11241
89149,27951,5028,2897,7750
89156,14100,3494,1204,17291
89158,319,0,103,19
89161,396,0,0,0
89166,16039,3243,2776,6074
89169,9669,5110,1799,7429
89178,21167,3937,8619,7485
89179,6055,519,3073,2393
89183,18543,4381,6652,11095
89191,255,115,34,83
89301,5518,654,63,1515
89310,163,0,0,0
89311,173,0,0,0
89314,26,0,6,16
89315,67,0,0,0
89316,1033,1,9,94
89317,394,5,0,6
89318,799,0,0,23
89319,184,0,0,0
89402,171,0,0,0
89403,13000,17,359,3905
89404,31,0,0,0
89405,162,0,0,0
89406,19578,478,710,3846
89408,18879,414,348,4324
89409,65,0,0,0
89410,9254,200,168,1844
89411,908,0,41,69
89412,26,40,0,5
89413,573,0,13,13
89414,178,0,0,0
89415,2721,123,0,610
89418,115,9,0,3
89419,3578,254,101,1347
89420,0,14,0,100
89421,113,0,0,37
89422,128,0,0,0
89423,9954,1,137,769
89424,42,22,0,60
89425,589,0,0,55
89426,152,2,0,0
89427,116,57,0,152
89428,105,0,0,8
89429,6347,31,81,686
89430,78,0,0,0
89431,20597,849,1991,21137
89433,13198,263,260,12350
89434,19254,515,1581,6913
89436,35746,963,2477,9602
89437,0,0,0,0
89438,35,0,0,0
89439,1475,0,32,96
89440,925,1,0,32
89441,10071,130,169,1638
89442,337,10,14,83
89444,2725,26,38,407
89445,13087,86,241,4991
89446,52,43,2,4
89447,6274,101,26,1560
89448,1439,17,195,321
89449,1988,86,97,693
89450,0,0,0,0
89451,7404,63,118,1861
89460,11822,0,108,1974
89496,50,6,6,20
89501,2949,314,211,490
89502,24499,1970,2387,19329
89503,22257,1079,2104,4743
89506,28634,1747,2000,12911
89508,10896,125,261,2912
89509,27864,495,1740,5560
89510,937,4,14,226
89511,23432,453,2194,2896
89512,14318,1565,1901,10867
89519,7945,41,344,731
89521,28693,576,3477,4125
89523,27571,869,2780,5260
89557,179,108,106,121
89701,20163,1037,896,7547
89703,9430,18,258,1071
89704,4017,12,10,171
89705,4315,2,290,648
89706,15133,188,418,6564
89801,17976,268,367,7392
89815,13521,23,126,1672
89820,4700,203,23,1229
89821,396,0,0,107
89822,1422,0,130,596
89823,346,0,0,0
89825,289,0,0,939
89826,0,0,0,0
89828,277,0,0,27
89830,28,0,0,0
89831,22,0,0,0
89832,43,1,3,138
89833,164,1,0,25
89834,72,19,0,23
89835,868,106,0,219
89883,3034,0,74,2268
90001,16284,4295,348,52642
90002,12306,8355,611,43766
90003,12889,12352,350,61179
90004,17019,2619,14584,27410
90005,7371,2006,12305,18603
90006,13244,1669,10370,41030
90007,13360,3535,7733,22109
90008,3129,21047,991,8702
90010,803,230,2775,329
90011,25646,6092,660,97669
90012,9227,5071,13807,10575
90013,4749,4039,2055,3492
90014,3111,1925,2210,2372
90015,8332,2315,5197,13400
90016,14557,13028,2111,25816
90017,7518,3699,5062,16444
90018,13547,12125,3110,29284
90019,18118,10624,10302,25847
90020,7372,2718,17402,12925
90021,785,595,195,1336
90022,19305,339,723,61873
90023,11036,462,438,42657
90024,27589,2305,13079,6599
90025,27345,1542,10062,5626
90026,25707,2449,8411,31425
90027,29298,1600,5403,10063
90028,15361,2773,4122,8898
90029,11885,1094,5615,17692
90031,7154,819,10896,22113
90032,11735,1256,5670,33540
90033,9278,907,2151,43099
90034,25229,5161,10873,14246
90035,18450,1899,1767,3541
90036,22708,2388,7222,5146
90037,18935,10654,901,55159
90038,11254,1910,1695,14620
90039,14131,452,5772,8788
90040,4095,62,234,11235
90041,11874,574,7148,9902
90042,20966,1283,8408,34183
90043,5982,26642,936,11744
90044,16893,30985,899,65034
90045,23160,3601,6130,8000
90046,34073,2654,3348,7432
90047,6904,27004,491,21532
90048,15644,819,1474,1629
90049,28337,528,3003,2932
90052,0,0,0,0
90056,1106,5285,361,920
90057,10477,3173,8414,32128
90058,1333,504,15,2110
90059,8303,10320,209,27628
90061,6444,7639,240,19869
90062,7282,9036,772,21555
90063,12495,302,971,48835
90064,16009,619,4902,3737
90065,17169,817,6643,23264
90066,31481,2639,7989,13822
90067,1825,61,473,166
90068,16010,1419,1281,2521
90069,16365,521,1220,1565
90071,52,87,0,138
90073,583,165,59,226
90077,6262,180,539,467
90079,0,0,0,0
90089,1838,409,1091,653
90094,6968,889,2123,1733
90095,0,0,0,0
90201,41638,1598,651,89297
90210,15927,320,1101,1145
90211,6234,209,1830,765
90212,8058,188,1394,911
90220,8867,14106,528,32418
90221,10250,9862,517,40890
90222,7485,7908,402,24153
90230,16780,2832,4521,9649
90232,9182,673,3599,3376
90240,9716,1047,2142,18430
90241,18064,1409,3190,33959
90242,14054,1829,2800,31681
90245,11259,818,1714,3207
90247,8189,8076,11678,23415
90248,1895,2150,3827,3864
90249,6178,6405,3677,11350
90250,29122,23003,7469,51672
90254,15228,110,1431,2228
90255,25101,292,502,69754
90260,13007,1913,3968,20951
90262,21884,5388,487,58104
90263,947,164,444,207
90265,12990,128,883,1808
90266,26129,148,5325,2793
90270,8746,247,185,24347
90272,17587,172,1596,961
90274,16049,796,5833,1459
90275,21087,762,13562,4569
90277,24347,1036,4835,5380
90278,25264,1181,8404,6683
90280,32757,943,583,87875
90290,4273,128,238,448
90291,18651,1495,1247,4396
90292,17501,1604,2420,2590
90293,9425,465,1488,2200
90301,7096,11619,1205,21354
90302,5027,12320,779,12837
90303,4462,7492,487,14266
90304,7416,955,1265,22003
90305,1264,10950,158,2149
90401,5517,622,464,550
90402,9274,66,1035,1383
90403,17812,603,1987,2873
90404,13359,2211,2953,6770
90405,19424,1352,1916,4383
90501,12653,2378,11634,18256
90502,4130,1369,7398,6413
90503,16890,1829,18280,6897
90504,9923,1150,13577,8090
90505,15675,945,13700,5200
90506,0,0,0,0
90601,11727,263,1875,21409
90602,8303,576,735,19476
90603,10689,104,1285,12295
90604,15996,480,2944,27492
90605,13428,475,2613,31650
90606,8692,413,1071,27295
90620,20671,816,14059,17277
90621,11099,1119,13179,16034
90623,4889,747,7671,3036
90630,20565,1671,18729,10210
90631,31491,1396,8711,39120
90638,19446,669,10051,21599
90639,921,105,450,347
90640,19312,549,8485,48677
90650,27940,4628,13691,70741
90660,18966,630,2161,55682
90670,5434,456,1458,12952
90680,10019,611,8555,15700
90701,3327,676,6831,5732
90703,7765,4193,29874,6961
90704,2903,10,29,2058
90706,19616,9587,9038,47055
90710,8775,3414,5973,12554
90712,12819,3722,5604,11193
90713,15492,1071,4100,8608
90715,5477,2133,5518,9024
90716,2631,399,1754,10773
90717,10875,1076,4097,7314
90720,14771,867,3277,5638
90723,11023,4782,2034,43298
90731,33447,3366,3701,36600
90732,13846,1015,2333,7064
90740,18331,359,3221,3082
90742,378,0,5,85
90743,362,0,43,40
90744,31134,1918,1840,47987
90745,13536,3764,20599,27044
90746,2502,16943,2270,5580
90747,7,5,7,6
90755,4632,1120,2694,4621
90802,19421,5696,3138,15346
90803,23658,1095,2197,5804
90804,18766,5119,5260,16926
90805,18733,17779,11124,57795
90806,14728,6788,7142,21281
90807,15098,4580,5383,9362
90808,25301,1517,5005,10189
90810,11955,3089,8573,20479
90813,17545,5685,6317,35464
90814,14091,1704,1294,6396
90815,27858,3236,4687,10916
90822,86,27,5,19
90831,0,0,0,0
90840,0,0,0,0
91001,16004,7767,2225,10793
91006,8766,403,17462,6223
91007,9400,527,18356,5760
91008,401,0,279,123
91010,10154,1341,4356,14924
91011,11893,218,6256,2004
91016,18880,2184,6181,19068
91020,4060,111,1973,946
91024,7500,579,2049,1683
91030,11970,988,8824,4828
91040,14305,607,2084,4657
91042,17387,518,2492,7153
91046,111,0,30,0
91101,8721,1140,5062,5865
91103,8292,4277,3286,13202
91104,16292,2357,3585,13969
91105,7734,290,2194,2093
91106,11106,1707,4918,7332
91107,15515,1484,7924,9324
91108,3172,63,8562,806
91125,590,37,253,90
91201,17282,218,1411,4418
91202,17349,447,2666,3102
91203,10731,565,2669,3189
91204,10858,488,2898,6399
91205,23691,673,4363,9337
91206,23489,669,4371,4642
91207,9077,41,1007,730
91208,9708,92,2062,2226
91210,268,0,42,71
91214,18305,223,8655,5201
91301,18814,398,1701,4063
91302,20384,691,2766,1836
91303,10821,1179,3245,18126
91304,23029,2630,8639,23319
91306,16603,1632,9066,24545
91307,15477,1148,4522,3899
91311,20531,2485,7194,11250
91316,21386,677,1906,4274
91320,31578,863,4823,8265
91321,16935,727,2684,18443
91324,11138,1697,5978,11485
91325,14922,2045,5719,13524
91326,16303,3026,11410,4897
91330,1322,228,572,826
91331,33934,1902,4574,87853
91335,30301,3190,9605,40540
91340,13410,694,929,31842
91342,39830,3511,7151,68855
91343,19707,3179,8564,37511
91344,29085,1620,9411,17103
91345,5811,375,1907,12411
91350,24546,1893,5542,13125
91351,18131,971,2278,16816
91352,18728,1015,2209,31826
91354,19320,1703,6468,6423
91355,20332,747,3603,6539
91356,20701,1895,2245,5070
91360,30660,1024,2895,10145
91361,14471,215,1508,2058
91362,27677,699,3429,6091
91364,19722,1610,2971,3783
91367,29423,3251,5762,6933
91371,0,0,0,0
91377,10172,28,2547,1141
91381,10542,1161,4974,4110
91384,15078,1343,2392,11465
91387,23878,3451,4581,20317
91390,13000,413,1028,5021
91401,20402,2122,1885,17301
91402,12486,2196,10311,47590
91403,17965,1566,2108,4288
91405,20437,2371,4985,33815
91406,20578,2348,3961,30707
91411,10923,1721,2100,11299
91423,23195,1580,1732,4413
91436,13569,338,729,1254
91501,13912,317,1652,3156
91502,7519,542,1720,3520
91504,17001,1269,3422,6322
91505,19706,978,3288,8968
91506,12479,234,2934,4983
91601,20086,3479,3165,11778
91602,12643,1433,1918,3709
91604,23363,1366,2765,3817
91605,22682,1050,4375,31259
91606,22253,2182,1720,23367
91607,18441,2177,2513,7152
91608,56,0,0,23
91701,21395,2280,4127,15292
91702,23796,1723,8219,42607
91706,19364,733,15928,52858
91708,4205,2099,5256,5016
91709,25785,3232,31309,22495
91710,32438,4098,11709,48442
91711,21119,1982,5689,9368
91722,12857,1207,5584,21897
91723,7814,864,1780,11656
91724,11638,1495,4244,15800
91730,29700,7194,9675,32169
91731,6541,115,8170,18305
91732,13272,469,16987,38865
91733,8922,323,10224,31063
91737,12868,1351,3114,7356
91739,17871,4615,8279,14222
91740,14066,619,2613,13473
91741,15932,667,3473,7759
91744,22037,949,10713,63777
91745,14803,470,23101,23969
91746,8065,604,3307,24709
91748,5482,432,26211,13459
91750,19610,1450,3632,12097
91752,14774,1778,3521,22892
91754,4941,472,20425,10553
91755,2939,141,18715,5816
91759,239,10,0,54
91761,22074,2962,5038,43107
91762,23453,2701,5247,44428
91763,12787,2037,4023,26852
91764,17397,4179,3331,39378
91765,9824,1790,26454,8457
91766,18534,3489,9319,50607
91767,15722,3116,4439,35264
91768,10585,1361,2596,26300
91770,5294,374,37978,17870
91773,18242,1100,5433,12306
91775,6288,350,12624,5882
91776,4961,381,22809,10519
91780,6820,177,23278,6552
91784,16009,1276,3136,7496
91786,24127,4485,5425,27941
91789,6742,995,27014,7966
91790,12539,1194,9743,27841
91791,9956,1183,9957,17130
91792,5445,2439,13160,13199
91801,8975,1448,27998,17464
91803,5155,577,14206,11412
91901,14889,296,438,3421
91902,9435,335,2461,7755
91905,916,7,6,280
91906,2790,180,18,1513
91910,35103,2797,7555,48385
91911,37136,3580,8398,63941
91913,19466,4394,14689,27469
91914,7195,487,3255,9343
91915,12454,3030,8140,15881
91916,1497,0,4,255
91917,484,19,126,338
91931,735,0,0,0
91932,14278,1214,1848,13817
91934,1064,0,0,534
91935,7453,65,144,2875
91941,22631,2072,2358,9437
91942,26275,2951,3060,10841
91945,11708,4255,2478,11915
91948,104,0,0,0
91950,25574,2441,9530,38346
91962,1903,18,33,435
91963,424,0,0,484
91977,30187,8535,4544,30612
91978,5769,1781,609,3802
91980,0,0,0,103
92003,3344,0,76,1114
92004,2587,1,2,1043
92007,9130,43,428,2469
92008,20657,313,1831,5747
92009,35018,476,3842,6630
92010,11536,195,2753,2436
92011,17939,373,2672,4240
92014,10142,206,630,937
92019,33652,1229,1498,9740
92020,40912,3411,2730,15813
92021,46209,3976,2827,19923
92024,41083,263,2320,6755
92025,26382,1322,2411,26658
92026,32272,926,3964,21682
92027,29538,1120,3570,31714
92028,32710,1045,1683,21515
92029,14184,444,1644,5248
92036,2528,48,0,513
92037,28655,441,4271,4917
92040,37225,882,600,9842
92054,23187,1299,1491,14190
92055,6565,903,525,3177
92056,33019,1586,4499,17232
92057,32598,3124,4831,23060
92058,25541,3819,2653,19748
92059,365,8,68,737
92060,421,0,0,0
92061,1247,4,16,209
92064,30616,1423,6562,8099
92065,27349,365,944,11612
92066,311,8,0,0
92067,6756,37,703,1372
92069,26757,940,5070,21427
92070,447,1,5,123
92071,44204,1044,3258,11694
92075,9391,141,568,1871
92078,34576,742,5344,16614
92081,19050,1506,2209,8793
92082,13441,406,407,7363
92083,19682,1108,1510,22849
92084,30072,1109,1962,23733
92086,942,10,150,291
92091,1025,0,125,92
92092,282,10,129,112
92093,980,66,566,596
92096,0,0,0,0
92101,29900,3757,3999,10363
92102,21084,3699,2521,23128
92103,25816,854,2344,6723
92104,28930,3806,2591,15172
92105,22360,9179,13810,37254
92106,15845,485,829,3055
92107,23922,579,1036,4393
92108,14171,1625,3287,5796
92109,35622,899,1841,5602
92110,20850,1314,2327,6193
92111,26964,2356,8461,14728
92113,24600,5351,1918,39553
92114,18998,11787,15999,29569
92115,33133,6035,7825,18481
92116,21427,1656,1813,9341
92117,35936,1690,5322,13600
92118,14002,605,641,3383
92119,17368,907,2190,4137
92120,21082,1800,2276,5835
92121,2166,90,1114,581
92122,25634,725,13584,6313
92123,17217,2765,6864,6833
92124,20656,2060,3346,6356
92126,23007,2901,39295,12487
92127,24996,1101,17828,4612
92128,28879,1198,12787,5356
92129,27183,990,17780,6002
92130,30924,155,19065,4680
92131,19346,751,9870,4187
92132,0,0,0,0
92134,134,46,0,78
92135,525,117,97,361
92136,5287,1617,1213,2297
92139,9580,3888,9998,14195
92140,1920,232,108,962
92145,1602,410,120,912
92147,96,47,0,89
92154,36674,4143,9985,57063
92155,117,23,0,64
92161,12,0,0,0
92173,13273,399,444,26832
92179,1551,1007,43,1078
92182,0,0,0,0
92201,22811,2481,1922,47625
92203,18792,546,759,16915
92210,4303,169,139,152
92211,20948,950,1014,4137
92220,15842,2309,1739,15738
92222,0,0,0,0
92223,32401,5841,4396,27638
92225,7977,2318,477,12527
92227,14533,233,320,22972
92230,1163,7,98,867
92231,16094,58,596,37789
92233,2508,839,157,5259
92234,25710,988,3590,30625
92236,5103,212,107,41514
92239,236,10,4,57
92240,18228,3161,1051,25655
92241,5627,115,105,3515
92242,1052,0,6,148
92243,13771,1674,689,42446
92249,3101,68,27,7759
92250,3457,79,92,6014
92251,12189,1264,786,21226
92252,6115,158,249,1892
92253,24711,744,1394,13845
92254,611,0,0,9172
92256,2663,75,14,857
92257,632,255,16,441
92258,179,99,2,340
92259,152,0,0,73
92260,21489,645,1293,8545
92262,17598,2538,1095,6952
92264,15257,413,1273,4050
92266,156,0,0,39
92267,0,0,0,0
92268,405,0,0,101
92270,14279,268,849,2001
92273,835,124,0,1492
92274,2797,34,23,14236
92275,537,0,0,981
92276,4013,13,3,5246
92277,16921,2084,932,6512
92278,1914,445,108,1212
92280,0,0,0,0
92281,871,9,11,1966
92282,644,73,29,692
92283,546,5,10,479
92284,18674,856,538,6390
92285,2053,134,74,397
92301,13380,5805,872,26697
92304,0,0,0,0
92305,484,0,0,82
92307,25229,2910,1337,15243
92308,27736,3308,1131,16653
92309,294,0,12,482
92310,5612,1086,290,2136
92311,16588,4361,474,16381
92313,7303,592,564,6711
92314,8846,7,67,2661
92315,4058,13,134,1499
92316,10474,986,220,25407
92317,567,0,0,144
92320,6978,252,402,2961
92321,658,0,0,361
92322,531,0,24,142
92324,21730,5042,1541,42042
92325,6564,339,23,1837
92327,467,83,0,144
92328,850,0,7,346
92332,118,0,15,44
92333,413,0,0,12
92335,19715,3636,1746,82072
92336,32270,10422,11371,57345
92337,8418,3674,2367,27173
92338,0,0,0,0
92339,799,12,0,89
92341,295,0,0,103
92342,3652,486,368,1547
92344,11246,437,882,12677
92345,55278,3515,1277,53939
92346,25952,5617,5492,33205
92347,456,0,0,145
92350,191,58,137,101
92352,4908,22,78,970
92354,9931,2048,6102,6278
92356,4706,202,124,2590
92358,730,0,32,310
92359,5657,423,556,4191
92363,3474,166,47,1632
92364,12,0,0,0
92365,1474,50,268,577
92368,576,26,56,518
92369,1647,1173,190,1185
92371,14361,160,570,9991
92372,3709,0,425,2079
92373,21367,1569,3850,8834
92374,23421,2392,3536,20475
92376,32450,8812,1403,67906
92377,7428,3793,702,12663
92378,355,12,2,191
92382,3659,6,170,992
92384,23,0,0,0
92385,150,0,0,43
92386,1821,107,39,281
92389,125,0,10,19
92391,1053,198,175,906
92392,26312,9802,3055,33282
92394,14858,8269,1386,23023
92395,26088,5813,2105,24744
92397,4313,26,210,688
92398,1238,0,131,187
92399,39659,797,2063,18468
92401,597,635,101,1059
92404,26666,7506,1665,41890
92405,12822,3864,1038,20881
92407,29710,7118,2695,44140
92408,4632,709,2232,7438
92410,16050,4813,1507,37211
92411,7627,2535,508,22206
92415,0,0,0,0
92501,10480,1213,992,13634
92503,38566,3006,5881,55244
92504,27887,4318,3078,31827
92505,22573,3149,5932,31765
92506,28029,1927,2219,17259
92507,20856,4693,9100,32051
92508,18474,2839,4388,13652
92509,29519,2554,2689,59829
92518,501,73,113,297
92521,0,0,0,0
92530,25282,2454,2630,35542
92532,15518,2226,2459,10206
92536,1774,23,100,551
92539,2380,6,411,1058
92543,20682,3409,1082,19926
92544,32012,3107,1307,24615
92545,26362,3553,1122,21340
92548,4257,55,173,4826
92549,2377,65,171,930
92551,8444,6930,1878,24199
92553,14246,11393,3406,50557
92555,14694,9275,3254,22267
92557,16810,9274,3103,29587
92561,1379,0,15,280
92562,41536,2860,3130,22591
92563,38903,5719,10690,25462
92567,5093,91,9,7375
92570,16927,2319,1153,45897
92571,13512,6210,2369,46775
92582,7746,2255,658,13407
92583,16019,1952,1020,19960
92584,29233,3784,4216,19651
92585,11414,1825,1489,14653
92586,12572,1483,624,6571
92587,12269,640,476,6000
92590,2963,185,320,2240
92591,24981,1613,4768,11169
92592,51058,3580,8995,21509
92595,18705,1290,2153,13664
92596,18910,2461,3355,12409
92602,9355,56,12515,4581
92603,10782,32,6785,1811
92604,15574,456,9474,3418
92606,8603,338,11257,2223
92610,6782,114,3914,1631
92612,17403,980,12888,3895
92614,13155,1314,9554,3588
92617,7494,1204,7708,3903
92618,21623,869,29314,5935
92620,18258,735,35534,5078
92624,5511,60,137,1589
92625,10282,141,868,1081
92626,29050,1135,6873,15105
92627,35093,457,3242,25367
92629,21862,339,1172,3617
92630,37236,1583,11696,17131
92637,12272,128,3927,951
92646,38503,642,7197,8867
92647,34272,1160,8376,16953
92648,31677,354,5307,7226
92649,25051,259,3798,5832
92651,20683,101,724,1675
92653,18220,320,4930,5977
92655,2123,75,3526,2832
92656,33484,1403,8615,10621
92657,5911,52,2175,820
92660,28452,374,2829,3522
92661,2366,57,152,343
92662,2247,0,41,62
92663,18728,77,753,3084
92672,29284,1070,1085,7405
92673,23305,661,2075,4843
92675,22764,211,1383,13476
92676,1728,0,21,234
92677,44679,1300,7225,10346
92678,495,8,14,96
92679,23458,571,2900,4348
92683,24327,907,45982,21887
92688,29913,661,5818,9548
92691,32263,665,5938,11000
92692,31317,444,7303,7765
92694,24841,328,4849,3490
92697,0,0,0,0
92701,10762,270,2258,43108
92703,12636,393,10163,47702
92704,19200,937,14657,57805
92705,24412,1039,5024,21385
92706,12182,539,3000,25753
92707,15442,424,4903,49324
92708,24944,425,21248,9692
92780,25348,1377,7546,28473
92782,11379,539,13145,5319
92801,26878,2783,11783,37058
92802,21268,1134,5875,30595
92804,37166,2938,21888,39519
92805,33999,1050,9263,52182
92806,18830,833,5684,23794
92807,23390,495,5924,8733
92808,12509,406,4508,3032
92821,22269,404,10088,13562
92823,1975,0,2292,1085
92831,20346,988,6616,13781
92832,11613,777,3484,13937
92833,19728,1020,18953,20504
92835,15917,319,6539,5715
92840,20773,511,19146,23978
92841,8707,455,16504,10825
92843,11311,201,21373,21785
92844,3881,486,13326,5354
92845,10661,265,2223,2800
92860,15999,856,945,9813
92861,4105,40,1014,871
92865,11900,376,3185,8291
92866,9846,48,880,5563
92867,26077,438,5113,17181
92868,14259,856,4012,13699
92869,21340,412,5370,12986
92870,28909,1426,9298,18713
92879,18570,2916,5561,28840
92880,26040,4871,19383,29714
92881,17638,1250,3866,11275
92882,33103,3547,6271,35976
92883,19491,3865,4402,12876
92886,30779,476,11895,9050
92887,12613,314,4565,3398
93001,23513,161,977,12683
93003,40401,852,2672,16985
93004,21038,768,1430,12873
93010,32385,1608,3537,16257
93012,24488,1323,4245,9381
93013,10601,156,368,6500
93015,12237,90,280,13433
93021,25110,942,2555,12510
93022,5029,6,77,1717
93023,17717,77,503,4635
93030,25533,1140,3515,46024
93033,36545,1322,5985,69876
93035,15943,308,1465,13266
93036,25625,1251,2857,32998
93040,1252,11,0,1663
93041,13380,752,587,13864
93042,55,28,0,34
93043,326,91,70,211
93060,24275,202,367,26831
93063,37255,537,6819,14650
93064,0,0,0,0
93065,49409,740,7693,18774
93066,2089,0,77,1127
93067,563,0,92,314
93101,17988,450,934,14526
93103,11644,236,654,9909
93105,21309,307,941,5349
93106,2486,56,1878,772
93108,9226,49,401,1052
93109,9351,219,291,1809
93110,10821,273,982,5048
93111,13710,146,933,4259
93117,30579,1700,7742,16235
93201,732,3,6,1042
93202,2017,29,368,3348
93203,10345,135,204,19597
93204,3327,499,145,11417
93205,1861,0,0,313
93206,911,12,0,1372
93207,207,0,0,1
93208,105,0,0,0
93210,7375,682,379,12117
93212,9874,2520,210,17153
93215,17972,2171,7137,40961
93218,372,0,0,717
93219,3343,15,409,9302
93220,0,0,0,0
93221,8328,72,513,7590
93222,1469,0,399,327
93223,3754,123,29,9327
93224,415,0,0,74
93225,4653,0,48,849
93226,49,0,0,0
93227,0,0,0,227
93230,40120,4289,2450,35101
93234,1303,110,0,6277
93235,1708,0,0,3893
93237,71,0,0,16
93238,824,8,22,44
93239,326,0,0,1371
93240,4559,18,75,631
93241,10110,176,171,15073
93242,1793,0,4,1752
93243,663,0,196,258
93244,101,0,0,6
93245,20438,2270,2700,15373
93246,616,241,65,264
93247,7888,152,118,14950
93249,885,0,16,1929
93250,6763,188,118,13688
93251,208,0,0,182
93252,1321,0,27,627
93254,595,0,7,412
93255,634,0,47,99
93256,1727,300,119,4783
93257,38848,373,2761,56132
93258,247,0,142,798
93260,178,0,0,0
93261,898,0,0,1801
93262,0,0,0,18
93263,11682,387,168,18690
93265,2455,2,183,555
93266,1012,0,0,1115
93267,3455,27,19,4189
93268,12677,125,123,7325
93270,3524,0,29,3441
93271,1974,63,135,161
93272,2733,7,0,3941
93274,43985,2241,2078,49953
93276,123,0,0,15
93277,32559,1866,2171,26134
93280,11085,1168,267,23533
93283,2231,0,0,198
93285,2135,0,0,315
93286,4559,75,97,8293
93287,95,0,0,23
93291,29312,1133,5780,33243
93292,24226,677,1311,25966
93301,7534,1146,205,6307
93304,20188,4684,1095,35370
93305,20187,2045,396,27083
93306,39281,2779,1839,50019
93307,53090,5639,2440,72196
93308,40004,1265,1369,15691
93309,31178,5802,2949,31521
93311,25674,3140,8266,18751
93312,38229,1929,4146,19805
93313,27184,3791,7823,34279
93314,26276,605,2526,8608
93401,23100,582,1221,5215
93402,12699,96,664,2863
93405,19978,172,1649,3961
93407,214,0,33,50
93408,10,1,0,2
93409,608,836,103,914
93410,4198,78,1170,1066
93420,25047,441,1033,4704
93422,27641,226,1178,7071
93424,1047,0,0,156
93426,1267,5,10,313
93427,5209,13,91,1460
93428,4862,11,22,1640
93429,40,0,0,64
93430,2579,0,48,501
93432,1332,0,11,301
93433,9443,174,362,4197
93434,3093,21,198,7476
93436,29509,2000,2037,30699
93437,2339,558,143,539
93440,608,66,27,71
93441,937,0,6,221
93442,8974,24,578,1613
93444,14805,259,546,9834
93445,4532,123,87,3098
93446,34053,303,1493,12831
93449,6654,74,293,805
93450,404,0,0,587
93451,3236,53,47,2430
93452,307,0,0,165
93453,1850,0,0,263
93454,21737,563,1601,28878
93455,28626,901,2094,17063
93458,28422,457,2644,51907
93460,5135,54,59,1347
93461,863,6,0,774
93463,6278,201,196,1701
93465,8145,0,123,1511
93501,2337,709,108,2697
93505,6493,3566,257,5987
93510,5379,136,212,2195
93512,238,0,0,23
93513,1131,0,12,217
93514,10041,120,284,3740
93516,1539,158,153,797
93517,338,23,0,205
93518,780,25,4,122
93519,0,0,0,0
93522,48,0,0,0
93523,2323,428,131,670
93524,36,21,4,39
93526,566,58,2,100
93527,1499,0,13,132
93528,28,0,66,0
93529,280,0,22,0
93530,28,0,0,0
93531,396,0,29,54
93532,2038,71,75,628
93534,16675,10834,1367,17765
93535,31173,17479,2056,43184
93536,38929,9490,3952,26693
93541,749,0,0,281
93543,5318,139,173,9458
93544,981,0,0,629
93545,944,3,7,457
93546,7102,17,474,2306
93549,238,0,8,45
93550,24716,11693,2036,56125
93551,26650,4646,5291,23710
93552,14737,4872,1109,31375
93553,932,10,0,223
93554,65,0,0,0
93555,24397,1446,1142,6851
93558,17,0,0,0
93560,11306,2347,263,10078
93561,24826,319,629,7347
93562,1556,79,24,364
93563,132,53,0,52
93581,1715,683,67,1805
93591,3119,221,165,5206
93601,1000,0,0,133
93602,2494,20,12,232
93603,249,0,0,0
93604,338,0,0,28
93605,86,0,0,0
93606,572,0,117,998
93608,472,0,0,996
93609,2436,214,201,3279
93610,12115,1163,1199,11365
93611,28287,1738,5106,13642
93612,21025,1219,2704,16998
93614,9321,97,104,1783
93615,1750,213,83,5422
93616,800,0,69,1839
93618,15758,98,235,28000
93619,32951,966,7557,12389
93620,4458,153,86,7023
93621,166,0,7,0
93622,3525,2,2,8910
93623,0,0,1,3
93624,113,41,10,748
93625,4841,35,1145,5622
93626,1869,116,224,340
93627,6,0,0,196
93628,269,0,41,0
93630,7676,112,1198,16047
93631,11450,81,1032,7863
93633,26,0,0,0
93634,10,12,0,4
93635,22534,1074,1096,34421
93636,8624,267,444,4786
93637,17654,1487,1003,31046
93638,16853,1008,742,42856
93640,5083,225,53,13430
93641,156,22,1,48
93643,2377,3,45,319
93644,6183,56,106,993
93645,726,0,0,171
93646,4827,140,7,9667
93647,3490,132,616,10567
93648,7603,41,87,14680
93650,1021,133,135,2204
93651,1213,34,14,347
93652,207,0,8,360
93653,1163,0,31,120
93654,15508,452,564,23415
93656,2300,6,197,5137
93657,18715,149,1808,24280
93660,1337,118,0,3688
93662,16979,405,1170,24253
93664,243,0,2,53
93665,203,118,0,268
93666,212,0,0,607
93667,1382,0,22,328
93668,331,0,0,885
93669,307,0,0,14
93670,0,0,0,108
93673,224,0,0,334
93675,3705,54,323,886
93701,3649,729,645,8310
93702,17102,1577,4968,34700
93703,10826,2690,4180,19950
93704,16963,1533,1150,12654
93705,17246,3231,2486,23418
93706,16630,4791,3303,27164
93710,17987,2066,2914,12416
93711,24705,2069,3711,11177
93720,29205,1367,7932,13399
93721,3533,938,303,4846
93722,34055,7535,13271,42360
93723,5196,620,2781,6374
93725,10025,1292,4368,17459
93726,20392,2484,4236,25887
93727,28721,4221,23072,36992
93728,9011,439,827,11890
93730,8069,236,1992,2309
93737,3104,163,1698,2256
93740,502,59,156,491
93741,19,1,0,57
93901,12395,465,1648,18216
93905,9948,416,1830,58879
93906,17650,860,4996,51276
93907,11402,420,1865,13433
93908,8423,22,966,3749
93920,1061,0,0,761
93921,2244,5,16,90
93923,10300,74,772,1237
93924,5355,107,27,984
93925,181,0,4,1228
93926,1355,45,116,7954
93927,3767,204,188,18508
93928,869,18,66,218
93930,5001,22,446,12978
93932,338,0,16,45
93933,12825,1738,3864,7939
93940,21883,876,2467,5963
93943,12,0,0,0
93944,2144,167,149,285
93950,11759,124,1285,1704
93953,2897,7,303,182
93954,87,0,0,467
93955,14720,1962,3409,14512
93960,5518,1939,715,20568
93962,144,0,0,54
94002,14740,587,8150,3869
94005,2271,1,1621,1091
94010,23949,400,13023,4734
94014,8058,1357,25938,12867
94015,12158,1898,39086,10682
94018,2977,0,36,386
94019,11164,93,765,3662
94020,1602,0,148,121
94021,123,0,0,0
94022,10878,20,7767,915
94024,13431,234,8376,1193
94025,25269,1160,6578,7339
94027,5117,103,1390,646
94028,5413,4,478,926
94030,8256,115,10877,2385
94037,2222,0,41,386
94038,2241,14,169,923
94040,16938,384,12775,4897
94041,7365,398,3893,4186
94043,14018,1296,10895,6327
94044,21921,848,8186,6947
94060,619,0,0,609
94061,18271,831,5126,14130
94062,20022,445,2207,3571
94063,11828,819,3580,22709
94065,5107,20,5045,676
94066,16147,479,14013,12813
94070,19854,209,6349,2893
94074,60,0,0,56
94080,19128,1284,28638,19561
94085,5269,226,10692,6891
94086,16206,669,23896,8517
94087,20148,696,30793,5095
94089,7201,249,11275,5292
94102,11809,3796,9824,6839
94103,12550,2516,10361,6189
94104,214,26,250,59
94105,5351,142,7355,1166
94107,15038,842,9559,3397
94108,3725,194,6892,543
94109,31082,2584,14641,7390
94110,33116,3195,10659,22157
94111,1834,25,2249,108
94112,16587,2642,42133,21455
94114,23772,828,4575,3273
94115,17615,3920,6571,3428
94116,14253,431,24043,2790
94117,27497,1867,4789,3863
94118,20724,595,13334,4060
94121,18717,694,18795,3083
94122,22886,1302,26534,6249
94123,18716,101,2562,2211
94124,4241,9703,13326,9815
94127,10746,661,6043,2430
94128,0,0,0,0
94129,2395,54,276,970
94130,1232,503,325,973
94131,16211,1146,6382,3645
94132,7709,2059,13023,3877
94133,9075,819,12503,2468
94134,6488,2414,24588,7746
94158,2891,999,4530,1333
94188,0,0,0,0
94301,10433,428,4304,899
94303,16675,4214,10110,19086
94304,2855,47,780,609
94305,8983,835,4415,2917
94306,13805,532,10175,2371
94401,12552,708,8282,13461
94402,14727,378,6819,2923
94403,19595,847,13303,9325
94404,13186,813,18681,2697
94501,29280,4894,17752,8213
94502,5482,429,6567,1164
94503,7147,1328,7562,6162
94505,11019,823,1141,3069
94506,14866,889,8572,1563
94507,11291,152,1748,1096
94508,2115,126,520,618
94509,25759,11457,6689,29493
94510,18161,960,3219,4063
94511,1416,0,125,435
94512,57,0,0,0
94513,36046,6612,10093,17260
94514,1317,3,59,816
94515,4713,50,151,2564
94516,177,0,0,2
94517,9022,343,1389,1342
94518,16070,580,3436,8094
94519,10545,557,2857,6003
94520,13895,1814,4690,17748
94521,24684,1744,6133,7336
94523,22213,1505,5936,4841
94525,2447,363,225,665
94526,25492,191,5007,2383
94528,655,0,17,124
94530,12855,1353,7698,3534
94531,13230,10989,9092,10882
94533,29733,13561,11527,28408
94534,18646,4438,10415,7084
94535,2448,330,270,725
94536,20081,3215,35979,10423
94538,14132,2563,36057,12306
94539,7577,944,41336,2527
94541,19856,8702,12589,29329
94542,6081,1679,3839,4329
94544,15040,5891,22176,34744
94545,5791,2459,14165,11235
94546,20903,3103,12794,8875
94547,5833,5084,10862,4099
94548,390,0,0,259
94549,21794,201,3227,2107
94550,33307,836,7717,8025
94551,22690,700,6372,12054
94552,6103,507,6407,1657
94553,32314,1803,5232,9535
94555,5393,534,28000,2266
94556,10467,92,3536,1222
94558,45760,693,1519,23448
94559,18411,180,892,12295
94560,12244,1559,19832,14422
94561,24154,3853,3542,14249
94562,0,0,0,0
94563,13810,38,2891,1171
94564,6962,2241,4563,4936
94565,26536,14163,16112,48803
94566,22795,371,16962,5129
94567,511,3,5,373
94568,21073,3037,37998,7151
94569,222,0,0,29
94571,7532,1152,511,2310
94572,2953,1327,2134,2537
94573,107,0,0,48
94574,6047,34,163,1990
94575,599,83,175,260
94576,150,0,21,0
94577,15747,6449,13392,13902
94578,9680,7754,12144,14246
94579,5332,583,10067,4246
94580,8875,1040,10921,10031
94582,13114,1756,27826,3000
94583,19550,626,14350,4184
94585,9472,6508,4798,8836
94586,735,4,122,117
94587,12248,3326,38809,13986
94588,14159,938,15776,3971
94589,8070,5602,6946,10732
94590,13466,8450,4031,13271
94591,16498,9199,17913,13426
94592,397,82,308,241
94595,13057,359,2052,1243
94596,16976,549,3179,2269
94597,13697,1018,5235,3613
94598,17253,633,4439,2699
94599,2760,106,127,684
94601,8680,8329,10052,25226
94602,14128,4792,5270,5654
94603,3391,9988,2294,22295
94605,9076,18610,3658,10757
94606,9453,6558,12957,8331
94607,7833,7830,6605,3619
94608,14349,7846,5899,3903
94609,11089,5787,3148,3564
94610,17870,4569,5323,3601
94611,24801,2672,7055,2350
94612,6076,4808,4505,1758
94613,333,34,153,174
94618,12015,638,2091,1455
94619,10351,4748,4918,5596
94621,3214,10378,1498,19758
94702,8708,3273,2311,1960
94703,11236,2556,2959,3054
94704,11003,1075,9444,3488
94705,10660,540,1578,1193
94706,9891,866,6244,2455
94707,9078,156,1879,579
94708,9254,192,1084,528
94709,6700,503,3724,1255
94710,3968,995,1149,1781
94720,2100,340,1847,1197
94801,5509,4423,1791,21211
94803,10234,3822,6104,7029
94804,10412,9704,4876,19561
94805,5979,1546,2581,4749
94806,13387,8546,12191,31093
94901,25158,374,2239,14985
94903,21772,945,2353,5890
94904,10517,85,1022,1337
94920,10598,66,1117,479
94922,247,0,0,0
94923,1080,15,0,328
94924,1141,0,29,156
94925,7922,146,550,913
94928,28799,1880,2978,14316
94929,410,0,0,32
94930,7538,110,209,656
94931,6915,68,160,1603
94933,792,78,81,237
94937,853,0,0,16
94938,428,0,0,0
94939,6045,33,291,395
94940,260,0,0,22
94941,26715,406,2083,2063
94945,12780,515,1493,3071
94946,607,15,19,50
94947,17592,741,1324,5693
94949,11835,976,1539,3853
94950,16,0,0,0
94951,2868,0,112,1066
94952,26349,278,1026,5893
94954,28104,590,2029,7960
94956,1082,1,0,117
94957,1805,21,103,104
94960,13531,216,735,1129
94963,462,0,0,16
94964,677,626,112,583
94965,8862,870,1104,1142
94970,381,0,0,66
94971,364,0,0,44
94972,153,0,0,0
94973,1268,0,0,0
95002,322,27,344,1236
95003,20084,88,784,3682
95004,2650,38,183,1285
95005,6803,31,101,794
95006,7450,63,62,1026
95007,308,9,0,0
95008,25908,1065,12923,9060
95010,6858,0,544,2415
95012,2281,61,279,9164
95013,53,0,0,0
95014,14153,700,42916,1985
95017,510,0,21,457
95018,5127,9,138,459
95019,1671,361,216,5183
95020,31396,1841,6985,38819
95023,29623,557,1974,37024
95030,10360,47,2398,712
95032,19236,373,4942,2416
95033,8205,14,632,745
95035,10633,1739,55426,10714
95037,29752,1099,7965,17526
95039,308,44,29,979
95041,728,0,22,30
95043,541,7,0,155
95045,2766,53,97,1801
95046,3514,41,304,2368
95050,17997,1147,13131,8025
95051,18753,757,32442,7720
95053,2039,142,722,531
95054,5712,860,14231,3268
95060,33575,768,3281,9524
95062,27431,550,1272,7716
95064,4019,439,2600,2877
95065,6092,68,233,1809
95066,12005,103,1108,1586
95070,12464,31,17350,891
95073,9648,10,310,1916
95075,413,0,7,203
95076,36195,475,2289,60851
95110,6373,829,3100,11184
95111,13959,1513,21201,29852
95112,17713,2810,15400,25515
95113,934,123,671,517
95116,10018,1094,14280,29990
95117,12090,1955,7476,9000
95118,17369,619,7497,8551
95119,4449,255,3286,2501
95120,19224,430,14498,2532
95121,5132,1135,22693,8756
95122,7627,1119,18495,30081
95123,32178,2190,19272,20638
95124,28686,842,13770,8676
95125,31421,1371,8132,14664
95126,15824,2145,7328,12907
95127,14982,848,16610,34468
95128,16815,1214,6875,10526
95129,8882,1057,26043,2627
95130,5496,372,5179,2251
95131,3623,422,22142,4600
95132,7018,638,26629,6451
95133,3641,694,17633,7064
95134,6869,466,19324,4216
95135,6332,425,12142,2077
95136,18922,2690,16089,11854
95138,4479,877,9895,4801
95139,3041,189,1881,2701
95140,82,0,9,25
95148,8641,1244,28020,10636
95202,1959,1877,452,2518
95203,7363,1627,1833,8856
95204,15514,2058,2741,14074
95205,14613,2376,3643,30053
95206,19063,8241,10993,41725
95207,18339,7247,7435,22397
95209,14206,5019,11266,16441
95210,9715,5252,12732,16830
95211,1255,48,285,251
95212,7204,2269,11201,6981
95215,12389,1252,703,16259
95219,12800,2913,7140,8739
95220,5484,16,161,2841
95221,128,0,0,215
95222,4612,38,4,311
95223,2291,0,30,84
95224,268,0,0,29
95225,1002,0,0,0
95226,0,0,0,0
95227,1017,0,0,335
95228,3613,119,39,1068
95230,316,0,0,230
95231,2438,371,182,2999
95232,202,0,0,0
95233,233,0,0,0
95236,2970,0,28,1603
95237,2995,5,43,1300
95240,23695,520,6266,23415
95242,18200,439,2268,7128
95245,2281,118,94,319
95246,1412,103,7,91
95247,3622,0,29,191
95248,106,0,0,0
95249,4178,63,114,917
95251,515,0,0,17
95252,11620,5,550,2517
95253,163,0,0,341
95254,318,0,0,32
95255,1108,0,29,353
95257,387,0,0,48
95258,2858,31,71,909
95301,19987,2045,2584,21474
95303,444,0,79,389
95304,7366,895,1467,5688
95305,85,0,44,0
95306,683,0,7,148
95307,23501,737,4049,30213
95309,0,0,0,0
95310,1691,11,3,182
95311,1725,0,4,522
95312,174,4,0,156
95313,528,0,0,470
95315,3644,11,787,9787
95316,4866,15,203,2394
95317,314,12,0,779
95318,522,0,0,0
95319,1065,8,15,974
95320,9373,47,145,3003
95321,3301,0,99,471
95322,4725,72,272,5761
95323,1067,0,35,517
95324,5633,0,0,3625
95325,44,0,0,15
95326,7916,133,292,3328
95327,6277,623,114,1871
95328,1848,0,136,2994
95329,1857,51,3,520
95330,9406,2492,8164,11794
95333,1171,8,31,2545
95334,4206,20,3389,12231
95335,58,0,0,0
95336,28808,1114,3504,21264
95337,18327,1875,10058,16965
95338,8453,36,119,675
95340,18494,1141,2970,18516
95341,10139,1190,3042,24944
95345,517,0,3,181
95346,1023,0,18,31
95348,13770,2276,5829,17011
95350,35499,2313,4432,20218
95351,19966,1657,2736,35121
95354,13275,1470,1431,11601
95355,37619,3173,5276,19779
95356,20504,805,2909,10470
95357,8155,800,593,6500
95358,16583,420,1169,19535
95360,8283,68,463,9747
95361,25537,284,767,10301
95363,13472,1363,1123,19926
95364,0,0,0,0
95365,1333,0,0,3746
95366,13969,124,876,4989
95367,13581,311,1639,13910
95368,8179,253,1099,7956
95369,451,0,3,338
95370,24864,114,394,2970
95372,1436,0,7,252
95374,733,0,23,898
95375,63,0,0,16
95376,24264,3365,7421,26159
95377,13125,1804,10410,11254
95379,3129,47,110,675
95380,24709,586,1376,23941
95382,24016,1135,3004,13194
95383,3213,0,21,294
95385,366,0,0,182
95386,6936,200,367,5173
95387,700,0,110,889
95388,3447,205,398,10256
95389,1289,104,94,561
95391,7625,1450,12314,2969
95401,20709,330,2146,14480
95403,26016,1099,2101,16483
95404,25821,650,2554,8140
95405,18771,182,872,3639
95407,16808,944,2744,23674
95409,19436,252,1801,4806
95410,666,0,33,82
95412,201,0,7,68
95415,946,98,89,605
95417,193,0,15,0
95419,145,0,0,50
95420,208,1,41,2
95421,1372,0,89,100
95422,10610,718,144,5049
95423,2639,58,65,442
95425,8264,32,206,3524
95426,1065,2,0,38
95427,589,0,0,35
95428,1432,3,5,852
95429,112,0,6,0
95430,0,0,0,0
95431,51,12,8,11
95432,503,0,24,77
95435,347,0,0,0
95436,4556,176,179,597
95437,11675,27,281,3172
95439,513,0,0,342
95441,1233,31,32,549
95442,2217,8,22,222
95443,151,15,0,39
95444,320,0,0,179
95445,1580,1,0,321
95446,3701,19,64,698
95448,12746,13,282,4134
95449,1046,9,3,771
95450,232,0,1,36
95451,8555,362,47,4451
95452,951,0,168,118
95453,8579,150,129,1948
95454,1146,0,16,176
95456,715,0,5,82
95457,2049,18,56,935
95458,2478,76,183,361
95459,587,0,0,271
95460,2098,24,91,113
95461,3139,38,45,824
95462,1013,0,18,65
95463,88,0,0,23
95464,1280,44,75,576
95465,1136,0,46,98
95466,795,9,0,270
95467,4947,30,22,694
95468,1045,11,23,532
95469,1089,6,19,131
95470,4435,19,0,1902
95471,753,0,27,135
95472,22643,313,687,4314
95476,26813,453,706,10295
95480,0,0,0,0
95482,23866,242,1054,11938
95485,2282,27,157,301
95486,27,0,0,0
95488,292,0,0,74
95490,11296,192,226,2863
95492,19062,244,719,8731
95493,130,0,0,14
95494,124,0,0,0
95497,1108,0,49,144
95501,16992,602,1389,3460
95503,18586,218,722,2908
95511,90,0,0,0
95514,117,0,0,0
95519,14606,73,839,1916
95521,15839,648,740,3292
95524,1590,0,0,99
95525,1079,0,36,69
95526,500,0,3,94
95527,691,0,0,0
95528,1360,0,0,41
95531,15931,705,826,5026
95536,2485,8,55,644
95537,553,76,0,0
95538,845,17,0,124
95540,10804,57,266,2463
95542,2547,0,7,234
95543,258,2,0,14
95545,303,47,0,60
95546,209,1,150,93
95547,966,0,28,108
95548,498,23,2,149
95549,969,1,15,16
95550,162,0,0,2
95551,1324,42,22,262
95552,423,0,0,0
95553,711,0,0,156
95554,248,0,0,38
95555,219,0,0,20
95556,533,0,0,7
95558,217,0,8,5
95559,0,0,0,0
95560,1294,5,5,23
95562,2566,30,89,555
95563,674,178,5,7
95564,452,0,0,41
95565,649,0,0,64
95567,1437,0,31,294
95568,97,0,58,66
95569,91,0,0,4
95570,2091,0,15,195
95571,16,14,0,0
95573,1145,3,0,114
95585,424,16,30,13
95587,0,0,0,0
95589,919,41,0,199
95595,109,14,0,0
95601,333,0,2,29
95602,15924,63,400,2475
95603,23834,218,537,4348
95604,34,0,0,0
95605,6884,991,1148,6525
95606,165,0,0,14
95607,172,0,0,31
95608,46059,3809,5101,9586
95610,35474,1710,1558,8815
95612,1299,0,84,412
95613,0,0,0,0
95614,3998,0,50,491
95615,578,0,51,507
95616,29145,1146,14033,7408
95618,16132,742,6581,4427
95619,5667,24,194,1402
95620,14635,416,698,8746
95621,30826,927,2477,8487
95623,3836,28,139,431
95624,30073,6265,17791,11981
95625,88,0,0,23
95626,4338,264,386,1225
95627,3067,263,157,1689
95628,34909,885,2208,6049
95629,621,0,19,30
95630,49478,1882,14898,10414
95631,5319,0,71,833
95632,19370,640,1379,13249
95633,3149,0,60,325
95634,3606,13,89,354
95635,884,0,0,177
95636,1263,0,0,4
95637,171,0,0,27
95638,1684,198,59,382
95639,208,0,0,289
95640,9119,538,100,2068
95641,1146,8,37,427
95642,5768,43,248,1304
95645,874,0,0,764
95646,182,2,0,103
95648,42749,806,3380,9776
95650,12234,10,296,770
95651,451,0,132,128
95652,474,304,22,238
95653,220,1,1,374
95655,2722,482,501,975
95658,5036,140,172,493
95659,549,4,14,262
95660,19851,3779,2746,11921
95661,24780,495,3132,5015
95662,25623,522,930,4493
95663,2275,0,42,240
95664,891,97,44,52
95665,3776,0,50,785
95666,5104,24,44,745
95667,31674,308,330,4967
95668,350,3,6,142
95669,1985,32,10,588
95670,33847,5364,8028,12096
95671,1197,1778,88,1595
95672,5270,2,83,667
95673,11887,428,1166,3769
95674,572,26,32,98
95675,366,43,0,23
95676,103,0,0,113
95677,20853,493,2132,4437
95678,32248,945,3471,9769
95679,131,0,0,0
95680,9,0,0,0
95681,969,0,0,464
95682,25278,163,772,4461
95683,4733,330,380,1245
95684,2196,14,33,597
95685,4133,24,20,310
95686,490,53,64,676
95687,39198,7517,6590,17536
95688,28204,1500,3539,10403
95689,1368,0,26,242
95690,882,18,153,701
95691,22965,1640,5515,11720
95692,4174,5,77,810
95693,5458,85,759,1877
95694,6571,71,200,4347
95695,25501,480,1320,20251
95697,174,0,0,263
95698,140,0,0,84
95699,44,0,0,16
95701,923,5,18,31
95703,1533,42,13,298
95709,5648,0,184,317
95713,9060,36,187,1204
95714,390,0,0,52
95715,108,0,0,0
95717,113,0,0,20
95720,65,0,0,0
95721,0,0,0,0
95722,4260,0,148,480
95726,7145,101,111,668
95728,458,0,54,43
95735,51,0,0,0
95736,88,0,15,15
95742,6934,1369,4318,2049
95746,17911,765,2252,2180
95747,50760,1840,13355,9690
95757,14962,6526,20734,9832
95758,23720,8204,19296,14120
95762,33869,509,6106,3799
95765,29860,615,5742,6131
95776,14534,625,2983,11953
95811,4931,788,887,1961
95814,7068,1430,1499,2546
95815,9275,3179,2373,12215
95816,13941,500,803,3410
95817,7418,2039,1482,3759
95818,14755,795,1903,5061
95819,14556,598,1142,3805
95820,16577,3638,3473,15214
95821,21109,2847,4931,7845
95822,16464,6321,8558,15204
95823,16995,15266,19575,28655
95824,7238,2636,9221,12558
95825,16386,4691,4766,9820
95826,21858,4713,4444,9654
95827,11452,2900,2236,4962
95828,14355,6282,22590,16980
95829,10291,2495,12427,6217
95830,381,223,130,41
95831,15928,7339,11816,8225
95832,2528,1610,4644,4198
95833,15458,5878,4556,16381
95834,11274,5751,10080,9349
95835,14853,5508,12790,7176
95837,296,10,0,0
95838,12943,6695,7587,15015
95841,13905,1948,1634,4389
95842,19016,4501,3479,7750
95843,30009,4932,5493,6874
95864,18846,692,2177,3282
95901,22662,1100,3317,10510
95903,1327,244,83,216
95910,148,0,0,0
95912,2911,48,10,3214
95913,231,0,0,97
95914,382,4,0,82
95915,0,0,0,0
95916,832,0,51,93
95917,3395,0,34,1328
95918,1381,16,14,175
95919,1153,7,0,23
95920,93,0,16,45
95922,457,0,0,53
95923,39,0,1,3
95925,51,53,0,85
95926,31847,1125,2315,7611
95928,30212,663,1390,7095
95929,0,0,0,0
95930,417,0,0,0
95932,4542,272,85,3888
95934,33,0,0,0
95935,459,0,0,24
95936,93,7,0,15
95937,910,12,45,325
95938,3246,273,192,646
95939,248,25,0,35
95941,130,0,6,0
95942,1635,0,0,154
95943,622,0,0,81
95944,65,0,0,0
95945,23960,101,296,2805
95946,7913,13,111,1180
95947,1261,2,43,31
95948,8655,33,181,3787
95949,18990,106,185,1605
95950,375,0,0,61
95951,813,30,67,2216
95953,5703,163,1512,4917
95954,8162,5,178,1214
95955,811,0,10,918
95956,441,0,8,9
95957,503,6,0,229
95958,0,0,0,0
95959,16265,131,469,1394
95960,569,0,3,8
95961,19395,1429,2860,12376
95962,1022,0,9,26
95963,11921,10,209,7487
95965,13362,833,3047,3624
95966,22130,510,1663,4998
95968,1026,0,23,328
95969,6442,45,93,610
95970,442,12,0,85
95971,4716,333,57,532
95972,142,0,0,0
95973,29520,371,2009,6735
95974,65,0,0,0
95975,1550,0,10,38
95977,1336,52,50,166
95978,98,0,0,18
95979,293,43,6,48
95981,52,0,0,0
95982,2716,1,68,622
95983,256,0,0,127
95984,177,0,0,0
95986,104,0,0,0
95987,3995,4,53,5057
95988,5919,35,693,2583
95991,23416,1125,5481,17439
95993,19343,602,9340,7942
96001,29245,425,852,3392
96002,26256,412,1946,4420
96003,36014,573,1843,4686
96006,581,0,1,17
96007,20343,51,387,3476
96008,1034,22,0,127
96009,243,0,0,4
96010,0,0,0,28
96011,205,9,2,15
96013,3605,98,7,217
96014,143,0,0,0
96015,418,6,110,110
96016,310,0,0,9
96017,135,0,3,0
96019,8766,7,142,1217
96020,2499,15,0,374
96021,9319,17,309,8021
96022,12588,97,396,1292
96023,1034,0,24,323
96024,896,0,139,95
96025,1695,50,37,386
96027,1684,42,14,68
96028,1234,7,0,314
96029,97,0,0,22
96031,49,0,0,0
96032,1928,18,3,189
96033,269,0,15,29
96034,317,15,0,8
96035,2638,5,0,2147
96037,131,0,0,0
96038,441,13,0,28
96039,383,0,9,54
96040,65,1,3,15
96041,2747,3,126,608
96044,829,1,27,157
96046,328,0,0,0
96047,690,0,6,73
96048,1099,0,16,80
96050,349,0,17,20
96051,948,7,53,79
96052,2005,20,38,106
96054,260,0,0,0
96055,2823,0,96,1293
96056,1039,0,131,70
96057,989,14,10,82
96058,460,31,65,444
96059,299,0,24,0
96061,0,0,0,0
96062,900,0,0,71
96063,77,0,0,0
96064,3865,27,59,463
96065,268,0,0,84
96067,6407,20,123,606
96068,51,26,36,33
96069,981,0,13,289
96071,7,0,0,0
96073,4843,32,34,236
96074,98,15,21,42
96075,260,21,0,30
96076,108,0,15,15
96078,135,0,0,0
96080,25109,537,493,5087
96084,529,0,46,42
96085,19,0,2,0
96086,229,0,2,40
96087,777,0,0,14
96088,3915,38,49,334
96090,286,0,0,101
96091,650,0,0,18
96092,288,0,0,121
96093,2999,3,68,222
96094,5402,275,236,1104
96096,708,0,5,115
96097,8121,192,22,1504
96101,3963,155,9,696
96103,1287,0,7,35
96104,871,5,3,96
96105,246,0,0,0
96106,465,0,0,19
96107,645,0,36,210
96108,149,0,0,0
96109,1103,0,32,74
96110,37,0,0,0
96111,23,0,0,0
96112,82,0,0,14
96113,1449,416,27,602
96114,2431,0,15,329
96115,122,0,0,0
96116,19,0,0,0
96117,214,0,0,60
96118,1480,0,0,149
96119,0,0,0,0
96120,720,0,3,110
96121,145,0,0,0
96122,3678,0,10,640
96123,56,0,0,4
96124,293,0,0,0
96125,225,0,0,0
96126,76,0,0,168
96128,513,1,0,81
96129,640,0,0,0
96130,14483,2239,389,5234
96132,16,0,0,0
96133,40,0,0,107
96134,1730,11,0,829
96135,106,0,0,0
96136,40,0,0,0
96137,2652,0,0,211
96140,983,11,66,112
96141,567,0,21,4
96142,907,6,2,54
96143,2308,0,23,1399
96145,2712,66,166,164
96146,1060,7,0,74
96148,491,0,0,207
96150,22244,146,1616,7036
96155,0,0,0,0
96161,16437,25,284,2636
96701,4696,844,22376,3163
96703,597,0,164,197
96704,3886,132,1284,1115
96705,288,9,1109,199
96706,11369,2570,36250,12045
96707,10445,2171,13930,7007
96708,6548,7,970,1640
96710,132,0,57,69
96712,3655,72,1070,773
96713,277,0,27,18
96714,650,0,67,0
96716,334,0,1150,84
96717,1440,44,322,606
96719,470,0,189,186
96720,9238,353,15458,6640
96722,1622,16,97,333
96725,2071,0,976,623
96726,0,0,0,0
96727,1235,12,1121,579
96728,144,2,83,33
96729,48,0,17,77
96730,529,9,88,202
96731,622,59,396,177
96732,3145,302,14826,2365
96734,24602,749,9607,6035
96737,1201,65,287,768
96738,3181,154,1264,1107
96740,17835,405,7682,3457
96741,2369,15,1003,1073
96742,19,1,6,6
96743,3845,5,2489,1285
96744,10628,227,19965,6746
96746,7846,79,5120,2251
96747,5,0,1275,25
96748,839,0,370,421
96749,4804,227,4909,2827
96750,836,17,1313,543
96751,111,0,36,8
96752,404,0,554,496
96753,14626,244,5480,3731
96754,2612,30,797,274
96755,780,44,814,894
96756,2218,32,1387,778
96757,83,0,191,16
96759,0,0,277,0
96760,1538,0,785,688
96761,8565,89,6462,3771
96762,1722,20,602,310
96763,412,1,1634,204
96764,227,15,62,82
96765,283,0,219,162
96766,2488,205,7822,2328
96768,6404,126,3967,2726
96769,12,0,121,109
96770,150,0,14,23
96771,2105,74,484,1201
96772,974,10,387,559
96773,99,25,22,0
96774,103,0,30,20
96776,448,0,464,216
96777,151,17,638,528
96778,5355,37,1706,2904
96779,1097,0,370,231
96780,210,0,99,22
96781,285,0,451,247
96782,4149,695,19963,3971
96783,187,0,457,164
96785,2076,10,293,786
96786,13769,4567,10931,7355
96789,6957,1506,26656,5680
96790,4316,0,1278,794
96791,2241,38,2065,518
96792,4880,1180,4862,8044
96793,5831,467,11119,3563
96795,1015,8,990,1569
96796,435,0,699,184
96797,4490,762,45500,5566
96813,4111,723,12113,2302
96814,3288,215,14300,1980
96815,10447,400,11078,1497
96816,10040,531,26086,2910
96817,4655,478,33516,3415
96818,17515,3836,21157,7207
96819,3904,619,30252,3741
96820,0,0,0,0
96821,3714,182,10197,527
96822,10148,449,21705,2796
96825,8201,141,13422,2373
96826,4204,608,16237,2186
96848,122,0,260,11
96850,0,0,0,0
96853,326,82,43,102
96857,2777,782,281,922
96858,213,18,7,34
96859,0,0,0,0
96860,2587,641,172,920
96863,1785,212,139,703
97001,303,25,26,100
97002,5309,86,78,1151
97003,17076,1082,3741,6422
97004,3806,0,91,170
97005,18263,566,1960,9037
97006,27322,2081,9003,6485
97007,32407,929,6934,5617
97008,22693,479,1903,5384
97009,6875,11,123,1242
97011,831,0,0,51
97013,19677,103,609,4516
97014,1310,40,41,99
97015,17414,424,2421,2994
97016,5515,72,0,203
97017,3170,54,179,0
97018,1625,44,34,97
97019,2382,1,8,428
97020,946,0,14,249
97021,1212,0,0,65
97022,2879,0,0,482
97023,10167,3,269,585
97024,7495,1251,40,3139
97026,1994,0,39,2327
97027,10298,228,240,1033
97028,184,0,2,4
97029,350,0,0,7
97030,27320,1485,1391,7834
97031,15276,176,181,5935
97032,3821,20,49,1598
97033,132,0,0,0
97034,17254,47,1216,958
97035,19794,454,3461,1444
97037,800,0,10,26
97038,15255,23,97,1949
97039,414,7,0,1
97040,1425,8,20,489
97041,2521,14,0,1357
97042,2745,0,78,40
97045,51653,401,859,3433
97048,6438,50,24,222
97049,1800,0,34,45
97050,167,0,0,46
97051,15189,54,85,1514
97053,3262,7,61,350
97054,1120,0,0,36
97055,17497,62,254,1077
97056,11450,16,115,715
97057,16,0,0,9
97058,17259,49,123,4487
97060,16974,337,752,4985
97062,20817,414,949,5856
97063,786,0,0,59
97064,3282,0,0,128
97065,608,0,7,42
97067,1677,0,8,127
97068,25772,229,1577,2209
97070,20264,393,1104,3633
97071,17021,202,351,18316
97078,15102,1251,1988,6667
97080,38160,871,1864,5989
97086,22161,479,4762,2875
97089,12603,96,878,1080
97101,3247,12,9,413
97102,420,0,0,0
97103,15287,147,128,1714
97106,4109,20,96,254
97107,2074,0,14,331
97108,723,0,0,30
97109,518,0,0,0
97110,753,2,1,387
97111,3232,14,59,503
97112,1866,0,0,388
97113,9810,138,329,6546
97114,4092,0,7,1274
97115,3044,4,50,900
97116,21812,257,618,7771
97117,828,0,23,0
97118,645,5,9,36
97119,4548,78,126,480
97121,1650,20,0,23
97122,335,0,0,0
97123,30213,987,4393,13424
97124,35568,1583,5959,11936
97125,63,0,0,0
97127,3156,0,14,1169
97128,30307,143,539,6772
97130,639,0,7,0
97131,2242,0,107,252
97132,25807,196,731,4523
97133,4374,250,496,359
97134,144,0,0,0
97135,1489,0,0,108
97136,2090,12,17,11
97137,1006,19,8,167
97138,10411,190,135,846
97140,23554,211,1324,1995
97141,10799,128,76,1780
97144,111,0,0,0
97145,191,0,8,0
97146,6029,19,222,760
97147,404,0,0,7
97148,2105,12,47,809
97149,549,0,0,0
97201,12688,544,2148,1397
97202,35855,1012,2400,3358
97203,20719,4411,2044,4943
97204,638,199,41,158
97205,7016,473,330,680
97206,39124,1066,4941,5168
97208,0,0,0,0
97209,15489,949,1726,1697
97210,9626,469,803,732
97211,23600,4321,1513,2929
97212,22157,1771,1224,2498
97213,26152,598,1542,1971
97214,23863,454,1232,2352
97215,14340,338,1230,1146
97216,10390,1155,3116,2212
97217,25820,2312,1297,3219
97218,9236,1827,1038,2128
97219,34936,1440,2396,3523
97220,18304,2259,3935,2896
97221,10690,303,760,557
97222,30001,344,983,4812
97223,37711,659,3727,6362
97224,29001,899,2571,3516
97225,20753,545,1815,1782
97227,4201,751,321,654
97229,45849,1607,19579,5148
97230,24578,3819,5111,8326
97231,3291,4,198,292
97232,11408,633,785,1602
97233,24209,3259,3121,8975
97236,23904,2974,5387,7204
97239,14786,438,1023,1799
97258,0,0,0,0
97266,21732,1861,6110,4734
97267,25831,430,814,3285
97301,35780,1027,1559,19124
97302,33701,671,626,5163
97303,30834,297,541,10035
97304,27930,229,1201,4375
97305,27210,432,1235,20250
97306,27476,667,1626,4258
97310,732,66,0,151
97317,18479,155,610,6926
97321,26205,171,487,2236
97322,30223,134,573,6224
97324,1138,0,0,47
97325,5682,17,28,645
97326,712,0,9,117
97327,2671,0,13,62
97329,68,0,0,0
97330,35320,734,4220,3677
97331,2402,28,447,426
97333,19159,273,1487,1807
97335,248,0,0,0
97336,61,0,0,0
97338,19847,221,55,1922
97341,3019,2,16,164
97342,98,0,0,14
97343,468,0,1,0
97344,1385,0,7,179
97345,413,0,0,5
97346,926,7,11,31
97347,756,4,19,89
97348,1698,0,0,209
97350,119,0,0,19
97351,8088,62,62,4139
97352,5106,70,0,1024
97355,29090,178,173,2308
97357,116,0,0,1
97358,2197,1,8,47
97360,1807,17,13,95
97361,10682,129,268,2206
97362,2898,27,16,1455
97364,399,0,1,59
97365,8667,93,181,1798
97366,1721,0,8,117
97367,9369,21,370,946
97368,2420,0,19,434
97369,274,0,0,0
97370,8091,23,113,540
97371,557,0,20,55
97373,123,0,36,8
97374,4117,12,0,282
97375,1195,0,86,69
97376,1001,0,55,0
97377,543,0,0,79
97378,9231,268,98,1335
97380,1518,0,0,262
97381,12592,353,136,1505
97383,7867,0,98,1676
97384,86,0,0,0
97385,3104,0,48,601
97386,13635,160,160,676
97388,872,0,0,0
97389,1511,0,12,165
97390,386,0,0,0
97391,5387,14,0,564
97392,6089,10,39,511
97394,4769,54,36,352
97396,2912,3,7,291
97401,38172,579,2888,4271
97402,41382,1071,967,8064
97403,12322,266,812,1377
97404,28878,446,848,3005
97405,40083,297,1430,3244
97406,230,0,0,0
97408,12151,300,634,1084
97410,410,0,0,20
97411,6783,0,9,124
97412,581,0,3,8
97413,838,5,4,11
97414,238,0,0,0
97415,12531,88,177,1253
97416,1112,0,0,14
97417,1899,1,113,200
97419,614,0,36,45
97420,23897,172,271,2955
97423,5460,16,0,342
97424,15843,100,170,1543
97426,9124,40,111,262
97429,767,0,0,42
97430,348,0,0,5
97431,2408,0,0,178
97432,154,0,0,33
97434,701,0,37,72
97435,2363,0,35,122
97436,645,0,0,34
97437,2334,31,19,150
97438,1230,1,5,48
97439,14169,153,283,859
97441,278,0,0,49
97442,1800,0,0,39
97443,3122,24,0,248
97444,5253,0,9,376
97446,4577,7,0,382
97447,349,0,0,217
97448,12988,30,40,1426
97449,1864,0,0,96
97450,611,0,0,138
97451,529,0,0,0
97452,1517,0,2,104
97453,751,0,15,22
97454,1011,0,0,46
97455,2100,0,29,49
97456,2462,0,36,599
97457,8649,14,29,544
97458,4159,10,11,175
97459,12791,131,478,856
97461,831,0,41,0
97462,3657,0,17,158
97463,3810,0,0,176
97465,1653,0,2,58
97466,1059,0,0,70
97467,4953,20,16,160
97469,2333,15,23,236
97470,17244,29,92,1082
97471,27927,25,614,2261
97473,301,0,0,3
97476,293,0,0,0
97477,31370,488,549,4563
97478,32355,209,642,4752
97479,9554,111,32,288
97480,261,0,0,16
97481,651,20,0,0
97484,183,0,0,10
97486,548,13,0,110
97487,7252,0,285,928
97488,766,30,16,55
97489,747,0,4,231
97490,420,0,0,21
97492,1010,0,0,16
97493,306,0,0,0
97494,28,0,0,0
97495,1419,8,106,177
97496,6503,7,25,896
97497,1147,32,16,28
97498,1716,9,1,145
97499,1595,0,8,82
97501,36929,380,314,8377
97502,25972,91,282,3402
97503,10973,8,194,4839
97504,42432,434,863,7166
97520,23032,272,399,2602
97522,523,0,0,2
97523,5749,76,78,389
97524,13980,148,38,1478
97525,4265,0,85,446
97526,32029,159,238,2634
97527,32179,231,391,3822
97530,7897,5,0,479
97531,321,0,0,0
97532,2348,0,0,142
97534,638,0,0,0
97535,3978,54,26,496
97536,925,0,0,54
97537,6193,0,37,191
97538,1960,0,30,20
97539,2695,18,36,239
97540,7422,16,279,1339
97541,1526,0,7,26
97543,548,0,0,54
97544,1983,0,0,116
97601,18518,115,370,2862
97603,25270,236,223,4987
97604,0,0,0,0
97620,39,0,0,0
97621,185,0,0,0
97622,208,0,0,0
97623,2369,24,0,306
97624,2720,1,18,106
97625,124,0,0,0
97626,217,0,0,6
97627,654,0,0,0
97630,4385,21,59,666
97632,1028,23,0,904
97633,1270,34,0,640
97634,432,0,0,0
97635,345,0,0,0
97636,379,0,12,5
97637,100,0,0,0
97638,425,0,0,0
97639,33,0,0,0
97640,100,0,0,30
97641,1345,0,0,73
97701,37384,230,850,3674
97702,46046,319,621,5089
97703,29714,67,394,1707
97707,5888,0,43,219
97709,0,0,0,0
97710,65,0,0,8
97711,38,0,0,0
97712,58,0,0,0
97720,3894,23,0,254
97721,220,0,0,0
97722,33,0,0,0
97730,296,0,0,66
97731,257,0,0,10
97732,139,0,0,0
97733,464,0,0,0
97734,2891,111,27,1018
97735,154,0,0,0
97736,93,0,0,39
97737,426,0,0,45
97738,1944,0,0,81
97739,12784,1,1,720
97741,8362,65,51,3638
97750,346,0,0,59
97751,118,0,0,63
97752,0,0,0,0
97753,3022,37,0,60
97754,19239,42,89,1882
97756,39520,159,327,4784
97758,56,0,0,8
97759,7176,54,93,220
97760,7058,0,29,606
97761,157,0,0,340
97801,17190,238,159,2282
97810,888,6,38,6
97812,757,0,7,110
97813,1371,15,0,58
97814,11497,189,28,671
97817,37,0,0,0
97818,2770,51,66,3334
97819,17,0,0,1
97820,983,2,0,138
97823,930,0,8,56
97824,1797,18,12,51
97825,399,0,0,1
97826,741,0,0,420
97827,2452,0,56,27
97828,3053,65,6,54
97830,581,0,0,26
97833,568,7,2,26
97834,1298,0,9,87
97835,356,0,0,24
97836,2050,10,4,151
97837,44,0,0,0
97838,20295,247,400,11538
97839,237,0,0,0
97840,82,0,0,0
97841,476,0,1,7
97842,85,0,0,0
97843,631,0,0,64
97844,2787,20,19,1102
97845,2066,6,49,1
97846,1792,1,20,156
97848,162,0,0,43
97850,14862,171,251,951
97856,453,0,1,9
97857,644,0,2,12
97859,165,0,0,4
97862,9503,0,49,4137
97864,239,0,2,60
97865,1074,0,0,0
97867,966,0,4,23
97868,1512,0,0,19
97869,838,0,2,49
97870,467,0,2,32
97873,149,0,0,8
97874,325,0,10,1
97875,1942,0,7,1023
97876,924,0,16,179
97877,318,0,0,0
97880,313,2,9,17
97882,5871,104,19,2835
97883,2298,68,25,130
97884,121,0,0,0
97885,1147,9,0,58
97886,855,0,13,50
97901,536,1,9,104
97902,27,0,0,0
97903,24,0,0,0
97904,176,0,0,19
97905,104,0,0,0
97906,313,0,0,4
97907,706,0,4,9
97908,25,0,0,0
97909,22,0,0,0
97910,618,0,0,33
97911,52,0,0,0
97913,4011,0,11,3055
97914,14656,272,296,7180
97917,41,0,0,0
97918,3870,0,42,665
97920,22,0,0,0
98001,19539,2689,6185,4501
98002,19537,4145,1996,8954
98003,20055,9253,7137,11390
98004,18886,733,15580,2096
98005,9466,237,10095,1453
98006,18675,852,16498,3411
98007,10735,1684,11870,2758
98008,16267,451,6894,2703
98010,5047,41,365,475
98011,18767,269,4680,2629
98012,42367,2463,20751,6687
98014,6764,28,363,541
98019,8787,50,991,1112
98020,16824,97,1125,711
98021,20847,412,9851,2609
98022,19034,67,466,2097
98023,23559,6978,7585,7776
98024,3997,88,161,393
98025,0,0,0,0
98026,27626,1094,4740,3040
98027,19879,380,4240,2074
98028,16707,540,3386,1965
98029,17144,780,10162,1408
98030,16934,4627,8770,5853
98031,15998,5153,11513,5361
98032,13784,5912,6742,8882
98033,28770,607,6939,2360
98034,35968,786,8910,4600
98036,26023,3538,7203,4759
98037,15457,1580,6375,5052
98038,29747,636,3488,2324
98039,1809,6,797,18
98040,16882,340,5658,826
98042,33075,3146,6469,4810
98043,14069,1023,2343,2708
98045,12454,70,677,1360
98047,3729,828,749,916
98050,73,0,0,0
98051,3226,0,82,283
98052,39613,1631,29216,5858
98053,14845,113,5915,845
98055,9773,2559,6828,2716
98056,17876,1925,9698,6050
98057,6040,2262,1997,2478
98058,23792,3440,6887,5085
98059,22752,938,11931,3165
98065,13160,112,1477,740
98068,511,5,0,9
98070,9601,5,139,606
98072,19387,297,3052,1918
98074,17162,111,11665,1052
98075,13468,527,9079,890
98077,11682,75,1135,791
98087,21053,2892,8721,5790
98092,30613,1912,6620,7687
98101,8771,1166,5069,850
98102,18425,716,3247,1659
98103,38854,1266,5719,3850
98104,7574,1598,4111,1114
98105,30329,1725,11958,3361
98106,13269,4170,4528,3846
98107,21097,158,3981,1930
98108,6900,4340,8727,2699
98109,19216,1145,8702,2093
98110,21686,58,910,834
98112,18424,643,2492,777
98115,40269,893,7655,2665
98116,23103,890,1404,1228
98117,29167,519,2529,1506
98118,19391,9924,11935,4436
98119,18361,668,3289,2268
98121,10314,959,6914,1480
98122,24884,4419,5802,3389
98125,28780,3715,6285,3351
98126,13399,2742,2330,1489
98133,30505,4604,8219,4879
98134,502,76,87,66
98136,14215,281,673,1659
98144,15730,4388,6318,3721
98146,14546,1958,5246,5506
98148,4857,1376,1211,2779
98154,0,0,0,0
98155,24737,1665,4493,2446
98158,0,0,0,0
98164,169,0,0,70
98166,16383,558,1541,2675
98168,15510,4049,6949,8851
98174,0,0,0,0
98177,16525,495,2065,866
98178,8330,6913,7779,1922
98188,8150,7248,4705,5379
98195,1159,116,741,208
98198,19232,4500,4666,8351
98199,16818,269,2829,1373
98201,22781,737,1026,3914
98203,23971,2671,3554,5564
98204,22485,4064,6087,7985
98207,438,223,196,330
98208,37996,2886,9513,8483
98220,577,0,0,0
98221,20438,151,440,1401
98222,112,0,0,0
98223,38066,398,1559,4021
98224,200,0,11,10
98225,40849,594,2494,4227
98226,34450,536,2973,4330
98229,27651,301,1015,3504
98230,14730,298,650,1924
98232,3617,4,12,105
98233,12709,259,428,3802
98235,368,28,53,0
98236,6099,67,177,103
98237,4236,19,60,581
98238,45,0,0,0
98239,6749,42,168,546
98240,2957,0,0,440
98241,1906,0,0,133
98243,276,0,8,6
98244,2648,2,37,23
98245,3596,6,61,231
98247,6315,30,231,1705
98248,21485,120,1769,2759
98249,3982,55,23,182
98250,7932,76,103,769
98251,3843,92,51,589
98252,8611,19,199,577
98253,1933,0,11,111
98255,257,0,12,33
98256,304,0,6,0
98257,3330,24,42,306
98258,40301,1173,2768,5082
98260,5063,3,160,71
98261,2867,19,28,177
98262,847,0,44,41
98263,171,0,0,5
98264,17672,156,611,3351
98266,3582,0,136,136
98267,160,0,0,0
98270,37925,1399,3942,7867
98271,21594,266,1856,3765
98272,24788,605,1588,4081
98273,22036,210,686,9597
98274,13016,196,536,4659
98275,13773,297,4352,1360
98276,1322,0,0,205
98277,29159,1476,2916,5139
98278,1186,284,152,610
98279,584,0,8,33
98280,352,0,15,10
98281,1154,0,33,110
98282,15837,293,423,618
98283,459,0,6,45
98284,22645,332,347,4395
98286,138,9,3,4
98288,162,7,0,2
98290,34190,257,1038,2191
98292,21898,64,488,1779
98294,6033,47,140,1457
98295,2705,9,40,177
98296,22782,347,1980,1103
98297,55,0,0,0
98303,1375,0,36,60
98304,811,0,13,107
98305,242,0,0,0
98310,14059,1117,1341,3276
98311,20092,1025,2381,2000
98312,23975,1657,1302,3661
98314,1033,70,101,271
98315,3850,499,161,856
98320,1210,0,12,54
98321,15697,45,160,984
98323,619,0,3,18
98325,1348,1,2,20
98326,702,75,17,242
98327,6422,764,1116,1207
98328,8882,141,99,560
98329,9505,78,178,857
98330,24,0,0,0
98331,3803,78,198,1177
98332,16775,267,753,930
98333,3380,0,52,185
98335,23299,181,892,1836
98336,550,0,0,0
98337,6647,413,437,864
98338,24202,1233,1156,3840
98339,2685,9,57,191
98340,2438,0,27,82
98342,1184,16,14,22
98345,271,0,0,15
98346,7928,59,287,487
98349,4215,1,172,402
98350,22,2,3,34
98351,859,34,17,19
98353,14,0,0,0
98354,6449,127,551,725
98355,557,0,69,76
98356,1970,0,15,209
98357,220,0,0,161
98358,863,0,0,10
98359,4553,17,49,135
98360,12918,86,312,1164
98361,386,0,0,7
98362,21404,185,405,1803
98363,12004,83,115,766
98364,57,0,0,0
98365,4884,0,90,336
98366,28872,594,1873,3729
98367,25631,345,1008,2163
98368,15453,95,231,650
98370,27051,460,968,2577
98371,18432,800,1361,1799
98372,20629,514,1575,1721
98373,21142,1261,1935,3419
98374,33029,1182,2689,5287
98375,19565,2798,2384,4312
98376,1818,0,56,36
98377,2287,0,0,143
98380,4990,9,182,231
98381,242,0,0,42
98382,26840,317,620,1388
98383,16615,1101,2069,1706
98385,437,0,10,62
98387,29985,5877,3003,7657
98388,5013,411,460,1041
98390,9303,95,126,2127
98391,47071,500,2193,4903
98392,2300,28,78,193
98394,1054,0,0,0
98396,605,4,0,27
98402,4703,687,516,699
98403,6791,271,274,532
98404,16207,5110,5832,7264
98405,15992,2661,1191,2707
98406,18708,1038,654,937
98407,16715,566,1120,1157
98408,12483,2542,1740,2503
98409,16090,4139,2503,4541
98416,576,26,49,121
98418,5863,934,710,1174
98421,469,117,192,317
98422,13916,1867,2552,2320
98424,5474,1493,1888,1821
98430,194,193,128,130
98433,12593,2610,967,4586
98438,379,40,52,103
98439,3015,851,63,1891
98443,4464,81,350,612
98444,15924,6087,3685,6415
98445,20124,3418,2033,5239
98446,9948,484,732,1930
98447,672,40,166,121
98465,5348,906,229,482
98466,20752,2188,2114,3185
98467,8957,1351,2422,1470
98498,16018,2866,2495,3343
98499,16533,5680,3153,7291
98501,37225,1140,2373,4201
98502,26591,1039,2733,4155
98503,29727,2349,2400,4833
98505,250,21,34,82
98506,16069,229,984,929
98512,23868,779,1324,2850
98513,25418,1581,3074,4576
98516,18803,1107,3255,2289
98520,19200,752,243,4196
98524,3740,16,76,305
98526,134,0,6,10
98527,227,0,0,6
98528,9957,243,314,1230
98530,515,0,3,18
98531,21920,219,348,4597
98532,22958,228,458,2168
98533,605,0,0,0
98535,290,0,0,43
98536,0,0,0,0
98537,2509,0,143,246
98538,336,0,0,34
98539,139,0,0,0
98541,8428,90,15,1325
98542,708,0,0,6
98544,7,0,0,0
98546,2608,0,22,272
98547,1170,13,0,59
98548,2421,0,0,49
98550,10634,145,197,685
98552,190,0,0,25
98555,200,0,0,0
98556,241,112,8,31
98557,3598,103,78,359
98558,60,0,0,0
98559,0,0,0,0
98560,76,0,0,0
98562,55,0,0,23
98563,7123,9,22,251
98564,2325,60,0,705
98565,404,0,1,0
98566,178,0,0,120
98568,1856,14,11,232
98569,6080,3,175,278
98570,3462,1,12,719
98571,0,0,0,0
98572,681,0,3,66
98575,110,0,4,2
98576,4664,0,39,245
98577,5724,20,109,686
98579,11918,92,66,1658
98580,9450,295,119,894
98581,409,0,0,15
98582,236,0,0,0
98583,144,0,0,0
98584,29096,306,274,5382
98585,569,0,0,0
98586,1178,55,97,433
98587,97,1,0,88
98588,1374,36,13,31
98589,6471,107,133,354
98590,315,0,0,5
98591,3355,10,0,43
98592,1730,0,0,25
98593,1168,11,0,248
98595,2546,2,12,317
98596,6261,7,47,809
98597,21139,653,449,2231
98601,2653,0,0,249
98602,106,0,0,0
98603,1060,0,0,115
98604,33930,249,504,2226
98605,1123,0,9,368
98606,8937,28,82,326
98607,26493,764,3512,1700
98609,0,0,0,0
98610,2526,5,27,152
98611,8434,14,26,265
98612,2764,30,95,329
98613,568,5,13,7
98614,532,0,0,0
98616,78,0,0,0
98617,760,0,22,183
98619,577,0,2,55
98620,6895,88,26,331
98621,243,0,10,0
98623,36,0,0,0
98624,1454,0,8,154
98625,5976,0,27,458
98626,23685,191,392,2502
98628,389,0,0,23
98629,8852,0,440,343
98631,3104,7,34,332
98632,42885,398,776,5335
98635,1748,29,24,39
98638,1358,23,29,121
98639,948,0,39,151
98640,4180,18,130,496
98641,55,0,0,0
98642,21524,427,580,1774
98643,390,14,6,0
98644,494,0,0,98
98645,1837,0,10,74
98647,236,0,0,0
98648,3033,4,64,225
98649,611,34,0,121
98650,1098,0,0,51
98651,892,0,0,22
98660,10344,481,249,1493
98661,36067,1509,1293,10224
98662,29745,775,2187,3705
98663,11552,234,362,2051
98664,18560,656,1016,3051
98665,21767,799,1104,3768
98670,52,0,6,3
98671,21154,178,446,1899
98672,5741,50,38,1615
98673,469,0,3,5
98674,13584,220,165,2008
98675,6636,172,44,280
98682,50215,1634,3993,8204
98683,23461,592,3278,4134
98684,25974,644,2208,4958
98685,25478,614,1057,2254
98686,16533,344,1121,1962
98801,29361,359,314,14802
98802,21790,166,299,9130
98811,70,0,50,0
98812,2210,98,12,3681
98813,404,95,0,2731
98814,639,0,16,0
98815,6322,0,48,1232
98816,4641,0,73,2274
98817,125,0,0,18
98819,169,0,3,39
98821,508,0,0,138
98822,1522,12,15,356
98823,8966,91,41,3421
98824,42,0,0,205
98826,7135,20,118,375
98827,290,0,0,87
98828,1283,0,0,766
98829,206,72,43,169
98830,470,0,1,53
98831,2075,10,0,1861
98832,153,0,0,8
98833,148,3,0,2
98834,228,0,0,13
98836,316,0,17,512
98837,32922,906,632,15903
98840,3701,16,8,494
98841,6646,0,51,983
98843,1213,4,0,1078
98844,3515,110,0,748
98845,148,0,0,53
98846,800,0,33,553
98847,2101,0,0,290
98848,6154,0,140,8781
98849,585,15,6,351
98850,1007,25,0,817
98851,3834,0,97,1217
98852,32,0,0,0
98853,0,0,0,0
98855,4163,137,25,1433
98856,2040,0,36,352
98857,1788,0,55,2051
98858,1538,3,7,200
98859,353,0,0,40
98860,202,0,2,20
98862,2466,17,0,503
98901,19939,569,268,18186
98902,24392,602,434,23435
98903,11051,117,589,6412
98908,29536,355,528,9101
98921,0,0,0,0
98922,6528,0,56,553
98923,597,0,0,302
98925,441,0,6,55
98926,26975,338,500,3117
98930,8549,54,37,12013
98932,2451,14,2,4171
98933,600,1,18,533
98934,673,36,9,368
98935,2304,0,49,3896
98936,5327,172,21,2725
98937,3872,36,13,563
98938,1352,0,0,1539
98939,38,0,0,80
98940,395,0,0,0
98941,604,0,40,114
98942,12845,121,174,3879
98943,646,0,0,34
98944,13653,232,210,20817
98946,277,0,0,8
98947,1355,76,0,1845
98948,4800,15,118,10152
98950,31,23,0,0
98951,4469,17,265,8333
98952,394,6,0,357
98953,4566,0,25,3321
99001,5547,582,403,1065
99003,3762,43,87,137
99004,18438,441,461,1942
99005,9387,0,140,152
99006,12796,20,33,524
99008,394,0,5,0
99009,3957,0,7,192
99011,2135,310,76,517
99012,1059,0,0,23
99013,868,10,10,37
99014,0,0,0,0
99016,16882,372,1108,1319
99017,178,0,0,31
99018,244,4,0,7
99019,11467,2,180,250
99020,15,0,0,0
99021,9224,46,116,511
99022,7882,210,127,706
99023,923,0,0,20
99025,4855,8,84,171
99026,8265,0,37,459
99027,5557,0,32,313
99029,1635,0,33,58
99030,512,0,5,31
99031,1018,0,18,23
99032,880,0,10,79
99033,748,0,0,14
99034,199,1,0,0
99036,1544,0,0,9
99037,13620,162,244,1124
99039,147,0,0,1
99040,86,12,0,0
99101,1567,8,4,33
99102,489,0,4,3
99103,597,0,3,0
99105,31,0,0,0
99109,4199,4,6,99
99110,1361,0,0,0
99111,3522,41,25,223
99113,501,12,0,22
99114,11385,23,138,771
99115,1015,27,15,9
99116,828,8,14,55
99117,560,0,0,0
99118,803,1,0,64
99119,1147,1,0,107
99121,276,0,0,0
99122,3558,33,27,160
99123,788,0,0,0
99124,127,0,0,22
99125,580,9,0,70
99126,839,0,0,38
99128,271,0,7,17
99129,335,0,12,55
99130,737,0,0,3
99131,121,0,0,0
99133,1073,0,5,97
99134,485,15,0,116
99135,435,0,0,2
99136,17,0,0,0
99137,341,0,21,0
99138,320,4,0,9
99139,697,0,0,11
99140,128,2,0,20
99141,5570,12,91,299
99143,523,8,0,50
99144,18,0,0,1
99146,45,0,0,0
99147,140,0,0,0
99148,2224,0,25,10
99149,168,0,0,0
99150,244,0,25,0
99151,142,0,0,9
99152,121,0,0,6
99153,399,0,0,61
99154,38,0,0,0
99155,106,0,0,47
99156,8147,29,51,407
99157,602,0,12,24
99158,536,15,0,20
99159,1148,0,14,41
99160,36,0,0,0
99161,1172,0,36,12
99163,25365,808,3684,2631
99166,2575,9,0,35
99167,631,0,0,26
99169,2227,33,28,188
99170,831,0,6,44
99171,910,33,4,18
99173,1613,86,10,44
99174,27,0,1,1
99176,136,0,0,0
99179,511,2,21,5
99180,582,0,43,28
99181,1838,6,0,37
99185,1268,11,8,10
99201,11041,366,329,1454
99202,16374,579,781,1841
99203,19654,302,394,1303
99204,5637,460,263,551
99205,37125,657,612,2704
99206,36453,780,788,2780
99207,24656,1676,1102,2997
99208,50002,1195,1382,3074
99212,18169,201,258,1278
99216,23959,379,237,2199
99217,16168,83,665,1381
99218,14423,149,493,745
99223,28922,944,874,2054
99224,21627,253,612,1131
99251,762,68,61,154
99258,387,0,24,41
99301,47668,1921,1674,45964
99320,7515,0,34,2763
99321,166,0,0,685
99322,393,0,0,0
99323,2971,126,0,1057
99324,8242,40,219,1791
99326,3678,305,126,2702
99328,2992,24,2,325
99329,149,0,2,4
99330,555,0,0,255
99333,91,0,0,0
99335,146,0,0,32
99336,35527,1536,876,18057
99337,25660,510,693,7344
99338,14693,307,518,2610
99341,576,0,0,33
99343,2167,0,17,2481
99344,9030,11,98,14428
99345,83,0,0,72
99346,130,0,0,243
99347,2204,22,32,87
99348,908,9,12,1052
99349,2203,0,32,6084
99350,9296,96,341,6484
99352,28464,653,2366,4523
99353,14525,203,251,2490
99354,20831,292,1334,3757
99356,194,0,0,167
99357,1464,0,0,3209
99359,65,12,0,0
99360,978,0,5,451
99361,1465,0,2,213
99362,33513,1019,892,9231
99363,38,0,0,58
99371,286,0,0,1
99401,373,0,0,10
99402,1461,18,9,60
99403,18434,149,252,973
99501,9555,1373,975,1371
99502,16370,596,2069,2290
99503,5972,1260,1442,865
99504,19264,4241,4901,3730
99505,3477,640,205,1313
99506,4510,585,256,1270
99507,19785,1442,6480,3516
99508,15498,2543,5477,4702
99513,0,0,0,0
99515,13783,426,2134,2161
99516,16562,569,857,1545
99517,10313,521,1790,1114
99518,6231,450,928,1428
99519,1546,0,86,79
99530,0,0,0,0
99540,313,8,0,0
99546,108,21,63,36
99547,0,0,0,0
99548,1,0,0,0
99549,9,0,0,0
99550,47,0,0,12
99551,0,0,0,0
99552,5,0,0,0
99553,236,149,156,185
99554,0,0,0,0
99555,4,0,0,0
99556,2445,3,19,111
99557,163,21,15,10
99558,1,0,0,0
99559,1034,185,236,362
99561,0,0,0,0
99563,123,0,0,0
99564,7,0,16,0
99565,6,0,0,0
99566,35,0,0,0
99567,6020,45,14,457
99568,458,0,0,5
99569,1,0,0,0
99571,48,2,49,22
99572,231,0,3,0
99573,446,1,1,0
99574,1770,8,384,128
99575,0,0,0,0
99576,623,12,60,155
99577,22684,770,870,2314
99578,0,0,0,4
99579,20,0,8,0
99580,1,0,0,0
99581,8,68,0,0
99583,17,0,0,26
99585,0,0,0,0
99586,222,0,0,0
99587,1675,0,42,95
99588,659,0,11,171
99589,6,0,0,0
99590,0,0,0,0
99591,0,0,0,2
99602,13,0,0,14
99603,9080,18,230,472
99604,64,0,7,55
99605,97,0,0,0
99606,37,0,0,1
99607,17,2,0,0
99608,0,0,0,0
99609,6,0,0,0
99610,1530,0,17,56
99611,10863,140,407,994
99612,140,3,255,87
99613,199,3,21,35
99614,3,3,0,0
99615,6510,117,2957,1125
99620,4,0,4,0
99621,8,0,6,0
99622,6,0,0,0
99623,17433,303,652,897
99624,20,2,7,4
99625,2,0,0,0
99626,8,0,0,0
99627,73,3,0,26
99628,45,0,0,0
99630,4,0,0,0
99631,216,0,0,7
99632,0,0,0,9
99633,183,0,27,39
99634,3,0,0,0
99635,113,0,0,3
99636,10,63,6,7
99637,12,2,0,0
99638,0,0,0,0
99639,918,0,28,29
99640,6,3,0,0
99641,0,0,0,14
99643,29,0,0,0
99644,6,1,0,9
99645,24186,435,393,2031
99647,1,0,0,0
99648,1,0,0,0
99649,5,0,0,0
99650,0,0,0,0
99651,0,0,0,0
99652,3459,35,53,241
99653,51,19,0,0
99654,34287,594,790,2627
99655,20,0,1,0
99656,0,0,0,0
99657,44,0,0,0
99658,16,0,0,3
99659,0,0,0,0
99660,38,6,3,29
99661,135,29,216,85
99662,1,0,0,9
99663,240,0,0,8
99664,3211,83,62,212
99665,10,0,2,0
99666,0,0,0,0
99667,94,0,0,12
99668,4,0,0,0
99669,14575,180,255,681
99670,10,0,0,0
99671,37,29,3,3
99672,3170,0,0,13
99674,1108,0,38,51
99675,25,0,0,0
99676,1645,11,3,59
99677,4,0,0,0
99678,91,1,12,0
99679,361,0,0,0
99680,2,0,0,0
99681,0,0,4,0
99682,4,0,0,32
99683,355,0,0,5
99684,199,0,4,0
99685,938,160,1547,596
99686,3060,102,0,282
99688,2368,0,10,103
99689,173,12,114,37
99690,0,0,0,0
99691,1,2,0,9
99692,143,0,510,110
99693,181,3,105,4
99694,1120,14,17,48
99695,0,0,0,0
99701,11024,891,1093,1235
99702,2259,128,37,608
99703,6050,1117,222,1353
99704,40,9,0,10
99705,17626,462,366,1816
99706,0,0,0,0
99707,0,0,0,0
99709,19564,1211,921,2395
99712,10448,119,251,551
99714,881,0,0,6
99720,52,0,0,0
99721,7,0,0,23
99722,3,0,0,0
99723,401,89,490,254
99724,0,0,0,0
99725,562,0,0,0
99726,18,0,0,0
99727,14,0,0,0
99729,92,0,0,0
99730,105,0,0,0
99732,8,0,0,0
99733,0,0,0,0
99734,1117,73,56,43
99736,1,0,1,0
99737,3917,52,63,422
99738,113,0,0,0
99739,5,0,0,3
99740,30,5,10,1
99741,171,0,5,36
99742,13,0,0,0
99743,482,9,21,0
99744,115,0,0,0
99745,0,0,0,0
99746,11,0,0,18
99747,5,0,0,3
99748,41,0,0,0
99749,20,0,0,14
99750,15,0,0,0
99751,4,0,0,0
99752,669,88,65,181
99753,4,0,0,0
99754,0,0,0,0
99755,756,30,52,25
99756,14,0,0,0
99757,14,0,0,0
99758,6,0,0,0
99759,6,4,0,0
99760,493,0,0,17
99761,6,4,0,0
99762,1050,68,111,184
99763,13,0,33,1
99764,63,0,139,2
99765,19,0,0,0
99766,15,4,0,19
99767,0,0,0,0
99768,27,0,0,0
99769,38,3,0,0
99770,32,3,0,0
99771,4,0,0,0
99772,12,0,12,5
99773,0,0,0,0
99774,0,0,0,0
99775,458,51,191,74
99776,4,9,0,0
99777,21,0,0,0
99778,1,3,0,6
99780,1081,0,12,67
99781,0,0,0,9
99782,147,0,0,7
99783,0,0,0,0
99784,5,0,0,0
99785,15,0,0,0
99786,44,0,0,0
99788,21,0,0,13
99789,87,0,0,0
99790,7,0,0,0
99791,2,0,0,0
99801,19085,311,2244,2158
99820,46,0,0,44
99824,1452,34,73,142
99825,16,0,0,0
99826,650,0,0,46
99827,1692,0,68,170
99829,323,9,19,121
99830,88,1,5,2
99832,63,0,0,0
99833,1948,39,602,306
99835,5269,58,667,626
99836,39,0,0,6
99840,1017,40,29,32
99841,130,0,0,19
99850,0,0,0,0
99901,8909,94,1180,785
99903,1,0,0,0
99918,238,0,0,6
99919,482,0,9,32
99921,1157,7,45,75
99922,49,2,0,5
99923,25,0,0,0
99925,413,4,7,56
99926,108,5,14,54
99927,14,0,0,0
99929,1215,1,18,123
