ZCTA,AVG_HOUSEHOLD_SIZE
00601,3.14
00602,2.94
00603,2.45
00606,2.86
00610,2.89
00611,2.51
00612,2.68
00616,3.04
00617,2.74
00622,2.51
00623,2.7
00624,2.94
00627,2.81
00631,2.95
00636,4.03
00637,3.13
00638,3.03
00641,2.73
00646,2.99
00647,2.54
00650,2.62
00652,2.71
00653,2.46
00656,2.81
00659,2.83
00660,2.52
00662,2.85
00664,2.95
00667,2.82
00669,2.72
00670,3.2
00674,2.66
00676,2.81
00677,2.66
00678,2.74
00680,2.41
00682,2.48
00683,2.67
00685,2.8
00687,2.91
00688,2.78
00690,2.8
00692,2.75
00693,2.7
00694,1.88
00698,2.71
00703,2.71
00704,2.76
00705,2.73
00707,2.68
00714,2.52
00715,2.59
00716,2.32
00717,2.21
00718,2.85
00719,3.39
00720,3.17
00723,2.57
00725,2.48
00727,2.64
00728,2.76
00729,2.86
00730,2.45
00731,2.65
00735,2.63
00736,2.58
00738,2.52
00739,2.78
00740,2.83
00741,2.7
00745,2.88
00751,2.58
00754,2.73
00757,2.79
00765,3.14
00766,2.81
00767,2.6
00769,2.68
00771,2.87
00772,2.7
00773,2.6
00775,2.65
00777,2.8
00778,2.71
00780,2.9
00782,3.55
00783,3.16
00784,2.34
00786,1.79
00791,2.76
00794,3.13
00795,2.9
00901,2.01
00906,1.9
00907,1.94
00909,2.07
00911,1.86
00912,2.0
00913,2.29
00915,2.32
00917,2.23
00918,1.99
00920,2.42
00921,2.28
00923,2.32
00924,2.34
00925,1.76
00926,2.51
00927,2.18
00934,4.57
00949,2.65
00950,-666666666.0
00951,2.12
00952,2.59
00953,2.94
00956,2.6
00957,2.65
00959,2.61
00960,-666666666.0
00961,2.51
00962,2.57
00965,2.48
00966,2.51
00968,1.94
00969,2.68
00971,2.72
00976,2.59
00979,1.92
00982,2.42
00983,2.49
00985,2.59
00987,2.67
01001,2.36
01002,2.27
01003,2.16
01005,2.75
01007,2.38
01008,2.32
01009,2.28
01010,2.5
01011,2.55
01012,2.22
01013,2.39
01020,2.28
01022,1.65
01026,2.24
01027,2.04
01028,2.65
01029,2.19
01030,2.52
01031,2.51
01032,2.09
01033,2.27
01034,2.45
01035,2.22
01036,2.49
01037,2.09
01038,2.32
01039,2.4
01040,2.45
01050,2.46
01053,1.9
01054,2.4
01056,2.38
01057,2.35
01060,1.91
01062,2.19
01063,1.67
01066,1.94
01068,2.56
01069,2.19
01070,2.17
01071,2.37
01072,2.3
01073,2.48
01074,3.86
01075,2.04
01077,2.49
01079,2.44
01080,2.7
01081,2.48
01082,2.17
01083,2.81
01084,1.98
01085,2.47
01088,1.86
01089,2.26
01092,2.3
01093,2.1
01094,3.38
01095,2.66
01096,2.26
01097,2.12
01098,2.04
01103,1.46
01104,2.46
01105,2.3
01106,2.59
01107,2.85
01108,2.48
01109,2.93
01118,2.62
01119,2.53
01128,2.78
01129,2.41
01144,-666666666.0
01151,2.61
01201,2.22
01220,2.01
01222,2.62
01223,2.17
01224,2.21
01225,2.09
01226,2.16
01229,1.51
01230,2.18
01235,2.32
01236,2.57
01237,2.34
01238,2.23
01240,2.05
01242,3.44
01243,1.88
01244,2.14
01245,2.24
01247,2.13
01253,2.17
01254,2.18
01255,2.48
01256,2.03
01257,2.2
01258,2.32
01259,2.76
01260,2.22
01262,2.24
01264,2.11
01266,2.07
01267,2.14
01270,2.51
01301,2.1
01330,2.11
01331,2.53
01337,2.37
01338,1.35
01339,2.14
01340,2.26
01341,2.27
01342,2.74
01343,2.32
01344,2.41
01346,2.01
01347,1.95
01349,2.23
01350,1.94
01351,2.65
01354,2.4
01355,2.45
01360,2.32
01364,2.49
01366,2.39
01367,2.55
01368,2.7
01370,2.1
01373,2.13
01375,2.04
01376,2.07
01378,2.34
01379,2.11
01380,2.78
01420,2.4
01430,2.7
01431,2.57
01432,2.22
01434,2.68
01436,2.79
01438,2.86
01440,2.25
01450,2.95
01451,2.99
01452,2.79
01453,2.34
01460,2.79
01462,2.55
01463,2.67
01464,2.41
01468,2.41
01469,2.56
01473,2.53
01474,2.69
01475,2.78
01501,2.49
01503,2.45
01504,2.36
01505,2.59
01506,2.38
01507,2.74
01510,2.28
01515,2.43
01516,2.92
01518,2.31
01519,2.87
01520,2.79
01521,2.2
01522,2.53
01523,2.45
01524,2.66
01525,-666666666.0
01527,2.63
01529,2.49
01531,2.44
01532,2.66
01534,2.45
01535,2.53
01536,2.33
01537,2.39
01540,2.79
01541,2.63
01542,2.49
01543,2.96
01545,2.68
01550,2.48
01560,2.47
01561,-666666666.0
01562,2.33
01564,2.28
01566,2.57
01568,2.93
01569,2.62
01570,2.37
01571,2.56
01581,2.62
01583,2.36
01585,2.29
01588,2.51
01590,2.83
01602,2.41
01603,2.54
01604,2.39
01605,2.52
01606,2.46
01607,2.34
01608,2.17
01609,2.17
01610,2.44
01611,2.86
01612,2.72
01701,2.46
01702,2.49
01718,3.06
01719,2.52
01720,2.62
01721,2.42
01730,2.49
01731,3.78
01740,2.99
01741,2.91
01742,2.64
01745,2.6
01746,2.67
01747,2.74
01748,2.79
01749,2.47
01752,2.47
01754,2.41
01756,3.02
01757,2.62
01760,2.32
01770,2.91
01772,2.87
01773,2.43
01775,2.72
01776,2.97
01778,2.79
01801,2.52
01803,2.58
01810,2.6
01821,2.68
01824,2.67
01826,2.64
01827,2.96
01830,2.5
01832,2.53
01833,2.66
01834,2.58
01835,2.67
01840,2.22
01841,3.08
01843,2.73
01844,2.75
01845,2.64
01850,2.83
01851,2.81
01852,2.44
01854,2.45
01860,2.53
01862,2.48
01863,2.63
01864,2.63
01867,2.66
01876,2.52
01879,3.06
01880,2.44
01886,2.84
01887,2.89
01890,2.79
01901,1.48
01902,2.73
01904,2.83
01905,3.0
01906,2.62
01907,2.39
01908,2.02
01913,2.23
01915,2.31
01921,2.86
01922,3.02
01923,2.43
01929,2.66
01930,2.22
01937,-666666666.0
01938,2.44
01940,2.74
01944,2.56
01945,2.47
01949,2.73
01950,2.38
01951,2.24
01952,2.25
01960,2.37
01965,2.37
01966,2.11
01969,2.58
01970,2.17
01982,2.8
01983,2.87
01984,2.75
01985,2.78
02019,2.71
02021,2.48
02025,2.66
02026,2.34
02030,3.12
02032,3.15
02035,2.56
02038,2.61
02043,2.58
02045,2.25
02047,2.16
02048,2.68
02050,2.5
02052,2.87
02053,2.87
02054,2.68
02056,3.01
02061,3.06
02062,2.36
02066,2.46
02067,2.88
02071,3.11
02072,2.65
02081,2.68
02090,2.98
02093,2.66
02108,1.65
02109,1.72
02110,1.76
02111,1.99
02113,1.65
02114,1.65
02115,1.67
02116,1.65
02118,1.86
02119,2.22
02120,2.59
02121,2.82
02122,2.58
02124,2.86
02125,2.35
02126,2.89
02127,2.06
02128,2.61
02129,2.15
02130,2.24
02131,2.52
02132,2.38
02133,-666666666.0
02134,2.21
02135,2.09
02136,2.88
02138,2.02
02139,2.15
02140,2.16
02141,2.02
02142,1.83
02143,2.07
02144,2.2
02145,2.38
02148,2.53
02149,2.84
02150,2.92
02151,2.8
02152,2.27
02155,2.35
02163,2.04
02169,2.15
02170,2.41
02171,2.24
02176,2.42
02180,2.37
02184,2.65
02186,2.95
02188,2.25
02189,2.4
02190,2.29
02191,2.26
02199,1.45
02203,-666666666.0
02205,-666666666.0
02210,1.5
02215,1.59
02301,2.91
02302,2.89
02322,2.67
02324,2.66
02325,2.56
02330,2.48
02332,2.62
02333,2.81
02338,2.61
02339,3.03
02341,2.6
02343,2.45
02346,2.46
02347,2.8
02350,2.16
02351,2.7
02356,2.56
02357,-666666666.0
02359,2.71
02360,2.38
02364,2.45
02366,-666666666.0
02367,2.77
02368,2.76
02370,2.57
02375,2.55
02379,2.68
02382,2.64
02420,2.89
02421,2.6
02445,2.32
02446,2.15
02451,2.3
02452,2.18
02453,2.18
02457,-666666666.0
02458,2.54
02459,2.76
02460,2.5
02461,2.63
02462,2.39
02464,2.54
02465,2.57
02466,2.49
02467,2.42
02468,2.8
02472,2.19
02474,2.38
02476,2.29
02478,2.57
02481,3.07
02482,2.56
02492,2.87
02493,2.94
02494,2.57
02532,2.16
02534,3.0
02535,2.87
02536,2.38
02537,2.67
02538,2.73
02539,3.39
02540,2.03
02542,3.13
02543,1.79
02553,-666666666.0
02554,2.98
02556,2.47
02557,2.11
02558,1.82
02559,2.07
02561,2.0
02562,2.62
02563,2.46
02564,1.93
02568,3.02
02571,2.15
02575,2.85
02576,2.37
02584,-666666666.0
02601,2.49
02630,2.76
02631,2.21
02632,2.53
02633,1.99
02635,2.11
02637,1.96
02638,2.2
02639,1.97
02641,2.07
02642,2.1
02643,-666666666.0
02644,2.54
02645,2.28
02646,1.8
02647,2.41
02648,2.57
02649,2.22
02650,1.98
02652,1.44
02653,2.07
02655,2.17
02657,1.81
02659,1.81
02660,2.22
02663,2.24
02664,2.17
02666,1.85
02667,2.19
02668,2.54
02670,1.72
02671,1.82
02672,-666666666.0
02673,2.36
02675,2.24
02702,2.65
02703,2.54
02713,1.78
02715,2.62
02717,2.95
02718,2.88
02719,2.23
02720,2.12
02721,2.39
02723,2.24
02724,2.22
02725,2.64
02726,2.43
02738,2.45
02739,2.18
02740,2.33
02743,2.57
02744,2.41
02745,2.41
02746,2.39
02747,2.48
02748,2.34
02760,2.43
02762,2.32
02763,2.33
02764,2.87
02766,2.6
02767,2.65
02769,2.78
02770,2.69
02771,2.68
02777,2.49
02779,3.07
02780,2.41
02790,2.45
02791,1.53
02802,2.02
02804,2.83
02806,2.81
02807,2.05
02808,2.63
02809,2.32
02812,2.51
02813,2.31
02814,2.56
02815,2.68
02816,2.41
02817,2.78
02818,2.34
02822,2.96
02823,1.89
02824,2.49
02825,3.17
02826,1.99
02827,2.83
02828,2.2
02829,3.9
02830,2.58
02831,2.81
02832,2.69
02833,2.52
02835,2.21
02836,1.52
02837,2.32
02838,2.61
02839,2.47
02840,2.08
02841,2.8
02842,2.39
02852,2.35
02857,2.46
02858,2.29
02859,2.98
02860,2.42
02861,2.47
02863,2.95
02864,2.54
02865,2.63
02871,2.4
02872,1.31
02873,1.11
02874,2.74
02875,1.89
02876,1.54
02878,2.39
02879,2.32
02881,2.04
02882,2.39
02885,2.18
02886,2.28
02888,2.13
02889,2.47
02891,2.2
02892,2.91
02893,2.21
02894,2.3
02895,2.49
02896,2.47
02898,2.43
02903,1.58
02904,2.31
02905,2.53
02906,2.08
02907,2.97
02908,2.6
02909,2.79
02910,2.65
02911,2.34
02912,1.6
02914,2.31
02915,2.17
02916,2.35
02917,2.41
02918,-666666666.0
02919,2.52
02920,2.3
02921,2.58
03031,2.61
03032,2.97
03033,3.32
03034,2.65
03036,3.01
03037,2.89
03038,2.6
03042,2.53
03043,2.64
03044,2.78
03045,2.53
03046,2.83
03047,2.48
03048,2.49
03049,2.56
03051,2.64
03052,2.85
03053,2.73
03054,2.65
03055,2.5
03057,3.04
03060,2.47
03062,2.4
03063,2.33
03064,2.26
03070,2.86
03071,2.77
03076,2.83
03077,2.52
03079,2.46
03082,2.68
03084,2.49
03086,2.37
03087,2.91
03101,1.53
03102,2.26
03103,2.47
03104,2.28
03106,2.74
03109,2.57
03110,2.88
03215,1.92
03216,2.35
03217,2.32
03218,2.56
03220,2.53
03221,2.48
03222,2.53
03223,3.06
03224,2.54
03225,2.75
03226,2.13
03227,2.04
03229,2.73
03230,2.22
03231,1.96
03233,2.43
03234,2.57
03235,2.29
03237,2.64
03238,1.88
03240,2.49
03241,2.53
03242,2.29
03243,2.61
03244,2.5
03245,2.21
03246,2.35
03249,2.52
03251,2.31
03253,2.05
03254,2.35
03255,2.56
03256,2.56
03257,2.15
03258,2.63
03259,1.65
03260,2.87
03261,2.62
03262,2.49
03263,2.27
03264,2.37
03266,2.31
03268,2.53
03269,2.7
03273,2.49
03275,2.7
03276,2.42
03278,2.33
03279,2.44
03280,2.54
03281,2.6
03282,2.68
03284,3.46
03285,2.37
03287,2.4
03290,2.57
03291,3.94
03293,3.8
03301,2.28
03303,2.4
03304,2.84
03307,2.46
03431,2.21
03440,2.63
03441,2.48
03442,2.23
03443,1.49
03444,2.54
03445,2.43
03446,2.25
03447,2.26
03448,2.78
03449,2.28
03450,2.35
03451,2.49
03452,2.61
03455,2.39
03456,2.54
03457,2.59
03458,2.17
03461,2.76
03462,2.45
03464,2.54
03465,2.49
03466,3.24
03467,2.23
03470,2.59
03561,2.16
03570,2.18
03574,2.4
03575,-666666666.0
03576,1.95
03579,2.04
03580,2.31
03581,2.0
03582,2.23
03583,1.96
03584,2.29
03585,2.45
03586,2.51
03588,2.24
03590,2.62
03592,1.97
03593,2.03
03595,1.9
03597,2.34
03598,2.32
03601,4.19
03602,2.47
03603,2.6
03604,-666666666.0
03605,3.07
03607,3.56
03608,2.6
03609,2.36
03740,2.5
03741,2.61
03743,2.48
03745,2.51
03748,2.23
03750,3.37
03751,2.0
03752,3.49
03753,2.94
03755,2.31
03765,3.45
03766,2.36
03768,2.67
03770,3.28
03771,2.56
03773,2.59
03774,2.28
03777,2.33
03779,2.77
03780,2.17
03781,2.73
03782,3.18
03784,2.29
03785,2.47
03801,2.09
03809,2.68
03810,2.56
03811,2.46
03812,1.89
03813,2.09
03814,2.59
03816,2.45
03817,3.06
03818,2.51
03819,2.56
03820,2.18
03823,3.21
03824,2.63
03825,2.75
03826,2.52
03827,2.73
03830,2.1
03832,2.25
03833,2.38
03835,2.32
03836,2.29
03837,2.35
03838,2.36
03839,2.43
03840,2.61
03841,2.37
03842,2.18
03844,2.72
03845,1.54
03846,2.3
03847,1.56
03848,2.26
03849,2.75
03850,1.44
03851,2.69
03852,2.83
03853,2.09
03854,2.1
03855,2.7
03856,3.12
03857,2.23
03858,2.69
03860,2.03
03861,2.46
03862,2.26
03864,2.46
03865,2.44
03867,2.36
03868,2.47
03869,2.43
03870,2.27
03871,1.84
03872,2.42
03873,2.96
03874,2.27
03875,2.72
03878,2.29
03882,3.25
03883,3.08
03884,2.95
03885,2.53
03886,2.5
03887,2.87
03890,4.5
03894,2.27
03897,1.67
03901,2.32
03902,2.52
03903,2.49
03904,1.95
03905,2.33
03906,2.41
03907,2.16
03908,2.69
03909,2.36
03910,-666666666.0
03911,3.71
04001,2.4
04002,2.35
04003,1.81
04005,2.24
04006,1.97
04008,2.43
04009,2.21
04010,2.75
04011,2.29
04015,1.98
04017,1.92
04019,1.45
04020,2.49
04021,2.83
04022,2.44
04024,2.37
04027,2.82
04029,2.35
04030,2.92
04032,2.5
04037,2.47
04038,2.73
04039,2.29
04040,2.11
04041,2.7
04042,2.55
04043,2.2
04046,2.48
04047,2.48
04048,2.71
04049,2.6
04050,2.24
04051,2.53
04055,1.92
04056,2.52
04057,-666666666.0
04061,2.99
04062,2.4
04063,1.54
04064,1.73
04066,1.87
04068,2.63
04069,2.58
04071,2.27
04072,2.27
04073,2.43
04074,2.4
04076,2.7
04079,1.98
04083,2.29
04084,2.54
04085,3.11
04086,2.27
04087,2.87
04088,2.19
04090,2.29
04091,2.49
04092,2.26
04093,2.47
04095,2.17
04096,2.64
04097,2.67
04101,1.67
04102,2.07
04103,2.35
04105,2.51
04106,2.21
04107,2.47
04108,1.8
04109,1.7
04110,2.69
04210,2.26
04216,2.4
04217,2.18
04219,2.4
04220,2.88
04221,3.11
04222,2.51
04224,2.51
04226,2.25
04227,1.96
04231,2.47
04234,-666666666.0
04236,2.57
04237,1.98
04238,2.65
04239,2.56
04240,2.25
04250,2.48
04252,2.61
04253,2.35
04254,2.14
04255,2.04
04256,2.74
04257,2.39
04258,2.45
04259,2.28
04260,2.71
04261,1.9
04263,2.95
04265,2.08
04267,2.0
04268,2.55
04270,2.65
04271,-666666666.0
04274,2.45
04275,2.31
04276,2.32
04280,2.37
04281,2.44
04282,2.51
04284,2.1
04285,2.2
04286,-666666666.0
04287,2.32
04289,2.67
04290,2.32
04292,2.53
04294,2.65
04330,2.07
04341,-666666666.0
04342,2.4
04344,2.04
04345,2.47
04346,1.95
04347,1.84
04348,2.76
04349,2.17
04350,2.36
04351,2.44
04352,2.41
04353,2.51
04354,2.44
04355,2.59
04357,2.35
04358,2.35
04359,2.15
04360,2.57
04363,2.49
04364,2.36
04401,2.22
04406,1.87
04408,2.04
04410,2.45
04411,2.69
04412,2.26
04413,1.73
04414,2.08
04415,2.32
04416,2.36
04417,1.89
04418,2.87
04419,2.26
04421,2.24
04422,2.41
04424,2.17
04426,2.22
04427,2.62
04428,2.61
04429,2.21
04430,2.19
04431,2.44
04434,2.68
04435,2.53
04438,2.47
04441,2.13
04442,2.21
04443,2.23
04444,2.58
04448,2.39
04449,2.28
04450,2.53
04451,1.88
04453,2.6
04454,1.67
04455,2.56
04456,2.6
04457,2.08
04459,2.09
04460,2.08
04461,2.52
04462,1.84
04463,2.22
04464,2.19
04468,2.38
04469,-666666666.0
04471,2.25
04472,2.19
04473,2.34
04474,2.42
04475,2.55
04476,2.18
04478,2.14
04479,1.99
04481,2.16
04485,2.36
04487,2.03
04488,2.58
04489,2.39
04490,1.97
04491,1.77
04492,2.31
04493,2.25
04495,2.04
04496,2.31
04497,1.99
04530,2.22
04535,2.86
04537,1.87
04538,1.95
04539,2.26
04541,1.67
04543,2.18
04544,1.92
04547,2.25
04548,2.03
04551,2.45
04553,2.31
04554,1.91
04555,2.1
04556,2.27
04558,1.79
04562,2.08
04563,2.13
04564,2.01
04568,1.91
04570,-666666666.0
04571,1.94
04572,1.93
04573,2.38
04574,2.33
04575,3.0
04576,1.82
04578,2.27
04579,2.55
04605,2.21
04606,2.28
04607,2.35
04609,2.05
04611,2.34
04612,2.24
04613,2.16
04614,2.12
04616,1.96
04617,2.21
04619,1.84
04622,2.09
04623,2.61
04624,1.48
04625,2.6
04626,2.42
04627,2.24
04628,2.22
04630,2.37
04631,1.9
04634,2.31
04635,1.43
04640,2.25
04642,1.73
04643,2.29
04645,1.39
04646,2.22
04648,2.56
04649,2.1
04650,1.78
04652,1.92
04653,2.41
04654,2.33
04655,2.15
04657,2.15
04658,2.38
04660,2.2
04662,2.5
04664,2.74
04666,2.39
04667,2.57
04668,2.28
04669,2.12
04671,2.49
04673,2.14
04674,2.68
04675,1.56
04676,2.1
04677,2.17
04679,2.02
04680,2.39
04681,1.82
04683,-666666666.0
04684,2.04
04685,2.11
04686,2.3
04691,2.22
04693,1.83
04694,2.38
04730,2.39
04732,2.1
04733,3.26
04734,2.7
04735,2.14
04736,2.14
04737,-666666666.0
04739,2.11
04740,2.44
04742,2.4
04743,2.2
04745,2.22
04746,1.95
04747,2.35
04750,2.15
04756,1.88
04757,2.36
04758,2.33
04760,2.3
04761,2.58
04762,2.48
04763,2.09
04764,1.17
04765,2.06
04766,2.29
04768,1.96
04769,2.06
04772,2.31
04773,2.03
04774,1.86
04776,2.97
04777,2.7
04779,1.99
04780,2.73
04781,2.36
04783,2.2
04785,2.36
04786,2.23
04787,2.45
04841,2.0
04843,2.17
04847,2.64
04848,1.76
04849,2.29
04851,1.94
04852,2.7
04853,2.43
04854,2.03
04855,1.63
04856,2.5
04858,2.37
04859,2.17
04860,1.83
04861,2.14
04862,2.46
04863,1.95
04864,2.26
04901,2.21
04910,2.55
04911,2.24
04912,2.48
04915,2.11
04917,2.45
04918,-666666666.0
04920,1.85
04921,2.28
04922,2.2
04923,2.23
04924,2.53
04925,2.0
04926,-666666666.0
04927,2.37
04928,2.25
04929,2.43
04930,2.13
04932,2.33
04936,1.61
04937,2.23
04938,2.23
04939,2.12
04940,-666666666.0
04941,2.46
04942,2.08
04943,2.19
04944,1.84
04945,1.95
04947,1.89
04949,2.19
04950,2.18
04951,2.28
04952,2.29
04953,2.12
04955,2.45
04956,2.62
04957,2.44
04958,2.38
04961,1.95
04963,2.34
04964,1.56
04965,2.66
04966,2.35
04967,2.42
04969,2.66
04970,1.96
04971,2.23
04973,2.45
04974,2.05
04975,1.38
04976,2.22
04978,2.21
04979,2.15
04981,2.18
04982,1.73
04983,2.54
04984,2.78
04985,2.13
04986,3.31
04987,2.23
04988,2.19
04989,2.26
04992,-666666666.0
05001,2.4
05009,-666666666.0
05030,1.42
05031,2.21
05032,2.56
05033,2.23
05034,1.66
05035,2.06
05036,2.23
05037,2.31
05038,2.4
05039,2.25
05040,2.23
05041,3.5
05042,2.2
05043,2.29
05045,2.06
05046,2.45
05048,2.51
05050,1.82
05051,2.26
05052,2.49
05053,2.75
05055,2.74
05056,2.67
05058,1.77
05059,1.64
05060,2.09
05061,2.27
05062,2.54
05065,2.58
05067,1.97
05068,2.36
05069,2.44
05070,2.37
05071,1.76
05072,2.22
05073,1.83
05075,2.22
05076,2.49
05077,2.35
05079,2.13
05081,2.21
05083,2.59
05084,3.32
05086,2.27
05088,2.09
05089,1.98
05091,2.14
05101,2.14
05141,1.95
05142,3.13
05143,2.54
05146,2.51
05148,2.31
05149,2.32
05150,1.56
05151,2.54
05152,2.67
05153,2.62
05154,2.07
05155,2.11
05156,2.23
05158,2.78
05161,2.6
05201,2.3
05250,2.61
05251,2.51
05252,3.23
05253,2.01
05254,2.55
05255,2.47
05257,2.88
05260,2.25
05261,2.95
05262,2.81
05301,2.16
05340,2.42
05341,2.43
05342,2.82
05343,2.3
05344,-666666666.0
05345,2.27
05346,2.3
05350,2.19
05351,1.7
05352,2.63
05353,2.55
05354,2.71
05355,2.56
05356,1.6
05358,2.93
05359,2.59
05360,3.4
05361,2.83
05362,1.98
05363,2.08
05401,2.07
05403,2.26
05404,2.18
05405,-666666666.0
05408,2.31
05439,-666666666.0
05440,2.25
05441,2.48
05442,2.25
05443,2.33
05444,2.62
05445,2.29
05446,2.28
05447,2.36
05448,2.33
05450,2.67
05452,2.33
05454,2.65
05455,2.87
05456,2.34
05457,2.67
05458,2.57
05459,2.57
05461,2.26
05462,2.22
05463,2.46
05464,2.75
05465,2.51
05468,2.72
05471,1.79
05472,2.42
05473,2.36
05474,2.21
05476,2.65
05477,2.26
05478,2.45
05481,-666666666.0
05482,2.3
05483,2.57
05485,-666666666.0
05486,2.62
05487,2.89
05488,2.73
05489,2.57
05491,2.49
05492,2.18
05494,2.55
05495,2.38
05602,2.17
05640,2.82
05641,2.23
05647,2.56
05648,2.6
05649,2.67
05650,2.35
05651,2.61
05652,2.33
05653,2.34
05654,2.0
05655,2.45
05656,2.41
05658,2.9
05660,2.43
05661,1.99
05663,2.48
05664,-666666666.0
05666,2.4
05667,2.26
05669,2.67
05670,-666666666.0
05672,2.1
05673,2.06
05674,2.3
05675,2.04
05676,2.27
05677,2.6
05678,2.15
05679,2.59
05680,2.55
05681,2.34
05682,2.43
05701,2.1
05730,2.31
05731,-666666666.0
05732,2.24
05733,2.42
05734,2.43
05735,2.1
05736,2.27
05737,2.49
05738,2.79
05739,2.34
05742,2.73
05743,2.68
05744,1.9
05746,-666666666.0
05747,2.16
05748,2.23
05751,2.16
05753,2.25
05757,2.34
05758,2.46
05759,2.57
05760,2.23
05761,2.39
05762,2.06
05763,2.38
05764,2.44
05765,2.66
05766,2.16
05767,1.87
05768,2.28
05769,2.49
05770,2.51
05772,2.12
05773,2.71
05774,2.21
05775,2.54
05776,2.51
05777,2.35
05778,2.59
05819,2.26
05820,2.71
05821,2.51
05822,2.1
05824,2.28
05825,2.04
05826,2.33
05827,2.43
05828,2.33
05829,2.07
05830,2.14
05832,2.72
05833,2.24
05836,2.54
05837,2.17
05839,2.37
05840,2.3
05841,1.91
05842,2.32
05843,2.17
05845,2.48
05846,2.08
05847,2.74
05850,3.63
05851,2.19
05853,2.35
05855,2.19
05857,2.38
05858,2.29
05859,2.57
05860,2.51
05862,2.12
05866,2.57
05867,2.44
05868,1.95
05871,2.36
05872,2.17
05873,1.99
05874,2.89
05875,2.18
05901,-666666666.0
05902,2.18
05903,1.89
05904,2.28
05905,2.1
05906,2.66
05907,1.79
06001,2.44
06002,2.33
06010,2.51
06013,2.97
06016,2.37
06018,2.5
06019,2.35
06020,2.0
06021,2.51
06022,3.04
06023,2.33
06024,2.91
06026,2.66
06027,2.34
06029,2.55
06031,2.34
06032,2.3
06033,2.4
06035,2.47
06037,2.45
06039,2.38
06040,2.44
06042,2.23
06043,2.53
06051,2.53
06052,2.46
06053,2.46
06057,2.45
06058,2.56
06059,4.09
06060,2.85
06061,2.58
06062,2.15
06063,2.63
06065,2.92
06066,2.31
06067,2.28
06068,2.48
06069,1.99
06070,2.55
06071,2.62
06072,-666666666.0
06073,2.72
06074,2.71
06076,2.39
06078,2.56
06079,-666666666.0
06080,-666666666.0
06081,2.81
06082,2.41
06084,2.72
06085,2.62
06088,1.89
06089,2.18
06090,2.44
06091,1.99
06092,3.3
06093,2.76
06095,2.58
06096,2.31
06098,2.12
06103,1.4
06105,1.89
06106,2.41
06107,2.52
06108,2.55
06109,2.39
06110,2.38
06111,2.4
06112,2.48
06114,2.59
06117,2.51
06118,2.47
06119,2.2
06120,2.55
06226,2.26
06231,2.63
06232,2.72
06234,2.71
06235,2.44
06237,2.42
06238,2.48
06239,2.31
06241,2.61
06242,2.6
06243,4.19
06247,2.44
06248,2.54
06249,2.54
06250,2.57
06254,2.68
06255,2.24
06256,2.3
06258,-666666666.0
06259,2.47
06260,2.25
06262,1.74
06263,3.81
06264,1.67
06266,2.01
06268,2.18
06269,2.53
06277,2.78
06278,2.34
06279,2.09
06280,2.01
06281,2.5
06282,1.97
06320,2.12
06330,2.76
06331,2.2
06332,1.95
06333,2.55
06334,2.51
06335,2.82
06336,3.72
06338,3.42
06339,2.71
06340,2.19
06350,1.91
06351,2.41
06353,-666666666.0
06354,2.62
06355,2.24
06357,2.14
06359,2.38
06360,2.33
06365,2.71
06370,2.86
06371,2.5
06373,2.4
06374,2.51
06375,2.51
06376,2.53
06377,3.16
06378,2.06
06379,2.3
06380,2.05
06382,2.42
06384,2.39
06385,2.34
06387,1.7
06389,2.04
06390,1.89
06401,2.41
06403,2.32
06405,2.13
06409,2.03
06410,2.73
06412,2.3
06413,2.43
06414,3.05
06415,2.51
06416,2.33
06417,2.17
06418,2.11
06419,2.66
06420,2.59
06422,2.33
06423,2.41
06424,2.63
06426,2.09
06437,2.48
06438,2.86
06439,-666666666.0
06441,2.52
06442,2.49
06443,2.55
06444,2.63
06447,2.87
06450,2.38
06451,2.39
06455,2.27
06456,1.58
06457,2.09
06459,12.0
06460,2.25
06461,2.69
06467,2.31
06468,3.07
06469,2.39
06470,2.81
06471,2.46
06472,2.94
06473,2.51
06475,2.22
06477,2.73
06478,2.63
06479,2.39
06480,2.6
06481,2.34
06482,2.81
06483,2.57
06484,2.58
06488,2.42
06489,2.59
06492,2.35
06498,1.99
06510,1.5
06511,2.31
06512,2.43
06513,2.42
06514,2.42
06515,2.5
06516,2.53
06517,2.34
06518,2.35
06519,2.79
06524,3.03
06525,2.81
06604,2.28
06605,2.48
06606,2.76
06607,3.33
06608,2.72
06610,2.55
06611,3.1
06612,2.84
06614,2.54
06615,2.42
06702,1.51
06704,2.51
06705,2.28
06706,2.83
06708,2.4
06710,2.82
06712,2.9
06716,2.64
06750,2.11
06751,2.54
06752,2.43
06753,1.65
06754,2.75
06755,2.5
06756,2.61
06757,1.98
06758,1.6
06759,2.26
06762,2.69
06763,2.33
06770,2.56
06776,2.6
06777,2.32
06778,2.62
06779,2.34
06782,2.69
06783,2.14
06784,2.21
06785,2.52
06786,2.56
06787,2.5
06790,2.37
06791,2.65
06793,2.15
06794,2.3
06795,2.58
06796,2.23
06798,2.17
06801,2.73
06804,2.65
06807,2.79
06810,2.67
06811,2.54
06812,2.96
06820,3.02
06824,2.86
06825,2.68
06830,2.61
06831,2.76
06840,2.93
06850,2.48
06851,2.48
06853,2.63
06854,2.74
06855,2.38
06870,2.96
06877,2.71
06878,3.16
06880,2.78
06883,2.91
06890,2.64
06896,2.55
06897,2.93
06901,1.71
06902,2.55
06903,2.8
06905,2.5
06906,2.9
06907,2.61
07001,2.58
07002,2.58
07003,2.52
07004,2.62
07005,2.66
07006,2.56
07008,3.08
07009,2.56
07010,2.43
07011,2.89
07012,2.75
07013,2.58
07014,2.3
07016,2.57
07017,2.58
07018,2.57
07020,2.05
07021,3.15
07022,2.56
07023,2.72
07024,2.17
07026,2.81
07027,2.32
07028,3.12
07029,2.34
07030,2.04
07031,2.46
07032,2.67
07033,2.98
07034,2.42
07035,2.48
07036,2.8
07039,2.96
07040,3.01
07041,2.85
07042,2.45
07043,3.02
07044,2.48
07045,2.73
07046,3.15
07047,2.56
07050,2.69
07052,2.74
07054,2.52
07055,3.46
07057,2.37
07058,2.74
07059,2.9
07060,3.01
07062,3.1
07063,3.38
07064,3.33
07065,2.45
07066,2.59
07067,2.99
07068,2.54
07069,2.79
07070,2.72
07071,2.46
07072,2.45
07073,2.35
07074,3.26
07075,2.59
07076,2.78
07077,2.47
07078,3.17
07079,2.75
07080,2.95
07081,2.57
07082,2.81
07083,2.8
07086,2.14
07087,2.61
07088,2.67
07090,2.93
07092,2.7
07093,2.51
07094,2.42
07095,2.67
07102,1.8
07103,2.48
07104,2.7
07105,2.74
07106,2.88
07107,2.77
07108,2.49
07109,2.76
07110,2.54
07111,2.7
07112,2.5
07114,2.39
07201,2.89
07202,2.93
07203,2.73
07204,2.74
07205,3.07
07206,3.41
07208,2.68
07302,1.99
07304,2.65
07305,2.74
07306,2.38
07307,2.45
07310,1.99
07311,1.53
07401,2.96
07403,2.58
07405,2.63
07407,2.94
07410,2.83
07416,2.21
07417,2.92
07418,2.75
07419,2.44
07420,2.62
07421,2.59
07422,2.51
07423,3.0
07424,2.36
07430,2.4
07432,2.43
07435,2.38
07436,2.86
07438,2.57
07439,2.68
07440,3.06
07442,2.61
07444,2.29
07446,2.81
07450,2.97
07452,3.3
07456,2.72
07457,2.14
07458,2.97
07460,2.34
07461,2.61
07462,2.2
07463,2.94
07465,2.46
07470,2.74
07480,2.47
07481,2.8
07501,2.86
07502,3.8
07503,3.11
07504,3.31
07505,2.44
07506,2.56
07508,2.91
07512,2.84
07513,3.49
07514,2.96
07522,3.12
07524,3.38
07601,2.25
07603,2.78
07604,2.82
07605,2.7
07606,3.07
07607,2.7
07608,3.26
07620,2.81
07621,3.03
07624,3.12
07626,2.93
07627,2.91
07628,2.73
07630,2.69
07631,2.55
07632,2.85
07640,2.78
07641,3.12
07642,2.95
07643,2.53
07644,2.78
07645,2.74
07646,2.7
07647,2.96
07648,2.79
07649,2.96
07650,2.84
07652,2.97
07656,2.77
07657,2.84
07660,2.59
07661,2.75
07662,2.36
07663,2.69
07666,3.05
07670,2.99
07675,2.8
07676,2.76
07677,2.83
07701,2.26
07702,2.87
07703,-666666666.0
07704,2.95
07711,2.84
07712,2.25
07716,2.24
07717,2.06
07718,2.77
07719,2.4
07720,2.15
07721,2.68
07722,2.81
07723,2.44
07724,2.39
07726,2.73
07727,2.68
07728,2.69
07730,2.59
07731,2.98
07732,1.87
07733,2.77
07734,2.62
07735,2.45
07737,2.81
07738,2.9
07739,2.72
07740,2.48
07746,3.03
07747,2.47
07748,2.78
07750,2.1
07751,2.95
07753,2.31
07755,3.2
07756,1.67
07757,2.48
07758,2.72
07760,2.76
07762,2.03
07764,2.61
07801,2.96
07803,2.86
07820,-666666666.0
07821,2.68
07822,2.92
07823,2.11
07825,2.69
07826,2.51
07827,2.51
07828,2.47
07830,2.7
07831,1.88
07832,2.49
07833,1.84
07834,2.64
07836,2.59
07838,2.57
07840,2.5
07842,-666666666.0
07843,2.51
07844,2.26
07846,2.75
07847,2.36
07848,2.39
07849,2.59
07850,2.94
07851,2.27
07852,2.58
07853,2.93
07856,2.31
07857,1.88
07860,2.49
07863,2.26
07865,3.34
07866,2.67
07869,2.86
07870,2.0
07871,2.73
07874,2.73
07876,2.88
07878,2.38
07880,3.53
07881,2.0
07882,2.48
07885,2.54
07901,2.76
07920,2.7
07921,1.96
07922,2.84
07924,2.94
07926,2.88
07927,2.42
07928,2.91
07930,2.93
07931,2.71
07932,2.42
07933,2.66
07934,2.5
07935,2.54
07936,2.84
07939,-666666666.0
07940,2.71
07945,2.79
07946,3.08
07950,2.56
07960,2.43
07961,-666666666.0
07970,3.62
07974,2.76
07976,2.25
07977,2.53
07979,2.27
07980,3.25
07981,2.37
08001,2.57
08002,2.5
08003,2.71
08004,2.65
08005,2.45
08006,2.12
08007,2.19
08008,2.04
08009,2.6
08010,2.71
08011,5.89
08012,2.58
08014,3.23
08015,2.68
08016,2.65
08019,2.65
08020,2.5
08021,2.36
08022,2.51
08023,2.88
08026,2.91
08027,2.51
08028,2.58
08029,2.54
08030,2.72
08031,2.41
08032,3.45
08033,2.64
08034,2.49
08035,2.37
08036,2.44
08037,2.44
08038,2.42
08039,3.4
08041,2.18
08042,1.74
08043,2.49
08045,2.66
08046,2.97
08048,2.63
08049,2.46
08050,2.51
08051,2.75
08052,2.26
08053,2.46
08054,2.37
08055,2.7
08056,3.19
08057,2.69
08059,2.47
08060,2.57
08061,2.63
08062,3.13
08063,2.87
08064,1.36
08065,2.32
08066,2.3
08067,2.97
08068,2.5
08069,2.5
08070,2.43
08071,2.41
08072,2.39
08073,-666666666.0
08074,-666666666.0
08075,2.57
08077,2.77
08078,2.61
08079,2.46
08080,2.74
08081,2.91
08083,2.46
08084,2.63
08085,3.0
08086,2.28
08087,2.34
08088,2.52
08089,2.92
08090,3.18
08091,2.59
08092,2.62
08093,2.25
08094,2.74
08095,-666666666.0
08096,2.57
08097,2.78
08098,2.61
08102,2.46
08103,2.68
08104,2.59
08105,3.24
08106,2.51
08107,2.36
08108,2.16
08109,2.68
08110,3.15
08201,2.43
08202,1.99
08203,2.08
08204,2.17
08205,2.54
08210,2.3
08212,1.36
08215,2.49
08217,-666666666.0
08221,2.56
08223,2.23
08224,3.32
08225,2.62
08226,2.01
08230,2.64
08232,3.1
08234,2.87
08240,1.75
08241,2.24
08242,2.1
08243,1.81
08244,2.22
08245,-666666666.0
08246,2.0
08247,1.83
08248,1.89
08251,2.25
08260,1.91
08270,2.48
08302,3.0
08310,1.89
08311,2.8
08312,2.74
08314,2.71
08316,1.7
08317,2.07
08318,2.73
08319,2.9
08320,-666666666.0
08321,1.67
08322,2.97
08323,2.52
08324,2.77
08326,2.84
08327,2.07
08328,2.65
08329,2.23
08330,2.49
08332,2.41
08340,2.41
08341,2.8
08343,3.16
08344,2.49
08345,2.1
08346,2.32
08348,2.97
08349,2.88
08350,3.24
08352,4.56
08353,2.65
08360,2.78
08361,2.73
08401,2.31
08402,2.06
08403,1.91
08406,2.1
08501,2.61
08502,3.02
08505,2.48
08510,2.86
08511,2.67
08512,2.58
08514,2.7
08515,3.27
08518,2.67
08520,2.78
08525,2.36
08527,2.77
08528,1.08
08530,2.27
08533,2.61
08534,2.75
08535,2.94
08536,2.46
08540,2.61
08542,2.27
08544,4.15
08550,2.74
08551,2.79
08553,2.64
08554,2.73
08555,3.1
08558,2.8
08559,2.39
08560,2.59
08561,2.3
08562,2.6
08608,1.68
08609,2.7
08610,2.77
08611,2.86
08618,2.52
08619,2.44
08620,2.73
08628,2.05
08629,3.07
08638,2.59
08640,3.16
08641,3.22
08648,2.53
08690,2.48
08691,2.47
08701,4.28
08720,2.5
08721,2.72
08722,2.77
08723,2.5
08724,2.48
08730,2.69
08731,2.5
08732,2.12
08733,2.75
08734,2.96
08735,1.79
08736,2.51
08738,2.36
08740,2.26
08741,2.56
08742,2.43
08750,2.34
08751,1.92
08752,1.84
08753,2.57
08755,2.67
08757,1.95
08758,2.47
08759,1.67
08801,2.43
08802,2.96
08804,2.66
08805,2.61
08807,2.75
08809,2.54
08810,2.98
08812,3.04
08816,2.9
08817,2.92
08820,3.01
08821,3.1
08822,2.64
08823,2.55
08824,2.99
08825,2.34
08826,2.45
08827,2.39
08828,2.38
08829,2.48
08830,2.87
08831,2.32
08832,3.07
08833,2.49
08835,2.48
08836,3.14
08837,2.69
08840,2.9
08844,2.75
08846,2.6
08848,2.72
08850,2.79
08852,2.55
08853,2.72
08854,3.0
08857,2.57
08858,-666666666.0
08859,2.78
08861,2.94
08863,2.85
08865,2.28
08867,2.83
08869,2.54
08872,2.64
08873,2.58
08876,2.47
08879,2.44
08880,2.47
08882,2.89
08884,2.54
08886,2.87
08887,2.4
08889,2.46
08890,1.88
08901,3.01
08902,2.68
08904,2.29
10001,1.72
10002,2.07
10003,1.75
10004,2.14
10005,1.79
10006,1.83
10007,2.27
10009,1.94
10010,1.87
10011,1.67
10012,1.74
10013,2.14
10014,1.66
10016,1.71
10017,1.56
10018,1.76
10019,1.61
10020,-666666666.0
10021,1.94
10022,1.82
10023,1.78
10024,2.08
10025,2.18
10026,2.44
10027,2.33
10028,1.86
10029,2.17
10030,2.29
10031,2.72
10032,2.64
10033,2.82
10034,2.61
10035,2.3
10036,1.58
10037,1.85
10038,2.05
10039,2.42
10040,2.58
10044,2.18
10065,1.89
10069,1.99
10075,1.82
10103,-666666666.0
10110,-666666666.0
10111,-666666666.0
10112,-666666666.0
10115,-666666666.0
10119,-666666666.0
10128,1.92
10152,-666666666.0
10153,-666666666.0
10154,-666666666.0
10162,1.7
10165,-666666666.0
10167,-666666666.0
10168,-666666666.0
10169,-666666666.0
10170,-666666666.0
10171,-666666666.0
10172,-666666666.0
10173,-666666666.0
10174,-666666666.0
10177,-666666666.0
10199,-666666666.0
10271,-666666666.0
10278,-666666666.0
10279,2.15
10280,2.06
10282,2.45
10301,2.69
10302,3.09
10303,3.1
10304,2.78
10305,2.63
10306,2.8
10307,2.82
10308,2.87
10309,2.92
10310,2.84
10311,-666666666.0
10312,2.97
10314,2.92
10451,2.41
10452,2.7
10453,2.74
10454,2.68
10455,2.62
10456,2.62
10457,2.87
10458,2.69
10459,2.82
10460,2.65
10461,2.63
10462,2.57
10463,2.29
10464,2.15
10465,2.73
10466,2.89
10467,2.49
10468,2.79
10469,2.97
10470,2.37
10471,2.18
10472,2.89
10473,2.62
10474,2.64
10475,2.3
10501,2.99
10502,3.02
10503,1.65
10504,3.04
10505,2.6
10506,2.93
10507,2.74
10509,2.71
10510,2.65
10511,2.84
10512,2.58
10514,3.09
10516,2.4
10517,2.54
10518,2.45
10519,2.84
10520,2.46
10522,2.76
10523,2.91
10524,2.58
10526,2.75
10527,2.88
10528,2.89
10530,2.19
10532,2.71
10533,3.04
10535,1.59
10536,2.97
10537,3.14
10538,2.81
10540,-666666666.0
10541,2.95
10542,-666666666.0
10543,2.8
10545,-666666666.0
10546,2.56
10547,2.65
10548,2.99
10549,2.63
10550,2.54
10552,2.3
10553,2.85
10560,2.74
10562,2.6
10566,2.32
10567,3.04
10570,2.83
10573,3.0
10576,2.76
10577,3.71
10578,3.34
10579,2.82
10580,2.84
10583,2.89
10588,2.7
10589,2.04
10590,2.82
10591,2.44
10594,3.12
10595,2.55
10596,2.17
10597,3.12
10598,2.76
10601,1.98
10603,2.62
10604,2.96
10605,2.47
10606,2.65
10607,2.9
10701,2.48
10703,2.91
10704,2.64
10705,2.56
10706,2.61
10707,2.41
10708,2.22
10709,2.75
10710,2.59
10801,2.54
10803,3.08
10804,2.93
10805,2.43
10901,2.7
10910,-666666666.0
10911,2.0
10913,3.11
10914,4.31
10915,-666666666.0
10916,3.08
10917,3.54
10918,2.77
10919,2.41
10920,3.06
10921,2.84
10922,2.4
10923,2.96
10924,2.8
10925,2.71
10926,2.52
10927,3.23
10928,2.35
10930,3.11
10931,3.27
10932,2.05
10933,3.08
10940,2.78
10941,2.66
10950,4.09
10952,4.32
10953,-666666666.0
10954,2.89
10956,3.22
10958,2.74
10960,2.32
10962,2.86
10963,2.56
10964,2.6
10965,2.84
10968,2.06
10969,2.96
10970,2.8
10973,2.93
10974,2.62
10975,2.32
10976,2.33
10977,4.23
10979,-666666666.0
10980,2.85
10983,2.86
10984,2.91
10985,1.4
10986,2.77
10987,2.4
10988,2.89
10989,2.51
10990,2.57
10992,3.15
10993,3.05
10994,2.81
10996,3.74
10998,3.19
11001,3.06
11003,3.77
11004,2.84
11005,1.4
11010,3.09
11020,3.42
11021,2.37
11023,3.21
11024,3.76
11030,2.88
11040,3.08
11042,-666666666.0
11050,2.72
11096,3.74
11101,2.02
11102,2.2
11103,2.23
11104,2.25
11105,2.44
11106,2.15
11109,2.19
11201,2.05
11203,2.6
11204,3.2
11205,2.83
11206,2.72
11207,2.7
11208,3.13
11209,2.36
11210,2.91
11211,2.42
11212,2.41
11213,2.56
11214,2.86
11215,2.43
11216,2.32
11217,2.23
11218,2.78
11219,3.79
11220,3.32
11221,2.53
11222,2.08
11223,2.99
11224,2.39
11225,2.34
11226,2.59
11228,2.84
11229,2.63
11230,2.8
11231,2.34
11232,2.73
11233,2.48
11234,2.75
11235,2.35
11236,2.9
11237,2.6
11238,2.16
11239,1.99
11249,2.63
11354,2.46
11355,2.66
11356,3.29
11357,2.74
11358,2.85
11359,-666666666.0
11360,2.26
11361,2.68
11362,2.53
11363,2.58
11364,2.75
11365,2.84
11366,2.89
11367,2.87
11368,3.71
11369,3.17
11370,2.89
11371,-666666666.0
11372,2.63
11373,3.12
11374,2.38
11375,2.24
11377,2.6
11378,3.04
11379,2.75
11385,2.83
11411,3.23
11412,3.45
11413,3.29
11414,2.66
11415,2.34
11416,3.7
11417,3.32
11418,3.21
11419,3.72
11420,3.69
11421,3.51
11422,3.21
11423,2.95
11424,-666666666.0
11426,3.22
11427,3.01
11428,3.17
11429,3.44
11430,-666666666.0
11432,3.07
11433,3.55
11434,2.84
11435,3.04
11436,3.42
11439,-666666666.0
11451,-666666666.0
11501,2.5
11507,2.97
11509,2.34
11510,3.12
11514,2.84
11516,2.95
11518,2.51
11520,3.1
11530,2.85
11542,2.59
11545,2.78
11547,2.58
11548,2.99
11549,-666666666.0
11550,3.35
11552,3.52
11553,3.75
11554,3.05
11556,-666666666.0
11557,3.17
11558,2.78
11559,3.43
11560,2.87
11561,2.35
11563,2.85
11565,2.88
11566,2.99
11568,3.09
11569,2.0
11570,2.58
11572,2.89
11575,4.18
11576,2.84
11577,2.91
11579,2.74
11580,3.28
11581,3.25
11590,3.22
11596,3.05
11598,3.62
11691,3.13
11692,2.88
11693,2.51
11694,2.55
11697,2.57
11701,2.97
11702,2.55
11703,3.16
11704,2.99
11705,2.76
11706,3.42
11709,2.52
11710,3.1
11713,2.73
11714,2.84
11715,2.41
11716,2.89
11717,4.31
11718,3.11
11719,2.64
11720,3.24
11721,2.75
11722,3.73
11724,2.89
11725,3.1
11726,3.55
11727,2.63
11729,3.05
11730,2.77
11731,2.85
11732,2.32
11733,2.81
11735,2.87
11738,3.53
11739,2.74
11740,3.04
11741,3.01
11742,2.94
11743,2.71
11746,3.12
11747,2.57
11749,3.14
11751,2.59
11752,2.98
11753,3.22
11754,2.67
11755,2.97
11756,3.05
11757,3.05
11758,2.84
11762,2.91
11763,3.06
11764,3.0
11765,3.01
11766,2.97
11767,3.0
11768,2.66
11769,2.63
11770,2.33
11771,2.76
11772,2.64
11776,2.9
11777,2.52
11778,2.72
11779,2.93
11780,2.78
11782,2.69
11783,3.07
11784,3.09
11786,3.32
11787,2.85
11788,3.04
11789,2.68
11790,2.72
11791,3.13
11792,2.76
11793,2.97
11794,-666666666.0
11795,3.1
11796,2.77
11797,2.68
11798,3.64
11801,3.26
11803,2.9
11804,3.18
11901,2.66
11930,2.07
11931,-666666666.0
11932,2.55
11933,2.31
11934,2.81
11935,2.31
11937,2.52
11939,2.17
11940,2.76
11941,2.75
11942,2.48
11944,2.07
11946,2.69
11947,2.22
11948,2.33
11949,2.61
11950,3.48
11951,3.1
11952,2.38
11953,2.37
11954,2.66
11955,1.96
11956,2.1
11957,1.89
11958,2.33
11959,2.51
11960,2.24
11961,2.3
11962,2.14
11963,2.36
11964,2.52
11965,1.41
11967,3.2
11968,2.5
11970,2.05
11971,2.48
11972,2.19
11973,-666666666.0
11975,1.83
11976,2.12
11977,2.67
11978,2.55
11980,2.29
12007,2.21
12008,2.55
12009,2.61
12010,2.41
12015,2.54
12017,1.97
12018,2.52
12019,2.35
12020,2.38
12022,2.84
12023,2.8
12024,1.6
12025,2.32
12027,2.63
12028,2.86
12029,1.82
12031,2.73
12032,2.32
12033,2.21
12035,2.36
12036,2.82
12037,2.35
12040,1.47
12041,2.35
12042,2.22
12043,2.35
12045,2.49
12046,1.96
12047,2.31
12051,2.73
12052,2.82
12053,2.62
12054,2.41
12056,2.69
12057,2.75
12058,2.35
12059,2.33
12060,2.34
12061,2.46
12062,2.36
12063,2.16
12064,2.07
12065,2.46
12066,2.35
12067,2.44
12068,2.77
12069,2.95
12070,3.19
12071,2.19
12072,2.94
12074,2.64
12075,2.7
12076,2.22
12077,2.41
12078,2.37
12082,-666666666.0
12083,3.2
12084,2.22
12085,1.31
12086,2.4
12087,2.9
12090,2.54
12092,2.38
12093,2.26
12094,3.1
12095,2.25
12106,2.17
12108,3.05
12110,2.38
12115,1.94
12116,2.35
12117,2.13
12118,2.29
12120,2.5
12121,3.23
12122,2.02
12123,2.36
12124,1.92
12125,2.24
12130,3.08
12131,2.47
12132,2.02
12134,2.49
12136,2.39
12137,2.72
12138,2.35
12139,3.04
12140,2.42
12143,2.47
12144,2.3
12147,1.89
12148,2.31
12149,2.36
12150,2.12
12151,2.27
12153,2.32
12154,2.35
12155,2.52
12156,2.99
12157,2.5
12158,2.25
12159,2.29
12160,2.22
12161,1.94
12164,2.35
12165,1.89
12166,2.58
12167,2.24
12168,2.51
12169,1.97
12170,2.48
12172,3.35
12173,2.79
12174,2.73
12175,2.51
12176,2.29
12177,2.76
12180,2.2
12182,2.17
12183,2.21
12184,2.45
12185,2.59
12186,2.49
12187,2.38
12188,2.31
12189,2.11
12190,2.97
12192,2.62
12193,2.17
12194,3.05
12195,1.88
12196,3.0
12197,2.62
12198,2.45
12202,2.01
12203,2.01
12204,2.1
12205,2.29
12206,2.27
12207,1.53
12208,2.03
12209,2.41
12210,1.8
12211,2.56
12222,1.53
12226,-666666666.0
12302,2.47
12303,2.5
12304,2.47
12305,1.6
12306,2.49
12307,2.49
12308,2.15
12309,2.59
12401,2.29
12404,2.42
12405,2.34
12406,1.98
12407,3.07
12409,2.31
12410,1.42
12411,2.08
12412,2.17
12413,2.52
12414,2.28
12416,1.52
12417,2.32
12418,2.45
12419,2.51
12420,3.77
12421,1.96
12422,2.15
12423,2.72
12424,1.68
12427,4.59
12428,2.33
12429,-666666666.0
12430,2.39
12431,2.6
12432,1.95
12433,2.37
12434,2.24
12435,2.82
12436,1.78
12438,3.2
12439,2.32
12440,2.23
12441,1.59
12442,1.82
12443,2.25
12444,3.3
12446,2.39
12448,1.53
12449,2.3
12450,2.3
12451,2.62
12452,1.93
12453,2.4
12454,3.0
12455,2.22
12456,2.82
12457,2.25
12458,2.33
12459,1.94
12460,1.99
12461,2.14
12463,2.09
12464,1.82
12465,1.97
12466,2.44
12468,2.41
12469,2.19
12470,3.32
12471,-666666666.0
12472,1.92
12473,2.57
12474,2.0
12475,2.17
12477,2.28
12480,2.08
12481,2.53
12482,3.31
12483,1.73
12484,2.34
12485,3.15
12486,2.74
12487,2.38
12489,1.67
12490,-666666666.0
12491,2.46
12492,2.15
12493,3.78
12494,2.31
12495,1.09
12496,2.61
12498,1.86
12501,2.23
12502,2.87
12503,2.83
12504,-666666666.0
12507,2.37
12508,2.21
12512,2.14
12513,1.64
12514,2.28
12515,2.78
12516,2.1
12517,2.19
12518,2.54
12520,2.43
12521,2.21
12522,2.57
12523,2.36
12524,2.2
12525,2.64
12526,2.21
12527,1.78
12528,2.34
12529,2.13
12530,6.43
12531,2.55
12533,3.06
12534,2.24
12538,2.24
12540,3.01
12542,2.38
12543,2.34
12544,2.2
12545,1.86
12546,2.25
12547,2.44
12548,2.8
12549,2.88
12550,2.69
12553,2.67
12561,2.28
12563,2.8
12564,2.66
12565,2.63
12566,2.89
12567,2.26
12569,2.47
12570,3.01
12571,2.44
12572,2.0
12574,1.92
12575,3.38
12577,2.84
12578,2.43
12580,2.44
12581,2.34
12582,2.88
12583,2.41
12585,2.03
12586,2.63
12589,2.88
12590,2.49
12592,2.96
12594,2.4
12601,2.36
12603,2.44
12604,2.88
12701,2.48
12719,1.88
12720,5.71
12721,3.27
12722,-666666666.0
12723,1.99
12724,1.95
12725,3.09
12726,2.27
12729,2.38
12732,1.8
12733,6.18
12734,2.46
12736,1.56
12737,2.73
12738,3.45
12740,2.32
12741,1.7
12742,2.2
12743,2.18
12745,-666666666.0
12746,2.3
12747,2.37
12748,2.09
12749,3.76
12750,1.29
12751,2.93
12752,1.81
12754,2.84
12758,1.94
12759,3.17
12760,2.06
12762,2.85
12763,1.48
12764,1.96
12765,2.36
12766,2.25
12767,3.04
12768,2.41
12769,2.14
12770,2.09
12771,2.61
12775,2.61
12776,2.6
12777,2.4
12778,1.96
12779,2.64
12780,2.27
12781,2.35
12783,2.03
12784,-666666666.0
12785,3.09
12786,2.0
12787,1.47
12788,2.34
12789,2.47
12790,2.36
12791,3.0
12792,1.96
12801,2.16
12803,2.33
12804,2.24
12808,1.86
12809,2.44
12810,2.5
12811,2.68
12812,6.46
12814,1.79
12815,1.98
12816,2.28
12817,2.11
12819,2.58
12820,3.19
12821,2.71
12822,2.57
12823,3.02
12824,2.26
12827,2.51
12828,2.42
12831,2.62
12832,2.36
12833,2.44
12834,2.49
12835,2.1
12836,1.73
12837,2.57
12838,2.4
12839,2.22
12841,1.42
12842,2.14
12843,2.39
12844,2.27
12845,2.21
12846,1.84
12847,2.78
12849,2.63
12850,2.61
12851,2.37
12852,1.93
12853,2.24
12854,2.72
12855,1.97
12856,1.77
12857,2.26
12858,1.95
12859,2.71
12860,2.31
12861,2.55
12862,1.91
12863,2.83
12864,3.0
12865,2.5
12866,2.07
12870,2.23
12871,2.46
12872,1.94
12873,2.43
12874,1.78
12878,2.83
12883,2.3
12884,2.45
12885,2.11
12886,1.98
12887,2.9
12901,2.08
12903,1.86
12910,2.51
12911,-666666666.0
12912,2.52
12913,2.48
12914,2.5
12915,1.71
12916,2.39
12917,2.7
12918,2.34
12919,2.47
12920,2.34
12921,2.87
12922,2.18
12923,2.23
12924,4.06
12926,2.31
12927,1.84
12928,2.33
12929,2.46
12930,2.83
12932,1.85
12933,1.93
12934,2.51
12935,2.2
12936,2.16
12937,2.51
12939,1.81
12941,2.36
12942,1.86
12943,2.39
12944,2.37
12945,2.49
12946,2.06
12950,2.07
12952,2.55
12953,2.24
12955,1.89
12956,2.27
12957,2.12
12958,2.5
12959,2.1
12960,2.08
12961,1.13
12962,2.3
12964,2.26
12965,2.08
12966,2.59
12967,2.52
12969,1.83
12970,2.13
12972,2.42
12973,2.52
12974,2.19
12975,1.68
12976,1.77
12977,2.2
12978,3.16
12979,2.11
12980,2.14
12981,2.67
12983,2.03
12985,2.45
12986,2.09
12987,2.08
12989,2.11
12992,2.32
12993,2.16
12996,2.41
12997,2.17
12998,2.8
13020,2.89
13021,2.19
13024,-666666666.0
13026,2.35
13027,2.42
13028,2.62
13029,2.62
13030,2.6
13031,2.29
13032,2.59
13033,2.84
13034,2.54
13035,2.39
13036,2.46
13037,2.64
13039,2.52
13040,2.5
13041,2.66
13042,2.36
13044,2.58
13045,2.24
13051,-666666666.0
13052,2.76
13053,2.24
13054,2.9
13057,2.21
13060,2.35
13061,2.18
13062,1.9
13063,1.93
13065,2.29
13066,2.34
13068,2.26
13069,2.36
13071,2.78
13072,2.42
13073,2.35
13074,2.53
13076,2.58
13077,2.25
13078,2.72
13080,2.47
13081,2.31
13082,2.47
13083,2.28
13084,2.38
13087,2.37
13088,2.07
13090,2.44
13092,2.66
13101,2.54
13102,1.79
13103,1.84
13104,2.59
13108,2.32
13110,2.63
13111,3.01
13112,2.89
13113,2.0
13114,2.44
13115,2.31
13116,2.48
13117,2.58
13118,2.4
13119,-666666666.0
13120,2.47
13121,-666666666.0
13122,2.1
13123,-666666666.0
13124,2.22
13126,2.32
13131,2.4
13132,2.14
13134,5.28
13135,2.68
13136,2.44
13138,2.6
13140,2.55
13141,2.43
13142,2.46
13143,2.78
13144,2.81
13145,2.25
13146,2.86
13147,2.39
13148,2.16
13152,2.34
13153,3.01
13154,3.09
13155,2.54
13156,2.2
13157,1.77
13158,2.54
13159,2.56
13160,2.79
13162,1.99
13163,2.53
13164,2.98
13165,2.24
13166,2.36
13167,2.44
13202,1.86
13203,2.05
13204,2.27
13205,2.37
13206,2.12
13207,2.36
13208,2.52
13209,2.21
13210,2.08
13211,2.49
13212,2.3
13214,2.4
13215,2.39
13219,2.42
13224,2.37
13244,2.0
13290,-666666666.0
13301,2.44
13302,2.33
13303,2.43
13304,2.5
13305,2.18
13308,2.63
13309,2.16
13310,2.99
13312,1.94
13313,2.54
13314,4.78
13315,2.65
13316,2.16
13317,3.1
13318,2.76
13319,1.77
13320,2.94
13321,1.75
13322,2.74
13323,2.06
13324,2.25
13325,2.31
13326,2.3
13327,2.75
13328,2.36
13329,2.4
13331,1.64
13332,3.26
13333,1.68
13334,2.18
13335,2.68
13337,2.03
13338,2.1
13339,2.92
13340,2.36
13342,3.4
13343,2.37
13345,2.22
13346,2.16
13348,2.75
13350,2.17
13352,14.5
13353,1.95
13354,2.62
13355,3.03
13357,2.27
13360,3.12
13361,2.67
13363,2.67
13364,2.37
13365,2.6
13367,2.38
13368,2.5
13402,2.0
13403,2.46
13404,2.44
13406,2.78
13407,2.6
13408,2.33
13409,2.42
13410,1.88
13411,2.35
13413,2.25
13415,2.1
13416,2.58
13417,1.87
13418,2.94
13420,1.94
13421,2.29
13424,2.08
13425,2.31
13428,2.22
13431,2.75
13433,2.61
13435,3.67
13436,1.84
13437,2.46
13438,2.31
13439,2.71
13440,2.24
13441,1.35
13450,3.65
13452,2.53
13454,2.26
13455,4.18
13456,2.7
13457,1.39
13459,2.56
13460,2.6
13461,2.38
13464,2.39
13468,2.8
13469,2.77
13470,2.75
13471,2.46
13472,3.06
13473,2.68
13475,1.7
13476,2.43
13477,2.67
13478,2.34
13480,2.51
13482,2.52
13483,3.29
13484,-666666666.0
13485,3.14
13486,2.22
13488,1.91
13489,2.67
13490,2.77
13491,2.88
13492,2.38
13493,2.84
13494,2.29
13495,2.13
13501,2.6
13502,2.39
13601,2.24
13602,-666666666.0
13603,3.03
13605,2.64
13606,2.59
13607,1.92
13608,2.64
13611,2.28
13612,2.25
13613,2.38
13614,3.25
13615,2.11
13616,1.96
13617,2.07
13618,2.31
13619,2.5
13620,2.55
13621,2.63
13622,2.7
13623,1.7
13624,2.25
13625,2.51
13626,2.45
13628,2.79
13630,3.28
13632,2.1
13633,2.72
13634,2.62
13635,2.9
13636,3.54
13637,2.41
13638,3.0
13639,1.14
13640,1.94
13641,1.93
13642,2.29
13643,2.5
13645,-666666666.0
13646,2.71
13647,2.24
13648,2.35
13649,2.31
13650,2.34
13651,1.66
13652,2.82
13654,2.82
13655,2.85
13656,3.11
13658,2.32
13659,2.45
13660,2.93
13661,2.76
13662,2.25
13664,2.74
13665,2.64
13666,2.7
13667,2.44
13668,2.43
13669,2.48
13670,2.41
13672,2.27
13673,2.6
13674,2.4
13675,2.9
13676,2.21
13678,-666666666.0
13679,2.68
13680,3.3
13681,2.53
13682,2.67
13683,2.44
13684,2.55
13685,2.01
13687,2.17
13690,2.38
13691,2.75
13692,2.54
13693,2.12
13694,2.35
13695,2.47
13696,2.12
13697,2.26
13699,-666666666.0
13730,2.21
13731,1.93
13732,2.49
13733,2.22
13734,2.44
13736,2.46
13738,2.75
13739,2.32
13740,2.2
13743,2.26
13744,3.17
13746,2.21
13747,-666666666.0
13748,2.24
13750,2.03
13751,3.87
13752,2.68
13753,2.18
13754,2.31
13755,2.23
13756,2.2
13757,2.34
13760,2.21
13774,2.14
13775,2.39
13776,2.22
13777,2.54
13778,2.3
13780,2.66
13782,2.46
13783,2.22
13784,2.31
13786,1.81
13787,2.25
13788,2.37
13790,2.26
13795,1.97
13796,2.14
13797,2.62
13801,2.25
13802,1.98
13803,2.83
13804,2.71
13806,2.41
13807,2.63
13808,2.53
13809,2.7
13810,2.52
13811,2.5
13812,2.49
13813,3.75
13814,3.0
13815,2.22
13820,2.21
13825,2.43
13826,2.07
13827,2.3
13830,2.43
13832,2.49
13833,2.89
13834,1.36
13835,2.42
13838,2.47
13839,2.63
13841,2.31
13842,2.54
13843,2.64
13844,2.71
13846,1.94
13847,1.55
13849,2.35
13850,2.44
13856,2.16
13859,2.97
13860,3.08
13861,1.69
13862,2.47
13863,2.27
13864,1.84
13865,2.26
13901,2.32
13902,-666666666.0
13903,2.27
13904,2.43
13905,2.29
14001,2.33
14004,2.49
14005,2.91
14006,2.32
14008,2.54
14009,2.18
14011,2.46
14012,2.72
14013,2.65
14020,2.11
14024,2.66
14025,2.35
14026,1.81
14027,1.13
14028,2.1
14029,1.63
14030,2.69
14031,2.27
14032,2.8
14033,2.13
14034,2.22
14035,3.11
14036,2.37
14037,2.54
14039,1.75
14040,2.82
14041,2.06
14042,2.37
14043,2.22
14047,2.41
14048,2.16
14051,2.47
14052,2.38
14054,2.61
14055,1.93
14056,2.09
14057,2.47
14058,3.0
14059,2.57
14060,1.88
14061,2.43
14062,2.55
14063,2.16
14065,2.71
14066,2.38
14067,2.32
14068,2.52
14069,2.22
14070,2.52
14072,2.39
14075,2.22
14080,2.31
14081,2.3
14082,3.42
14083,2.0
14085,2.81
14086,2.34
14091,2.87
14092,2.07
14094,2.31
14098,2.54
14101,2.34
14102,2.65
14103,2.35
14105,2.76
14108,2.42
14109,-666666666.0
14111,2.47
14112,2.0
14113,2.24
14120,2.31
14125,2.41
14126,2.85
14127,2.33
14129,2.58
14130,2.87
14131,2.47
14132,2.64
14134,1.95
14135,2.47
14136,2.27
14138,2.36
14139,2.78
14141,2.23
14143,2.53
14145,2.37
14150,2.15
14166,2.43
14167,2.57
14168,2.85
14169,1.13
14170,2.53
14171,2.13
14172,2.33
14173,3.13
14174,2.33
14201,2.11
14202,1.56
14203,1.39
14204,1.75
14206,2.26
14207,2.57
14208,2.27
14209,1.74
14210,2.2
14211,2.46
14212,2.64
14213,2.43
14214,2.46
14215,2.38
14216,2.02
14217,2.07
14218,2.32
14219,2.07
14220,2.29
14221,2.25
14222,2.06
14223,2.2
14224,2.24
14225,2.15
14226,2.3
14227,2.09
14228,2.43
14260,-666666666.0
14261,-666666666.0
14301,2.03
14302,-666666666.0
14303,2.14
14304,2.24
14305,2.22
14411,2.17
14413,2.96
14414,2.33
14415,3.02
14416,2.67
14418,2.33
14420,2.39
14422,2.68
14423,2.37
14424,2.17
14425,2.6
14427,2.15
14428,2.41
14432,2.57
14433,2.49
14435,2.09
14437,2.26
14441,3.38
14445,2.19
14450,2.32
14453,-666666666.0
14454,2.44
14456,2.18
14462,2.95
14463,2.14
14464,2.45
14466,2.6
14467,2.32
14468,2.7
14469,2.25
14470,2.33
14471,2.01
14472,2.62
14475,2.22
14476,2.63
14477,2.57
14478,2.25
14479,2.18
14480,2.21
14481,2.44
14482,2.29
14485,2.36
14486,2.38
14487,2.5
14489,2.45
14502,2.39
14504,2.32
14505,2.38
14506,1.86
14507,2.46
14510,2.24
14511,3.38
14512,2.51
14513,2.32
14514,2.25
14515,1.55
14516,2.62
14517,2.28
14519,2.36
14521,2.35
14522,2.32
14525,2.53
14526,2.44
14527,2.54
14529,2.82
14530,2.51
14532,2.34
14533,2.27
14534,2.68
14536,2.3
14537,1.92
14539,2.97
14541,2.95
14542,-666666666.0
14543,2.22
14544,2.65
14545,2.4
14546,2.28
14548,2.34
14549,2.57
14550,2.21
14551,2.06
14555,1.85
14556,-666666666.0
14557,2.95
14559,2.5
14560,2.22
14561,2.37
14564,2.44
14568,2.49
14569,2.1
14571,2.18
14572,2.62
14580,2.28
14585,1.53
14586,2.7
14588,-666666666.0
14589,2.49
14590,2.24
14591,2.32
14592,1.95
14604,1.37
14605,2.57
14606,2.52
14607,1.54
14608,2.14
14609,2.3
14610,1.88
14611,2.44
14612,2.27
14613,2.6
14614,1.58
14615,2.32
14616,2.35
14617,2.3
14618,2.48
14619,2.57
14620,1.81
14621,2.46
14622,2.2
14623,2.23
14624,2.47
14625,2.17
14626,2.22
14627,-666666666.0
14642,-666666666.0
14701,2.27
14706,2.29
14707,2.02
14708,2.77
14709,2.44
14710,2.41
14711,2.98
14712,2.12
14714,2.79
14715,2.49
14716,2.56
14717,1.84
14718,2.47
14719,2.39
14720,2.39
14721,2.3
14722,1.26
14723,2.27
14724,3.24
14726,4.23
14727,2.42
14728,2.41
14729,2.22
14731,2.05
14732,3.0
14733,2.2
14735,2.89
14736,2.23
14737,2.38
14738,2.6
14739,2.52
14740,2.36
14741,2.43
14742,1.53
14743,2.56
14744,3.31
14747,2.45
14748,2.17
14750,2.21
14752,2.17
14753,2.24
14754,2.09
14755,2.38
14756,-666666666.0
14757,2.16
14760,2.18
14767,2.76
14769,2.23
14770,2.56
14772,2.49
14774,4.83
14775,2.62
14777,3.19
14778,-666666666.0
14779,2.35
14781,2.34
14782,2.26
14783,2.21
14784,2.48
14785,2.71
14787,2.02
14788,2.79
14801,2.79
14802,2.4
14803,2.58
14804,2.77
14805,2.03
14806,2.73
14807,2.52
14808,2.29
14809,2.86
14810,1.99
14812,2.56
14813,2.51
14814,2.31
14815,2.27
14816,2.38
14817,2.34
14818,2.26
14819,2.53
14820,2.5
14821,2.65
14822,2.37
14823,2.52
14824,2.66
14825,2.41
14826,2.5
14827,-666666666.0
14830,2.2
14836,1.88
14837,2.79
14838,2.6
14839,2.36
14840,2.09
14841,2.28
14842,2.99
14843,2.18
14845,2.22
14846,2.86
14847,2.58
14850,1.96
14853,-666666666.0
14854,1.79
14855,2.84
14856,-666666666.0
14858,2.83
14859,2.8
14860,2.19
14861,2.21
14864,2.29
14865,2.3
14867,2.2
14869,2.59
14870,2.4
14871,2.48
14872,2.33
14873,2.46
14874,3.04
14877,3.03
14878,3.35
14879,2.59
14880,2.27
14881,1.77
14882,2.39
14883,2.53
14884,2.55
14885,2.57
14886,2.26
14889,2.5
14891,2.17
14892,2.19
14893,5.67
14894,2.58
14895,2.27
14897,2.53
14898,2.86
14901,2.22
14903,2.39
14904,2.23
14905,2.3
15001,2.2
15003,2.23
15004,2.39
15005,2.32
15006,3.96
15007,3.83
15009,2.29
15010,2.35
15012,2.17
15014,2.08
15015,2.6
15017,2.22
15018,2.57
15019,2.29
15020,2.32
15021,2.42
15022,2.4
15024,2.37
15025,2.41
15026,2.41
15027,2.0
15028,2.18
15030,2.19
15031,2.05
15033,1.97
15034,1.96
15035,2.05
15037,2.4
15038,2.76
15042,2.31
15043,2.78
15044,2.64
15045,2.46
15046,2.37
15047,1.48
15049,1.83
15050,2.68
15051,1.95
15052,2.37
15053,2.06
15054,1.78
15055,1.77
15056,1.97
15057,2.75
15059,2.55
15060,2.4
15061,2.3
15062,2.07
15063,2.17
15064,1.74
15065,2.24
15066,2.22
15067,2.07
15068,2.19
15071,2.36
15072,-666666666.0
15074,2.19
15075,1.5
15076,2.32
15077,2.26
15078,2.88
15081,1.91
15082,2.63
15083,2.07
15084,2.17
15085,2.42
15086,2.11
15087,2.93
15088,2.75
15089,2.16
15090,2.65
15101,2.45
15102,2.27
15104,2.13
15106,2.11
15108,2.4
15110,2.49
15112,2.14
15116,2.41
15120,2.15
15122,2.32
15123,-666666666.0
15126,2.16
15129,2.27
15131,2.08
15132,2.04
15133,2.19
15135,2.39
15136,2.25
15137,2.12
15139,1.94
15140,2.24
15142,2.03
15143,2.5
15144,2.09
15145,2.23
15146,2.26
15147,2.05
15148,2.12
15201,1.9
15202,2.0
15203,1.77
15204,2.39
15205,2.13
15206,1.94
15207,2.14
15208,2.23
15209,2.09
15210,2.41
15211,1.82
15212,1.91
15213,1.91
15214,2.41
15215,2.3
15216,2.17
15217,2.25
15218,2.03
15219,1.92
15220,2.0
15221,1.95
15222,1.42
15223,2.01
15224,1.88
15225,1.81
15226,2.17
15227,2.2
15228,2.48
15229,2.44
15232,1.73
15233,1.87
15234,2.3
15235,2.21
15236,2.3
15237,2.35
15238,2.31
15239,2.57
15241,2.63
15243,2.24
15260,-666666666.0
15275,-666666666.0
15282,-666666666.0
15290,-666666666.0
15301,2.22
15310,2.05
15311,2.14
15312,2.54
15313,2.48
15314,2.5
15315,3.16
15316,2.39
15317,2.47
15320,2.33
15321,2.61
15322,2.29
15323,2.44
15324,2.49
15325,1.8
15327,2.54
15329,2.5
15330,2.51
15331,2.33
15332,2.22
15333,2.38
15334,5.09
15337,2.57
15338,2.55
15340,2.3
15341,2.51
15342,2.26
15344,2.43
15345,2.35
15346,2.05
15347,1.74
15348,2.03
15349,2.32
15350,2.43
15351,2.51
15352,1.97
15353,1.94
15357,2.3
15358,2.69
15359,2.93
15360,2.57
15361,2.2
15362,2.38
15363,2.22
15364,2.25
15365,3.39
15366,1.92
15367,2.91
15368,2.33
15370,2.19
15376,2.63
15377,2.52
15378,-666666666.0
15379,2.73
15380,2.44
15401,2.1
15410,2.31
15411,2.52
15412,2.19
15413,2.05
15416,2.62
15417,2.13
15419,1.96
15420,3.31
15421,1.57
15422,2.35
15423,2.67
15424,2.14
15425,2.24
15427,2.22
15428,2.53
15429,2.45
15430,2.2
15431,2.35
15432,2.0
15433,1.77
15434,2.04
15435,2.0
15436,2.12
15437,2.31
15438,2.5
15440,2.66
15442,2.27
15443,2.19
15444,4.18
15445,2.18
15446,2.03
15447,6.46
15448,2.27
15449,2.62
15450,1.73
15451,2.34
15454,3.31
15455,3.18
15456,2.16
15458,2.84
15459,2.65
15460,2.84
15461,2.38
15462,2.43
15463,2.02
15464,2.5
15465,2.09
15466,3.01
15467,2.0
15468,2.48
15469,2.34
15470,2.22
15472,1.82
15473,2.12
15474,3.0
15475,2.09
15476,1.86
15477,2.15
15478,2.37
15479,2.27
15480,2.05
15482,1.59
15483,1.73
15484,3.29
15486,2.16
15488,1.96
15489,2.33
15490,2.55
15492,4.25
15501,2.27
15502,1.32
15510,-666666666.0
15520,2.85
15521,2.7
15522,2.2
15530,2.38
15531,2.25
15532,2.66
15533,2.36
15534,2.38
15535,2.53
15536,2.01
15537,2.33
15538,2.47
15539,1.89
15540,2.44
15541,2.29
15542,2.32
15544,2.69
15545,2.53
15546,3.36
15547,3.81
15550,2.41
15551,2.46
15552,2.61
15554,2.15
15555,1.98
15557,2.46
15558,3.07
15559,2.39
15560,2.48
15561,2.41
15562,4.1
15563,2.4
15564,2.15
15565,1.38
15601,2.17
15610,2.21
15611,2.18
15612,1.94
15613,2.37
15615,1.94
15616,2.03
15617,1.88
15618,2.3
15619,2.01
15620,2.21
15622,2.14
15623,2.47
15624,1.81
15625,1.76
15626,1.96
15627,2.24
15628,2.07
15629,2.18
15631,2.15
15632,2.43
15633,2.68
15634,1.59
15635,-666666666.0
15636,2.62
15637,2.51
15638,1.29
15639,2.03
15640,2.99
15641,2.21
15642,2.42
15644,2.14
15646,2.24
15647,4.11
15650,2.25
15655,1.83
15656,2.43
15658,2.15
15660,1.8
15661,2.65
15662,2.77
15663,2.13
15665,2.38
15666,2.19
15668,2.61
15670,2.44
15671,2.27
15672,2.36
15673,2.03
15674,2.13
15675,3.02
15676,2.95
15677,1.86
15678,2.35
15679,1.91
15680,1.67
15681,2.48
15682,2.26
15683,2.21
15684,2.31
15686,2.28
15687,2.2
15688,2.82
15689,1.68
15690,2.38
15691,3.01
15692,1.78
15693,2.35
15695,2.41
15696,2.24
15697,2.11
15698,2.24
15701,2.24
15705,-666666666.0
15710,1.83
15711,2.38
15712,2.31
15713,3.91
15714,2.47
15715,2.39
15716,2.16
15717,2.31
15720,2.74
15721,2.18
15722,2.59
15723,1.25
15724,2.53
15725,2.31
15727,2.78
15728,2.53
15729,2.03
15730,1.9
15731,2.1
15732,2.48
15733,3.13
15734,1.9
15736,1.91
15737,2.04
15738,2.47
15739,2.57
15741,2.37
15742,2.82
15744,3.12
15745,2.13
15746,2.15
15747,2.6
15748,2.48
15750,2.89
15752,2.35
15753,2.56
15754,2.67
15756,2.8
15757,2.26
15759,2.68
15760,2.96
15761,4.27
15762,2.76
15763,1.13
15764,2.74
15765,2.81
15767,2.41
15770,2.25
15771,2.53
15772,2.76
15773,2.34
15774,2.27
15775,2.22
15776,1.48
15777,1.64
15778,6.11
15779,2.71
15780,2.0
15781,2.05
15783,2.23
15784,1.9
15801,2.39
15821,1.46
15823,2.17
15824,2.44
15825,2.36
15827,2.7
15828,1.91
15829,2.52
15831,2.69
15832,1.8
15834,2.04
15840,2.32
15841,2.45
15845,2.15
15846,2.44
15847,3.36
15848,2.57
15849,2.45
15851,2.56
15853,2.38
15856,2.16
15857,2.17
15860,2.22
15861,1.98
15863,2.13
15864,2.51
15865,1.93
15866,3.96
15868,2.55
15870,2.3
15901,1.8
15902,2.3
15904,2.21
15905,2.25
15906,2.08
15909,2.3
15920,2.31
15921,2.18
15922,4.05
15923,2.61
15924,2.41
15925,2.55
15926,2.47
15927,2.1
15928,2.18
15929,3.76
15930,2.31
15931,2.18
15934,-666666666.0
15935,2.6
15936,2.18
15937,2.27
15938,2.43
15940,2.49
15942,2.75
15943,2.21
15944,2.66
15945,3.29
15946,2.4
15948,2.88
15949,2.59
15951,1.81
15952,2.46
15953,3.22
15954,2.02
15955,2.34
15956,2.19
15957,2.71
15958,2.48
15960,1.85
15961,2.29
15962,3.51
15963,2.3
16001,2.14
16002,2.45
16020,2.66
16022,2.29
16023,2.49
16024,2.65
16025,2.44
16027,2.95
16028,2.39
16029,2.46
16030,2.89
16033,2.35
16034,2.29
16035,3.62
16036,2.49
16037,2.47
16038,2.5
16040,3.09
16041,2.62
16045,2.54
16046,2.72
16048,2.87
16049,2.44
16050,2.19
16051,2.42
16052,2.61
16053,2.15
16054,2.08
16055,2.52
16056,2.29
16057,2.44
16059,2.45
16061,2.72
16063,2.28
16066,2.45
16101,2.29
16102,2.36
16105,2.36
16110,2.59
16111,3.01
16112,2.48
16113,2.24
16114,2.6
16115,2.48
16116,2.42
16117,2.17
16120,2.41
16121,2.14
16123,2.65
16124,2.57
16125,2.3
16127,2.37
16130,2.47
16131,2.26
16132,1.91
16133,2.76
16134,2.3
16136,2.42
16137,2.45
16140,2.94
16141,2.61
16142,2.67
16143,2.21
16145,2.27
16146,2.11
16148,2.09
16150,2.26
16151,2.32
16153,2.45
16154,2.26
16155,1.13
16156,2.75
16157,2.22
16159,2.12
16160,2.07
16161,2.14
16172,2.14
16201,2.34
16210,2.5
16211,3.15
16212,1.76
16213,2.22
16214,2.42
16217,1.92
16218,2.56
16220,2.21
16222,2.89
16223,1.86
16224,2.41
16226,2.25
16228,2.19
16229,2.37
16230,2.45
16232,2.57
16233,2.45
16235,2.34
16236,2.38
16238,2.43
16239,2.68
16240,2.5
16242,2.45
16244,2.22
16245,1.96
16246,2.88
16248,2.41
16249,2.56
16250,2.69
16253,1.98
16254,2.43
16255,2.48
16256,4.9
16258,2.24
16259,2.32
16260,1.65
16262,2.16
16263,2.55
16301,2.32
16311,2.1
16312,-666666666.0
16313,2.3
16314,2.51
16316,2.17
16317,2.45
16319,2.52
16321,1.08
16322,2.49
16323,2.26
16326,2.6
16327,2.61
16328,2.39
16329,2.53
16331,2.75
16332,1.89
16333,2.08
16334,2.04
16335,2.3
16340,2.54
16341,2.43
16342,2.16
16343,2.53
16344,2.71
16345,2.49
16346,2.15
16347,2.55
16350,2.77
16351,2.35
16352,2.31
16353,2.17
16354,2.28
16360,2.58
16361,1.3
16362,2.37
16364,2.72
16365,2.18
16370,3.93
16371,2.37
16372,2.18
16373,2.41
16374,2.16
16401,2.51
16402,2.55
16403,2.65
16404,2.75
16405,2.63
16406,2.62
16407,2.19
16410,3.0
16411,2.56
16412,2.31
16415,2.72
16416,2.06
16417,2.29
16420,2.27
16421,2.34
16422,3.05
16423,2.36
16424,2.29
16426,2.38
16427,2.39
16428,2.47
16430,2.49
16433,2.54
16434,3.54
16435,2.42
16436,2.61
16438,2.35
16440,2.37
16441,2.48
16442,2.84
16443,2.6
16444,-666666666.0
16475,-666666666.0
16501,1.2
16502,2.22
16503,2.56
16504,2.29
16505,2.09
16506,2.42
16507,2.16
16508,2.17
16509,2.29
16510,2.54
16511,2.5
16546,-666666666.0
16550,-666666666.0
16563,-666666666.0
16601,2.36
16602,2.32
16611,2.78
16613,2.3
16616,2.63
16617,2.31
16619,3.09
16620,2.39
16621,2.69
16622,2.36
16623,2.53
16624,2.55
16625,2.57
16627,2.46
16630,2.25
16631,2.38
16633,4.08
16634,2.16
16635,2.36
16636,3.05
16637,2.19
16638,3.35
16639,2.41
16640,2.65
16641,2.39
16645,2.32
16646,2.27
16647,2.64
16648,2.23
16650,2.59
16651,2.35
16652,2.34
16654,2.7
16655,2.44
16656,2.53
16657,2.29
16659,2.47
16661,2.46
16662,2.5
16664,3.18
16665,2.58
16666,2.23
16667,2.64
16668,2.48
16669,2.54
16670,2.05
16671,2.43
16672,2.46
16673,2.44
16674,2.49
16675,2.33
16677,2.47
16678,2.35
16679,2.51
16680,2.36
16682,2.23
16683,2.27
16684,1.15
16685,3.11
16686,2.45
16689,2.52
16691,2.08
16692,2.71
16693,2.57
16694,3.28
16695,2.93
16699,-666666666.0
16701,2.3
16720,2.46
16724,2.74
16725,3.75
16726,2.17
16727,4.13
16729,2.58
16730,2.33
16731,2.18
16732,1.64
16733,3.68
16734,2.06
16735,2.44
16738,2.28
16740,2.38
16743,2.54
16744,2.62
16745,2.28
16746,2.36
16748,2.6
16749,2.43
16750,2.02
16801,2.41
16802,-666666666.0
16803,2.26
16820,3.69
16821,3.04
16822,2.52
16823,2.23
16825,2.11
16826,1.81
16827,2.44
16828,2.4
16829,2.71
16830,2.3
16832,2.46
16833,2.34
16834,2.73
16835,2.63
16836,2.24
16837,2.19
16838,2.41
16839,2.76
16840,2.1
16841,2.89
16843,2.02
16844,2.68
16845,2.7
16847,3.23
16848,2.47
16849,1.27
16851,2.32
16852,2.01
16853,2.14
16854,2.09
16855,2.18
16856,2.07
16858,2.35
16859,2.21
16860,1.42
16861,1.86
16863,2.28
16864,1.8
16865,2.12
16866,2.23
16868,2.24
16870,2.71
16871,1.86
16872,3.85
16874,2.53
16875,2.58
16876,2.35
16877,2.49
16878,2.48
16879,2.36
16881,2.35
16882,2.72
16901,2.32
16910,2.26
16911,2.97
16912,3.02
16914,2.68
16915,2.42
16917,2.21
16920,2.41
16921,2.32
16922,2.2
16923,2.45
16925,2.71
16926,2.81
16927,2.83
16928,2.75
16929,2.55
16930,2.55
16932,2.4
16933,2.28
16935,2.47
16936,2.45
16937,2.68
16938,2.19
16939,2.08
16940,2.67
16941,2.76
16942,2.77
16943,2.11
16946,2.44
16947,2.44
16948,2.8
16950,2.44
17002,3.27
17003,2.52
17004,3.22
17005,2.41
17006,3.09
17007,2.87
17009,2.19
17010,4.64
17011,2.43
17013,2.29
17014,2.76
17015,2.57
17016,2.51
17017,2.35
17018,2.23
17019,2.57
17020,2.4
17021,2.14
17022,2.37
17023,2.7
17024,2.78
17025,2.29
17026,2.78
17027,2.91
17028,2.28
17029,2.52
17030,1.97
17032,2.4
17033,2.34
17034,2.11
17035,2.28
17036,2.39
17037,3.52
17038,2.44
17039,-666666666.0
17040,2.71
17041,3.65
17042,2.41
17043,2.01
17044,2.23
17045,2.73
17046,2.59
17047,3.15
17048,2.47
17049,2.83
17050,2.57
17051,2.55
17052,2.77
17053,2.26
17054,3.29
17055,2.2
17056,2.46
17057,2.3
17058,2.6
17059,2.55
17060,2.94
17061,2.33
17062,2.76
17063,2.59
17064,2.95
17065,2.48
17066,2.45
17067,2.64
17068,2.49
17069,2.53
17070,2.27
17071,2.51
17073,2.77
17074,2.46
17075,2.36
17076,3.32
17077,2.3
17078,2.54
17080,2.83
17081,1.77
17082,2.84
17084,2.52
17086,2.66
17087,2.91
17088,2.51
17090,2.27
17093,2.28
17094,2.61
17097,2.47
17098,2.32
17099,2.26
17101,1.14
17102,1.72
17103,2.63
17104,2.64
17109,2.41
17110,2.26
17111,2.4
17112,2.47
17113,2.62
17120,-666666666.0
17201,2.16
17202,2.65
17210,1.89
17211,2.2
17212,2.64
17213,2.58
17214,2.0
17215,2.87
17217,2.78
17219,1.83
17220,2.21
17221,2.22
17222,2.32
17223,1.96
17224,2.01
17225,2.62
17228,2.52
17229,2.22
17232,2.0
17233,2.24
17235,3.98
17236,2.57
17237,2.28
17238,2.5
17239,2.3
17240,2.79
17241,2.57
17243,2.56
17244,2.62
17246,2.99
17247,1.41
17249,2.9
17250,2.17
17251,2.69
17252,2.77
17253,2.93
17254,2.21
17255,2.62
17257,2.44
17260,2.42
17261,-666666666.0
17262,2.62
17263,3.84
17264,2.37
17265,2.65
17266,2.51
17267,2.61
17268,2.48
17271,2.44
17301,2.91
17302,2.43
17303,2.55
17304,2.85
17306,2.65
17307,2.46
17309,2.74
17311,2.15
17313,2.47
17314,2.82
17315,2.41
17316,2.68
17317,2.9
17318,2.66
17319,2.61
17320,2.61
17321,2.56
17322,2.52
17323,1.72
17324,2.42
17325,2.34
17327,2.53
17329,3.09
17331,2.47
17339,2.49
17340,2.67
17342,3.5
17343,2.09
17344,2.59
17345,2.39
17347,2.55
17349,2.73
17350,2.49
17352,2.95
17353,2.53
17355,2.23
17356,2.5
17360,2.64
17361,2.46
17362,2.6
17363,2.54
17364,2.5
17365,2.37
17366,2.69
17368,2.51
17370,2.61
17371,2.29
17372,2.56
17401,2.38
17402,2.51
17403,2.41
17404,2.59
17406,2.53
17407,2.99
17408,2.4
17501,2.44
17502,2.49
17504,3.09
17505,4.06
17506,2.96
17507,1.58
17508,3.18
17509,3.57
17512,2.35
17516,2.45
17517,2.77
17518,3.32
17519,2.76
17520,2.45
17522,2.48
17527,3.16
17529,3.63
17532,2.77
17534,1.95
17535,4.09
17536,3.26
17538,2.4
17540,2.97
17543,2.5
17545,2.47
17547,2.5
17550,2.05
17551,2.56
17552,2.35
17554,2.47
17555,3.19
17557,2.85
17560,2.87
17562,3.44
17563,3.5
17565,2.8
17566,2.82
17568,-666666666.0
17569,2.85
17570,2.38
17572,3.03
17576,3.81
17578,3.06
17579,2.82
17581,2.0
17582,2.58
17584,2.52
17601,2.44
17602,2.6
17603,2.42
17606,-666666666.0
17701,2.21
17702,2.43
17720,1.81
17721,2.38
17723,2.1
17724,2.51
17727,1.27
17728,2.33
17729,1.76
17730,-666666666.0
17731,1.75
17737,2.42
17739,1.56
17740,2.6
17742,2.15
17744,2.57
17745,2.27
17747,3.25
17748,2.07
17749,2.44
17750,3.51
17751,2.6
17752,2.64
17754,2.36
17756,2.56
17758,2.35
17760,2.56
17762,1.98
17763,1.98
17764,2.09
17765,2.87
17768,3.11
17769,1.75
17771,2.4
17772,2.35
17774,2.68
17776,1.95
17777,2.55
17778,2.89
17779,2.1
17801,2.37
17810,3.36
17812,2.51
17813,2.72
17814,2.44
17815,2.34
17820,2.37
17821,2.32
17822,1.6
17823,2.67
17824,2.3
17827,2.73
17829,2.71
17830,2.44
17832,2.29
17834,2.11
17835,4.05
17836,2.95
17837,2.18
17840,2.44
17841,2.65
17842,2.49
17844,2.62
17845,2.91
17846,2.48
17847,2.32
17850,2.28
17851,2.33
17853,2.86
17855,2.54
17856,2.28
17857,2.14
17858,3.1
17859,2.33
17860,2.44
17861,2.4
17862,2.53
17864,3.29
17865,1.83
17866,2.05
17867,2.58
17868,2.29
17870,2.32
17872,2.39
17876,2.48
17878,2.49
17880,2.71
17881,2.4
17884,2.05
17885,2.3
17886,1.77
17887,2.93
17888,2.65
17889,2.89
17901,2.31
17920,2.0
17921,2.23
17922,2.71
17923,1.5
17925,2.39
17929,2.43
17930,2.08
17931,2.52
17933,1.84
17934,2.68
17935,2.22
17936,2.61
17938,2.23
17941,2.49
17943,1.93
17944,1.93
17945,1.49
17946,2.23
17948,2.49
17949,1.44
17951,2.36
17952,2.22
17953,2.36
17954,2.46
17957,3.01
17959,2.47
17960,2.38
17961,2.41
17963,2.41
17964,2.94
17965,2.22
17967,2.48
17968,2.77
17970,2.29
17972,2.34
17974,3.18
17976,2.43
17978,3.45
17979,2.67
17980,2.49
17981,2.49
17982,1.94
17983,2.62
17985,2.43
18011,2.84
18012,-666666666.0
18013,2.64
18014,2.71
18015,2.46
18017,2.47
18018,2.21
18020,2.65
18030,2.25
18031,2.91
18032,2.4
18034,2.65
18035,3.13
18036,2.48
18037,2.41
18038,2.46
18040,2.65
18041,2.6
18042,2.5
18045,2.47
18046,2.63
18049,2.52
18051,2.59
18052,2.5
18053,2.65
18054,2.89
18055,2.44
18056,3.66
18058,2.71
18059,2.2
18062,2.64
18063,2.31
18064,2.54
18065,1.67
18066,2.61
18067,2.45
18069,2.72
18070,2.13
18071,2.39
18072,2.6
18073,2.73
18074,2.5
18076,2.46
18077,2.42
18078,2.71
18079,3.29
18080,2.5
18081,6.0
18083,2.65
18085,2.58
18086,2.22
18087,3.01
18088,2.53
18091,2.5
18092,2.49
18101,2.11
18102,2.98
18103,2.53
18104,2.42
18106,2.45
18109,2.5
18195,-666666666.0
18201,2.61
18202,2.51
18210,2.44
18211,2.37
18212,1.9
18214,2.21
18216,2.55
18218,2.44
18219,2.16
18220,2.13
18221,1.96
18222,2.68
18223,2.08
18224,2.26
18225,-666666666.0
18229,2.42
18230,2.72
18231,2.36
18232,2.44
18234,1.4
18235,2.38
18237,2.51
18239,1.98
18240,2.59
18241,1.61
18242,2.06
18244,2.67
18245,1.66
18246,3.4
18248,2.9
18249,2.69
18250,2.39
18252,2.5
18254,2.81
18255,2.57
18256,1.83
18301,2.89
18302,3.03
18321,2.98
18322,3.1
18323,-666666666.0
18324,2.68
18325,2.57
18326,2.75
18327,2.05
18328,2.39
18330,2.88
18331,2.21
18332,3.02
18333,-666666666.0
18334,2.8
18335,3.0
18336,2.23
18337,2.55
18340,4.27
18342,2.31
18343,2.37
18344,2.71
18346,2.4
18347,2.02
18349,2.66
18350,1.76
18351,3.0
18353,2.59
18354,2.72
18355,2.74
18356,-666666666.0
18357,-666666666.0
18360,2.62
18370,2.44
18371,2.75
18372,3.07
18403,2.45
18405,2.63
18407,2.32
18411,2.5
18413,1.73
18414,2.49
18415,2.08
18417,2.25
18419,2.26
18420,2.41
18421,2.3
18424,2.5
18425,2.5
18426,2.5
18428,2.3
18430,2.89
18431,2.33
18433,2.33
18434,2.29
18435,2.14
18436,2.6
18437,2.35
18438,1.91
18439,2.58
18440,2.0
18441,2.39
18443,2.43
18444,2.6
18445,2.6
18446,2.4
18447,2.26
18451,2.52
18452,2.21
18453,2.61
18454,1.8
18455,2.14
18456,2.48
18457,1.62
18458,2.57
18460,1.77
18461,1.71
18462,2.59
18463,2.73
18464,2.41
18465,2.6
18466,3.13
18469,2.59
18470,2.39
18471,2.47
18472,2.69
18473,2.09
18503,1.18
18504,2.45
18505,2.49
18507,2.27
18508,2.31
18509,2.24
18510,2.3
18512,2.2
18517,2.61
18518,2.24
18519,2.12
18602,2.66
18603,2.25
18610,3.53
18612,2.43
18614,1.99
18615,2.27
18616,2.25
18617,1.96
18618,2.19
18619,2.11
18621,2.52
18622,2.91
18623,2.3
18624,1.55
18625,1.75
18626,2.19
18627,-666666666.0
18628,2.17
18629,2.3
18630,2.54
18631,2.3
18632,2.9
18634,2.4
18635,2.38
18636,2.34
18640,2.22
18641,2.45
18642,2.1
18643,2.2
18644,2.24
18651,2.38
18655,2.33
18656,2.44
18657,2.38
18660,2.4
18661,2.3
18701,1.35
18702,2.41
18704,2.24
18705,2.38
18706,2.36
18707,2.67
18708,2.25
18709,1.99
18801,2.43
18810,2.05
18812,2.52
18814,2.34
18816,1.79
18817,3.14
18818,2.31
18820,2.27
18821,2.35
18822,2.38
18823,1.74
18824,2.53
18825,2.26
18826,2.48
18828,2.01
18829,2.5
18830,2.13
18831,2.5
18832,2.43
18833,2.44
18834,2.57
18837,2.59
18840,2.56
18842,2.73
18843,2.13
18844,2.75
18845,2.75
18846,2.56
18847,2.54
18848,2.35
18850,2.39
18851,2.36
18853,2.43
18854,2.43
18901,2.36
18902,2.84
18912,1.74
18913,2.9
18914,2.78
18915,2.67
18917,2.26
18920,2.39
18921,1.76
18923,2.79
18925,3.0
18927,2.08
18929,2.98
18930,2.25
18932,2.12
18933,1.68
18935,2.85
18936,3.58
18938,2.16
18940,2.55
18942,2.41
18944,2.79
18946,2.69
18947,2.71
18950,2.44
18951,2.55
18954,2.83
18955,2.55
18960,2.41
18962,2.82
18964,2.63
18966,2.57
18969,2.49
18970,2.27
18972,2.3
18974,2.42
18976,2.64
18977,2.55
18980,2.48
19001,2.75
19002,2.62
19003,2.27
19004,2.43
19006,2.66
19007,2.4
19008,2.9
19009,2.61
19010,2.44
19012,3.01
19013,2.39
19014,2.6
19015,2.42
19017,3.07
19018,2.4
19020,2.53
19021,2.51
19022,2.26
19023,2.82
19025,2.75
19026,2.48
19027,2.47
19029,2.26
19030,2.63
19031,2.3
19032,2.76
19033,2.75
19034,2.75
19035,2.81
19036,2.64
19038,2.65
19040,2.74
19041,2.18
19043,2.57
19044,2.56
19046,2.42
19047,2.51
19050,2.35
19052,2.57
19053,2.67
19054,2.7
19055,2.77
19056,2.7
19057,2.98
19060,3.07
19061,2.53
19063,2.38
19064,2.87
19066,2.8
19067,2.53
19070,2.28
19072,2.44
19073,2.51
19074,2.53
19075,2.69
19076,2.43
19078,2.41
19079,2.77
19081,2.44
19082,2.7
19083,2.77
19085,2.94
19086,2.67
19087,2.58
19090,2.58
19094,2.58
19095,2.15
19096,2.54
19102,1.38
19103,1.5
19104,2.04
19106,1.51
19107,1.58
19108,1.72
19109,-666666666.0
19111,2.57
19112,-666666666.0
19113,-666666666.0
19114,2.24
19115,2.36
19116,2.41
19118,2.0
19119,2.19
19120,2.9
19121,2.33
19122,2.18
19123,1.9
19124,2.9
19125,2.09
19126,2.63
19127,1.88
19128,2.08
19129,1.94
19130,1.84
19131,2.21
19132,2.24
19133,2.75
19134,2.71
19135,2.54
19136,2.61
19137,2.51
19138,2.49
19139,2.32
19140,2.6
19141,2.25
19142,2.64
19143,2.34
19144,2.18
19145,2.28
19146,2.14
19147,2.03
19148,2.42
19149,3.01
19150,2.32
19151,2.51
19152,2.57
19153,2.18
19154,2.68
19301,2.61
19310,3.33
19311,3.15
19312,2.66
19316,2.25
19317,2.69
19319,4.22
19320,2.73
19330,2.75
19333,2.54
19335,2.6
19341,2.38
19342,2.42
19343,2.68
19344,2.85
19345,-666666666.0
19348,2.59
19350,2.77
19352,3.0
19355,2.55
19358,2.89
19362,2.72
19363,2.96
19365,2.77
19367,4.3
19369,1.75
19372,2.71
19373,2.87
19374,3.04
19375,2.17
19380,2.38
19382,2.45
19383,2.67
19390,2.76
19401,2.53
19403,2.28
19405,2.47
19406,2.24
19422,2.59
19425,3.04
19426,2.73
19428,2.18
19435,3.16
19436,1.33
19437,2.65
19438,2.66
19440,2.67
19442,-666666666.0
19444,2.34
19446,2.52
19453,2.04
19454,2.45
19456,2.35
19457,2.03
19460,2.39
19462,2.48
19464,2.53
19465,2.56
19468,2.59
19472,1.94
19473,2.68
19474,1.75
19475,2.42
19477,1.63
19490,2.47
19492,1.44
19501,2.58
19503,2.51
19504,2.57
19505,2.13
19506,2.68
19507,2.97
19508,2.49
19510,2.62
19511,3.28
19512,2.37
19516,2.0
19518,2.76
19520,2.5
19522,2.47
19523,-666666666.0
19525,2.93
19526,2.27
19529,2.91
19530,2.3
19533,2.44
19534,2.4
19535,2.95
19536,2.02
19538,2.68
19539,2.52
19540,2.7
19541,2.75
19543,3.01
19544,2.98
19545,2.82
19547,2.37
19549,2.81
19550,2.31
19551,2.53
19554,1.89
19555,2.33
19559,2.52
19560,2.48
19562,2.08
19564,2.28
19565,2.23
19567,2.84
19601,2.77
19602,2.64
19604,3.11
19605,2.64
19606,2.58
19607,2.4
19608,2.71
19609,2.55
19610,2.23
19611,2.45
19701,2.7
19702,2.67
19703,2.43
19706,2.76
19707,2.62
19709,2.86
19710,1.53
19711,2.53
19713,2.48
19716,-666666666.0
19717,-666666666.0
19720,2.59
19730,2.54
19731,2.16
19732,2.13
19733,2.4
19734,3.18
19735,-666666666.0
19736,-666666666.0
19801,2.06
19802,2.32
19803,2.45
19804,2.4
19805,2.45
19806,1.62
19807,2.2
19808,2.46
19809,2.46
19810,2.43
19901,2.52
19902,-666666666.0
19904,2.48
19930,1.95
19931,2.2
19933,2.73
19934,2.85
19936,2.39
19938,2.94
19939,2.53
19940,2.95
19941,2.74
19943,2.47
19944,2.01
19945,2.32
19946,2.66
19947,2.79
19950,2.39
19951,2.65
19952,2.63
19953,2.75
19954,2.65
19955,4.31
19956,2.61
19958,2.08
19960,3.01
19962,2.91
19963,2.36
19964,2.44
19966,2.26
19967,1.81
19968,2.52
19970,2.13
19971,1.98
19973,2.57
19975,2.12
19977,2.7
19979,2.67
19980,1.88
20001,1.74
20002,2.04
20003,1.86
20004,1.34
20005,1.51
20006,1.28
20007,1.93
20008,1.74
20009,1.74
20010,2.2
20011,2.45
20012,2.52
20015,2.5
20016,2.13
20017,2.32
20018,2.21
20019,2.38
20020,2.24
20024,1.61
20032,2.15
20036,1.25
20037,1.4
20045,-666666666.0
20052,2.83
20057,-666666666.0
20059,-666666666.0
20064,-666666666.0
20105,3.36
20106,2.57
20109,3.03
20110,3.1
20111,3.29
20112,3.14
20115,2.74
20117,2.16
20119,2.92
20120,3.02
20121,2.86
20124,2.99
20129,2.94
20130,2.39
20132,3.23
20135,2.47
20136,3.48
20137,2.71
20141,3.3
20143,2.58
20144,2.3
20147,2.73
20148,3.15
20151,3.21
20152,3.23
20155,3.01
20158,3.26
20164,3.33
20165,2.85
20166,2.73
20169,3.09
20170,3.17
20171,2.79
20175,2.79
20176,3.07
20180,3.0
20181,3.21
20184,1.87
20186,2.61
20187,2.96
20190,1.96
20191,2.51
20194,2.21
20197,2.82
20198,2.57
20204,-666666666.0
20220,-666666666.0
20230,-666666666.0
20240,-666666666.0
20245,-666666666.0
20250,-666666666.0
20260,-666666666.0
20317,-666666666.0
20319,-666666666.0
20373,4.38
20388,-666666666.0
20390,-666666666.0
20408,-666666666.0
20415,-666666666.0
20418,-666666666.0
20422,-666666666.0
20427,-666666666.0
20431,-666666666.0
20510,-666666666.0
20515,-666666666.0
20520,-666666666.0
20530,-666666666.0
20535,-666666666.0
20540,-666666666.0
20542,-666666666.0
20551,-666666666.0
20560,-666666666.0
20565,-666666666.0
20566,-666666666.0
20591,-666666666.0
20601,2.77
20602,2.75
20603,2.9
20606,3.29
20607,2.99
20608,2.51
20609,2.76
20611,2.46
20612,1.88
20613,2.87
20615,2.73
20616,2.86
20617,2.9
20618,2.1
20619,2.56
20620,2.76
20621,1.95
20622,3.5
20623,2.78
20624,2.76
20625,2.56
20626,2.19
20628,2.27
20629,2.24
20630,1.93
20632,4.43
20634,2.84
20636,3.07
20637,2.79
20639,3.07
20640,2.62
20645,2.67
20646,2.77
20650,2.81
20653,2.46
20656,1.97
20657,2.82
20658,2.41
20659,2.92
20660,-666666666.0
20661,-666666666.0
20662,2.57
20664,2.62
20667,1.96
20670,4.04
20674,3.02
20675,2.69
20676,2.48
20677,2.83
20678,2.67
20680,2.62
20684,2.07
20685,2.73
20686,-666666666.0
20687,2.05
20688,1.72
20689,3.24
20690,2.48
20692,2.77
20693,3.79
20695,2.76
20701,1.61
20705,3.24
20706,3.32
20707,2.57
20708,2.63
20710,2.7
20711,3.1
20712,2.11
20714,2.66
20715,2.81
20716,2.52
20720,3.14
20721,2.86
20722,2.9
20723,2.92
20724,2.56
20732,2.59
20733,2.75
20735,2.92
20736,2.84
20737,3.64
20740,2.69
20742,2.21
20743,2.54
20744,2.82
20745,2.44
20746,2.15
20747,2.42
20748,2.5
20751,2.21
20754,3.17
20755,3.19
20758,2.51
20759,3.2
20762,3.42
20763,2.35
20764,2.36
20765,2.77
20769,3.11
20770,2.41
20771,-666666666.0
20772,2.74
20774,2.47
20776,2.61
20777,2.91
20778,2.98
20779,2.25
20781,2.97
20782,2.73
20783,3.62
20784,3.09
20785,2.66
20794,2.67
20812,2.74
20814,2.17
20815,2.33
20816,2.73
20817,2.77
20818,2.52
20832,3.0
20833,3.02
20837,2.93
20838,3.79
20839,2.06
20841,2.99
20842,2.93
20850,2.38
20851,2.88
20852,2.22
20853,3.18
20854,2.92
20855,2.74
20860,2.46
20861,2.91
20862,2.79
20866,3.26
20868,4.14
20871,3.21
20872,2.87
20874,2.76
20876,3.04
20877,3.04
20878,2.72
20879,3.05
20880,2.12
20882,3.03
20886,2.83
20889,-666666666.0
20892,-666666666.0
20894,-666666666.0
20895,2.65
20896,2.52
20899,1.15
20901,2.78
20902,2.97
20903,3.58
20904,2.63
20905,3.2
20906,2.75
20910,2.06
20912,2.6
21001,2.46
21005,3.12
21009,2.57
21010,3.6
21012,2.82
21013,2.93
21014,2.51
21015,2.76
21017,2.35
21023,1.94
21028,2.93
21029,3.42
21030,2.3
21031,1.44
21032,2.58
21034,2.45
21035,2.86
21036,2.72
21037,2.66
21040,2.66
21042,2.84
21043,2.71
21044,2.45
21045,2.66
21046,2.54
21047,2.82
21048,2.71
21050,2.82
21051,2.76
21052,2.69
21053,2.65
21054,2.98
21056,1.96
21057,2.8
21060,2.47
21061,2.49
21071,3.08
21074,2.49
21075,2.87
21076,2.52
21077,1.88
21078,2.46
21082,2.56
21084,2.68
21085,2.53
21087,2.61
21090,2.62
21093,2.43
21102,2.73
21104,2.98
21105,2.5
21108,2.86
21111,2.61
21113,2.43
21114,2.69
21117,2.45
21120,2.85
21122,2.68
21128,2.86
21130,-666666666.0
21131,2.91
21132,3.18
21133,2.61
21136,2.52
21140,2.9
21144,2.88
21146,2.9
21152,2.52
21153,2.52
21154,2.95
21155,2.99
21156,3.29
21157,2.58
21158,2.68
21160,2.73
21161,2.78
21162,3.0
21163,2.65
21201,1.69
21202,1.63
21204,2.1
21205,2.78
21206,2.47
21207,2.64
21208,2.37
21209,2.59
21210,2.11
21211,1.88
21212,2.63
21213,2.56
21214,2.56
21215,2.46
21216,2.38
21217,2.1
21218,2.24
21219,2.68
21220,2.62
21221,2.54
21222,2.67
21223,2.38
21224,2.3
21225,2.72
21226,2.34
21227,2.52
21228,2.48
21229,2.39
21230,2.1
21231,1.87
21233,-666666666.0
21234,2.37
21236,2.49
21237,2.53
21239,2.36
21240,-666666666.0
21244,2.78
21250,-666666666.0
21251,-666666666.0
21252,-666666666.0
21285,-666666666.0
21286,2.21
21287,-666666666.0
21401,2.2
21402,3.21
21403,2.26
21405,2.29
21409,2.72
21502,2.18
21520,2.38
21521,2.25
21523,2.29
21524,2.65
21529,2.16
21530,2.28
21531,2.03
21532,2.28
21536,2.48
21538,1.9
21539,2.37
21540,2.9
21541,1.82
21542,2.78
21543,1.61
21545,2.32
21550,2.31
21555,2.2
21557,2.21
21560,-666666666.0
21561,2.14
21562,2.54
21601,2.27
21607,3.26
21610,2.31
21612,2.17
21613,2.34
21617,2.78
21619,2.41
21620,2.18
21622,1.84
21623,2.3
21624,2.09
21625,3.17
21626,2.19
21627,1.69
21628,2.09
21629,2.9
21631,2.69
21632,2.37
21634,2.02
21635,2.11
21636,2.41
21638,2.58
21639,2.76
21640,2.8
21641,2.44
21643,2.51
21644,2.22
21645,2.44
21647,2.51
21648,2.3
21649,4.04
21650,3.42
21651,2.2
21652,1.42
21653,1.75
21654,1.96
21655,2.57
21657,2.89
21658,2.56
21659,2.94
21660,2.62
21661,2.07
21662,2.28
21663,2.22
21664,3.0
21665,2.6
21666,2.58
21667,2.53
21668,2.56
21669,2.04
21671,2.21
21672,2.17
21673,2.46
21675,1.44
21676,1.51
21677,2.92
21678,2.09
21679,1.65
21701,2.28
21702,2.64
21703,2.68
21704,3.18
21705,-666666666.0
21710,2.79
21711,1.96
21713,2.48
21714,2.59
21715,2.0
21716,2.49
21717,2.15
21718,2.04
21719,2.73
21722,3.0
21723,2.87
21727,2.51
21733,2.82
21734,1.77
21737,3.38
21738,3.35
21740,2.37
21742,2.58
21746,-666666666.0
21750,2.3
21754,3.08
21755,2.81
21756,2.61
21757,2.57
21758,2.71
21762,2.2
21766,1.84
21767,1.73
21769,2.94
21770,3.31
21771,2.98
21773,2.88
21774,2.94
21776,2.71
21777,3.25
21778,2.36
21779,3.12
21780,2.52
21781,-666666666.0
21782,2.62
21783,2.74
21784,2.77
21787,2.56
21788,2.45
21790,-666666666.0
21791,2.58
21793,2.7
21794,2.95
21795,2.51
21797,3.04
21798,3.2
21801,2.46
21804,2.46
21810,1.98
21811,2.29
21813,2.44
21814,1.35
21817,2.17
21821,2.1
21822,2.61
21824,2.16
21826,2.81
21829,2.12
21830,2.74
21835,2.04
21837,2.7
21838,2.67
21840,2.79
21841,2.35
21842,1.91
21849,2.53
21850,2.41
21851,2.26
21853,2.5
21856,2.36
21861,2.51
21862,-666666666.0
21863,2.38
21864,2.87
21865,1.95
21866,1.58
21867,2.18
21869,2.8
21871,2.14
21872,2.44
21874,2.89
21875,2.39
21890,-666666666.0
21901,2.82
21902,-666666666.0
21903,2.53
21904,2.54
21911,2.66
21912,2.24
21913,2.3
21914,1.99
21915,1.99
21917,2.94
21918,2.64
21919,2.43
21920,3.31
21921,2.58
21930,2.08
22003,3.07
22015,3.01
22025,2.98
22026,3.32
22027,2.86
22030,2.6
22031,2.46
22032,2.98
22033,2.47
22035,-666666666.0
22039,3.14
22041,2.59
22042,2.88
22043,2.63
22044,2.6
22046,2.66
22060,3.36
22066,2.98
22079,3.13
22101,2.84
22102,2.2
22124,2.72
22125,1.87
22134,2.87
22150,2.91
22151,3.01
22152,3.1
22153,3.0
22172,3.26
22180,2.78
22181,2.81
22182,2.74
22191,2.99
22192,2.9
22193,3.4
22201,1.9
22202,1.76
22203,1.93
22204,2.27
22205,2.69
22206,1.89
22207,2.8
22209,1.65
22211,2.54
22213,2.51
22214,-666666666.0
22301,2.25
22302,2.01
22303,2.05
22304,2.12
22305,2.24
22306,2.93
22307,2.24
22308,2.77
22309,2.88
22310,2.74
22311,2.34
22312,2.56
22314,1.83
22315,2.52
22401,2.3
22405,2.95
22406,2.76
22407,2.85
22408,2.63
22427,2.22
22432,1.32
22433,2.46
22435,2.67
22436,2.48
22437,3.21
22438,2.93
22443,2.36
22448,2.94
22454,2.56
22460,2.49
22469,2.05
22472,-666666666.0
22473,2.49
22476,1.27
22480,1.71
22482,1.77
22485,2.74
22488,1.78
22503,2.21
22504,2.23
22508,2.6
22509,1.42
22511,2.06
22514,2.62
22520,2.47
22529,5.42
22534,3.33
22535,2.4
22538,1.69
22539,2.15
22542,2.38
22546,2.72
22548,-666666666.0
22551,2.94
22553,3.08
22554,3.18
22556,3.28
22560,2.44
22567,2.78
22572,2.63
22576,2.27
22578,2.08
22580,2.7
22601,2.39
22602,2.91
22603,2.4
22610,2.55
22611,2.7
22620,2.74
22623,3.59
22624,3.27
22625,2.63
22627,2.69
22630,2.58
22637,2.37
22639,2.31
22640,2.84
22641,1.96
22642,2.66
22643,1.66
22644,2.47
22645,2.57
22646,2.05
22650,2.34
22652,2.71
22654,2.73
22655,2.8
22656,2.59
22657,2.53
22660,2.51
22663,2.47
22664,2.59
22701,2.81
22709,2.69
22711,2.24
22712,3.14
22713,2.73
22714,2.64
22715,2.98
22716,2.11
22718,2.45
22719,1.96
22720,3.34
22722,2.55
22723,1.78
22724,3.16
22725,4.67
22726,2.66
22727,2.43
22728,2.72
22729,1.68
22730,4.06
22731,4.28
22732,2.01
22733,2.59
22734,3.06
22735,2.73
22736,3.62
22737,2.9
22738,2.58
22740,2.39
22741,3.35
22742,2.62
22743,2.25
22746,6.0
22747,2.58
22749,2.0
22801,2.65
22802,2.58
22807,12.0
22810,2.0
22811,2.34
22812,2.47
22815,2.57
22820,2.73
22821,2.61
22824,2.54
22827,2.45
22830,2.82
22831,2.55
22832,2.61
22834,2.98
22835,2.29
22840,2.51
22841,2.62
22842,2.74
22843,2.74
22844,2.17
22845,-666666666.0
22846,2.9
22847,2.63
22849,2.74
22850,2.95
22851,2.88
22853,2.96
22901,2.18
22902,2.16
22903,2.32
22904,3.0
22908,-666666666.0
22911,2.48
22920,2.16
22922,2.48
22923,2.41
22931,2.39
22932,2.5
22935,2.62
22936,2.88
22937,2.19
22938,2.06
22939,2.36
22940,2.82
22942,2.5
22943,2.47
22946,3.71
22947,2.33
22948,2.16
22949,1.97
22952,2.67
22957,-666666666.0
22958,1.95
22959,2.67
22960,2.57
22963,2.61
22964,2.71
22967,2.96
22968,2.91
22969,2.88
22971,3.37
22972,1.7
22973,2.43
22974,2.66
22976,1.98
22980,2.36
22989,3.21
23002,2.5
23004,2.56
23005,2.59
23009,2.78
23011,2.37
23015,2.71
23021,-666666666.0
23022,2.32
23023,3.68
23024,2.49
23025,1.99
23027,2.73
23030,2.32
23032,2.01
23035,2.45
23038,2.08
23039,2.58
23040,2.32
23043,2.18
23045,1.79
23047,2.23
23050,1.74
23055,1.95
23056,1.76
23059,2.74
23060,2.61
23061,2.6
23062,2.66
23063,2.69
23065,2.52
23066,2.06
23068,1.45
23069,2.26
23070,1.94
23071,2.36
23072,2.59
23075,2.35
23076,1.92
23079,2.56
23081,-666666666.0
23083,2.73
23084,1.97
23085,3.02
23086,2.59
23089,2.27
23091,2.47
23092,2.09
23093,2.59
23102,2.52
23103,2.37
23106,2.66
23108,2.0
23109,2.71
23110,2.03
23111,2.48
23112,2.72
23113,2.66
23114,2.58
23116,2.83
23117,2.74
23119,3.26
23120,3.2
23123,2.88
23124,2.84
23126,2.51
23128,1.7
23129,2.36
23130,1.88
23138,2.19
23139,2.65
23140,2.6
23141,2.55
23146,2.66
23147,-666666666.0
23148,2.23
23149,2.44
23150,2.34
23153,2.82
23156,2.43
23160,-666666666.0
23161,1.6
23163,2.8
23168,2.75
23169,2.24
23173,-666666666.0
23175,1.91
23176,1.83
23177,1.98
23180,2.62
23181,2.4
23185,2.48
23188,2.49
23192,2.72
23219,1.43
23220,2.1
23221,1.94
23222,2.58
23223,2.24
23224,2.35
23225,2.18
23226,2.14
23227,2.09
23228,2.26
23229,2.6
23230,1.85
23231,2.35
23233,2.49
23234,2.74
23235,2.29
23236,2.5
23237,3.0
23238,2.32
23250,-666666666.0
23284,-666666666.0
23294,2.33
23298,-666666666.0
23301,2.84
23302,-666666666.0
23303,2.61
23304,-666666666.0
23306,2.12
23307,2.08
23308,2.8
23310,2.16
23314,2.68
23315,2.32
23316,2.68
23320,2.42
23321,2.75
23322,2.87
23323,2.9
23324,2.63
23325,2.47
23336,1.83
23337,2.08
23347,2.55
23350,2.19
23354,2.41
23356,2.57
23357,4.14
23358,2.32
23359,2.72
23389,-666666666.0
23395,2.03
23398,2.33
23401,2.4
23405,2.48
23407,3.53
23408,-666666666.0
23409,2.65
23410,2.52
23413,2.28
23414,1.58
23415,2.23
23416,1.07
23417,1.92
23418,2.27
23420,2.46
23421,2.08
23422,2.24
23423,2.01
23426,1.89
23427,2.25
23430,2.5
23432,2.52
23433,2.53
23434,2.58
23435,2.65
23436,2.68
23437,2.4
23438,2.42
23440,1.93
23441,-666666666.0
23442,2.49
23451,2.06
23452,2.54
23453,2.7
23454,2.5
23455,2.36
23456,2.92
23457,2.88
23459,-666666666.0
23460,-666666666.0
23461,-666666666.0
23462,2.42
23464,2.65
23480,1.7
23486,1.32
23487,2.57
23488,1.36
23502,2.32
23503,2.16
23504,2.5
23505,2.34
23507,1.87
23508,2.44
23509,2.4
23510,1.74
23511,3.14
23513,2.51
23517,1.63
23518,2.3
23523,2.49
23551,-666666666.0
23601,2.23
23602,2.36
23603,2.39
23604,3.63
23605,2.12
23606,2.2
23607,2.43
23608,2.5
23651,1.79
23661,2.33
23662,2.67
23663,2.5
23664,2.35
23665,3.35
23666,2.29
23667,-666666666.0
23668,-666666666.0
23669,2.3
23681,-666666666.0
23690,2.76
23691,4.0
23692,2.54
23693,2.64
23696,3.1
23701,2.47
23702,2.41
23703,2.68
23704,2.15
23707,2.24
23708,-666666666.0
23709,-666666666.0
23801,3.7
23803,2.4
23805,2.39
23821,2.42
23824,2.49
23827,2.61
23828,2.39
23829,2.42
23830,2.78
23831,2.55
23832,2.99
23833,2.64
23834,2.48
23836,2.63
23837,2.54
23838,2.82
23839,3.01
23840,2.34
23841,2.2
23842,2.68
23843,1.59
23844,2.54
23845,1.62
23846,1.88
23847,2.64
23850,2.25
23851,2.39
23856,1.63
23857,2.61
23860,2.51
23866,2.41
23867,2.21
23868,2.5
23870,-666666666.0
23872,2.69
23874,1.85
23875,2.76
23876,1.56
23878,2.45
23879,2.09
23881,2.39
23882,2.27
23883,2.47
23884,-666666666.0
23885,2.31
23887,1.54
23888,2.63
23889,2.21
23890,2.8
23891,-666666666.0
23893,2.46
23894,2.52
23897,2.34
23898,2.6
23899,1.93
23901,2.2
23909,-666666666.0
23915,2.94
23917,2.55
23919,2.1
23920,2.18
23921,2.53
23922,2.43
23923,2.46
23924,2.32
23927,2.08
23930,2.46
23934,2.03
23936,2.33
23937,2.6
23938,2.3
23942,2.37
23943,-666666666.0
23944,2.65
23947,2.23
23950,2.37
23952,2.96
23954,2.64
23955,1.71
23958,2.45
23959,2.76
23960,2.44
23962,2.68
23963,2.81
23964,2.2
23966,2.3
23967,3.19
23968,1.97
23970,2.21
23974,2.39
23976,-666666666.0
24011,1.33
24012,2.39
24013,2.95
24014,2.06
24015,2.28
24016,1.97
24017,2.43
24018,2.39
24019,2.41
24020,-666666666.0
24022,-666666666.0
24053,2.17
24054,2.88
24055,2.29
24058,2.22
24059,2.04
24060,2.54
24061,-666666666.0
24064,2.93
24065,2.39
24066,2.5
24067,2.74
24069,2.31
24070,2.69
24072,2.42
24073,2.32
24076,2.44
24077,2.49
24078,2.5
24079,2.59
24082,2.77
24083,2.75
24084,2.31
24085,2.13
24086,2.91
24087,2.55
24088,2.32
24089,2.23
24090,2.45
24091,2.24
24092,2.89
24093,2.59
24095,2.18
24101,2.47
24102,2.43
24104,2.0
24105,1.97
24112,2.33
24120,2.08
24121,2.28
24122,2.29
24124,2.57
24127,2.78
24128,2.29
24129,-666666666.0
24131,1.38
24132,2.49
24133,2.49
24134,2.49
24136,2.26
24137,2.25
24138,2.59
24139,1.72
24141,2.43
24142,-666666666.0
24147,2.26
24148,2.69
24149,2.49
24150,2.34
24151,2.43
24153,2.3
24161,3.12
24162,2.33
24165,2.35
24167,1.67
24168,1.49
24171,2.14
24174,2.4
24175,2.68
24176,2.03
24179,2.32
24184,2.58
24185,2.07
24201,2.3
24202,2.35
24210,2.21
24211,2.41
24216,2.42
24217,2.19
24219,2.43
24220,2.63
24221,2.44
24224,2.46
24225,2.19
24226,2.55
24228,2.37
24230,2.4
24236,2.43
24237,2.45
24239,7.91
24243,2.33
24244,2.63
24245,2.13
24246,2.3
24248,2.33
24250,2.12
24251,2.27
24256,2.48
24258,2.24
24260,2.41
24263,2.25
24265,3.47
24266,2.46
24269,2.55
24270,2.48
24271,2.17
24272,1.81
24273,2.45
24277,2.5
24279,2.35
24280,3.31
24281,2.92
24282,3.71
24283,2.19
24290,2.78
24292,2.45
24293,2.28
24301,2.28
24311,1.97
24312,2.34
24313,2.67
24314,2.22
24315,2.33
24316,2.81
24317,2.38
24318,2.73
24319,2.44
24322,-666666666.0
24323,2.79
24324,2.35
24325,1.88
24326,1.95
24327,-666666666.0
24328,1.97
24330,2.28
24333,2.5
24340,2.73
24343,2.34
24347,1.93
24348,2.37
24350,2.54
24351,1.35
24352,2.87
24354,2.21
24360,2.35
24361,2.66
24363,1.93
24366,1.97
24368,2.66
24370,2.39
24374,1.94
24375,2.27
24377,3.75
24378,2.22
24380,2.13
24381,2.7
24382,2.1
24401,2.19
24411,-666666666.0
24412,1.53
24413,2.1
24415,1.94
24416,2.47
24421,2.37
24422,2.37
24426,2.31
24430,2.36
24431,2.64
24432,2.05
24433,2.32
24435,2.13
24437,2.9
24439,1.72
24440,2.59
24441,2.48
24442,2.19
24445,2.11
24448,2.11
24450,2.27
24457,3.09
24458,1.82
24459,2.26
24460,2.02
24464,2.32
24465,2.32
24467,2.5
24469,-666666666.0
24471,2.18
24472,2.5
24473,2.44
24474,2.94
24476,1.86
24477,2.52
24479,2.57
24482,2.55
24483,2.24
24484,2.0
24485,2.31
24486,2.88
24487,2.42
24501,2.34
24502,2.45
24503,2.38
24504,2.3
24515,-666666666.0
24517,2.23
24520,2.45
24521,2.37
24522,2.47
24523,2.46
24526,2.37
24527,2.75
24528,2.45
24529,2.12
24530,1.7
24531,2.41
24534,2.42
24536,3.1
24538,2.47
24539,2.01
24540,2.3
24541,2.23
24549,2.61
24550,2.69
24551,2.58
24553,2.28
24554,2.42
24555,2.47
24556,2.44
24557,2.17
24558,2.33
24562,2.08
24563,2.34
24565,2.44
24566,2.65
24569,2.57
24570,-666666666.0
24571,2.41
24572,2.36
24574,2.54
24577,2.28
24578,2.39
24579,2.24
24580,1.96
24581,-666666666.0
24586,2.41
24588,2.35
24589,2.46
24590,2.51
24592,2.56
24593,2.55
24594,2.71
24595,1.79
24597,2.34
24598,2.59
24599,1.99
24601,-666666666.0
24602,3.17
24603,1.98
24604,3.09
24605,2.19
24606,2.07
24607,2.1
24609,2.46
24612,2.52
24613,2.27
24614,2.54
24620,3.22
24622,2.04
24630,2.61
24631,2.22
24634,2.42
24635,1.84
24637,2.68
24639,2.72
24641,2.31
24646,2.08
24649,2.25
24651,2.53
24656,2.64
24657,2.61
24701,2.28
24712,3.11
24714,4.23
24715,2.68
24716,1.2
24719,2.86
24724,1.8
24726,3.39
24729,1.5
24731,-666666666.0
24733,1.92
24736,2.4
24737,2.95
24738,-666666666.0
24739,2.33
24740,2.35
24747,2.59
24801,2.68
24808,2.57
24811,2.3
24813,-666666666.0
24815,2.38
24816,-666666666.0
24817,2.65
24818,2.4
24822,2.18
24823,3.11
24826,-666666666.0
24827,3.08
24828,2.93
24830,1.37
24831,3.83
24834,2.99
24836,3.48
24839,2.96
24843,-666666666.0
24844,2.69
24845,3.29
24846,2.69
24847,2.52
24848,1.76
24849,2.01
24850,-666666666.0
24851,2.2
24853,1.58
24854,3.2
24855,2.22
24857,2.7
24860,2.27
24861,3.88
24862,2.37
24866,2.39
24867,-666666666.0
24868,2.65
24869,2.25
24870,2.22
24871,2.86
24872,1.86
24873,2.24
24874,2.95
24878,1.79
24879,2.8
24880,2.18
24881,3.95
24882,3.32
24884,3.46
24887,-666666666.0
24888,1.69
24892,3.02
24894,2.03
24895,1.55
24898,1.86
24901,2.1
24910,2.35
24915,2.55
24916,2.25
24918,2.57
24920,3.52
24924,2.14
24925,1.93
24927,2.51
24931,2.33
24934,2.09
24935,2.39
24938,3.05
24941,3.08
24943,2.08
24944,2.44
24945,2.02
24946,2.27
24951,2.31
24954,2.63
24957,2.14
24962,1.83
24963,2.74
24966,2.11
24970,2.11
24974,3.16
24976,2.32
24977,2.41
24981,2.39
24983,2.3
24984,2.05
24985,3.41
24986,2.15
24991,1.73
24993,2.33
25002,-666666666.0
25003,2.01
25005,2.57
25007,3.23
25008,2.9
25009,3.06
25011,2.22
25015,2.2
25019,2.43
25021,1.49
25022,3.27
25024,2.38
25025,4.03
25028,1.92
25030,3.25
25031,1.72
25033,2.5
25035,2.82
25036,2.53
25039,2.8
25040,3.57
25043,3.08
25044,2.15
25045,2.77
25047,2.69
25048,2.88
25049,3.34
25051,2.81
25053,2.53
25054,3.14
25057,3.76
25059,3.24
25060,2.49
25061,2.45
25062,1.19
25063,2.43
25064,2.04
25067,2.67
25070,2.42
25071,2.54
25075,2.98
25076,2.84
25081,2.28
25082,2.51
25083,2.89
25085,2.28
25086,2.25
25088,1.46
25090,2.35
25093,3.4
25102,3.49
25103,1.72
25106,2.16
25107,1.88
25108,2.39
25109,2.6
25110,2.38
25111,2.18
25112,-666666666.0
25113,1.89
25114,3.15
25115,1.74
25118,2.89
25119,3.19
25121,3.21
25123,2.56
25124,2.13
25125,3.56
25126,2.13
25130,2.69
25132,2.74
25133,2.8
25134,3.18
25136,2.25
25139,3.44
25140,3.06
25141,2.63
25142,3.66
25143,2.42
25148,3.39
25149,2.67
25152,2.47
25154,3.33
25156,-666666666.0
25159,2.67
25160,2.79
25161,2.29
25162,2.92
25164,2.49
25165,2.92
25168,2.57
25169,2.46
25173,1.56
25174,2.13
25177,2.4
25180,2.97
25181,2.63
25183,1.95
25185,-666666666.0
25186,2.38
25187,2.04
25193,2.8
25201,1.93
25202,3.28
25203,3.14
25204,2.58
25205,5.14
25206,2.1
25208,3.15
25209,1.98
25211,2.76
25213,2.56
25214,3.25
25231,-666666666.0
25234,2.32
25235,2.85
25239,3.67
25241,2.71
25243,2.28
25244,2.83
25245,1.8
25247,2.39
25248,2.82
25251,3.31
25252,2.33
25253,2.86
25259,3.26
25260,2.29
25261,2.17
25262,2.69
25264,2.66
25265,2.45
25266,3.22
25267,2.45
25268,2.75
25270,2.8
25271,2.23
25275,2.39
25276,2.38
25285,2.9
25286,2.54
25287,1.87
25301,1.5
25302,2.0
25303,2.27
25304,2.26
25305,-666666666.0
25306,2.13
25309,2.19
25311,2.02
25312,2.75
25313,2.16
25314,2.32
25315,2.35
25320,2.55
25387,2.47
25401,2.43
25403,2.49
25404,2.44
25405,2.61
25411,2.38
25413,2.67
25414,2.61
25419,2.55
25420,2.35
25421,2.0
25422,2.44
25425,2.5
25427,2.5
25428,2.67
25430,2.9
25431,3.5
25432,2.88
25434,3.61
25437,2.18
25438,2.71
25442,3.28
25443,2.47
25444,2.55
25446,2.93
25501,2.52
25502,2.95
25503,2.93
25504,2.45
25505,2.64
25506,2.41
25507,2.41
25508,2.52
25510,2.63
25511,2.52
25512,2.33
25514,2.57
25515,2.67
25517,2.3
25520,1.95
25521,2.86
25523,2.78
25524,2.41
25526,2.57
25529,2.77
25530,2.52
25534,1.61
25535,3.34
25537,2.06
25540,2.31
25541,2.41
25544,3.6
25545,2.83
25547,2.26
25550,2.3
25555,3.61
25557,2.06
25559,2.24
25560,2.4
25564,3.69
25565,2.6
25567,2.78
25570,2.78
25571,3.0
25573,2.96
25601,2.6
25606,2.46
25607,2.29
25608,2.43
25611,2.09
25612,2.18
25617,2.91
25621,2.43
25624,2.19
25625,2.24
25628,1.98
25630,2.75
25632,3.73
25634,2.56
25635,3.09
25637,2.44
25638,2.76
25639,2.39
25644,2.8
25646,3.45
25647,1.88
25649,2.48
25650,2.83
25651,2.64
25652,2.5
25653,2.7
25654,3.25
25661,2.18
25666,3.05
25667,4.11
25669,2.68
25670,2.49
25671,3.79
25672,2.09
25674,2.43
25676,2.49
25678,2.2
25685,3.54
25688,2.14
25690,4.31
25692,2.73
25696,2.62
25699,2.41
25701,2.15
25702,2.29
25703,2.04
25704,2.39
25705,2.34
25755,-666666666.0
25801,2.39
25810,-666666666.0
25811,-666666666.0
25812,2.6
25813,2.19
25817,2.39
25818,2.16
25820,2.41
25823,2.01
25825,2.68
25826,3.72
25827,2.47
25831,2.58
25832,2.4
25836,3.14
25837,2.19
25839,2.25
25840,2.46
25841,3.6
25843,1.78
25844,2.61
25845,2.34
25846,1.74
25848,2.03
25849,-666666666.0
25851,-666666666.0
25853,1.5
25854,2.72
25855,2.08
25857,1.93
25862,1.62
25864,2.86
25865,2.24
25866,3.24
25868,2.24
25870,1.31
25871,2.4
25873,1.68
25875,4.58
25876,2.46
25878,2.28
25879,2.81
25880,2.54
25882,3.15
25901,2.34
25902,2.2
25904,2.07
25907,3.78
25908,-666666666.0
25909,2.72
25911,1.92
25913,2.11
25915,2.25
25916,3.77
25917,2.06
25918,2.67
25920,5.77
25921,2.37
25922,1.77
25928,2.04
25932,4.8
25936,-666666666.0
25938,2.89
25942,2.67
25943,-666666666.0
25951,2.11
25958,3.28
25962,2.37
25966,4.25
25969,2.49
25971,2.47
25972,1.88
25976,2.42
25977,-666666666.0
25978,2.75
25979,2.31
25981,2.34
25984,2.56
25985,3.02
25986,2.36
25989,2.83
26003,2.25
26030,2.59
26031,2.32
26032,1.95
26033,2.25
26034,2.01
26035,2.31
26036,3.99
26037,2.09
26038,2.67
26039,2.36
26040,2.82
26041,2.46
26047,2.38
26050,2.09
26055,1.97
26056,3.11
26058,5.65
26059,2.4
26060,3.27
26062,2.15
26070,2.39
26074,2.6
26075,2.4
26101,2.33
26104,2.14
26105,2.34
26133,2.67
26134,2.2
26136,2.4
26137,3.53
26138,1.31
26141,3.3
26142,2.54
26143,2.44
26146,2.16
26147,2.21
26148,2.0
26149,2.81
26150,2.54
26151,2.03
26152,-666666666.0
26155,2.44
26159,2.64
26160,2.25
26161,2.62
26162,-666666666.0
26164,2.46
26167,1.83
26169,2.58
26170,2.68
26175,2.63
26178,2.51
26180,2.48
26181,2.6
26184,2.84
26187,2.22
26201,2.33
26202,2.25
26203,2.88
26205,2.5
26206,2.87
26208,2.51
26209,3.7
26210,-666666666.0
26215,2.09
26217,5.02
26218,2.8
26222,2.01
26224,1.97
26228,-666666666.0
26230,1.26
26234,1.87
26236,1.86
26237,2.43
26238,1.97
26241,2.37
26250,3.13
26253,2.66
26254,3.78
26257,2.7
26259,1.66
26260,2.3
26261,2.5
26263,1.94
26264,2.83
26266,6.06
26267,3.58
26268,-666666666.0
26269,2.15
26270,1.95
26271,1.93
26273,3.45
26275,3.01
26276,3.31
26278,2.39
26280,2.88
26282,1.87
26283,2.33
26285,1.57
26287,2.56
26288,2.47
26289,3.0
26291,1.96
26292,2.15
26293,2.64
26294,1.74
26296,2.11
26298,2.27
26301,2.42
26320,2.75
26321,2.15
26323,1.91
26325,2.19
26327,1.57
26330,2.47
26335,2.56
26337,2.68
26338,3.77
26339,2.76
26342,2.9
26343,2.2
26346,3.17
26347,2.81
26348,2.44
26349,2.71
26351,2.56
26354,2.46
26361,2.3
26362,2.47
26366,3.04
26369,3.22
26372,2.59
26374,2.76
26376,2.75
26377,2.49
26378,2.53
26384,2.39
26385,2.58
26386,2.66
26404,1.06
26405,3.15
26408,2.74
26410,2.21
26411,2.82
26412,2.83
26415,2.84
26416,2.23
26419,2.41
26421,2.67
26422,2.17
26424,2.07
26425,2.03
26426,2.79
26430,2.12
26431,2.59
26435,4.05
26436,1.84
26437,3.19
26438,1.27
26440,2.44
26443,3.17
26444,2.51
26447,2.39
26448,3.31
26451,2.68
26452,2.37
26456,2.75
26463,1.73
26501,2.2
26505,2.05
26506,-666666666.0
26508,2.49
26519,2.31
26520,2.33
26521,2.07
26524,2.43
26525,2.32
26534,2.03
26537,2.33
26541,2.27
26542,2.42
26543,-666666666.0
26544,-666666666.0
26546,2.36
26547,2.61
26554,2.31
26559,2.45
26560,3.33
26562,3.52
26563,2.44
26568,2.81
26570,2.61
26571,2.5
26572,4.87
26574,2.54
26575,2.02
26576,1.97
26581,2.52
26582,2.34
26585,3.4
26586,1.66
26587,2.88
26588,2.45
26590,2.02
26591,3.22
26601,2.54
26610,2.06
26611,3.44
26615,2.0
26617,3.29
26619,2.9
26621,2.91
26623,2.99
26624,2.33
26627,5.43
26629,2.42
26631,2.18
26636,2.8
26638,3.49
26651,2.55
26656,2.64
26660,2.61
26662,2.34
26667,2.8
26671,2.32
26676,3.21
26678,2.99
26679,2.2
26680,2.91
26681,2.54
26684,2.87
26690,3.42
26691,3.14
26704,2.53
26705,2.46
26707,2.41
26710,2.8
26711,2.88
26714,2.68
26716,2.78
26717,3.59
26719,2.1
26720,4.25
26722,1.96
26726,2.5
26731,1.88
26739,2.61
26743,2.37
26750,2.84
26753,2.4
26755,3.18
26757,2.7
26761,2.01
26763,2.83
26764,2.52
26767,3.45
26801,2.33
26802,2.15
26804,2.81
26807,2.48
26808,2.53
26810,2.58
26812,2.56
26814,2.64
26815,2.98
26817,5.18
26818,3.14
26823,-666666666.0
26833,2.54
26836,2.48
26838,3.8
26845,2.64
26847,2.5
26851,1.85
26852,2.45
26855,2.77
26865,3.11
26866,2.9
26884,2.84
26886,1.99
27006,2.48
27007,2.89
27009,2.81
27011,2.24
27012,2.39
27013,2.63
27014,2.58
27016,1.99
27017,2.69
27018,2.61
27019,2.03
27020,2.4
27021,2.28
27022,2.31
27023,2.71
27024,2.14
27025,2.46
27027,2.08
27028,2.65
27030,2.38
27040,2.69
27041,2.37
27042,2.46
27043,2.6
27045,2.37
27046,2.09
27047,2.94
27048,2.4
27050,2.63
27051,2.57
27052,2.56
27053,2.1
27054,2.11
27055,2.68
27101,2.03
27103,2.14
27104,2.19
27105,2.7
27106,2.42
27107,2.71
27109,-666666666.0
27110,-666666666.0
27127,2.56
27201,2.37
27202,4.07
27203,2.42
27205,2.52
27207,2.53
27208,2.54
27209,3.3
27212,2.27
27213,1.58
27214,2.67
27215,2.31
27217,2.75
27229,2.92
27231,2.13
27233,2.73
27235,2.44
27239,2.36
27242,2.05
27243,2.45
27244,2.56
27247,2.75
27248,3.1
27249,2.36
27252,2.22
27253,2.35
27256,-666666666.0
27258,2.88
27259,3.17
27260,2.56
27262,2.47
27263,2.55
27265,2.39
27268,-666666666.0
27278,2.41
27281,2.61
27282,2.46
27283,2.53
27284,2.42
27288,2.36
27291,2.12
27292,2.43
27295,2.48
27298,2.79
27299,3.0
27301,2.74
27302,2.53
27305,2.48
27306,2.34
27310,2.96
27311,2.7
27312,2.3
27313,2.48
27314,2.81
27315,2.45
27316,2.73
27317,2.65
27320,2.29
27325,2.92
27326,2.46
27330,2.62
27332,2.76
27340,1.82
27341,2.21
27342,3.58
27343,2.7
27344,2.69
27349,2.49
27350,2.49
27351,3.17
27355,2.74
27356,2.99
27357,2.55
27358,2.82
27360,2.51
27370,2.68
27371,2.36
27374,1.95
27376,2.5
27377,2.57
27379,2.32
27401,2.15
27403,2.25
27405,2.56
27406,2.49
27407,2.42
27408,2.16
27409,2.07
27410,2.24
27411,-666666666.0
27412,-666666666.0
27455,2.38
27501,2.66
27502,2.85
27503,2.14
27504,2.38
27505,2.63
27506,2.1
27507,2.7
27508,2.44
27509,2.83
27510,2.07
27511,2.46
27513,2.47
27514,2.33
27516,2.57
27517,2.34
27518,2.34
27519,2.92
27520,2.8
27521,2.54
27522,2.59
27523,2.66
27524,2.8
27525,2.5
27526,2.75
27527,2.81
27529,2.65
27530,2.32
27531,-666666666.0
27533,-666666666.0
27534,2.22
27536,2.54
27537,2.63
27539,3.1
27540,3.04
27541,2.35
27542,2.45
27544,2.45
27545,2.72
27546,2.78
27549,2.48
27551,2.37
27553,2.81
27555,2.46
27556,2.62
27557,2.98
27559,2.19
27560,2.49
27562,3.04
27563,2.29
27565,2.63
27568,2.83
27569,2.68
27570,-666666666.0
27571,3.08
27572,2.47
27573,2.3
27574,2.42
27576,2.69
27577,2.67
27581,2.79
27582,2.63
27583,2.47
27584,2.14
27587,2.79
27589,2.37
27591,2.92
27592,3.05
27593,-666666666.0
27594,2.0
27596,2.64
27597,2.73
27599,-666666666.0
27601,1.98
27603,2.45
27604,2.38
27605,1.54
27606,2.33
27607,2.16
27608,2.35
27609,2.11
27610,2.95
27612,2.1
27613,2.49
27614,2.55
27615,2.39
27616,2.67
27617,2.02
27695,-666666666.0
27697,-666666666.0
27701,2.06
27703,2.45
27704,2.58
27705,2.08
27707,2.26
27708,-666666666.0
27709,-666666666.0
27712,2.45
27713,2.35
27801,2.76
27803,2.2
27804,2.3
27805,2.35
27806,2.52
27807,2.83
27808,2.21
27809,2.48
27810,2.17
27812,2.13
27813,2.67
27814,2.35
27815,-666666666.0
27816,2.47
27817,2.46
27818,2.3
27819,4.22
27820,2.49
27821,1.6
27822,2.41
27823,2.57
27824,2.13
27825,2.5
27826,2.76
27827,1.67
27828,2.36
27829,1.67
27830,2.42
27831,1.87
27832,2.35
27834,2.22
27837,2.51
27839,2.08
27840,2.04
27841,1.53
27842,2.09
27843,2.88
27844,2.46
27845,2.44
27846,2.43
27847,2.61
27849,2.23
27850,2.31
27851,2.56
27852,2.19
27853,2.87
27855,2.27
27856,2.64
27857,1.91
27858,2.26
27860,2.95
27861,2.35
27862,1.89
27863,2.8
27864,2.41
27865,2.84
27866,3.5
27869,2.2
27870,2.41
27871,2.28
27872,3.08
27873,1.94
27874,1.79
27875,1.22
27876,1.8
27877,2.0
27878,2.09
27879,2.2
27880,2.43
27881,2.29
27882,2.73
27883,2.8
27884,3.34
27885,1.75
27886,2.29
27888,2.8
27889,2.22
27890,2.64
27891,2.84
27892,2.36
27893,2.4
27896,2.35
27897,2.37
27909,2.47
27910,2.38
27915,1.24
27916,2.34
27917,2.45
27919,2.32
27920,2.51
27921,2.58
27922,2.26
27923,1.9
27924,2.33
27925,1.99
27926,2.96
27927,2.03
27928,2.29
27929,2.88
27932,2.24
27935,2.83
27936,1.9
27937,2.71
27938,2.25
27939,2.09
27941,1.7
27942,1.97
27943,2.33
27944,2.26
27946,2.07
27947,2.59
27948,2.32
27949,2.39
27950,2.11
27953,1.92
27954,2.43
27956,2.1
27957,2.02
27958,2.91
27959,1.93
27960,1.99
27962,2.25
27964,3.0
27965,2.39
27966,2.69
27967,2.04
27968,1.25
27969,2.15
27970,2.2
27972,2.41
27973,2.28
27974,2.58
27976,2.97
27978,2.8
27979,1.99
27980,2.17
27981,2.77
27982,2.83
27983,2.42
27985,2.64
27986,2.19
28001,2.38
28006,2.5
28007,2.57
28009,2.87
28012,2.38
28016,2.5
28017,-666666666.0
28018,2.15
28019,-666666666.0
28020,3.29
28021,2.45
28023,2.51
28024,1.85
28025,2.8
28027,2.93
28031,2.36
28032,2.07
28033,2.4
28034,2.51
28036,2.67
28037,2.45
28039,-666666666.0
28040,2.49
28041,-666666666.0
28042,3.21
28043,2.58
28052,2.66
28054,2.36
28056,2.63
28071,2.48
28072,2.72
28073,2.94
28074,-666666666.0
28075,3.36
28076,2.05
28077,2.65
28078,2.67
28079,2.97
28080,2.67
28081,2.69
28083,2.71
28086,2.81
28088,3.0
28089,4.2
28090,2.8
28091,2.41
28092,2.51
28097,2.57
28098,2.49
28101,2.23
28102,3.36
28103,2.58
28104,2.97
28105,2.67
28107,3.09
28108,1.93
28109,1.24
28110,2.96
28112,2.71
28114,2.79
28115,2.63
28117,2.54
28119,2.33
28120,2.47
28124,2.89
28125,2.76
28127,2.46
28128,2.78
28129,2.49
28133,2.18
28134,2.58
28135,2.7
28136,2.52
28137,2.67
28138,2.47
28139,2.34
28144,2.34
28146,2.55
28147,2.57
28150,2.33
28152,2.79
28159,2.46
28160,1.86
28163,3.07
28164,2.6
28166,2.73
28167,2.36
28168,2.52
28169,2.88
28170,2.44
28173,3.18
28174,2.83
28202,1.54
28203,1.76
28204,1.65
28205,2.28
28206,2.23
28207,2.24
28208,2.54
28209,1.99
28210,2.25
28211,2.41
28212,2.66
28213,2.47
28214,2.81
28215,2.86
28216,2.29
28217,2.61
28223,-666666666.0
28226,2.44
28227,2.76
28244,-666666666.0
28262,2.15
28269,2.57
28270,2.7
28273,2.69
28274,-666666666.0
28277,2.5
28278,2.85
28280,-666666666.0
28282,-666666666.0
28301,2.04
28303,2.18
28304,2.47
28305,1.98
28306,2.74
28307,2.86
28308,-666666666.0
28310,-666666666.0
28311,2.36
28312,2.54
28314,2.56
28315,2.49
28318,2.46
28320,2.69
28323,2.72
28325,2.14
28326,3.13
28327,2.61
28328,2.73
28330,3.59
28331,2.0
28332,3.21
28333,2.79
28334,2.47
28337,2.37
28338,2.39
28339,2.48
28340,2.67
28341,2.82
28342,2.39
28343,2.77
28344,3.38
28345,2.59
28347,3.37
28348,2.95
28349,2.48
28350,1.93
28351,2.6
28352,2.66
28355,-666666666.0
28356,2.66
28357,2.26
28358,2.65
28359,-666666666.0
28360,2.9
28362,2.2
28363,2.43
28364,2.73
28365,2.5
28366,2.57
28367,4.33
28368,3.52
28369,2.37
28371,2.73
28372,2.55
28373,2.51
28374,2.12
28375,2.67
28376,2.81
28377,2.9
28378,-666666666.0
28379,2.45
28382,2.75
28383,2.46
28384,2.95
28385,2.39
28386,2.59
28387,2.03
28390,2.69
28391,2.69
28392,2.14
28393,2.41
28394,2.51
28395,2.73
28396,2.39
28398,2.48
28399,2.6
28401,1.93
28403,1.97
28405,2.29
28409,2.5
28411,2.35
28412,2.21
28420,2.41
28421,3.24
28422,2.4
28423,2.85
28424,1.06
28425,2.49
28428,2.24
28429,2.3
28430,2.34
28431,2.31
28432,2.47
28433,2.68
28434,1.79
28435,2.78
28436,3.3
28438,2.72
28439,2.53
28441,2.78
28442,2.25
28443,2.71
28444,2.76
28445,2.48
28447,3.39
28448,2.85
28449,2.39
28450,2.24
28451,2.42
28452,3.32
28453,2.65
28454,2.45
28455,2.49
28456,2.65
28457,2.58
28458,2.42
28460,2.29
28461,2.18
28462,2.32
28463,2.4
28464,2.86
28465,2.13
28466,2.1
28467,2.08
28468,1.89
28469,2.13
28470,2.26
28472,2.55
28478,2.38
28479,2.78
28480,2.12
28501,2.37
28504,2.3
28508,2.4
28509,-666666666.0
28510,2.0
28511,2.55
28512,1.92
28513,2.23
28515,2.13
28516,2.0
28518,2.45
28519,2.66
28520,1.53
28521,2.29
28523,2.41
28524,2.81
28525,2.1
28526,2.44
28527,1.96
28528,2.43
28529,2.13
28530,2.12
28531,2.43
28532,2.65
28533,-666666666.0
28537,2.0
28538,2.56
28539,2.51
28540,2.55
28542,5.27
28543,2.87
28544,2.41
28546,2.52
28547,3.31
28551,2.56
28552,2.65
28553,2.25
28554,1.38
28555,2.42
28556,1.99
28557,1.99
28560,2.45
28562,2.21
28570,2.46
28571,2.17
28572,2.4
28573,2.19
28574,2.9
28575,2.62
28577,2.3
28578,3.46
28579,2.35
28580,2.51
28581,2.55
28582,2.46
28584,2.48
28585,2.5
28586,2.32
28587,2.16
28589,1.44
28590,2.45
28594,2.21
28601,2.41
28602,2.48
28604,2.2
28605,1.98
28606,2.33
28607,2.36
28609,2.33
28610,2.58
28611,1.67
28612,2.35
28613,2.57
28615,2.1
28616,2.58
28617,2.09
28618,2.47
28619,1.9
28621,2.32
28622,2.21
28623,2.52
28624,2.27
28625,2.49
28626,2.16
28627,2.05
28628,2.13
28629,-666666666.0
28630,2.59
28631,3.21
28634,2.76
28635,2.34
28636,2.67
28637,2.35
28638,2.57
28640,2.3
28641,-666666666.0
28642,2.34
28643,2.56
28644,1.93
28645,2.44
28646,2.37
28649,3.32
28650,2.56
28651,2.21
28652,2.17
28653,-666666666.0
28654,2.27
28655,2.47
28657,2.23
28658,2.41
28659,2.37
28660,2.65
28662,-666666666.0
28663,1.73
28664,2.29
28665,2.5
28666,4.27
28667,2.2
28668,2.04
28669,2.27
28670,2.8
28671,2.21
28672,1.94
28673,2.27
28675,2.19
28676,2.25
28677,2.52
28678,2.54
28679,2.54
28681,2.57
28682,2.55
28683,2.36
28684,2.01
28685,2.81
28689,3.2
28690,2.21
28692,2.14
28693,2.2
28694,2.13
28697,2.35
28698,2.43
28701,3.6
28702,2.67
28704,2.71
28705,2.27
28707,2.3
28708,1.67
28709,2.29
28710,-666666666.0
28711,2.16
28712,2.13
28713,2.36
28714,2.36
28715,2.77
28716,2.29
28717,2.01
28718,2.08
28719,2.33
28720,1.92
28721,2.4
28722,2.27
28723,2.1
28725,1.94
28726,2.91
28729,2.45
28730,2.58
28731,2.32
28732,2.5
28733,1.56
28734,2.15
28735,1.83
28736,2.11
28739,2.23
28740,2.14
28741,1.79
28742,2.38
28743,2.29
28745,2.72
28746,2.13
28747,2.54
28748,2.89
28749,2.3
28751,2.34
28752,2.42
28753,2.44
28754,2.47
28755,-666666666.0
28756,2.64
28757,5.72
28758,-666666666.0
28759,2.58
28761,2.4
28762,2.2
28763,2.42
28766,2.11
28768,2.44
28770,-666666666.0
28771,2.46
28772,2.11
28773,2.44
28774,1.89
28775,2.69
28777,2.27
28778,2.85
28779,2.22
28781,1.8
28782,2.01
28783,2.94
28785,2.5
28786,2.25
28787,2.61
28788,2.57
28789,2.39
28790,2.51
28791,2.29
28792,2.25
28801,1.98
28803,2.45
28804,2.48
28805,2.3
28806,2.61
28901,2.18
28902,2.4
28904,2.3
28905,2.73
28906,2.16
28909,1.76
29001,3.23
29003,2.35
29006,2.48
29009,2.5
29010,2.42
29014,2.29
29015,2.44
29016,2.61
29018,2.66
29020,2.35
29030,2.69
29031,2.85
29032,2.78
29033,2.04
29036,2.59
29037,2.87
29038,2.4
29039,2.1
29040,2.79
29042,3.28
29044,2.1
29045,2.71
29046,1.31
29047,2.19
29048,2.6
29051,2.48
29052,3.25
29053,2.62
29054,2.48
29055,2.46
29056,2.5
29058,2.99
29059,2.64
29061,2.58
29062,-666666666.0
29063,2.75
29065,1.79
29067,2.57
29069,2.49
29070,2.64
29072,2.65
29073,2.63
29074,1.79
29075,2.28
29078,2.65
29079,-666666666.0
29080,2.89
29081,2.11
29082,2.35
29101,2.6
29102,2.44
29104,2.88
29105,3.22
29107,2.41
29108,2.5
29111,3.02
29112,2.35
29113,3.44
29114,2.65
29115,2.33
29117,-666666666.0
29118,2.6
29122,2.34
29123,2.66
29125,2.75
29126,2.7
29127,2.29
29128,2.06
29129,2.5
29130,2.14
29133,2.74
29135,2.29
29137,2.31
29138,2.61
29142,2.55
29145,2.63
29146,2.59
29148,2.52
29150,2.43
29152,2.53
29153,2.5
29154,2.5
29160,2.33
29161,2.5
29162,2.77
29163,3.05
29164,2.51
29166,2.84
29168,2.66
29169,2.02
29170,2.44
29172,2.41
29175,2.11
29177,-666666666.0
29178,2.32
29180,2.34
29201,2.02
29203,2.4
29204,2.12
29205,2.05
29206,2.31
29207,1.5
29208,-666666666.0
29209,2.47
29210,2.13
29212,2.21
29223,2.29
29225,-666666666.0
29229,2.65
29301,2.6
29302,2.37
29303,2.53
29306,2.52
29307,2.28
29316,2.61
29320,2.39
29321,2.66
29322,2.75
29323,2.62
29324,2.31
29325,2.45
29329,2.21
29330,2.42
29331,-666666666.0
29332,2.58
29333,2.26
29334,2.76
29335,2.29
29338,-666666666.0
29340,2.54
29341,2.59
29346,2.82
29349,2.64
29351,2.43
29353,2.26
29355,2.82
29356,2.24
29360,2.61
29364,2.07
29365,2.9
29368,2.69
29369,2.47
29370,2.28
29372,2.3
29373,2.18
29374,2.46
29375,2.96
29376,2.69
29377,2.55
29378,1.08
29379,2.19
29384,2.28
29385,2.75
29388,2.46
29401,1.88
29403,2.18
29404,3.03
29405,2.24
29406,2.48
29407,2.14
29409,2.28
29410,2.8
29412,2.39
29414,2.28
29418,2.33
29420,2.63
29424,1.98
29425,-666666666.0
29426,2.27
29429,2.61
29431,2.69
29432,2.32
29434,2.1
29435,2.71
29436,2.24
29437,2.11
29438,2.06
29439,1.56
29440,2.55
29445,2.68
29446,3.11
29448,2.46
29449,2.65
29450,2.39
29451,2.23
29452,2.08
29453,2.2
29455,2.28
29456,2.61
29458,2.64
29461,2.7
29464,2.15
29466,2.69
29468,2.4
29469,1.78
29470,2.76
29471,2.13
29472,2.82
29474,1.79
29475,2.27
29477,2.31
29479,2.61
29481,2.7
29482,2.74
29483,2.69
29485,2.74
29486,2.67
29487,2.24
29488,2.49
29492,2.22
29493,2.9
29501,2.51
29505,2.51
29506,2.67
29510,2.67
29511,2.87
29512,2.5
29516,3.65
29518,2.11
29519,2.51
29520,2.37
29525,2.74
29526,2.61
29527,2.78
29530,2.73
29532,2.43
29536,2.6
29540,2.32
29541,2.71
29543,2.65
29544,2.83
29545,2.74
29546,2.58
29547,2.72
29550,2.49
29554,2.61
29555,2.94
29556,2.37
29560,2.35
29563,2.33
29564,2.61
29565,2.76
29566,2.13
29567,3.01
29568,2.54
29569,2.6
29570,2.98
29571,2.72
29572,2.1
29574,2.43
29575,2.31
29576,2.1
29577,2.23
29579,2.61
29580,2.9
29581,2.88
29582,2.15
29583,2.75
29584,2.31
29585,2.17
29588,2.75
29589,-666666666.0
29590,2.73
29591,2.52
29592,2.2
29593,2.65
29594,1.5
29596,2.03
29601,1.69
29605,2.54
29607,2.14
29609,2.25
29611,2.54
29613,-666666666.0
29614,2.0
29615,2.14
29617,2.42
29620,2.41
29621,2.49
29624,2.37
29625,2.27
29626,2.5
29627,2.55
29628,2.35
29630,2.3
29631,2.49
29634,1.97
29635,2.94
29638,2.56
29639,2.32
29640,2.57
29642,2.45
29643,2.5
29644,2.54
29645,2.49
29646,2.46
29649,2.27
29650,2.59
29651,2.63
29653,2.3
29654,2.64
29655,2.55
29657,2.64
29658,2.81
29659,2.09
29661,2.34
29662,2.36
29664,2.28
29665,2.24
29666,2.53
29667,2.86
29669,2.58
29670,2.39
29671,2.63
29672,2.31
29673,2.64
29676,2.26
29678,2.28
29680,2.65
29681,2.81
29682,2.34
29683,3.24
29684,2.74
29685,2.37
29686,2.32
29687,2.59
29689,2.26
29690,2.64
29691,2.58
29692,2.53
29693,2.27
29696,2.49
29697,2.49
29702,2.8
29704,2.69
29706,2.47
29707,2.41
29708,2.7
29709,2.39
29710,2.65
29712,2.22
29714,2.79
29715,2.76
29717,2.55
29718,2.68
29720,2.57
29724,-666666666.0
29726,2.64
29727,2.21
29728,2.63
29729,2.56
29730,2.36
29732,2.44
29733,-666666666.0
29741,2.36
29742,2.23
29743,2.87
29745,2.65
29801,2.44
29803,2.43
29805,2.45
29809,2.63
29810,2.06
29812,2.49
29816,3.17
29817,2.64
29819,2.47
29821,2.71
29824,2.3
29826,2.35
29827,2.31
29828,2.61
29829,2.72
29831,2.31
29832,2.4
29834,3.22
29835,2.15
29836,2.08
29838,2.95
29840,1.94
29841,2.28
29842,2.54
29843,2.82
29844,1.84
29845,2.14
29847,2.7
29848,2.48
29849,3.21
29851,2.79
29853,2.26
29856,2.97
29860,2.52
29899,-666666666.0
29902,2.53
29904,-666666666.0
29905,-666666666.0
29906,2.76
29907,2.61
29909,1.98
29910,2.64
29911,2.59
29912,-666666666.0
29915,1.67
29916,2.5
29918,2.54
29920,2.36
29921,3.27
29922,3.33
29923,2.51
29924,2.33
29926,2.35
29927,2.6
29928,1.91
29929,2.43
29932,3.37
29934,2.66
29935,2.18
29936,2.44
29939,2.16
29940,2.51
29941,1.76
29943,2.96
29944,2.73
29945,2.03
30002,2.04
30004,2.73
30005,2.93
30008,2.71
30009,2.54
30011,3.18
30012,2.83
30013,2.66
30014,2.62
30016,2.97
30017,3.2
30018,2.89
30019,3.09
30021,3.94
30022,2.81
30024,3.02
30025,2.81
30028,3.15
30030,2.46
30032,2.68
30033,2.25
30034,2.57
30035,3.15
30038,2.93
30039,3.14
30040,2.95
30041,2.95
30043,3.02
30044,3.28
30045,3.4
30046,2.91
30047,3.13
30052,3.02
30054,2.74
30055,2.52
30056,2.86
30058,2.95
30060,2.69
30062,2.7
30064,2.77
30066,2.7
30067,2.41
30068,2.64
30070,1.68
30071,2.97
30072,2.12
30075,2.63
30076,2.72
30078,3.16
30079,3.38
30080,2.17
30082,2.39
30083,2.98
30084,2.58
30087,2.95
30088,2.89
30090,-666666666.0
30092,2.33
30093,2.6
30094,2.82
30096,2.54
30097,2.7
30101,3.0
30102,2.91
30103,2.93
30104,3.12
30105,2.56
30106,2.58
30107,2.83
30108,2.43
30110,2.59
30111,-666666666.0
30113,2.72
30114,2.73
30115,2.96
30116,2.6
30117,2.62
30118,2.86
30120,2.86
30121,2.6
30122,2.47
30124,2.43
30125,2.7
30126,2.7
30127,2.95
30132,2.87
30134,2.95
30135,2.99
30137,2.8
30139,2.75
30141,3.09
30143,2.5
30144,2.56
30145,2.83
30147,2.83
30148,2.98
30149,1.77
30152,2.72
30153,2.83
30157,2.96
30161,2.54
30165,2.72
30168,2.76
30170,2.79
30171,2.77
30173,2.42
30175,2.55
30176,2.55
30177,2.06
30178,2.58
30179,2.78
30180,2.98
30182,2.64
30183,2.55
30184,2.94
30185,2.75
30187,2.64
30188,2.61
30189,2.69
30204,2.37
30205,2.73
30206,2.77
30213,2.93
30214,2.65
30215,2.98
30216,2.29
30217,2.53
30218,3.01
30220,2.64
30222,2.66
30223,2.5
30224,2.62
30228,3.12
30229,1.83
30230,2.65
30233,2.8
30234,2.18
30236,2.92
30238,3.1
30240,2.71
30241,2.64
30248,3.17
30250,-666666666.0
30251,2.54
30252,3.08
30253,2.93
30256,2.97
30257,2.75
30258,2.95
30259,2.83
30260,3.06
30263,2.68
30265,2.68
30268,2.65
30269,2.63
30272,-666666666.0
30273,2.85
30274,2.62
30275,3.39
30276,2.85
30277,2.76
30281,2.62
30284,3.0
30285,3.69
30286,2.61
30288,2.61
30289,2.0
30290,2.79
30291,2.39
30292,2.72
30293,2.34
30294,2.83
30295,3.09
30296,2.72
30297,2.77
30303,1.47
30305,1.81
30306,2.02
30307,2.22
30308,1.51
30309,1.61
30310,2.15
30311,2.2
30312,1.83
30313,1.76
30314,2.28
30315,2.47
30316,2.17
30317,2.35
30318,2.16
30319,2.16
30322,-666666666.0
30324,1.77
30326,1.56
30327,2.33
30328,2.13
30329,2.33
30331,2.53
30332,-666666666.0
30334,-666666666.0
30336,1.33
30337,2.3
30338,2.41
30339,1.85
30340,2.82
30341,2.32
30342,2.21
30344,2.34
30345,2.37
30346,1.5
30349,2.53
30350,1.99
30354,2.32
30360,2.87
30363,1.61
30401,2.68
30410,2.33
30411,4.05
30412,1.86
30413,2.2
30414,3.16
30415,2.4
30417,2.64
30420,2.33
30421,2.65
30423,1.64
30425,3.19
30426,2.57
30427,2.49
30428,5.15
30429,3.55
30434,2.45
30436,2.63
30439,2.62
30441,2.5
30442,2.27
30445,2.89
30446,3.06
30448,1.5
30449,2.42
30450,2.83
30451,3.14
30452,2.91
30453,2.71
30454,3.18
30455,2.08
30456,2.0
30457,2.55
30458,2.43
30460,-666666666.0
30461,2.43
30464,4.82
30467,2.92
30470,2.52
30471,2.52
30473,2.67
30474,2.74
30477,2.68
30501,2.73
30504,3.13
30506,2.72
30507,3.55
30510,2.98
30511,2.7
30512,2.28
30513,2.17
30516,2.76
30517,2.9
30518,3.16
30519,3.12
30520,3.1
30521,3.03
30522,2.03
30523,2.57
30525,2.39
30527,2.71
30528,2.77
30529,2.92
30530,2.75
30531,2.84
30533,2.7
30534,2.76
30535,2.69
30536,2.68
30537,1.71
30538,2.54
30539,1.7
30540,2.36
30541,2.16
30542,2.91
30543,3.24
30545,2.35
30546,2.07
30547,2.72
30548,2.85
30549,3.06
30552,2.39
30553,2.46
30554,2.79
30555,1.94
30557,2.52
30558,2.87
30559,2.52
30560,2.23
30562,2.58
30563,3.12
30564,2.71
30565,2.74
30566,2.72
30567,3.32
30568,2.34
30571,2.26
30572,1.89
30573,1.03
30575,3.49
30576,2.7
30577,2.56
30581,4.78
30582,2.26
30597,-666666666.0
30598,-666666666.0
30601,2.3
30602,-666666666.0
30605,2.16
30606,2.2
30607,2.46
30609,-666666666.0
30619,2.37
30620,3.2
30621,2.89
30622,2.76
30623,3.71
30624,2.71
30625,2.17
30627,3.28
30628,3.27
30629,2.79
30630,2.54
30631,2.59
30633,2.78
30634,2.76
30635,2.35
30639,4.63
30641,2.39
30642,2.38
30643,2.34
30646,2.51
30648,3.02
30650,2.55
30655,2.83
30656,2.95
30660,3.14
30662,2.51
30663,2.94
30664,-666666666.0
30665,2.03
30666,2.98
30667,2.17
30668,2.78
30669,2.9
30673,2.09
30677,2.94
30678,2.78
30680,2.84
30683,2.7
30701,2.8
30705,2.73
30707,2.59
30708,2.26
30710,2.85
30711,2.5
30720,2.73
30721,2.86
30724,4.45
30725,2.94
30726,-666666666.0
30728,2.52
30730,2.86
30731,2.21
30733,2.68
30734,2.52
30735,3.21
30736,2.72
30738,2.49
30739,2.87
30740,2.71
30741,2.37
30742,2.18
30746,2.81
30747,2.42
30750,2.64
30751,6.31
30752,2.52
30753,2.92
30755,2.92
30756,1.69
30757,2.08
30802,3.01
30803,3.14
30805,3.37
30807,3.12
30808,2.62
30809,3.23
30810,2.77
30812,-666666666.0
30813,3.31
30814,2.98
30815,3.03
30816,2.16
30817,2.56
30818,2.38
30820,2.23
30821,2.76
30822,-666666666.0
30823,2.49
30824,2.6
30828,2.62
30830,2.93
30833,2.84
30901,2.19
30904,2.48
30905,3.83
30906,2.89
30907,2.65
30909,2.43
30912,-666666666.0
31001,3.04
31002,2.71
31003,2.05
31004,-666666666.0
31005,2.94
31006,2.68
31007,2.52
31008,2.7
31009,2.95
31011,2.84
31012,2.75
31014,2.69
31015,2.48
31016,2.73
31017,2.36
31018,2.35
31019,3.04
31020,2.61
31021,2.59
31022,2.62
31023,2.73
31024,2.27
31025,2.66
31027,2.83
31028,3.04
31029,2.58
31030,2.68
31031,2.65
31032,2.75
31033,2.87
31034,2.78
31035,2.57
31036,2.74
31037,3.02
31038,2.51
31039,-666666666.0
31041,2.76
31042,2.36
31044,2.7
31045,-666666666.0
31046,2.81
31047,2.96
31049,2.65
31050,1.89
31051,2.88
31052,2.88
31054,2.85
31055,3.99
31057,2.5
31058,2.49
31060,2.69
31061,2.41
31062,-666666666.0
31063,2.53
31064,2.63
31065,3.13
31066,3.44
31067,2.5
31068,2.5
31069,2.46
31070,2.46
31071,3.06
31072,3.06
31075,2.94
31076,2.39
31077,3.14
31078,2.44
31079,2.53
31081,1.95
31082,2.5
31083,4.13
31084,-666666666.0
31085,3.26
31087,2.5
31088,2.74
31089,2.63
31090,2.94
31091,2.27
31092,2.53
31093,2.28
31094,2.34
31096,2.5
31097,2.79
31098,3.09
31201,1.86
31204,2.55
31206,2.92
31207,-666666666.0
31210,2.37
31211,2.36
31213,-666666666.0
31216,2.54
31217,2.58
31220,2.69
31301,2.45
31302,2.78
31303,2.04
31305,2.23
31307,3.16
31308,2.72
31309,2.58
31312,3.2
31313,2.73
31314,-666666666.0
31315,3.26
31316,3.08
31318,2.55
31320,2.71
31321,2.77
31322,2.44
31323,2.3
31324,3.0
31326,2.61
31327,-666666666.0
31328,2.06
31329,2.79
31331,2.42
31333,1.15
31401,2.07
31404,2.38
31405,2.44
31406,2.43
31407,2.65
31408,2.53
31409,-666666666.0
31410,2.42
31411,2.06
31415,2.86
31419,2.52
31421,2.0
31501,2.43
31503,2.72
31510,2.66
31512,2.66
31513,2.57
31516,2.58
31518,3.2
31519,2.51
31520,2.4
31522,2.17
31523,2.66
31524,-666666666.0
31525,2.6
31527,1.69
31532,2.59
31533,2.68
31535,2.8
31537,2.77
31539,2.74
31542,3.18
31543,2.74
31544,2.9
31545,2.56
31546,2.62
31547,-666666666.0
31548,2.76
31549,3.16
31550,2.17
31551,2.7
31552,3.44
31553,2.49
31554,3.06
31555,2.84
31556,2.33
31557,2.84
31558,2.54
31560,2.7
31561,1.76
31562,3.5
31563,2.7
31564,-666666666.0
31565,2.26
31566,2.89
31567,2.52
31568,1.68
31569,2.69
31599,-666666666.0
31601,2.53
31602,2.57
31605,2.66
31606,2.64
31620,2.69
31622,2.35
31623,2.67
31624,3.0
31625,2.48
31626,2.43
31627,2.92
31629,3.9
31630,2.11
31631,1.91
31632,2.87
31634,2.78
31635,2.74
31636,2.59
31637,2.62
31638,3.05
31639,2.63
31641,2.81
31642,2.76
31643,2.71
31645,2.81
31647,3.3
31648,2.32
31649,2.71
31650,2.67
31698,-666666666.0
31699,-666666666.0
31701,2.26
31704,-666666666.0
31705,2.6
31707,2.17
31709,2.55
31711,2.5
31712,3.27
31714,2.65
31716,2.38
31719,2.72
31720,2.31
31721,2.52
31722,3.0
31727,-666666666.0
31730,2.38
31733,2.41
31735,1.89
31738,2.44
31743,4.78
31744,2.34
31747,3.41
31749,2.57
31750,2.38
31753,3.6
31756,2.45
31757,2.76
31763,2.72
31764,2.37
31765,2.69
31768,2.59
31771,3.05
31772,2.24
31773,2.41
31774,2.48
31775,3.05
31778,2.41
31779,2.69
31780,2.77
31781,3.11
31783,2.66
31784,2.57
31787,2.25
31788,2.77
31789,2.26
31790,3.27
31791,2.53
31792,2.37
31793,2.41
31794,2.6
31795,2.66
31796,2.36
31798,2.66
31801,2.51
31803,2.47
31804,3.12
31805,2.08
31806,2.85
31807,2.74
31808,2.98
31810,2.19
31811,2.84
31812,2.98
31814,-666666666.0
31815,1.97
31816,2.3
31820,2.78
31821,1.25
31822,2.67
31823,1.76
31824,2.58
31825,2.15
31826,2.47
31827,2.17
31829,2.87
31830,2.18
31831,2.64
31832,2.24
31833,2.64
31836,2.16
31901,1.57
31903,2.6
31904,2.41
31905,3.51
31906,2.34
31907,2.53
31909,2.46
32003,2.63
32008,2.48
32009,2.54
32011,2.64
32013,8.36
32024,2.6
32025,2.33
32026,-666666666.0
32033,2.27
32034,2.3
32038,2.59
32040,2.82
32043,2.67
32044,2.7
32046,2.91
32052,2.45
32053,2.7
32054,2.59
32055,2.49
32058,2.93
32059,2.47
32060,2.75
32061,3.11
32062,2.8
32063,2.75
32064,2.45
32065,2.94
32066,2.72
32068,2.82
32071,2.46
32072,1.68
32073,2.57
32079,1.51
32080,2.1
32081,2.95
32082,2.35
32083,2.44
32084,2.5
32086,2.48
32087,2.83
32091,2.61
32092,2.94
32094,3.46
32095,2.8
32096,2.46
32097,2.62
32102,2.05
32110,2.6
32112,2.76
32113,2.3
32114,2.12
32117,2.32
32118,1.83
32119,2.12
32124,2.12
32127,2.16
32128,2.35
32129,2.19
32130,2.92
32131,2.26
32132,2.12
32133,2.4
32134,2.21
32136,2.14
32137,2.4
32139,2.79
32140,2.77
32141,2.22
32145,2.6
32147,2.08
32148,2.52
32157,2.5
32159,1.85
32162,1.71
32163,1.86
32164,2.57
32168,2.19
32169,1.75
32174,2.21
32176,2.02
32177,2.45
32179,2.21
32180,3.65
32181,2.73
32182,2.0
32187,1.75
32189,2.13
32190,3.36
32192,-666666666.0
32193,1.82
32195,2.72
32202,1.45
32203,-666666666.0
32204,1.77
32205,2.12
32206,2.26
32207,2.2
32208,2.3
32209,2.44
32210,2.5
32211,2.63
32212,3.38
32214,-666666666.0
32216,2.24
32217,2.25
32218,2.8
32219,2.83
32220,2.63
32221,2.82
32222,2.67
32223,2.45
32224,2.31
32225,2.53
32226,2.83
32227,3.7
32228,-666666666.0
32233,2.32
32234,2.85
32244,2.67
32246,2.52
32250,2.24
32254,2.65
32256,2.11
32257,2.4
32258,2.68
32259,3.23
32266,2.23
32277,2.57
32301,2.09
32303,2.29
32304,2.13
32305,2.69
32306,-666666666.0
32307,-666666666.0
32308,1.99
32309,2.58
32310,2.38
32311,2.29
32312,2.59
32313,-666666666.0
32317,2.73
32320,2.23
32321,2.57
32322,2.35
32323,1.7
32324,2.22
32327,2.59
32328,2.31
32330,2.67
32331,2.68
32332,2.25
32333,2.41
32334,2.63
32336,2.63
32337,2.53
32340,2.29
32343,3.19
32344,2.33
32346,2.48
32347,2.65
32348,2.51
32350,2.26
32351,2.64
32352,2.39
32355,1.97
32356,-666666666.0
32358,2.44
32359,1.87
32360,1.61
32361,1.83
32399,-666666666.0
32401,2.05
32403,2.98
32404,2.66
32405,2.41
32407,2.26
32408,2.07
32409,2.74
32410,1.7
32413,2.07
32420,2.13
32421,3.0
32423,1.84
32424,2.54
32425,2.46
32426,3.07
32427,2.33
32428,2.45
32430,2.34
32431,2.44
32432,-666666666.0
32433,2.53
32435,2.42
32437,1.99
32438,2.61
32439,2.57
32440,2.47
32442,2.63
32443,2.84
32444,2.68
32445,2.58
32446,2.48
32448,2.27
32449,2.95
32455,2.45
32456,2.14
32459,2.37
32460,2.17
32461,2.25
32462,2.61
32463,2.29
32464,2.38
32465,2.22
32466,2.82
32501,2.06
32502,2.01
32503,2.18
32504,2.24
32505,2.55
32506,2.46
32507,2.38
32508,2.64
32509,-666666666.0
32511,-666666666.0
32512,-666666666.0
32514,2.29
32526,2.55
32530,4.75
32531,2.42
32533,2.76
32534,2.23
32535,2.41
32536,2.84
32539,2.63
32541,2.2
32542,2.92
32544,3.38
32547,2.27
32548,2.27
32550,2.01
32561,2.3
32563,2.56
32564,2.59
32565,2.65
32566,2.74
32567,2.84
32568,2.68
32569,2.53
32570,2.46
32571,2.85
32577,2.5
32578,2.6
32579,2.36
32580,2.48
32583,2.61
32601,2.27
32603,1.99
32605,2.43
32606,2.25
32607,2.28
32608,2.37
32609,2.29
32610,-666666666.0
32612,-666666666.0
32615,2.55
32616,1.66
32617,3.07
32618,2.36
32619,2.47
32621,2.33
32622,2.74
32625,2.22
32626,2.42
32628,2.31
32631,2.15
32634,2.38
32639,2.19
32640,2.5
32641,2.98
32643,2.81
32648,3.16
32653,2.44
32656,2.74
32658,5.9
32664,2.08
32666,2.35
32667,2.38
32668,2.35
32669,2.75
32680,2.53
32681,3.47
32683,2.79
32686,2.32
32692,1.4
32693,2.47
32694,1.87
32696,2.5
32697,2.61
32701,2.17
32702,1.97
32703,2.8
32707,2.39
32708,2.43
32709,2.44
32712,3.12
32713,2.51
32714,2.42
32720,2.55
32723,-666666666.0
32724,2.46
32725,2.76
32726,2.44
32730,2.16
32732,2.88
32735,2.35
32736,2.85
32738,3.01
32744,2.9
32746,2.42
32750,2.57
32751,2.32
32754,2.57
32757,2.45
32759,2.6
32763,2.34
32764,2.51
32765,2.85
32766,3.23
32767,2.86
32768,-666666666.0
32771,2.7
32773,2.57
32775,-666666666.0
32776,2.7
32778,2.15
32779,2.61
32780,2.37
32784,2.45
32789,2.17
32792,2.35
32796,2.4
32798,1.91
32801,1.52
32803,2.08
32804,2.23
32805,2.48
32806,2.31
32807,2.76
32808,3.15
32809,3.12
32810,2.75
32811,2.86
32812,2.56
32814,2.29
32816,-666666666.0
32817,2.87
32818,3.5
32819,2.58
32820,3.43
32821,2.29
32822,2.84
32824,3.55
32825,3.1
32826,2.52
32827,3.07
32828,2.91
32829,3.06
32830,1.96
32831,-666666666.0
32832,2.89
32833,3.13
32835,2.82
32836,2.81
32837,3.07
32839,2.67
32899,-666666666.0
32901,2.19
32903,2.4
32904,2.67
32905,2.34
32907,2.91
32908,3.07
32909,2.97
32920,1.73
32922,2.31
32925,2.86
32926,2.37
32927,2.61
32931,1.85
32934,2.42
32935,2.31
32937,2.43
32940,2.43
32948,3.72
32949,2.64
32950,2.48
32951,2.0
32952,2.48
32953,2.53
32955,2.49
32958,2.25
32959,-666666666.0
32960,2.34
32962,2.76
32963,1.97
32966,2.09
32967,2.64
32968,2.8
32970,4.85
32976,1.83
33001,1.98
33004,2.2
33009,2.11
33010,2.61
33012,2.82
33013,3.14
33014,2.82
33015,2.95
33016,2.9
33018,3.25
33019,2.13
33020,2.2
33021,2.56
33022,-666666666.0
33023,3.39
33024,2.97
33025,2.62
33026,2.55
33027,2.55
33028,3.14
33029,3.34
33030,3.4
33031,3.18
33032,3.36
33033,3.39
33034,3.65
33035,3.04
33036,2.13
33037,2.35
33039,-666666666.0
33040,2.36
33042,2.31
33043,2.34
33050,2.43
33051,1.77
33054,2.98
33055,3.18
33056,3.18
33060,2.61
33062,1.81
33063,2.18
33064,2.6
33065,3.01
33066,1.94
33067,3.0
33068,2.84
33069,2.27
33070,2.28
33071,2.98
33073,2.83
33076,3.34
33101,-666666666.0
33109,2.41
33122,2.3
33125,2.49
33126,2.57
33127,2.85
33128,2.15
33129,2.08
33130,1.93
33131,1.8
33132,1.73
33133,2.37
33134,2.33
33135,2.37
33136,2.21
33137,2.15
33138,2.24
33139,1.72
33140,2.28
33141,2.14
33142,2.88
33143,2.36
33144,2.82
33145,2.45
33146,2.23
33147,3.2
33149,3.13
33150,2.88
33154,2.57
33155,2.91
33156,2.74
33157,3.24
33158,3.02
33160,2.1
33161,2.89
33162,3.2
33165,2.97
33166,2.54
33167,3.43
33168,3.6
33169,3.16
33170,3.21
33172,2.78
33173,2.69
33174,2.79
33175,2.91
33176,2.79
33177,3.41
33178,3.19
33179,2.59
33180,2.25
33181,2.37
33182,3.07
33183,2.75
33184,3.17
33185,3.28
33186,2.94
33187,3.41
33189,2.9
33190,3.14
33193,3.0
33194,3.5
33196,3.18
33301,1.61
33304,1.95
33305,1.86
33306,1.62
33308,1.8
33309,2.71
33311,3.01
33312,2.82
33313,2.8
33314,2.56
33315,2.25
33316,1.85
33317,2.83
33319,2.47
33321,2.29
33322,2.17
33323,2.7
33324,2.51
33325,3.0
33326,2.92
33327,3.6
33328,2.87
33330,3.04
33331,3.33
33332,3.4
33334,2.38
33351,2.65
33388,-666666666.0
33401,2.07
33403,2.66
33404,2.64
33405,2.44
33406,2.88
33407,2.59
33408,1.93
33409,2.73
33410,2.34
33411,2.69
33412,2.72
33413,3.28
33414,2.98
33415,2.8
33417,2.19
33418,2.33
33426,2.27
33428,2.86
33430,3.15
33431,2.46
33432,1.95
33433,2.22
33434,1.98
33435,2.55
33436,2.42
33437,2.08
33438,3.11
33440,2.7
33441,2.36
33442,2.05
33444,2.64
33445,2.26
33446,1.96
33449,2.94
33455,2.17
33458,2.66
33460,2.8
33461,3.03
33462,2.53
33463,3.2
33467,2.51
33469,2.11
33470,3.11
33471,2.23
33472,2.3
33473,2.67
33476,3.13
33477,1.77
33478,2.95
33480,1.71
33483,1.91
33484,1.78
33486,2.51
33487,2.11
33493,3.12
33496,2.28
33498,3.04
33503,3.86
33510,2.6
33511,2.59
33513,2.55
33514,3.2
33521,3.04
33523,2.81
33525,2.56
33527,2.97
33530,2.0
33534,3.07
33538,2.21
33540,2.25
33541,2.24
33542,2.26
33543,2.86
33544,2.96
33545,3.26
33547,3.23
33548,2.74
33549,2.45
33550,-666666666.0
33556,2.88
33558,2.73
33559,2.85
33563,2.7
33565,2.79
33566,2.89
33567,3.09
33569,2.75
33570,2.95
33572,2.61
33573,1.93
33574,-666666666.0
33576,2.18
33578,2.46
33579,3.15
33584,2.78
33585,2.87
33592,2.77
33594,2.72
33596,2.86
33597,2.53
33598,3.33
33602,1.77
33603,2.31
33604,2.57
33605,2.17
33606,1.95
33607,2.16
33609,2.17
33610,2.74
33611,2.06
33612,2.64
33613,2.22
33614,2.48
33615,2.6
33616,2.38
33617,2.38
33618,2.3
33619,2.61
33620,-666666666.0
33621,4.04
33624,2.66
33625,2.52
33626,2.6
33629,2.58
33634,2.87
33635,2.64
33637,2.31
33647,2.81
33701,1.67
33702,2.17
33703,2.34
33704,2.07
33705,2.31
33706,1.88
33707,1.89
33708,1.9
33709,2.15
33710,2.36
33711,2.46
33712,2.63
33713,2.25
33714,2.45
33715,2.04
33716,1.84
33744,-666666666.0
33755,2.4
33756,2.38
33759,2.27
33760,2.29
33761,2.14
33762,1.95
33763,2.1
33764,2.2
33765,2.3
33767,1.87
33770,2.24
33771,2.07
33772,2.33
33773,2.36
33774,2.35
33776,2.62
33777,2.39
33778,2.42
33781,2.52
33782,2.47
33785,2.01
33786,2.23
33801,2.52
33803,2.36
33805,2.59
33809,2.66
33810,2.66
33811,2.77
33812,3.09
33813,2.77
33815,2.36
33823,2.89
33825,2.32
33827,2.49
33830,2.8
33834,3.16
33835,2.04
33837,3.0
33838,3.36
33839,3.18
33840,-666666666.0
33841,2.66
33843,2.48
33844,2.91
33847,2.99
33848,3.65
33849,3.23
33850,2.61
33851,3.49
33852,2.23
33853,2.53
33854,1.85
33855,3.07
33856,1.36
33857,1.95
33858,4.48
33859,2.39
33860,3.11
33865,3.11
33867,1.9
33868,2.82
33870,2.21
33872,2.09
33873,2.71
33875,2.37
33876,2.45
33877,1.27
33880,2.87
33881,2.69
33884,2.61
33890,3.28
33896,2.73
33897,2.9
33898,2.47
33901,2.35
33903,1.94
33904,2.2
33905,2.72
33907,2.24
33908,1.89
33909,2.85
33912,2.22
33913,2.44
33914,2.44
33916,2.58
33917,2.11
33919,1.98
33920,2.69
33921,1.6
33922,2.37
33924,1.63
33928,2.18
33930,3.76
33931,1.89
33935,2.86
33936,2.71
33944,1.96
33946,2.06
33947,2.02
33948,2.31
33950,2.03
33952,2.33
33953,2.47
33954,2.44
33955,2.04
33956,1.97
33957,1.83
33960,1.87
33965,4.82
33966,2.19
33967,2.86
33971,3.5
33972,3.29
33973,3.65
33974,3.64
33976,3.59
33980,2.08
33981,2.34
33982,2.23
33983,2.28
33990,2.59
33991,2.63
33993,2.93
34101,-666666666.0
34102,1.95
34103,2.05
34104,2.19
34105,2.12
34108,1.95
34109,2.18
34110,1.92
34112,1.97
34113,2.31
34114,2.18
34116,3.29
34117,3.54
34119,2.34
34120,2.85
34134,1.91
34135,2.31
34137,3.21
34138,2.91
34139,1.99
34140,2.92
34141,2.25
34142,3.81
34145,1.93
34201,2.17
34202,2.56
34203,2.37
34205,2.33
34207,2.33
34208,2.96
34209,2.25
34210,2.08
34211,2.65
34212,2.67
34215,2.04
34216,1.65
34217,1.89
34219,2.65
34221,2.71
34222,2.31
34223,1.92
34224,1.96
34228,1.79
34229,2.14
34231,2.09
34232,2.27
34233,2.26
34234,2.34
34235,2.06
34236,1.63
34237,2.31
34238,2.0
34239,2.1
34240,2.56
34241,2.62
34242,1.88
34243,2.28
34250,2.12
34251,3.3
34266,2.55
34267,1.93
34268,5.29
34269,2.27
34275,2.0
34285,1.75
34286,2.64
34287,2.35
34288,2.67
34289,3.15
34291,2.65
34292,1.95
34293,2.12
34420,2.64
34428,2.23
34429,2.13
34431,2.18
34432,2.28
34433,2.58
34434,2.7
34436,2.11
34442,2.11
34445,-666666666.0
34446,2.24
34448,2.27
34449,2.28
34450,1.98
34452,2.44
34453,2.25
34461,2.39
34465,2.21
34470,2.33
34471,2.36
34472,2.65
34473,2.88
34474,2.42
34475,2.75
34476,2.21
34479,2.5
34480,2.66
34481,1.88
34482,2.42
34484,2.05
34487,-666666666.0
34488,2.35
34491,2.3
34498,2.07
34601,2.19
34602,2.8
34604,2.84
34606,2.23
34607,2.34
34608,2.53
34609,2.67
34610,2.85
34613,2.13
34614,2.96
34637,2.97
34638,3.06
34639,2.84
34652,2.21
34653,2.23
34654,2.56
34655,2.43
34661,1.63
34667,1.93
34668,2.35
34669,2.54
34677,2.56
34679,2.32
34681,2.18
34683,2.46
34684,2.07
34685,2.38
34688,2.65
34689,2.19
34690,2.19
34691,2.17
34695,2.43
34698,2.06
34705,2.92
34711,2.71
34714,2.86
34715,3.01
34729,2.0
34731,2.45
34734,3.47
34736,2.76
34737,2.23
34739,2.17
34741,3.08
34743,3.63
34744,3.13
34746,3.27
34747,2.76
34748,2.16
34753,3.37
34756,2.92
34758,3.87
34759,2.9
34760,3.15
34761,3.28
34762,2.45
34769,3.18
34771,3.32
34772,3.33
34773,3.36
34785,2.14
34786,3.01
34787,3.06
34788,2.4
34797,2.11
34945,2.74
34946,2.23
34947,3.08
34949,1.8
34950,2.57
34951,2.36
34952,2.35
34953,3.07
34956,3.33
34957,2.08
34972,2.72
34974,2.3
34981,3.58
34982,2.45
34983,2.84
34984,2.89
34986,2.46
34987,2.28
34990,2.5
34994,2.2
34996,1.9
34997,2.39
35004,2.57
35005,2.79
35006,2.75
35007,2.65
35010,2.42
35013,4.22
35014,2.23
35016,2.59
35019,2.35
35020,2.51
35022,2.49
35023,2.83
35031,2.78
35032,2.29
35033,2.52
35034,2.89
35035,1.81
35036,1.59
35040,2.68
35042,2.71
35043,3.13
35044,2.27
35045,2.47
35046,2.71
35049,2.57
35051,2.67
35052,-666666666.0
35053,2.68
35054,2.67
35055,2.32
35057,2.89
35058,2.65
35060,1.9
35061,3.28
35062,2.67
35063,2.7
35064,2.39
35068,2.25
35070,2.6
35071,2.52
35072,2.6
35073,2.27
35074,1.9
35077,2.46
35078,2.51
35079,2.87
35080,2.94
35082,-666666666.0
35083,2.8
35085,2.78
35087,2.65
35089,2.49
35091,2.79
35094,2.64
35096,2.71
35097,2.47
35098,2.41
35111,2.72
35112,-666666666.0
35114,2.93
35115,2.6
35116,2.67
35117,2.62
35118,2.99
35119,-666666666.0
35120,2.85
35121,2.6
35124,2.62
35125,2.61
35126,2.84
35127,2.62
35128,2.54
35130,2.27
35131,2.4
35133,2.49
35135,2.47
35136,2.47
35143,2.41
35146,2.81
35147,2.84
35148,2.41
35149,-666666666.0
35150,2.35
35151,2.5
35160,2.29
35171,2.71
35172,2.66
35173,2.8
35175,2.39
35176,2.24
35178,2.24
35179,2.9
35180,2.9
35181,3.87
35183,3.02
35184,3.13
35185,-666666666.0
35186,2.58
35188,3.46
35203,1.46
35204,2.15
35205,1.62
35206,2.41
35207,2.16
35208,2.49
35209,2.35
35210,2.13
35211,2.21
35212,2.35
35213,2.45
35214,2.46
35215,2.74
35216,2.46
35217,2.38
35218,2.66
35221,2.14
35222,2.26
35223,2.56
35224,2.76
35226,2.64
35228,2.68
35229,-666666666.0
35233,1.4
35234,1.94
35235,2.47
35242,2.42
35243,2.08
35244,2.58
35249,-666666666.0
35254,-666666666.0
35401,2.26
35404,2.77
35405,2.49
35406,2.5
35441,2.73
35442,2.38
35443,2.65
35444,2.55
35446,2.93
35447,2.26
35452,2.6
35453,2.78
35456,2.72
35457,-666666666.0
35458,4.0
35459,2.19
35460,2.03
35461,2.34
35462,2.32
35463,3.05
35464,3.39
35466,2.69
35469,2.15
35470,2.59
35473,2.45
35474,3.2
35475,2.82
35476,2.4
35477,3.56
35480,3.72
35481,2.35
35487,-666666666.0
35490,2.99
35491,-666666666.0
35501,2.77
35503,2.57
35504,2.57
35540,2.49
35541,2.66
35542,2.2
35543,2.58
35544,2.43
35545,2.96
35546,2.97
35548,2.48
35549,2.27
35550,2.61
35552,2.98
35553,2.53
35554,2.49
35555,2.6
35559,4.72
35563,2.64
35564,2.44
35565,2.56
35570,2.57
35571,2.75
35572,2.22
35573,2.17
35574,2.41
35575,2.45
35576,2.88
35577,2.0
35578,2.5
35579,2.56
35580,2.75
35581,3.05
35582,2.33
35584,2.18
35585,3.53
35586,2.88
35587,2.34
35592,2.4
35593,2.69
35594,2.57
35601,2.5
35603,2.35
35610,2.58
35611,2.37
35613,2.7
35614,2.74
35615,-666666666.0
35616,2.49
35618,2.28
35619,2.66
35620,2.77
35621,3.08
35622,2.56
35630,2.18
35632,-666666666.0
35633,2.5
35634,2.41
35640,2.64
35643,2.57
35645,2.67
35646,2.35
35647,2.96
35648,2.7
35649,2.58
35650,2.47
35651,3.0
35652,2.46
35653,3.01
35654,2.66
35660,2.14
35661,2.46
35670,2.83
35671,2.84
35672,2.51
35673,2.81
35674,2.62
35677,2.76
35739,2.39
35740,2.18
35741,2.11
35744,2.66
35745,1.62
35746,2.2
35747,2.54
35748,2.45
35749,2.68
35750,2.63
35751,3.5
35752,2.23
35754,2.53
35755,1.95
35756,2.78
35757,2.71
35758,2.45
35759,2.67
35760,2.81
35761,2.68
35763,2.7
35764,2.24
35765,2.67
35766,2.88
35768,2.55
35769,2.41
35771,2.53
35772,2.52
35773,2.59
35774,2.62
35775,2.46
35776,2.6
35801,2.03
35802,2.05
35803,2.32
35805,2.11
35806,2.04
35808,2.63
35810,2.61
35811,2.37
35816,2.11
35824,2.22
35896,-666666666.0
35901,2.53
35903,2.58
35904,2.64
35905,2.67
35906,2.59
35907,3.01
35950,2.96
35951,2.84
35952,2.63
35953,2.44
35954,2.52
35956,2.74
35957,2.7
35958,2.81
35959,2.26
35960,2.38
35961,2.96
35962,2.9
35963,2.82
35966,2.56
35967,2.55
35968,2.77
35971,2.68
35972,2.39
35973,3.09
35974,2.71
35975,2.68
35976,2.47
35978,3.01
35979,2.33
35980,3.2
35981,3.0
35983,2.53
35984,1.91
35986,2.73
35987,2.68
35988,2.78
35989,2.9
35990,-666666666.0
36003,2.37
36005,2.52
36006,2.44
36008,-666666666.0
36009,2.37
36010,2.49
36013,2.81
36016,2.44
36017,2.38
36020,2.61
36022,2.87
36024,2.22
36025,2.71
36026,2.21
36027,2.47
36028,2.58
36029,2.64
36030,3.01
36031,1.92
36032,2.61
36033,2.36
36034,2.98
36035,2.5
36036,2.64
36037,2.66
36038,1.44
36039,2.53
36040,2.54
36041,2.67
36042,3.14
36043,2.89
36046,2.6
36047,2.53
36048,2.13
36049,2.85
36051,3.09
36052,2.02
36053,2.84
36054,2.56
36057,-666666666.0
36064,2.98
36066,2.46
36067,2.68
36069,2.09
36071,2.36
36075,2.53
36078,2.54
36079,2.49
36080,3.04
36081,2.63
36082,-666666666.0
36083,2.21
36088,2.09
36089,2.77
36091,2.5
36092,2.5
36093,2.88
36101,-666666666.0
36104,2.04
36105,2.25
36106,2.15
36107,2.42
36108,2.4
36109,2.31
36110,2.7
36111,2.66
36112,1.71
36113,3.33
36114,-666666666.0
36115,4.09
36116,2.59
36117,2.41
36130,-666666666.0
36201,2.3
36203,2.5
36205,2.0
36206,2.58
36207,2.43
36250,2.87
36251,2.48
36255,2.38
36256,2.34
36258,2.33
36260,3.23
36262,2.95
36263,3.02
36264,2.62
36265,2.32
36266,2.54
36267,13.88
36268,2.79
36269,2.36
36271,2.74
36272,2.58
36273,2.58
36274,2.4
36276,2.65
36277,3.03
36278,2.13
36279,2.99
36280,2.76
36301,2.49
36303,2.53
36305,2.59
36310,2.28
36311,2.62
36312,2.64
36313,-666666666.0
36314,2.65
36316,2.74
36317,2.5
36318,2.48
36319,2.71
36320,2.36
36321,2.7
36322,2.15
36323,2.41
36330,2.63
36340,2.33
36343,2.53
36344,2.69
36345,2.74
36346,2.57
36350,2.68
36351,2.48
36352,2.93
36353,2.65
36360,2.41
36362,3.36
36370,2.7
36371,2.2
36373,2.54
36374,2.43
36375,2.61
36376,2.49
36401,2.65
36420,2.66
36421,2.61
36425,2.51
36426,2.86
36432,2.38
36435,2.23
36436,3.29
36439,2.1
36441,2.7
36442,2.76
36444,2.9
36445,2.8
36446,3.85
36451,2.62
36453,2.65
36454,1.07
36455,2.13
36456,2.67
36460,2.51
36467,2.48
36470,-666666666.0
36471,2.74
36473,2.48
36474,2.57
36475,2.89
36476,2.22
36477,2.5
36480,2.97
36481,3.32
36482,2.5
36483,2.38
36502,2.45
36503,-666666666.0
36505,3.04
36507,2.6
36509,2.86
36511,1.94
36512,2.0
36513,2.76
36518,2.53
36521,2.9
36522,2.8
36523,3.0
36524,2.85
36525,2.89
36526,2.7
36527,2.96
36528,2.16
36529,3.05
36530,2.16
36532,2.49
36535,2.35
36538,2.17
36539,2.55
36540,3.41
36541,2.86
36542,2.2
36543,1.6
36544,2.71
36545,2.78
36547,-666666666.0
36548,3.15
36549,2.37
36550,2.16
36551,3.14
36553,3.28
36555,2.68
36556,2.32
36558,2.72
36559,2.93
36560,3.03
36561,2.15
36562,2.51
36564,-666666666.0
36567,2.64
36568,2.36
36569,2.69
36571,2.51
36572,2.78
36574,2.83
36575,2.9
36576,2.49
36578,2.56
36579,3.2
36580,2.81
36581,1.6
36582,2.58
36583,2.48
36584,1.74
36585,3.51
36587,3.18
36602,1.32
36603,2.33
36604,2.31
36605,2.62
36606,2.39
36607,2.25
36608,2.25
36609,2.07
36610,2.64
36611,2.68
36612,2.83
36613,2.84
36615,-666666666.0
36617,2.41
36618,2.56
36619,2.59
36652,-666666666.0
36663,1.75
36688,2.09
36693,2.41
36695,2.64
36701,2.64
36703,2.36
36720,2.9
36722,1.4
36723,3.89
36726,2.91
36727,1.46
36728,3.0
36732,2.37
36736,4.06
36738,3.31
36740,2.9
36741,-666666666.0
36742,2.81
36744,2.36
36748,2.5
36749,2.17
36750,2.73
36751,3.18
36752,1.97
36753,-666666666.0
36754,2.87
36756,2.66
36758,2.97
36759,2.45
36761,1.96
36763,3.15
36764,-666666666.0
36765,2.55
36766,1.46
36767,3.38
36768,2.84
36769,2.46
36773,2.98
36775,2.04
36776,3.42
36782,2.55
36783,2.31
36784,2.74
36785,2.04
36786,2.2
36790,2.38
36792,2.61
36793,3.8
36801,2.39
36804,2.82
36830,2.36
36832,2.58
36849,-666666666.0
36850,2.43
36851,-666666666.0
36852,2.88
36853,2.44
36854,2.55
36855,2.19
36856,3.12
36858,1.99
36860,2.39
36861,2.46
36862,2.44
36863,2.73
36865,2.71
36866,2.69
36867,2.39
36869,2.47
36870,2.59
36871,2.46
36874,2.64
36875,2.57
36877,3.15
36879,3.04
36901,1.26
36904,2.42
36907,1.98
36908,2.5
36910,2.33
36912,2.58
36913,2.16
36915,2.05
36916,2.33
36919,2.48
36921,1.75
36922,3.59
36925,2.02
37010,3.09
37012,2.43
37013,2.74
37014,2.54
37015,2.55
37016,2.4
37018,3.18
37019,2.72
37020,2.59
37022,2.79
37023,3.13
37025,2.84
37026,2.41
37027,2.73
37028,1.7
37029,2.86
37030,2.35
37031,2.42
37032,2.89
37033,2.54
37034,2.62
37035,2.51
37036,2.94
37037,3.24
37040,2.63
37042,2.68
37043,2.75
37046,2.72
37047,3.01
37048,2.75
37049,2.78
37050,2.65
37051,2.68
37052,2.36
37055,2.56
37057,2.24
37058,2.68
37059,2.84
37060,2.78
37061,2.9
37062,2.66
37064,2.72
37066,2.51
37067,2.43
37069,2.87
37072,2.45
37073,2.84
37074,2.75
37075,2.61
37076,2.21
37078,2.97
37079,2.88
37080,2.35
37082,2.63
37083,2.65
37085,2.82
37086,2.95
37087,2.62
37090,2.58
37091,2.62
37095,2.43
37096,2.83
37097,2.51
37098,2.89
37101,3.04
37110,2.53
37115,2.32
37118,2.58
37122,2.78
37127,2.94
37128,2.79
37129,2.75
37130,2.47
37132,-666666666.0
37134,3.19
37135,3.13
37137,2.14
37138,2.45
37140,3.18
37141,2.73
37142,2.25
37143,2.68
37144,2.27
37145,2.46
37146,2.58
37148,2.71
37149,2.34
37150,2.62
37151,2.24
37153,2.88
37160,2.71
37165,1.81
37166,2.36
37167,2.84
37171,3.63
37172,2.62
37174,2.77
37175,2.27
37178,2.49
37179,3.13
37180,2.88
37181,2.39
37183,2.51
37184,2.64
37185,2.53
37186,2.89
37187,2.62
37188,2.61
37189,2.56
37190,2.5
37191,2.94
37201,1.52
37203,1.53
37204,2.25
37205,2.11
37206,2.23
37207,2.49
37208,2.02
37209,1.99
37210,2.09
37211,2.42
37212,1.98
37213,-666666666.0
37214,2.17
37215,2.15
37216,2.22
37217,2.44
37218,2.38
37219,1.39
37220,2.55
37221,2.3
37228,1.48
37232,-666666666.0
37238,-666666666.0
37301,2.5
37302,2.69
37303,2.37
37305,2.8
37306,2.28
37307,2.53
37308,2.61
37309,2.47
37310,2.65
37311,2.4
37312,2.62
37313,2.46
37315,-666666666.0
37316,-666666666.0
37317,2.4
37318,2.89
37321,2.65
37322,2.46
37323,2.6
37324,2.22
37325,2.33
37326,1.55
37327,2.67
37328,2.84
37329,2.57
37330,2.44
37331,2.5
37332,2.22
37333,2.19
37334,2.5
37335,2.34
37336,2.58
37337,2.14
37338,2.81
37339,3.19
37340,1.67
37341,2.53
37342,2.55
37343,2.5
37345,2.57
37347,2.33
37348,1.98
37350,2.66
37351,1.71
37352,2.67
37353,2.48
37354,2.45
37355,2.63
37356,2.34
37357,2.68
37359,2.47
37360,2.53
37361,2.15
37362,2.59
37363,2.58
37365,3.14
37366,2.57
37367,2.75
37369,2.11
37370,2.75
37373,2.94
37374,3.14
37375,2.17
37376,1.66
37377,2.61
37379,2.61
37380,2.51
37381,2.43
37383,-666666666.0
37385,2.75
37387,2.56
37388,2.41
37391,2.92
37394,1.8
37396,2.11
37397,2.5
37398,2.39
37402,1.51
37403,1.71
37404,2.59
37405,2.06
37406,2.54
37407,3.39
37408,2.06
37409,2.25
37410,2.3
37411,2.34
37412,2.29
37415,2.08
37416,2.17
37419,2.32
37421,2.33
37450,-666666666.0
37601,2.26
37604,2.14
37614,-666666666.0
37615,2.38
37616,2.57
37617,2.39
37618,2.33
37620,2.3
37640,2.21
37641,2.45
37642,2.49
37643,2.31
37645,2.58
37650,2.35
37656,2.43
37657,2.7
37658,2.39
37659,2.37
37660,2.22
37663,2.25
37664,2.26
37665,2.52
37680,2.09
37681,2.43
37682,3.07
37683,2.47
37686,2.72
37687,2.37
37688,1.93
37690,2.63
37691,1.93
37692,2.15
37694,2.38
37701,2.48
37705,2.99
37708,2.41
37709,2.53
37710,2.47
37711,2.5
37713,2.83
37714,2.54
37715,2.08
37716,2.5
37719,-666666666.0
37721,2.61
37722,2.59
37723,2.12
37724,1.98
37725,2.61
37726,3.35
37727,2.52
37729,2.97
37730,2.23
37731,2.59
37732,2.13
37733,-666666666.0
37737,2.53
37738,2.51
37742,2.61
37743,2.42
37745,2.41
37748,2.34
37752,2.2
37753,2.73
37754,2.4
37755,2.67
37756,2.24
37757,2.44
37760,2.54
37762,2.04
37763,2.41
37764,2.66
37765,3.11
37766,2.31
37769,2.27
37770,2.28
37771,2.66
37772,2.4
37774,2.22
37777,2.45
37779,2.64
37801,2.43
37803,2.46
37804,2.63
37806,2.27
37807,2.6
37809,2.82
37810,2.92
37811,2.44
37813,2.58
37814,2.46
37818,2.54
37819,2.22
37820,2.55
37821,2.44
37825,2.29
37826,2.3
37828,1.91
37829,2.8
37830,2.39
37840,2.66
37841,2.53
37843,2.38
37845,2.83
37846,2.76
37847,2.58
37848,2.25
37849,2.63
37851,-666666666.0
37852,2.71
37853,2.48
37854,2.51
37857,2.54
37860,2.59
37861,2.38
37862,2.4
37863,2.66
37865,2.71
37866,2.58
37869,2.35
37870,2.25
37871,2.69
37872,3.05
37873,2.46
37874,2.35
37876,2.52
37877,2.61
37878,2.51
37879,2.36
37880,2.42
37881,2.46
37882,2.12
37885,2.21
37886,2.87
37887,2.54
37888,2.85
37890,2.44
37891,2.49
37892,2.43
37902,1.38
37909,2.12
37912,2.22
37914,2.3
37915,1.78
37916,2.67
37917,2.0
37918,2.39
37919,2.22
37920,2.35
37921,2.53
37922,2.75
37923,2.4
37924,2.58
37929,-666666666.0
37931,2.5
37932,2.65
37934,2.63
37938,2.53
38001,2.45
38002,2.86
38004,2.68
38006,2.72
38007,-666666666.0
38008,2.28
38011,2.84
38012,2.41
38015,2.33
38016,2.49
38017,2.83
38018,2.71
38019,2.55
38021,2.0
38023,2.73
38024,2.43
38028,2.59
38029,1.95
38030,2.31
38034,2.56
38036,2.0
38037,2.55
38039,2.7
38040,2.33
38041,2.44
38042,2.13
38044,2.19
38046,1.43
38047,5.15
38049,2.49
38050,2.32
38052,2.39
38053,2.63
38054,-666666666.0
38057,2.38
38058,2.9
38059,2.63
38060,2.56
38061,3.05
38063,2.59
38066,2.61
38067,2.28
38068,2.69
38069,2.31
38070,1.1
38075,2.41
38076,2.48
38077,-666666666.0
38079,1.87
38080,2.79
38103,1.53
38104,1.76
38105,1.56
38106,2.44
38107,2.21
38108,2.67
38109,2.7
38111,2.35
38112,2.25
38113,-666666666.0
38114,2.2
38115,2.25
38116,2.61
38117,2.29
38118,2.97
38119,2.31
38120,2.17
38122,2.67
38125,2.8
38126,2.21
38127,2.89
38128,2.78
38131,-666666666.0
38132,-666666666.0
38133,2.69
38134,2.67
38135,2.84
38138,2.52
38139,2.85
38141,2.91
38152,-666666666.0
38201,2.59
38220,2.42
38221,2.32
38222,2.56
38224,2.83
38225,2.36
38226,1.97
38229,2.49
38230,2.33
38231,2.54
38232,2.5
38233,2.46
38235,2.45
38236,1.88
38237,2.25
38240,2.19
38241,2.74
38242,2.43
38251,2.6
38253,2.83
38254,-666666666.0
38255,2.37
38256,2.06
38257,2.34
38258,2.51
38259,2.58
38260,2.36
38261,2.43
38301,2.32
38305,2.46
38310,2.74
38311,2.01
38313,2.56
38315,2.75
38316,2.56
38317,2.1
38318,2.68
38320,2.41
38321,2.57
38326,1.96
38327,2.47
38328,2.98
38329,2.64
38330,2.62
38332,2.1
38333,1.56
38334,2.68
38337,2.56
38338,2.72
38339,2.09
38340,2.7
38341,2.3
38342,2.25
38343,2.36
38344,2.54
38345,2.88
38347,3.94
38348,1.88
38351,2.6
38352,2.37
38355,2.63
38356,2.52
38357,2.86
38358,2.67
38359,2.31
38361,2.62
38362,2.31
38363,2.58
38365,-666666666.0
38366,2.48
38367,2.49
38368,2.49
38369,2.43
38370,2.35
38371,2.24
38372,2.47
38374,2.35
38375,2.44
38376,1.96
38379,2.88
38380,2.14
38381,2.73
38382,2.21
38387,1.9
38388,2.64
38389,3.22
38390,3.01
38391,2.98
38392,2.89
38401,2.53
38425,2.85
38449,2.59
38450,2.42
38451,2.68
38452,2.39
38453,2.59
38454,2.31
38455,3.27
38456,3.36
38457,3.0
38459,2.79
38460,2.42
38461,2.52
38462,2.39
38463,2.54
38464,2.44
38468,2.91
38469,2.64
38471,2.65
38472,2.78
38473,2.95
38474,2.77
38475,2.97
38476,3.82
38477,2.81
38478,2.54
38481,2.32
38482,2.49
38483,3.06
38485,2.44
38486,2.34
38487,2.35
38488,2.09
38501,2.31
38503,-666666666.0
38504,2.34
38505,-666666666.0
38506,2.34
38541,2.3
38542,-666666666.0
38543,2.51
38544,2.7
38545,2.2
38547,2.41
38548,2.7
38549,2.34
38550,-666666666.0
38551,2.42
38552,2.85
38553,2.55
38554,2.11
38555,2.29
38556,2.22
38558,1.97
38559,2.64
38560,3.54
38562,2.54
38563,2.67
38564,1.69
38565,2.76
38567,2.99
38568,2.54
38569,2.41
38570,2.44
38571,2.44
38572,2.35
38573,2.46
38574,2.59
38575,2.51
38577,2.97
38578,1.4
38579,2.95
38580,2.81
38581,2.28
38582,2.58
38583,2.51
38585,2.61
38587,2.17
38588,2.7
38589,2.28
38601,3.02
38603,2.21
38606,2.68
38610,2.76
38611,2.7
38614,2.47
38617,2.35
38618,2.44
38619,2.85
38620,3.37
38621,2.77
38622,2.7
38623,1.73
38625,2.91
38626,2.07
38627,2.38
38629,3.01
38631,2.5
38632,2.69
38633,2.51
38635,2.58
38637,2.66
38639,3.13
38641,2.52
38642,2.65
38643,1.85
38644,5.29
38645,2.3
38646,2.4
38647,2.25
38650,2.95
38651,2.84
38652,2.48
38654,2.73
38655,2.71
38658,2.22
38659,2.33
38661,2.15
38663,2.52
38664,2.8
38665,2.76
38666,2.36
38668,2.51
38670,2.18
38671,2.61
38672,2.94
38673,2.47
38674,2.81
38676,2.76
38677,-666666666.0
38680,2.53
38683,2.36
38685,1.99
38701,2.47
38703,2.63
38720,2.33
38721,2.25
38722,2.48
38723,1.95
38725,3.45
38726,2.33
38730,2.5
38731,2.22
38732,2.49
38733,-666666666.0
38736,4.04
38737,2.61
38738,2.7
38740,2.12
38744,2.11
38745,6.03
38746,2.16
38748,2.95
38751,2.66
38753,2.57
38754,2.16
38756,2.4
38759,2.47
38760,3.01
38761,2.91
38762,2.6
38764,1.91
38765,1.64
38767,3.35
38768,2.27
38769,2.56
38771,3.15
38772,2.94
38773,2.42
38774,2.26
38776,-666666666.0
38778,2.49
38781,1.71
38801,2.49
38804,2.43
38821,2.39
38824,2.59
38826,2.35
38827,2.25
38828,3.21
38829,2.47
38833,2.59
38834,2.38
38838,3.02
38839,1.29
38841,2.9
38843,2.45
38844,2.16
38846,2.3
38847,2.59
38848,2.71
38849,2.83
38850,2.65
38851,2.39
38852,2.07
38855,2.51
38856,2.56
38857,3.24
38858,2.81
38859,3.18
38860,2.67
38862,2.6
38863,2.63
38864,3.3
38865,2.9
38866,2.57
38868,2.48
38869,2.42
38870,2.44
38871,2.8
38873,2.18
38876,2.57
38878,2.42
38879,1.33
38901,2.45
38913,2.85
38914,2.48
38915,2.04
38916,2.36
38917,2.9
38920,1.77
38921,2.81
38922,2.49
38923,2.59
38924,2.14
38925,2.47
38927,2.64
38928,2.61
38929,2.95
38930,2.77
38940,2.83
38941,2.51
38943,2.2
38944,3.13
38946,2.78
38947,1.1
38948,2.32
38949,1.91
38950,4.09
38951,2.06
38952,2.64
38953,1.77
38954,2.63
38957,2.53
38961,2.41
38962,-666666666.0
38963,3.07
38964,2.3
38965,2.46
38966,2.24
38967,2.58
39038,2.64
39039,2.08
39040,2.55
39041,2.54
39042,2.63
39044,2.58
39045,2.19
39046,2.46
39047,2.64
39051,2.7
39054,4.06
39056,2.68
39057,2.66
39058,-666666666.0
39059,2.71
39061,-666666666.0
39062,3.07
39063,2.57
39066,2.59
39067,2.86
39069,2.87
39071,2.62
39073,2.68
39074,2.74
39078,3.26
39079,2.79
39082,2.3
39083,2.81
39086,3.48
39088,1.73
39090,2.66
39092,3.07
39094,2.38
39095,2.76
39096,2.5
39097,1.75
39108,2.68
39110,2.76
39111,2.65
39113,1.9
39114,2.65
39115,2.58
39116,2.86
39117,2.97
39119,2.93
39120,2.34
39140,2.78
39144,3.19
39145,2.59
39146,2.86
39148,-666666666.0
39149,2.35
39150,2.87
39152,2.97
39153,2.39
39154,2.34
39156,2.22
39157,2.3
39159,2.7
39160,2.98
39162,2.89
39166,3.58
39167,-666666666.0
39168,2.42
39169,3.05
39170,2.52
39173,-666666666.0
39174,1.8
39175,2.36
39176,2.08
39177,1.72
39179,2.18
39180,2.55
39183,2.74
39189,3.17
39191,2.72
39192,3.63
39193,1.53
39194,2.71
39201,1.1
39202,1.7
39203,2.19
39204,2.38
39206,2.27
39208,2.44
39209,2.55
39210,-666666666.0
39211,2.33
39212,2.68
39213,2.37
39216,1.93
39217,2.04
39218,2.41
39232,2.45
39269,-666666666.0
39272,2.58
39301,2.45
39305,2.53
39307,2.29
39309,-666666666.0
39320,2.61
39322,2.69
39323,2.35
39324,-666666666.0
39325,2.72
39326,2.49
39327,2.5
39328,2.34
39330,2.74
39332,3.11
39335,2.52
39336,2.37
39337,2.26
39338,2.51
39339,2.4
39341,2.86
39342,3.07
39345,2.44
39346,2.14
39347,2.07
39348,3.26
39350,2.85
39352,2.28
39354,2.93
39355,2.19
39356,1.83
39358,2.73
39359,2.77
39360,3.0
39361,2.31
39362,2.58
39363,2.57
39364,2.09
39365,2.9
39366,2.6
39367,2.58
39401,2.32
39402,2.54
39406,-666666666.0
39421,2.53
39422,2.57
39423,2.18
39425,3.12
39426,2.51
39427,2.54
39428,2.57
39429,2.47
39437,2.66
39439,2.55
39440,2.63
39443,2.66
39451,2.93
39452,2.64
39455,2.59
39456,2.83
39459,2.81
39461,2.2
39462,2.71
39464,3.34
39465,2.82
39466,2.61
39470,2.63
39474,2.44
39475,2.64
39476,2.71
39477,2.23
39478,3.01
39479,2.58
39480,2.57
39481,2.71
39482,2.61
39483,2.81
39501,2.56
39503,2.63
39507,2.42
39520,2.25
39525,2.27
39529,-666666666.0
39530,2.16
39531,2.36
39532,2.63
39534,-666666666.0
39540,2.53
39553,2.62
39556,2.91
39560,2.5
39561,2.94
39562,2.46
39563,2.59
39564,2.45
39565,2.95
39567,2.46
39571,2.61
39572,1.88
39573,2.69
39574,3.0
39576,2.28
39577,2.71
39581,2.47
39595,-666666666.0
39601,2.59
39629,2.66
39630,2.33
39631,2.59
39633,2.38
39635,2.24
39638,2.47
39641,3.11
39643,3.57
39645,1.92
39647,3.24
39648,2.46
39652,2.59
39653,2.39
39654,2.7
39656,3.09
39657,2.13
39661,2.98
39662,2.68
39663,2.32
39664,2.46
39665,2.27
39666,2.88
39667,2.4
39668,3.39
39669,1.93
39701,2.19
39702,2.71
39705,2.33
39730,2.62
39735,2.43
39736,2.17
39737,2.4
39739,2.65
39740,2.88
39741,2.2
39743,2.36
39744,2.3
39745,2.16
39746,2.42
39747,2.08
39750,2.47
39751,2.37
39752,2.51
39753,-666666666.0
39755,2.12
39756,3.47
39759,2.17
39762,-666666666.0
39766,2.72
39767,2.14
39769,2.24
39771,2.53
39772,2.23
39773,2.39
39776,2.33
39813,2.49
39815,3.11
39817,2.66
39819,2.65
39823,2.68
39824,2.8
39825,2.81
39826,2.27
39827,2.58
39828,2.81
39832,-666666666.0
39834,3.12
39836,3.15
39837,2.33
39840,2.28
39841,2.74
39842,2.72
39845,2.47
39846,2.94
39851,2.25
39854,2.31
39859,2.5
39861,2.3
39862,2.22
39866,1.9
39867,2.82
39870,2.55
39877,2.37
39885,2.11
39886,2.93
39897,2.29
40003,2.94
40004,2.45
40006,2.7
40007,-666666666.0
40008,2.46
40009,2.82
40010,3.3
40011,2.59
40012,3.59
40013,2.6
40014,3.03
40019,2.68
40020,1.62
40022,2.99
40023,2.78
40025,2.55
40026,3.17
40031,2.71
40033,2.4
40036,2.3
40037,2.48
40040,2.73
40041,1.41
40045,2.48
40046,2.9
40047,2.65
40049,-666666666.0
40050,2.37
40051,2.71
40052,3.23
40055,2.88
40056,2.71
40057,2.6
40058,1.48
40059,2.56
40060,2.65
40061,-666666666.0
40062,3.12
40063,-666666666.0
40065,2.58
40067,2.66
40068,2.63
40069,2.38
40070,2.7
40071,2.84
40075,2.85
40076,2.79
40077,2.12
40078,2.98
40104,2.81
40107,2.47
40108,2.71
40109,2.63
40110,2.53
40111,2.88
40115,3.61
40117,2.78
40118,2.49
40119,2.43
40121,3.1
40140,2.37
40142,2.85
40143,2.62
40144,1.96
40145,3.68
40146,2.63
40150,2.55
40152,2.91
40155,2.56
40157,2.77
40160,2.57
40161,2.18
40162,2.84
40165,2.65
40170,4.83
40171,1.79
40175,2.81
40176,2.35
40177,2.26
40178,2.32
40202,1.35
40203,1.83
40204,1.82
40205,2.22
40206,1.87
40207,2.1
40208,2.26
40209,1.94
40210,2.58
40211,2.34
40212,2.34
40213,2.23
40214,2.49
40215,2.48
40216,2.46
40217,1.97
40218,2.41
40219,2.4
40220,2.2
40221,-666666666.0
40222,2.06
40223,2.29
40228,2.48
40229,2.66
40231,-666666666.0
40241,2.35
40242,2.38
40243,2.18
40245,2.66
40258,2.62
40272,2.59
40280,-666666666.0
40291,2.53
40299,2.44
40310,2.52
40311,2.87
40312,2.67
40313,2.57
40316,3.03
40322,2.6
40324,2.61
40328,2.7
40330,2.42
40334,2.38
40336,2.45
40337,3.01
40339,6.02
40342,2.59
40346,3.43
40347,2.57
40348,1.64
40350,1.36
40351,2.43
40353,2.51
40355,1.67
40356,2.66
40357,2.34
40358,2.39
40359,2.73
40360,2.52
40361,2.52
40363,1.19
40370,2.61
40371,2.57
40372,2.85
40374,3.24
40376,1.78
40379,2.4
40380,2.83
40383,2.55
40385,2.53
40387,2.6
40390,2.78
40391,2.47
40402,2.9
40403,2.56
40404,-666666666.0
40409,2.52
40419,2.84
40422,2.39
40434,-666666666.0
40437,2.52
40440,2.24
40442,2.08
40444,2.61
40445,2.95
40447,2.39
40448,-666666666.0
40456,2.32
40460,2.9
40461,2.61
40464,2.3
40468,2.51
40472,2.33
40475,2.36
40481,2.31
40484,2.36
40486,2.54
40489,2.74
40502,2.06
40503,2.24
40504,2.16
40505,2.35
40507,1.5
40508,1.92
40509,2.43
40510,1.78
40511,2.48
40513,2.41
40514,2.69
40515,2.4
40516,2.53
40517,2.13
40526,-666666666.0
40536,-666666666.0
40601,2.19
40701,2.58
40729,2.81
40734,2.66
40737,2.89
40740,3.04
40741,2.56
40744,2.64
40759,3.01
40763,2.19
40769,2.7
40771,2.85
40801,-666666666.0
40803,4.32
40806,2.2
40807,2.24
40808,13.5
40810,2.41
40813,2.43
40815,2.3
40816,-666666666.0
40818,3.16
40819,2.41
40820,2.45
40823,2.66
40824,2.95
40826,2.36
40827,2.59
40828,2.55
40829,-666666666.0
40830,2.67
40831,2.4
40840,3.29
40843,2.67
40844,2.26
40845,2.77
40847,2.11
40849,1.7
40854,2.3
40855,2.2
40856,2.86
40858,2.51
40862,2.64
40863,2.1
40865,2.23
40868,3.13
40870,2.61
40873,2.67
40874,1.77
40902,2.49
40903,2.67
40906,2.41
40913,3.24
40914,2.85
40915,3.29
40921,2.12
40923,2.83
40927,2.79
40935,2.74
40939,2.69
40940,2.27
40941,2.42
40943,2.99
40946,3.67
40949,3.5
40953,2.18
40958,3.04
40962,2.63
40964,-666666666.0
40965,2.34
40972,2.76
40977,2.6
40979,-666666666.0
40981,-666666666.0
40982,4.08
40983,4.14
40988,2.88
40995,1.82
40997,2.43
41001,2.68
41002,2.51
41003,2.91
41004,2.84
41005,2.79
41006,2.41
41007,2.84
41008,2.62
41010,2.56
41011,2.12
41014,2.3
41015,2.51
41016,2.27
41017,2.5
41018,2.49
41030,3.1
41031,2.5
41033,3.47
41034,2.48
41035,2.64
41039,2.82
41040,2.54
41041,2.57
41042,2.44
41043,2.68
41044,3.41
41045,2.71
41046,3.49
41048,3.02
41049,2.4
41051,2.86
41052,1.58
41055,2.47
41056,2.45
41059,2.4
41063,2.58
41064,2.67
41071,1.95
41073,2.06
41074,2.22
41075,2.59
41076,2.27
41080,2.54
41083,2.98
41085,2.63
41086,2.4
41091,3.16
41092,2.83
41093,2.7
41094,2.9
41095,2.73
41097,2.65
41098,2.26
41101,2.44
41102,2.59
41121,2.72
41124,2.83
41129,2.38
41132,2.83
41135,2.33
41139,2.4
41141,2.85
41142,3.97
41143,2.71
41144,2.52
41146,2.05
41149,3.87
41159,3.24
41164,2.64
41166,3.18
41168,3.32
41169,2.24
41171,2.61
41174,2.43
41175,2.45
41179,2.61
41180,2.19
41181,1.82
41183,2.26
41189,2.74
41201,2.42
41203,3.17
41204,2.59
41214,2.97
41216,2.54
41219,2.74
41222,2.68
41224,2.13
41226,3.22
41230,2.75
41231,2.29
41232,2.91
41234,2.69
41238,2.95
41240,2.39
41250,2.19
41254,3.14
41255,2.51
41256,2.81
41257,2.81
41260,2.54
41262,3.65
41263,3.51
41264,3.33
41265,2.32
41267,4.56
41268,2.64
41271,2.84
41274,1.98
41301,2.59
41310,-666666666.0
41311,2.5
41314,2.92
41317,1.99
41332,2.71
41339,2.44
41348,2.45
41351,-666666666.0
41352,2.17
41360,2.64
41364,1.49
41365,2.16
41366,1.73
41367,2.17
41385,2.4
41386,-666666666.0
41390,2.13
41397,2.03
41408,2.12
41421,2.2
41425,2.55
41464,2.2
41465,2.57
41472,2.69
41501,2.27
41503,2.08
41512,1.98
41513,1.89
41514,2.23
41517,2.64
41519,2.33
41522,2.5
41524,2.77
41526,2.0
41527,2.25
41528,3.47
41531,2.38
41534,1.76
41535,2.61
41537,2.29
41538,2.38
41539,2.05
41540,4.12
41543,2.16
41544,2.32
41547,2.38
41548,2.92
41553,3.04
41554,2.99
41555,3.31
41557,2.57
41558,2.62
41559,1.52
41560,2.42
41562,2.25
41563,2.95
41564,2.54
41566,2.64
41567,2.58
41568,1.78
41571,2.98
41572,2.25
41601,1.82
41602,3.19
41603,2.64
41604,2.56
41605,2.14
41606,2.16
41607,2.62
41612,1.46
41615,2.79
41616,2.51
41619,1.91
41621,2.26
41622,1.35
41630,2.39
41631,2.45
41632,2.04
41635,2.46
41636,2.09
41640,2.38
41642,2.91
41643,1.95
41645,3.0
41647,2.34
41649,2.35
41650,2.46
41651,3.02
41653,2.32
41655,2.39
41659,2.72
41660,2.83
41663,3.04
41666,3.95
41667,2.99
41669,2.38
41701,2.57
41712,2.96
41713,-666666666.0
41714,4.23
41719,2.1
41721,1.99
41722,2.47
41723,3.01
41725,3.57
41727,2.58
41729,3.4
41731,2.35
41735,2.36
41739,-666666666.0
41740,3.47
41745,3.48
41746,2.71
41749,2.03
41751,2.2
41754,1.93
41759,2.24
41760,1.99
41762,-666666666.0
41763,2.81
41764,1.89
41766,2.42
41772,2.12
41773,2.35
41774,2.23
41775,2.17
41776,3.98
41777,2.96
41778,-666666666.0
41804,3.44
41810,2.68
41812,1.61
41815,2.6
41817,2.1
41819,1.88
41821,2.2
41822,2.25
41824,2.19
41825,2.42
41826,2.46
41828,3.05
41831,2.21
41832,1.76
41833,2.59
41834,2.33
41835,2.79
41836,2.6
41837,3.35
41838,3.13
41839,3.16
41840,3.11
41843,1.97
41844,2.0
41845,2.23
41847,1.98
41848,-666666666.0
41849,2.16
41855,2.52
41858,2.43
41859,2.03
41861,2.46
41862,2.52
42001,2.35
42003,2.51
42020,2.6
42021,2.36
42022,4.74
42023,2.62
42024,2.25
42025,2.35
42027,2.47
42028,3.24
42029,2.36
42031,2.64
42032,2.78
42035,2.49
42036,1.85
42037,-666666666.0
42038,2.25
42039,2.24
42040,2.32
42041,2.85
42044,2.61
42045,2.34
42047,3.2
42048,2.51
42049,2.87
42050,2.27
42051,2.61
42053,2.55
42054,1.99
42055,2.22
42056,2.8
42058,2.59
42060,-666666666.0
42061,1.22
42064,2.53
42066,2.51
42069,2.41
42071,2.3
42076,1.79
42078,2.42
42079,2.95
42081,2.42
42082,2.32
42083,2.72
42085,2.55
42086,2.81
42087,2.61
42088,2.74
42101,2.49
42103,2.32
42104,2.47
42120,3.07
42122,2.82
42123,2.49
42124,2.62
42127,2.37
42129,2.46
42130,2.42
42131,2.32
42133,2.21
42134,2.59
42140,2.33
42141,2.48
42151,1.99
42153,2.75
42154,2.17
42156,1.81
42157,3.79
42159,2.01
42160,3.28
42163,1.96
42164,2.57
42166,2.69
42167,2.44
42170,2.47
42171,2.71
42202,2.25
42204,2.22
42206,2.53
42207,2.45
42210,2.43
42211,2.43
42214,2.37
42215,2.69
42217,2.59
42220,2.51
42223,3.39
42232,2.97
42234,2.74
42236,2.89
42240,2.45
42252,3.28
42254,1.94
42256,2.36
42259,2.5
42261,2.69
42262,2.69
42265,2.99
42266,3.45
42273,2.24
42274,2.36
42275,2.7
42276,2.54
42280,3.09
42285,2.6
42286,3.79
42301,2.42
42303,2.4
42320,2.6
42321,2.47
42322,-666666666.0
42323,3.49
42324,2.11
42325,2.32
42326,2.21
42327,2.75
42328,2.8
42330,2.68
42332,1.65
42333,2.55
42337,2.66
42338,1.23
42339,2.67
42343,2.75
42344,3.01
42345,2.38
42347,2.43
42348,2.56
42349,3.18
42350,2.45
42351,2.72
42352,2.38
42354,2.5
42355,2.49
42356,-666666666.0
42361,2.65
42366,2.69
42367,2.57
42368,2.68
42369,2.89
42370,2.44
42371,2.22
42372,2.16
42374,2.6
42376,2.66
42378,2.73
42404,2.72
42406,2.53
42408,2.44
42409,2.58
42410,2.78
42411,2.67
42413,2.19
42420,2.37
42431,2.4
42436,2.55
42437,2.34
42440,2.29
42441,2.63
42442,2.84
42444,-666666666.0
42445,2.34
42450,2.22
42451,3.06
42452,2.43
42453,2.57
42455,3.2
42456,2.01
42458,2.29
42459,2.51
42461,2.0
42462,3.44
42463,2.11
42464,2.14
42501,2.54
42503,2.44
42516,2.64
42518,2.78
42519,2.51
42528,3.17
42533,2.5
42539,2.47
42541,2.31
42544,2.35
42553,2.75
42565,2.76
42566,3.16
42567,2.38
42602,2.47
42603,2.67
42629,2.36
42631,-666666666.0
42633,2.47
42634,3.19
42635,2.14
42638,3.56
42642,2.59
42647,3.09
42649,2.11
42653,3.21
42701,2.39
42712,2.44
42713,2.46
42715,3.67
42716,2.22
42717,2.31
42718,2.49
42721,2.98
42722,2.22
42724,2.81
42726,2.72
42728,2.48
42729,2.44
42732,3.46
42733,2.85
42740,2.42
42741,3.51
42742,3.96
42743,2.52
42746,2.96
42748,2.6
42749,2.46
42753,2.56
42754,2.6
42757,2.56
42758,3.06
42759,6.14
42762,3.67
42764,2.29
42765,2.82
42776,2.97
42782,2.67
42784,2.36
42788,1.83
43001,2.45
43002,1.83
43003,2.41
43004,2.81
43005,3.18
43006,2.08
43007,1.13
43008,2.24
43009,2.94
43010,2.18
43011,2.77
43013,2.99
43014,3.32
43015,2.56
43016,2.37
43017,2.59
43018,2.24
43019,2.88
43021,2.98
43022,2.49
43023,2.74
43025,2.45
43026,2.59
43027,3.23
43028,2.65
43029,2.76
43030,2.57
43031,2.65
43032,-666666666.0
43033,2.43
43035,2.97
43036,2.27
43037,2.2
43040,2.53
43044,2.53
43045,2.91
43046,2.29
43047,2.75
43050,2.38
43054,2.58
43055,2.48
43056,2.6
43060,2.53
43061,3.26
43062,2.79
43064,2.93
43065,2.78
43066,2.21
43067,3.07
43068,2.5
43070,3.53
43071,2.79
43072,2.4
43074,2.72
43076,2.51
43077,3.46
43078,2.38
43080,2.75
43081,2.35
43082,2.77
43084,3.43
43085,2.53
43101,2.27
43102,2.6
43103,2.92
43105,2.65
43106,2.88
43107,2.69
43109,1.93
43110,2.38
43111,2.25
43112,3.1
43113,2.4
43115,3.44
43116,3.55
43117,-666666666.0
43119,2.69
43123,2.51
43125,2.55
43126,2.42
43127,3.21
43128,2.4
43130,2.44
43135,2.41
43136,2.96
43137,2.3
43138,2.5
43140,2.47
43142,1.74
43143,2.64
43144,2.54
43145,2.56
43146,2.59
43147,3.01
43148,2.61
43149,2.44
43150,2.68
43151,2.73
43152,2.14
43153,3.0
43154,3.04
43155,2.39
43156,2.22
43157,2.76
43158,3.12
43160,2.36
43162,2.53
43164,2.55
43201,2.19
43202,2.2
43203,2.16
43204,2.48
43205,2.2
43206,2.01
43207,2.4
43209,2.27
43210,1.84
43211,2.55
43212,1.84
43213,2.29
43214,1.97
43215,1.4
43217,2.83
43218,-666666666.0
43219,2.63
43220,2.19
43221,2.37
43222,2.4
43223,2.68
43224,2.44
43227,2.46
43228,2.42
43229,2.52
43230,2.35
43231,2.64
43232,2.49
43235,2.26
43240,2.06
43302,2.48
43310,2.4
43311,2.38
43314,2.49
43315,2.62
43316,2.48
43317,2.33
43318,2.45
43319,2.35
43320,2.34
43321,2.9
43322,3.0
43323,2.07
43324,2.38
43325,4.0
43326,2.42
43330,2.0
43331,2.05
43332,2.19
43333,2.94
43334,2.53
43336,-666666666.0
43337,2.13
43338,2.58
43340,3.12
43341,2.0
43342,2.63
43343,1.71
43344,2.6
43345,2.73
43346,5.58
43347,2.77
43348,2.11
43350,2.39
43351,2.35
43356,2.34
43357,2.55
43358,2.58
43359,2.78
43360,2.66
43402,2.2
43403,-666666666.0
43406,2.31
43407,2.81
43408,3.45
43410,2.38
43412,2.73
43413,2.56
43414,1.9
43416,2.39
43420,2.36
43430,2.53
43431,2.64
43432,2.55
43433,1.87
43434,4.96
43435,2.61
43436,-666666666.0
43437,3.01
43438,1.86
43439,1.18
43440,1.87
43442,2.33
43443,2.72
43445,2.37
43446,1.84
43447,2.66
43449,2.27
43450,2.36
43451,2.39
43452,2.02
43456,2.6
43457,2.51
43458,2.32
43460,2.35
43462,2.31
43463,2.24
43464,2.42
43465,2.46
43466,3.02
43467,2.24
43468,2.77
43469,2.37
43501,2.75
43502,2.6
43504,2.69
43505,2.82
43506,2.22
43510,2.62
43511,2.61
43512,2.4
43515,2.57
43516,2.77
43517,2.39
43518,2.64
43519,2.63
43520,2.13
43521,2.32
43522,2.48
43523,2.03
43524,2.27
43525,2.61
43526,2.62
43527,2.31
43528,2.5
43529,3.2
43530,-666666666.0
43531,2.74
43532,2.51
43533,2.52
43534,2.42
43535,2.61
43536,1.83
43537,2.34
43540,2.59
43541,3.08
43542,3.0
43543,2.31
43545,2.42
43547,3.74
43548,2.55
43549,2.61
43551,2.33
43553,2.99
43554,2.31
43555,2.09
43556,2.65
43557,2.62
43558,2.37
43560,2.54
43565,2.41
43566,2.41
43567,2.57
43569,2.48
43570,2.61
43571,2.52
43604,1.77
43605,2.49
43606,2.18
43607,2.27
43608,2.57
43609,2.27
43610,2.3
43611,2.39
43612,2.41
43613,2.41
43614,2.05
43615,2.11
43616,2.36
43617,2.72
43619,2.28
43620,2.09
43623,2.17
43701,2.35
43711,5.64
43713,2.53
43716,2.19
43717,2.33
43718,2.49
43719,2.53
43720,2.43
43721,3.09
43722,5.18
43723,2.31
43724,2.61
43725,2.3
43727,2.19
43728,2.75
43730,3.09
43731,2.6
43732,2.74
43733,5.67
43734,3.13
43735,3.65
43736,3.0
43738,2.16
43739,3.19
43740,2.4
43746,2.2
43747,2.72
43748,2.7
43749,2.09
43750,3.36
43754,3.37
43755,2.09
43756,2.35
43758,2.46
43759,3.09
43760,2.44
43761,2.56
43762,2.32
43764,2.6
43766,2.24
43767,2.29
43768,2.61
43771,2.5
43772,2.33
43773,2.78
43777,2.58
43778,2.63
43779,2.66
43780,2.19
43782,2.45
43783,2.68
43786,2.16
43787,2.84
43788,1.87
43791,1.52
43793,2.18
43802,3.52
43804,3.59
43805,3.38
43811,2.04
43812,2.34
43821,2.64
43822,2.64
43824,2.9
43830,3.02
43832,2.28
43836,2.04
43837,2.52
43840,3.06
43842,1.55
43843,2.44
43844,2.42
43845,2.49
43901,2.2
43902,3.81
43903,2.54
43905,2.66
43906,2.49
43907,2.34
43908,2.69
43909,2.44
43910,2.3
43912,2.25
43913,2.37
43914,1.89
43915,2.13
43917,2.38
43920,2.41
43925,1.69
43926,2.15
43928,3.39
43930,2.96
43931,1.55
43932,2.49
43933,2.35
43934,1.95
43935,2.25
43938,2.57
43939,2.08
43940,2.41
43942,2.53
43943,2.34
43944,2.45
43945,2.6
43946,2.48
43947,2.32
43948,2.66
43950,2.41
43951,1.95
43952,2.22
43953,2.33
43961,2.1
43962,2.16
43963,2.12
43964,2.29
43967,4.0
43968,2.26
43971,2.23
43972,1.4
43973,2.8
43974,2.26
43976,2.47
43977,2.62
43981,1.96
43983,3.76
43985,2.56
43986,2.47
43988,2.59
44001,2.58
44003,3.05
44004,2.35
44010,2.61
44011,2.69
44012,2.41
44017,2.31
44021,2.65
44022,2.45
44023,2.61
44024,2.69
44026,2.46
44028,2.49
44030,2.36
44032,3.12
44035,2.28
44039,2.6
44040,2.69
44041,2.32
44044,2.68
44045,2.26
44046,2.69
44047,2.25
44048,2.65
44049,2.5
44050,2.68
44052,2.42
44053,2.35
44054,2.29
44055,2.41
44056,2.56
44057,2.45
44060,2.33
44062,3.69
44064,2.05
44065,2.35
44067,2.28
44068,2.54
44070,2.43
44072,2.56
44074,2.4
44076,2.69
44077,2.47
44080,1.65
44081,2.78
44082,3.02
44084,2.44
44085,2.58
44086,2.33
44087,2.47
44089,2.32
44090,2.66
44092,2.14
44093,2.04
44094,2.1
44095,2.22
44099,4.33
44101,-666666666.0
44102,2.14
44103,1.96
44104,2.23
44105,2.28
44106,1.85
44107,1.9
44108,2.32
44109,2.27
44110,1.96
44111,2.33
44112,2.18
44113,1.69
44114,1.53
44115,1.89
44116,2.19
44117,1.93
44118,2.4
44119,2.18
44120,2.03
44121,2.39
44122,2.3
44123,2.22
44124,2.09
44125,2.46
44126,2.22
44127,2.34
44128,2.19
44129,2.33
44130,2.18
44131,2.45
44132,2.22
44133,2.27
44134,2.28
44135,2.38
44136,2.35
44137,2.29
44138,2.41
44139,2.73
44140,2.6
44141,2.42
44142,2.35
44143,2.17
44144,2.31
44145,2.28
44146,2.03
44147,2.34
44149,2.54
44201,2.77
44202,2.5
44203,2.31
44212,2.48
44214,3.03
44215,2.6
44216,2.51
44217,2.6
44221,2.16
44223,2.15
44224,2.45
44230,2.33
44231,2.85
44232,-666666666.0
44233,2.73
44234,2.36
44235,2.72
44236,2.78
44240,2.24
44241,2.44
44243,-666666666.0
44250,2.43
44251,2.38
44253,2.82
44254,2.42
44255,2.61
44256,2.5
44260,2.51
44262,2.31
44264,2.59
44266,2.31
44270,2.51
44272,2.5
44273,2.51
44274,2.98
44275,2.64
44276,2.83
44278,2.46
44280,2.57
44281,2.48
44285,2.14
44286,2.38
44287,2.6
44288,2.72
44301,2.37
44302,1.95
44303,1.94
44304,2.13
44305,2.27
44306,2.34
44307,1.97
44308,1.64
44310,2.43
44311,2.2
44312,2.26
44313,2.11
44314,2.28
44319,2.3
44320,2.07
44321,2.44
44325,-666666666.0
44333,2.4
44401,2.6
44402,2.48
44403,2.12
44404,2.82
44405,2.43
44406,2.54
44408,2.24
44410,2.22
44411,2.81
44412,2.63
44413,2.43
44415,-666666666.0
44417,2.39
44418,2.55
44420,2.42
44423,2.58
44424,2.59
44425,2.27
44427,2.44
44428,2.42
44429,2.39
44430,2.49
44431,2.54
44432,2.37
44436,2.32
44437,2.39
44438,2.02
44439,2.6
44440,2.16
44441,2.34
44442,2.36
44443,2.61
44444,2.21
44445,2.71
44446,2.15
44449,2.49
44450,3.22
44451,2.47
44452,2.3
44454,2.07
44455,2.91
44460,2.33
44470,2.49
44471,2.27
44473,2.4
44481,2.47
44483,2.21
44484,2.39
44485,2.31
44490,2.38
44491,3.04
44493,2.26
44502,2.42
44503,1.17
44504,2.17
44505,2.23
44506,1.94
44507,2.47
44509,2.15
44510,2.22
44511,2.17
44512,2.21
44514,2.37
44515,2.1
44555,-666666666.0
44601,2.37
44606,3.39
44607,4.85
44608,2.74
44609,2.24
44610,2.38
44611,2.54
44612,2.43
44613,2.37
44614,2.34
44615,2.29
44618,2.86
44619,1.75
44620,2.27
44621,2.66
44622,2.44
44624,3.77
44625,2.42
44626,2.31
44627,3.84
44628,2.78
44629,2.75
44630,4.51
44632,2.76
44633,3.35
44634,2.16
44637,2.44
44638,2.81
44639,2.51
44640,2.57
44641,2.48
44643,2.55
44644,2.12
44645,2.72
44646,2.45
44647,2.27
44651,2.84
44652,2.78
44653,2.74
44654,3.11
44656,2.29
44657,2.33
44659,2.38
44660,2.57
44661,3.12
44662,2.59
44663,2.17
44665,2.89
44666,2.62
44667,2.62
44669,3.08
44670,1.86
44671,1.95
44672,2.05
44675,2.48
44676,2.92
44677,2.53
44678,2.12
44680,2.39
44681,3.44
44682,2.79
44683,2.49
44685,2.61
44687,1.78
44688,2.33
44689,3.46
44690,1.49
44691,2.25
44693,3.0
44695,2.52
44697,2.0
44699,2.13
44702,1.31
44703,2.27
44704,2.28
44705,2.43
44706,2.32
44707,2.52
44708,2.26
44709,2.01
44710,2.35
44714,2.29
44718,2.16
44720,2.29
44721,2.59
44730,2.38
44802,2.68
44804,2.97
44805,2.45
44807,2.13
44809,2.12
44811,2.38
44813,2.67
44814,2.37
44815,2.57
44817,2.65
44818,2.5
44820,2.26
44822,3.19
44824,2.67
44825,3.24
44826,2.29
44827,2.27
44828,1.79
44830,2.47
44833,2.26
44836,2.53
44837,2.96
44838,2.71
44839,2.17
44840,2.72
44841,2.67
44842,2.5
44843,2.32
44844,2.4
44846,2.51
44847,2.55
44849,2.64
44850,3.32
44851,2.49
44853,2.73
44854,2.13
44855,3.03
44856,1.83
44857,2.37
44859,2.67
44861,2.22
44864,2.44
44865,2.63
44866,2.97
44867,2.79
44870,2.25
44874,2.15
44875,2.45
44878,3.21
44880,2.64
44881,3.31
44882,2.26
44883,2.21
44887,2.99
44889,2.67
44890,2.51
44901,-666666666.0
44902,2.69
44903,2.51
44904,2.44
44905,2.26
44906,2.14
44907,2.07
45001,2.93
45002,2.75
45003,2.31
45005,2.5
45011,2.71
45013,2.59
45014,2.42
45015,2.39
45030,2.53
45032,2.6
45033,2.8
45034,2.31
45036,2.65
45039,2.6
45040,2.76
45041,-666666666.0
45042,2.47
45044,2.64
45050,2.75
45051,2.98
45052,2.54
45053,3.19
45054,2.27
45055,2.84
45056,2.49
45062,2.54
45064,2.75
45065,2.98
45066,2.79
45067,2.96
45068,2.58
45069,2.67
45070,2.85
45101,2.5
45102,2.52
45103,2.46
45105,-666666666.0
45106,2.56
45107,2.68
45111,2.33
45112,1.67
45113,2.39
45115,1.96
45118,2.64
45119,1.87
45120,2.44
45121,2.38
45122,2.73
45123,2.69
45130,2.8
45131,3.34
45132,1.73
45133,2.52
45135,2.82
45140,2.62
45142,2.5
45144,2.56
45146,2.59
45147,1.92
45148,2.67
45150,2.43
45152,3.04
45153,2.87
45154,2.72
45155,3.09
45156,3.93
45157,2.64
45158,2.65
45159,2.6
45160,2.02
45162,2.48
45164,2.72
45166,1.52
45167,2.28
45168,2.31
45169,2.46
45171,2.56
45172,3.14
45174,3.1
45176,2.58
45177,2.4
45202,1.61
45203,1.99
45204,2.49
45205,2.68
45206,1.68
45207,2.15
45208,2.12
45209,1.67
45211,2.39
45212,2.14
45213,2.05
45214,2.12
45215,2.38
45216,2.56
45217,2.32
45218,2.42
45219,2.27
45220,1.97
45223,2.18
45224,2.21
45225,2.28
45226,1.92
45227,2.13
45229,2.04
45230,2.34
45231,2.37
45232,2.61
45233,2.57
45236,2.1
45237,2.15
45238,2.36
45239,2.46
45240,2.66
45241,2.28
45242,2.4
45243,2.6
45244,2.69
45245,2.36
45246,2.34
45247,2.49
45248,2.5
45249,2.61
45251,2.51
45252,2.61
45255,2.3
45267,-666666666.0
45301,3.29
45302,2.89
45303,2.41
45304,2.6
45305,2.51
45306,2.67
45307,2.69
45308,2.8
45309,2.51
45310,2.83
45311,2.61
45312,2.29
45314,2.93
45315,2.19
45316,2.44
45317,2.22
45318,2.31
45319,2.8
45320,2.34
45321,2.61
45322,2.36
45323,2.42
45324,2.15
45325,2.42
45326,2.84
45327,2.56
45328,3.28
45330,2.25
45331,2.26
45332,2.23
45333,3.27
45334,2.42
45335,2.44
45336,2.47
45337,2.8
45338,2.46
45339,2.43
45340,2.27
45341,2.3
45342,2.43
45344,2.46
45345,2.54
45346,2.44
45347,2.27
45348,3.12
45349,2.36
45350,2.89
45351,2.78
45352,2.33
45353,4.31
45354,2.34
45356,2.36
45358,2.43
45359,3.1
45360,2.02
45361,3.15
45362,2.41
45363,2.67
45365,2.48
45368,2.19
45369,2.49
45370,3.06
45371,2.43
45372,2.36
45373,2.49
45377,2.28
45378,2.75
45380,2.55
45381,2.5
45382,2.53
45383,2.28
45384,2.63
45385,2.49
45387,2.01
45388,3.41
45389,2.59
45390,2.61
45402,1.92
45403,2.11
45404,2.53
45405,2.13
45406,2.22
45409,2.3
45410,2.41
45414,2.12
45415,2.24
45416,2.56
45417,2.26
45419,2.33
45420,2.03
45423,-666666666.0
45424,2.46
45426,2.06
45428,-666666666.0
45429,2.15
45430,2.34
45431,2.23
45432,2.31
45433,3.1
45434,2.73
45435,-666666666.0
45439,2.52
45440,2.34
45449,2.22
45458,2.44
45459,2.12
45469,4.8
45501,-666666666.0
45502,2.56
45503,2.27
45504,2.36
45505,2.55
45506,2.35
45601,2.35
45612,2.47
45613,2.54
45614,2.76
45616,2.74
45617,-666666666.0
45618,-666666666.0
45619,2.52
45620,2.72
45621,2.1
45622,2.38
45623,2.84
45624,-666666666.0
45628,2.63
45629,2.42
45630,3.09
45631,2.27
45634,2.31
45636,3.19
45638,2.57
45640,2.54
45642,-666666666.0
45644,2.44
45645,2.81
45646,3.9
45647,2.34
45648,2.71
45650,2.4
45651,2.74
45652,2.47
45653,3.08
45654,2.22
45656,2.68
45657,2.27
45658,2.88
45659,2.95
45660,2.76
45661,2.58
45662,2.41
45663,2.34
45669,2.45
45671,3.42
45672,3.17
45673,2.56
45674,2.63
45677,2.68
45678,2.47
45679,2.63
45680,2.54
45681,2.45
45682,2.13
45684,2.61
45685,3.72
45686,2.84
45688,1.61
45690,2.45
45692,2.42
45693,2.64
45694,2.62
45695,2.53
45696,1.67
45697,2.99
45698,2.38
45699,-666666666.0
45701,2.37
45710,2.44
45711,2.18
45714,2.22
45715,2.44
45716,2.38
45719,2.29
45720,-666666666.0
45721,2.09
45723,2.52
45724,2.49
45727,4.85
45729,2.97
45732,2.47
45734,1.82
45735,2.18
45739,-666666666.0
45740,2.08
45741,2.04
45742,2.72
45743,2.63
45744,2.38
45745,2.31
45746,2.7
45750,2.21
45760,2.25
45761,1.81
45764,2.48
45766,2.66
45767,2.62
45768,2.46
45769,2.67
45770,2.8
45771,2.39
45772,2.7
45773,4.85
45775,2.78
45776,2.52
45778,2.61
45779,2.12
45780,1.71
45782,3.13
45783,2.2
45784,2.47
45786,2.44
45788,3.28
45789,2.61
45801,2.35
45804,2.38
45805,2.43
45806,2.43
45807,2.44
45808,2.1
45809,2.57
45810,2.28
45812,2.7
45813,2.47
45814,2.51
45815,3.13
45816,2.69
45817,2.38
45819,2.58
45820,2.62
45821,2.12
45822,2.39
45826,2.54
45827,2.39
45828,2.78
45830,2.57
45831,2.59
45832,2.64
45833,2.36
45835,2.36
45836,2.36
45838,2.25
45840,2.27
45841,2.24
45843,2.6
45844,2.49
45845,2.73
45846,2.92
45848,1.96
45849,2.9
45850,2.74
45851,2.37
45853,2.46
45854,2.41
45855,2.96
45856,2.72
45858,2.48
45859,2.28
45860,3.3
45861,2.92
45862,2.11
45863,2.44
45864,2.2
45865,2.65
45866,1.89
45867,2.15
45868,3.24
45869,2.47
45870,4.01
45871,2.65
45872,2.43
45873,2.35
45874,2.62
45875,2.72
45876,2.24
45877,2.41
45879,2.36
45880,2.89
45881,2.36
45882,2.49
45883,3.46
45884,3.71
45885,2.31
45886,2.63
45887,2.47
45888,1.9
45889,3.1
45890,2.57
45891,2.39
45893,1.35
45894,2.45
45895,2.41
45896,2.43
45897,4.13
45898,2.23
45899,2.58
46001,2.5
46011,2.5
46012,2.15
46013,2.13
46016,2.63
46017,2.33
46030,2.62
46031,2.62
46032,2.5
46033,2.76
46034,2.39
46035,3.21
46036,2.49
46037,2.81
46038,2.61
46039,2.55
46040,2.78
46041,2.55
46044,2.47
46045,3.21
46047,2.32
46048,2.91
46049,2.5
46050,2.46
46051,2.37
46052,2.44
46055,2.69
46056,2.65
46057,2.73
46058,2.53
46060,2.72
46062,2.78
46063,2.48
46064,2.65
46065,3.0
46068,2.56
46069,2.31
46070,2.8
46071,2.58
46072,2.34
46074,2.85
46075,2.9
46076,2.58
46077,2.77
46102,2.44
46103,3.07
46104,2.3
46105,2.56
46106,2.9
46107,2.39
46110,3.55
46111,2.52
46112,2.76
46113,2.65
46115,2.65
46117,2.14
46118,2.38
46120,2.21
46121,2.58
46122,2.68
46123,2.68
46124,2.52
46125,2.47
46126,2.29
46127,3.07
46128,2.29
46130,2.65
46131,2.76
46133,2.11
46135,2.28
46140,2.44
46142,2.51
46143,2.6
46144,2.8
46146,3.62
46147,2.49
46148,2.67
46149,3.0
46150,2.8
46151,2.67
46154,12.53
46155,-666666666.0
46156,2.29
46157,2.69
46158,2.6
46160,2.54
46161,2.39
46162,1.96
46163,2.71
46164,2.48
46165,2.89
46166,2.92
46167,2.74
46168,2.56
46170,-666666666.0
46171,2.53
46172,2.43
46173,2.45
46175,2.35
46176,2.4
46180,2.34
46181,2.69
46182,2.52
46183,-666666666.0
46184,2.81
46186,2.33
46201,2.32
46202,1.81
46203,2.49
46204,1.45
46205,2.32
46206,-666666666.0
46208,2.25
46214,2.2
46216,1.68
46217,2.87
46218,2.23
46219,2.42
46220,2.19
46221,2.58
46222,2.74
46224,2.57
46225,2.39
46226,2.38
46227,2.35
46228,2.85
46229,2.53
46231,2.99
46234,2.69
46235,2.75
46236,2.68
46237,2.47
46239,2.92
46240,1.96
46241,2.94
46250,1.91
46254,2.47
46256,2.3
46259,3.09
46260,2.32
46268,2.23
46278,2.68
46280,2.05
46290,1.93
46301,1.97
46302,1.65
46303,2.72
46304,2.44
46307,2.75
46310,2.52
46311,2.65
46312,2.59
46319,2.47
46320,2.55
46321,2.51
46322,2.36
46323,2.79
46324,2.5
46327,2.88
46340,2.41
46341,2.67
46342,2.49
46345,1.6
46346,2.68
46347,2.74
46348,2.48
46349,2.58
46350,2.48
46356,2.79
46360,2.29
46365,2.62
46366,2.87
46368,2.5
46371,3.07
46373,2.73
46374,2.83
46375,2.5
46376,2.76
46377,1.94
46379,1.83
46381,3.0
46382,2.58
46383,2.29
46385,2.66
46390,2.67
46391,2.65
46392,2.9
46393,1.64
46394,2.43
46402,2.45
46403,2.21
46404,2.63
46405,2.72
46406,2.65
46407,2.19
46408,2.57
46409,2.7
46410,2.33
46501,2.93
46502,-666666666.0
46504,2.9
46506,2.81
46507,3.08
46508,1.96
46510,2.36
46511,2.38
46513,-666666666.0
46514,2.54
46516,2.63
46517,2.76
46524,3.39
46526,2.76
46528,3.38
46530,2.76
46531,2.96
46532,2.9
46534,2.64
46536,2.3
46537,2.03
46538,2.79
46539,2.47
46540,3.24
46542,2.86
46543,4.71
46544,2.34
46545,2.16
46550,2.91
46552,2.58
46553,3.21
46554,2.46
46555,2.1
46556,1.63
46561,2.7
46562,2.38
46563,2.66
46565,3.56
46567,2.34
46570,2.71
46571,3.81
46572,2.33
46573,2.97
46574,2.39
46580,2.62
46582,2.44
46590,2.56
46595,4.17
46601,2.01
46613,2.85
46614,2.36
46615,2.27
46616,2.33
46617,2.32
46619,2.73
46624,1.5
46628,2.52
46635,2.38
46637,2.16
46701,2.53
46702,2.32
46703,2.35
46704,1.38
46705,2.78
46706,2.49
46710,2.58
46711,3.21
46714,2.51
46721,2.61
46723,2.42
46725,2.37
46730,2.43
46731,3.95
46732,2.52
46733,2.47
46737,2.4
46738,2.46
46740,3.64
46741,3.12
46742,2.36
46743,2.71
46745,2.76
46746,3.18
46747,2.45
46748,3.12
46750,2.36
46755,2.51
46759,2.72
46760,2.57
46761,3.04
46763,2.41
46764,3.26
46765,2.95
46766,2.51
46767,3.12
46770,2.39
46771,2.91
46772,3.92
46773,2.49
46774,2.46
46776,2.42
46777,2.22
46778,1.72
46779,2.71
46781,2.32
46783,2.5
46784,2.38
46785,3.02
46786,1.48
46787,2.93
46788,3.47
46789,1.78
46791,2.54
46792,2.34
46793,2.52
46794,2.47
46795,2.69
46796,2.22
46797,3.36
46798,2.44
46799,2.23
46802,1.92
46803,2.66
46804,2.26
46805,2.19
46806,2.82
46807,2.6
46808,2.29
46809,2.2
46814,2.95
46815,2.48
46816,2.66
46818,2.69
46819,2.26
46825,2.29
46835,2.43
46845,2.72
46901,2.32
46902,2.32
46910,2.61
46911,2.81
46913,2.44
46914,2.66
46915,2.22
46917,2.57
46919,2.24
46920,3.08
46922,-666666666.0
46923,2.55
46926,2.83
46928,2.29
46929,2.31
46930,2.52
46931,2.48
46932,2.2
46933,2.34
46936,2.58
46937,2.0
46938,2.04
46939,2.25
46940,2.5
46941,2.64
46943,2.43
46945,-666666666.0
46946,2.56
46947,2.49
46950,1.87
46951,3.04
46952,2.24
46953,2.26
46957,2.24
46958,2.1
46959,1.62
46960,2.59
46961,2.29
46962,2.35
46965,-666666666.0
46967,3.13
46968,2.33
46970,2.55
46971,-666666666.0
46974,2.57
46975,2.53
46978,2.55
46979,2.93
46980,5.75
46982,2.42
46984,1.73
46985,2.6
46986,2.3
46987,2.44
46988,2.52
46989,3.07
46990,2.28
46991,2.21
46992,2.26
46994,2.37
46996,2.38
46998,2.71
47001,2.4
47003,2.09
47006,2.64
47010,4.45
47011,2.65
47012,2.45
47016,2.14
47017,2.3
47018,2.58
47020,2.95
47021,-666666666.0
47022,2.5
47023,2.47
47024,2.6
47025,2.53
47030,2.92
47031,2.62
47032,2.54
47033,-666666666.0
47034,2.41
47035,1.65
47036,3.04
47037,2.59
47038,2.39
47040,2.35
47041,2.71
47042,2.26
47043,2.4
47060,2.56
47102,2.48
47104,-666666666.0
47106,2.78
47108,2.46
47110,2.94
47111,2.76
47112,2.59
47114,2.78
47115,2.8
47116,2.58
47117,2.82
47118,2.52
47119,2.75
47120,2.48
47122,2.89
47123,3.18
47124,3.03
47125,2.64
47126,2.64
47129,2.31
47130,2.39
47135,2.25
47136,2.94
47137,2.53
47138,2.61
47140,2.27
47141,2.65
47142,2.23
47143,2.84
47145,2.24
47147,2.52
47150,2.4
47160,2.96
47161,2.71
47162,2.62
47163,2.12
47164,2.5
47165,2.6
47166,2.42
47167,2.52
47170,2.43
47172,2.68
47174,1.43
47175,2.27
47177,3.11
47201,2.48
47203,2.37
47220,2.56
47223,2.42
47224,3.24
47225,-666666666.0
47226,2.64
47227,2.23
47229,2.71
47230,2.46
47231,3.17
47232,2.72
47234,2.66
47235,2.36
47236,4.03
47240,2.46
47243,2.72
47244,2.71
47246,2.94
47247,2.23
47250,2.32
47260,2.63
47263,2.86
47264,2.64
47265,2.63
47270,2.44
47272,2.61
47273,2.67
47274,2.61
47280,2.31
47281,2.66
47282,2.21
47283,2.93
47302,2.29
47303,2.26
47304,2.22
47305,1.71
47306,-666666666.0
47320,2.31
47324,2.95
47325,2.94
47326,3.37
47327,2.39
47330,2.55
47331,2.36
47334,2.37
47335,2.23
47336,2.29
47337,2.76
47338,2.26
47339,2.67
47340,2.51
47341,2.48
47342,2.47
47344,2.5
47345,2.97
47346,2.57
47348,2.31
47351,3.15
47352,2.73
47353,2.36
47354,2.21
47355,2.22
47356,2.42
47357,2.48
47358,2.65
47359,2.84
47360,2.66
47361,2.66
47362,2.41
47366,2.0
47367,1.44
47368,2.41
47369,2.1
47370,1.59
47371,2.45
47373,2.65
47374,2.27
47380,2.34
47381,2.59
47382,3.22
47383,2.58
47384,2.83
47385,2.56
47386,2.05
47387,2.24
47388,2.33
47390,2.25
47392,2.33
47393,3.43
47394,2.47
47396,2.54
47401,2.1
47403,2.27
47404,2.17
47405,-666666666.0
47406,2.07
47408,2.13
47420,1.19
47421,2.22
47424,2.5
47427,2.89
47429,2.52
47431,3.07
47432,2.42
47433,2.53
47434,-666666666.0
47435,1.72
47436,2.81
47437,2.02
47438,2.52
47441,2.25
47443,2.61
47445,1.45
47446,2.45
47448,2.26
47449,2.57
47451,2.67
47452,2.52
47453,1.97
47454,2.42
47455,2.06
47456,2.27
47457,-666666666.0
47458,-666666666.0
47459,2.56
47460,2.41
47462,2.78
47464,2.06
47465,2.69
47467,-666666666.0
47468,1.93
47469,2.57
47470,2.64
47471,2.58
47501,2.51
47512,2.38
47513,2.51
47514,2.13
47515,3.31
47516,2.27
47519,3.27
47520,2.24
47521,2.54
47522,2.08
47523,2.65
47524,2.2
47525,1.87
47527,2.84
47528,2.36
47529,3.02
47531,2.33
47532,2.41
47535,2.65
47537,1.97
47541,2.58
47542,2.45
47546,2.38
47550,2.73
47551,2.52
47552,3.5
47553,2.75
47557,2.44
47558,3.72
47561,2.04
47562,3.07
47564,2.76
47567,2.36
47568,2.84
47573,2.71
47574,2.41
47575,2.53
47576,3.17
47577,2.55
47578,1.92
47579,2.75
47580,2.08
47581,2.29
47584,2.11
47585,2.46
47586,2.25
47588,2.82
47590,2.62
47591,2.28
47596,2.51
47597,2.43
47598,2.3
47601,2.42
47610,2.54
47611,2.64
47612,2.78
47613,3.09
47615,2.31
47616,3.07
47619,2.34
47620,2.35
47630,2.61
47631,2.37
47633,2.33
47634,2.67
47635,2.33
47637,2.65
47638,2.58
47639,2.72
47640,2.41
47648,2.24
47649,2.01
47654,3.33
47660,2.56
47665,2.66
47666,2.81
47670,2.44
47683,2.18
47708,1.38
47710,2.21
47711,2.31
47712,2.37
47713,2.0
47714,2.27
47715,2.06
47720,2.4
47725,2.55
47802,2.25
47803,2.27
47804,2.37
47805,2.3
47807,2.26
47809,-666666666.0
47831,-666666666.0
47832,2.53
47833,2.58
47834,2.43
47836,-666666666.0
47837,2.44
47838,2.49
47840,2.75
47841,2.4
47842,2.31
47845,3.64
47846,3.03
47847,2.11
47848,2.35
47849,3.73
47850,2.48
47851,-666666666.0
47853,2.49
47854,2.62
47855,2.55
47857,2.33
47858,3.02
47859,3.02
47860,3.11
47861,2.45
47862,2.23
47863,2.05
47865,4.0
47866,2.88
47868,2.33
47869,2.13
47870,-666666666.0
47871,2.58
47872,2.86
47874,2.35
47875,-666666666.0
47876,-666666666.0
47879,2.39
47880,2.54
47881,2.67
47882,2.34
47884,2.42
47885,2.63
47901,1.66
47904,2.07
47905,2.39
47906,2.3
47907,-666666666.0
47909,2.5
47916,2.95
47917,2.73
47918,2.3
47920,2.76
47921,2.68
47922,2.62
47923,2.47
47924,1.55
47925,-666666666.0
47926,2.87
47928,2.5
47929,2.29
47930,2.51
47932,2.45
47933,2.35
47940,2.67
47941,2.12
47942,2.37
47943,2.81
47944,2.4
47946,2.86
47948,2.36
47949,2.91
47950,2.57
47951,2.14
47952,2.19
47954,2.64
47955,2.12
47957,3.04
47958,2.49
47959,2.82
47960,2.37
47963,2.73
47964,2.18
47965,2.4
47966,1.94
47967,2.43
47968,2.7
47969,2.45
47970,2.62
47971,2.54
47974,2.56
47975,2.71
47977,2.66
47978,2.41
47980,2.53
47981,2.98
47982,2.19
47983,2.65
47986,-666666666.0
47987,2.41
47989,2.47
47990,2.6
47991,2.64
47992,2.4
47993,2.43
47994,2.51
47995,2.98
47997,2.7
48001,2.25
48002,2.48
48003,2.6
48005,2.88
48006,2.74
48009,2.32
48014,2.58
48015,2.25
48017,1.95
48021,2.57
48022,2.48
48023,2.45
48025,2.57
48026,2.22
48027,2.69
48028,1.86
48030,2.21
48032,2.47
48033,2.12
48034,1.95
48035,2.32
48036,2.31
48038,2.13
48039,2.28
48040,2.3
48041,2.48
48042,2.83
48043,2.17
48044,3.0
48045,2.07
48047,2.49
48048,2.9
48049,2.46
48050,2.56
48051,2.57
48054,2.43
48059,2.4
48060,2.32
48062,2.62
48063,2.63
48064,2.77
48065,2.41
48066,2.25
48067,1.92
48069,2.27
48070,2.76
48071,2.11
48072,2.18
48073,2.04
48074,2.54
48075,2.31
48076,2.3
48079,2.47
48080,1.99
48081,2.23
48082,2.22
48083,2.43
48084,2.27
48085,3.0
48088,2.47
48089,2.53
48091,2.66
48092,2.6
48093,2.32
48094,2.57
48095,2.78
48096,2.38
48097,2.41
48098,2.78
48101,2.38
48103,2.27
48104,2.34
48105,2.19
48108,2.21
48109,3.54
48111,2.43
48114,2.7
48116,2.41
48117,2.48
48118,2.28
48120,3.25
48122,2.87
48124,2.47
48125,2.65
48126,3.51
48127,2.9
48128,2.81
48130,2.76
48131,2.28
48133,2.83
48134,2.7
48135,2.46
48137,2.3
48138,2.51
48139,1.39
48140,2.84
48141,2.78
48143,2.91
48144,2.4
48145,2.38
48146,2.62
48150,2.51
48152,2.45
48154,2.46
48157,1.97
48158,2.41
48159,2.42
48160,2.54
48161,2.33
48162,2.34
48164,2.8
48165,2.81
48166,2.74
48167,2.29
48168,2.79
48169,2.52
48170,2.3
48173,2.62
48174,2.71
48176,2.67
48177,3.36
48178,2.7
48179,2.51
48180,2.51
48182,2.48
48183,2.39
48184,2.45
48185,2.2
48186,2.68
48187,2.72
48188,2.81
48189,2.22
48190,2.6
48191,2.63
48192,2.28
48193,2.47
48195,2.38
48197,2.32
48198,2.37
48201,1.68
48202,1.78
48203,2.28
48204,2.3
48205,2.54
48206,2.44
48207,1.81
48208,1.9
48209,3.08
48210,3.37
48211,3.0
48212,3.62
48213,2.76
48214,1.99
48215,2.46
48216,2.04
48217,2.44
48218,2.48
48219,2.46
48220,1.91
48221,2.64
48223,2.68
48224,2.87
48225,2.78
48226,1.34
48227,2.57
48228,2.84
48229,2.69
48230,2.51
48233,-666666666.0
48234,2.62
48235,2.48
48236,2.47
48237,2.37
48238,2.46
48239,2.65
48240,2.5
48242,-666666666.0
48243,-666666666.0
48301,2.57
48302,2.6
48304,2.55
48306,2.87
48307,2.38
48309,2.56
48310,2.92
48312,2.53
48313,2.49
48314,2.39
48315,2.56
48316,2.49
48317,2.26
48320,2.08
48322,2.58
48323,2.74
48324,2.65
48326,2.12
48327,2.2
48328,2.24
48329,2.42
48331,2.45
48334,2.38
48335,2.17
48336,2.31
48340,2.34
48341,2.26
48342,2.56
48346,2.43
48348,2.79
48350,2.8
48353,2.48
48356,2.57
48357,2.66
48359,2.41
48360,2.52
48362,2.5
48363,3.11
48367,2.87
48370,3.37
48371,2.71
48374,3.18
48375,2.39
48377,2.11
48380,2.75
48381,2.47
48382,2.79
48383,2.79
48386,2.46
48390,2.27
48393,2.17
48401,2.15
48410,2.19
48411,-666666666.0
48412,2.63
48413,2.41
48414,2.58
48415,2.55
48416,2.74
48417,2.24
48418,2.75
48419,2.27
48420,2.39
48421,2.55
48422,2.4
48423,2.29
48426,3.33
48427,2.38
48428,2.66
48429,2.24
48430,2.51
48432,2.11
48433,2.56
48434,2.06
48435,2.96
48436,2.74
48437,1.6
48438,2.77
48439,2.45
48440,1.9
48441,2.44
48442,2.42
48444,2.58
48445,2.27
48446,2.39
48449,2.71
48450,1.89
48451,2.71
48453,2.47
48454,2.44
48455,2.62
48456,2.36
48457,2.61
48458,2.39
48460,2.52
48461,2.61
48462,2.53
48463,2.54
48464,2.28
48465,2.46
48466,2.27
48467,1.8
48468,2.29
48469,2.01
48470,2.09
48471,2.24
48472,2.39
48473,2.36
48475,2.53
48476,2.61
48502,1.53
48503,2.3
48504,2.31
48505,2.46
48506,2.51
48507,2.35
48509,2.39
48519,2.45
48529,2.13
48532,2.42
48601,2.35
48602,2.48
48603,2.24
48604,2.27
48607,2.4
48609,2.31
48610,2.23
48611,2.28
48612,2.35
48613,2.39
48614,2.37
48615,2.6
48616,2.44
48617,2.79
48618,2.37
48619,1.92
48620,2.56
48621,2.39
48622,2.56
48623,2.6
48624,2.36
48625,2.47
48626,2.49
48627,2.22
48628,2.46
48629,2.01
48630,1.89
48631,2.22
48632,2.48
48633,1.34
48634,2.24
48635,2.2
48636,1.98
48637,2.47
48638,2.06
48640,2.38
48642,2.4
48647,2.74
48649,2.26
48650,2.45
48651,2.15
48652,2.58
48653,2.1
48654,2.11
48655,2.42
48656,2.04
48657,2.42
48658,2.38
48659,2.72
48661,2.29
48662,2.37
48701,2.31
48703,2.01
48705,1.96
48706,2.27
48708,2.26
48710,-666666666.0
48720,2.52
48721,2.0
48722,2.44
48723,2.41
48724,2.78
48725,1.87
48726,2.54
48727,2.63
48728,1.83
48729,2.54
48730,1.97
48731,2.3
48732,2.14
48733,2.34
48734,2.15
48735,2.29
48737,2.01
48738,1.95
48739,2.03
48740,2.22
48741,2.52
48742,2.09
48743,2.0
48744,2.25
48745,2.31
48746,2.51
48747,2.71
48748,2.14
48749,2.7
48750,2.09
48754,2.5
48755,2.18
48756,2.27
48757,2.36
48759,2.28
48760,2.46
48761,1.95
48762,2.14
48763,2.43
48765,2.15
48766,2.42
48767,2.32
48768,2.43
48770,2.65
48801,2.33
48806,2.53
48807,2.38
48808,2.14
48809,2.67
48811,2.88
48813,2.61
48815,2.91
48816,1.92
48817,2.24
48818,2.59
48819,2.79
48820,2.62
48821,2.42
48822,2.75
48823,2.26
48824,-666666666.0
48825,-666666666.0
48827,2.62
48829,2.56
48831,2.34
48832,2.55
48834,2.79
48835,2.6
48836,2.75
48837,2.35
48838,2.56
48840,2.05
48841,2.15
48842,2.34
48843,2.55
48845,2.74
48846,2.7
48847,2.42
48848,2.72
48849,2.83
48850,2.8
48851,2.71
48852,2.52
48853,2.47
48854,2.49
48855,2.74
48856,2.83
48857,2.71
48858,2.3
48859,5.0
48860,3.0
48861,2.48
48862,2.78
48864,2.51
48865,3.06
48866,2.45
48867,2.35
48870,2.71
48871,2.6
48872,2.41
48873,3.37
48874,2.5
48875,2.74
48876,2.59
48877,2.31
48878,2.35
48879,2.62
48880,2.47
48881,2.64
48883,2.57
48884,2.98
48885,2.71
48886,2.44
48888,2.35
48889,2.33
48890,2.68
48891,2.72
48892,2.49
48893,2.53
48894,2.9
48895,2.4
48896,3.77
48897,2.43
48906,2.37
48910,2.12
48911,2.45
48912,2.03
48915,2.28
48917,2.08
48933,1.72
49001,2.29
49002,2.44
49004,2.38
49006,2.24
49007,2.19
49008,2.08
49009,2.46
49010,2.7
49011,2.7
49012,2.67
49013,2.78
49014,2.48
49015,2.5
49017,2.35
49021,2.72
49022,2.37
49024,2.4
49026,2.21
49027,4.12
49028,2.44
49029,2.49
49030,2.93
49031,2.43
49032,2.74
49033,2.38
49034,2.63
49036,2.47
49037,2.27
49038,2.26
49040,2.46
49042,2.54
49043,2.45
49045,2.29
49046,2.39
49047,2.34
49048,2.42
49050,2.62
49051,2.84
49052,2.86
49053,2.76
49055,2.43
49056,2.93
49057,2.87
49058,2.53
49060,2.67
49061,2.78
49063,2.86
49064,2.64
49065,2.44
49066,2.72
49067,2.55
49068,2.37
49070,2.57
49071,2.7
49072,2.51
49073,2.57
49074,1.19
49075,2.59
49076,2.44
49078,2.6
49079,2.55
49080,2.48
49082,2.57
49083,2.56
49084,1.44
49085,2.27
49087,2.69
49088,2.68
49089,2.97
49090,2.37
49091,2.55
49092,2.55
49093,2.51
49094,2.61
49095,2.44
49096,2.59
49097,2.43
49098,2.64
49099,2.52
49101,2.26
49102,2.25
49103,2.49
49104,-666666666.0
49106,2.5
49107,2.45
49111,2.44
49112,2.47
49113,2.24
49115,1.33
49116,1.88
49117,1.91
49119,2.16
49120,2.47
49125,2.35
49126,2.81
49127,2.51
49128,2.32
49129,2.03
49130,2.44
49201,2.47
49202,2.12
49203,2.4
49220,2.55
49221,2.37
49224,2.72
49227,2.6
49228,2.59
49229,2.64
49230,2.21
49232,2.91
49233,2.62
49234,2.46
49235,2.58
49236,2.64
49237,2.68
49238,2.78
49240,2.56
49241,2.42
49242,2.42
49245,2.89
49246,2.81
49247,2.46
49248,2.54
49249,2.45
49250,2.5
49251,2.68
49252,2.41
49253,2.21
49254,2.26
49255,3.29
49256,2.52
49258,2.0
49259,2.43
49261,3.02
49262,2.5
49263,-666666666.0
49264,2.88
49265,2.45
49266,2.48
49267,2.61
49268,2.49
49269,2.87
49270,2.71
49271,2.48
49272,2.51
49274,2.59
49276,2.26
49277,2.59
49279,2.25
49282,1.2
49283,3.03
49284,2.48
49285,2.36
49286,2.46
49287,2.54
49288,2.81
49289,2.25
49301,2.89
49302,3.17
49303,2.71
49304,2.66
49305,2.11
49306,2.62
49307,2.32
49309,2.06
49310,2.84
49312,2.13
49315,2.82
49316,2.76
49318,2.66
49319,2.56
49320,2.28
49321,2.4
49322,2.51
49323,2.95
49325,3.21
49326,2.73
49327,2.75
49328,2.7
49329,2.77
49330,2.89
49331,2.56
49332,2.24
49333,2.67
49335,5.19
49336,2.78
49337,2.68
49338,2.35
49339,2.86
49340,2.29
49341,2.69
49342,2.26
49343,2.62
49344,2.6
49345,2.73
49346,2.32
49347,2.91
49348,2.55
49349,2.45
49401,2.91
49402,2.17
49403,2.64
49404,2.77
49405,2.73
49406,1.9
49408,2.64
49409,1.9
49410,2.59
49411,2.09
49412,2.61
49415,2.61
49417,2.44
49418,2.53
49419,2.93
49420,2.43
49421,2.6
49423,2.44
49424,2.64
49425,2.9
49426,3.0
49428,2.71
49430,1.56
49431,2.27
49434,-666666666.0
49435,2.9
49436,2.17
49437,2.57
49440,1.86
49441,2.43
49442,2.5
49443,-666666666.0
49444,2.67
49445,2.55
49446,2.96
49448,2.53
49449,2.3
49450,3.08
49451,2.93
49452,2.88
49453,2.33
49454,2.58
49455,2.66
49456,2.24
49457,2.63
49458,3.19
49459,2.99
49460,2.78
49461,2.53
49464,2.77
49503,2.08
49504,2.37
49505,2.31
49506,2.61
49507,3.0
49508,2.65
49509,2.76
49512,2.15
49519,2.55
49525,2.49
49534,2.43
49544,2.32
49546,2.42
49548,2.78
49601,2.5
49611,2.8
49612,2.16
49613,2.04
49614,2.6
49615,1.96
49616,2.46
49617,2.35
49618,2.33
49619,2.52
49620,2.95
49621,2.61
49622,2.35
49623,2.76
49625,2.37
49626,2.1
49627,1.99
49628,3.13
49629,1.94
49630,2.11
49631,2.39
49632,2.23
49633,2.21
49634,3.02
49635,2.21
49636,1.8
49637,3.21
49638,2.53
49639,2.43
49640,2.28
49642,2.52
49643,2.56
49644,2.34
49645,2.45
49646,2.31
49648,2.08
49649,3.21
49650,2.71
49651,2.48
49653,2.3
49654,2.64
49655,2.8
49656,2.72
49657,2.74
49659,2.34
49660,2.34
49663,2.8
49664,2.46
49665,2.5
49667,2.47
49668,2.45
49670,2.23
49674,2.05
49675,1.99
49676,2.39
49677,2.63
49679,2.46
49680,2.92
49682,2.4
49683,2.37
49684,2.24
49685,2.58
49686,2.13
49688,2.64
49689,2.31
49690,2.68
49696,2.64
49701,2.03
49705,2.87
49706,2.21
49707,2.15
49709,2.02
49710,2.01
49712,2.09
49713,2.46
49715,2.66
49716,2.74
49717,1.94
49718,2.5
49719,1.92
49720,2.02
49721,2.42
49722,2.05
49724,2.73
49725,1.99
49726,1.85
49727,2.25
49728,2.34
49729,2.26
49730,2.37
49733,2.31
49735,2.28
49736,2.09
49738,2.21
49740,2.24
49743,2.31
49744,2.59
49745,2.03
49746,2.02
49747,2.38
49748,1.94
49749,2.2
49751,2.32
49752,2.08
49753,2.29
49755,2.17
49756,1.88
49757,1.87
49759,1.92
49760,2.01
49762,1.91
49764,-666666666.0
49765,2.42
49766,2.6
49768,2.12
49769,2.47
49770,2.33
49774,2.48
49775,2.0
49776,2.19
49777,2.06
49779,2.11
49780,2.59
49781,1.95
49782,1.93
49783,2.29
49784,-666666666.0
49788,3.47
49791,2.26
49793,1.73
49795,2.4
49796,2.06
49799,2.51
49801,2.15
49802,2.19
49805,2.08
49806,2.57
49807,2.41
49808,1.42
49812,2.36
49814,2.64
49815,1.77
49816,2.5
49817,2.49
49818,2.55
49820,1.74
49821,2.58
49822,2.14
49825,2.4
49826,4.34
49827,2.67
49829,2.13
49831,2.13
49833,2.2
49834,2.49
49835,2.19
49836,2.23
49837,2.53
49838,1.73
49839,1.8
49840,2.23
49841,2.46
49847,2.32
49848,2.09
49849,2.44
49852,2.66
49853,2.1
49854,2.01
49855,2.19
49858,2.19
49861,2.19
49862,2.25
49863,2.45
49864,1.39
49866,2.43
49868,2.13
49870,2.26
49871,2.47
49872,2.35
49873,2.06
49874,2.23
49876,2.4
49877,1.25
49878,2.25
49879,2.02
49880,2.18
49881,2.29
49883,2.68
49884,2.57
49885,2.41
49886,2.39
49887,2.54
49891,2.96
49892,2.39
49893,2.2
49894,2.53
49895,2.28
49896,2.99
49901,1.75
49902,1.72
49903,1.43
49905,3.18
49908,2.16
49910,1.76
49911,2.22
49912,2.02
49913,2.35
49915,2.23
49916,2.36
49917,3.43
49918,2.04
49919,1.71
49920,2.16
49921,2.45
49922,2.67
49925,2.03
49927,2.64
49929,2.61
49930,2.47
49931,2.29
49934,1.93
49935,2.2
49938,1.98
49942,1.21
49945,2.17
49946,2.29
49947,1.91
49948,2.42
49950,1.91
49952,2.42
49953,1.9
49955,3.3
49958,2.2
49959,2.22
49960,2.79
49961,2.39
49962,1.9
49963,2.02
49965,1.98
49967,1.81
49968,2.11
49969,1.87
49970,1.96
49971,1.93
50001,3.03
50002,2.35
50003,2.61
50005,2.4
50006,2.33
50007,2.63
50008,2.37
50009,2.62
50010,2.13
50012,-666666666.0
50013,-666666666.0
50014,2.28
50020,2.17
50021,2.39
50022,2.26
50023,2.67
50025,2.03
50026,2.32
50027,1.89
50028,2.51
50029,2.19
50031,4.07
50032,2.65
50033,1.71
50034,2.59
50035,3.07
50036,2.42
50038,2.81
50039,3.06
50040,2.12
50041,1.69
50042,2.47
50044,2.32
50046,2.48
50047,2.82
50048,2.59
50049,2.38
50050,2.41
50051,2.2
50052,1.91
50054,2.84
50055,2.69
50056,2.38
50057,2.03
50058,2.28
50060,2.43
50061,2.99
50062,2.86
50063,2.5
50064,1.74
50065,2.16
50066,2.12
50067,3.15
50068,2.49
50069,2.66
50070,2.35
50071,2.56
50072,2.7
50073,2.14
50074,1.89
50075,2.33
50076,2.22
50078,2.04
50101,2.62
50102,2.82
50103,2.35
50104,1.79
50105,2.4
50106,2.42
50107,2.35
50108,2.28
50109,2.62
50110,1.94
50111,2.69
50112,2.17
50115,2.23
50116,2.58
50117,2.74
50118,2.66
50119,2.27
50120,2.92
50122,2.47
50123,2.26
50124,2.77
50125,2.49
50126,2.19
50127,-666666666.0
50128,2.22
50129,2.19
50130,2.66
50131,2.54
50132,2.33
50133,2.17
50134,2.85
50135,2.77
50136,2.57
50137,2.57
50138,2.31
50139,2.3
50140,2.33
50141,2.32
50142,2.13
50143,2.38
50144,2.29
50145,2.52
50146,2.7
50147,1.94
50148,2.05
50149,2.65
50150,2.82
50151,2.56
50152,2.73
50153,2.28
50154,2.26
50155,2.2
50156,2.4
50157,2.48
50158,2.57
50160,2.28
50161,2.49
50162,2.37
50163,2.31
50164,2.59
50165,2.2
50166,2.76
50167,2.57
50168,2.42
50169,2.53
50170,2.39
50171,2.1
50173,2.19
50174,3.0
50201,2.27
50206,2.3
50207,2.2
50208,2.36
50210,2.57
50211,2.58
50212,2.44
50213,2.39
50214,2.4
50216,2.39
50217,2.19
50218,2.38
50219,2.44
50220,2.44
50222,2.47
50223,2.18
50225,2.4
50226,2.84
50227,3.32
50228,2.75
50229,2.86
50230,2.35
50231,2.49
50232,2.49
50233,2.49
50234,2.36
50235,2.79
50236,2.26
50237,2.32
50238,2.44
50239,2.62
50240,2.59
50241,1.98
50242,2.76
50243,2.67
50244,2.37
50246,2.47
50247,2.55
50248,2.22
50249,2.33
50250,2.23
50251,2.58
50252,2.16
50254,3.56
50255,1.87
50256,2.23
50257,2.95
50258,2.48
50261,3.03
50262,1.93
50263,2.52
50264,2.64
50265,2.28
50266,2.11
50268,2.79
50269,2.33
50271,2.32
50272,2.62
50273,2.41
50274,1.52
50275,2.32
50276,2.53
50277,2.6
50278,2.49
50309,1.36
50310,2.37
50311,2.12
50312,1.96
50313,2.46
50314,2.47
50315,2.32
50316,2.87
50317,2.52
50319,-666666666.0
50320,2.86
50321,2.35
50322,2.48
50323,2.92
50324,2.4
50325,2.67
50327,2.72
50401,2.1
50420,2.7
50421,2.45
50423,2.18
50424,2.14
50426,1.93
50427,1.85
50428,2.18
50430,1.96
50431,2.61
50432,2.42
50433,2.63
50434,1.68
50435,2.44
50436,2.32
50438,2.32
50439,2.7
50440,2.09
50441,2.33
50444,2.18
50446,2.3
50447,2.41
50448,1.96
50449,2.34
50450,2.27
50451,1.88
50452,2.63
50453,2.51
50454,2.48
50455,2.44
50456,2.38
50457,3.01
50458,2.68
50459,2.42
50460,4.03
50461,2.07
50464,2.55
50465,2.4
50466,2.59
50467,2.78
50468,2.42
50469,2.51
50470,2.37
50471,2.5
50472,2.33
50473,2.28
50475,2.76
50476,2.21
50477,2.44
50478,1.87
50479,2.45
50480,2.5
50482,2.26
50483,2.65
50484,2.35
50501,2.16
50510,2.26
50511,2.15
50514,2.0
50515,2.26
50516,2.28
50517,2.18
50518,2.82
50519,2.4
50520,2.46
50521,-666666666.0
50522,2.71
50523,2.67
50524,2.49
50525,2.03
50527,2.3
50528,2.71
50529,2.47
50530,2.42
50531,2.09
50532,2.44
50533,2.55
50535,2.24
50536,2.26
50538,2.35
50539,2.22
50540,2.88
50541,2.39
50542,2.34
50543,2.25
50544,2.31
50545,2.11
50546,1.94
50548,2.18
50551,1.55
50552,2.27
50554,2.26
50556,1.62
50557,2.21
50558,3.1
50559,1.83
50560,2.64
50561,2.61
50562,2.18
50563,2.22
50565,2.41
50566,2.4
50567,2.1
50568,2.92
50569,2.08
50570,2.2
50571,1.62
50573,2.72
50574,2.05
50575,2.18
50576,1.92
50577,1.89
50578,2.51
50579,2.52
50581,2.53
50582,1.89
50583,1.97
50585,2.62
50586,2.35
50588,2.63
50590,2.32
50591,2.18
50592,2.76
50593,1.6
50594,1.57
50595,2.33
50597,2.86
50598,2.32
50599,2.21
50601,2.33
50602,2.22
50603,2.12
50604,2.33
50605,1.76
50606,2.61
50607,2.5
50608,1.54
50609,2.18
50611,2.43
50612,2.7
50613,2.43
50616,2.21
50619,2.43
50620,2.2
50621,2.41
50622,2.63
50623,2.05
50624,2.65
50625,2.51
50626,2.56
50627,2.37
50628,2.21
50629,3.02
50630,2.4
50631,2.34
50632,2.36
50633,1.97
50634,2.25
50635,2.18
50636,2.13
50638,2.5
50641,2.56
50642,2.34
50643,2.71
50644,2.31
50645,2.31
50647,2.59
50648,2.77
50649,1.45
50650,2.47
50651,2.57
50652,2.36
50653,2.55
50654,2.31
50655,2.37
50657,2.35
50658,2.43
50659,2.48
50660,2.79
50662,2.18
50664,1.54
50665,2.45
50666,2.18
50667,2.46
50668,2.54
50669,2.29
50670,2.66
50671,1.85
50672,2.3
50673,2.92
50674,2.4
50675,2.46
50676,2.37
50677,2.38
50680,2.23
50681,2.46
50682,2.61
50701,2.26
50702,2.32
50703,2.37
50707,2.17
50801,2.3
50830,2.72
50831,2.42
50833,2.34
50835,1.69
50836,1.95
50837,2.22
50839,2.36
50840,2.23
50841,2.2
50842,1.92
50843,2.22
50845,2.57
50846,2.26
50847,1.88
50848,2.86
50849,2.18
50851,2.61
50853,2.37
50854,2.47
50857,1.92
50858,2.43
50859,2.57
50860,1.95
50861,2.38
50862,2.2
50863,2.55
50864,2.18
51001,2.39
51002,2.81
51003,2.62
51004,2.13
51005,2.18
51006,2.4
51007,2.62
51008,2.58
51009,2.59
51010,1.93
51011,2.41
51012,2.21
51014,2.2
51015,2.84
51016,2.55
51018,2.34
51019,2.5
51020,2.56
51022,2.73
51023,2.85
51024,2.49
51025,2.34
51026,2.49
51027,3.2
51028,2.24
51029,2.03
51030,2.46
51031,2.42
51033,2.14
51034,2.26
51035,2.15
51036,2.41
51037,2.4
51038,2.72
51039,2.48
51040,2.25
51041,2.51
51044,2.27
51045,2.83
51046,2.05
51047,2.25
51048,2.72
51049,1.92
51050,2.88
51051,2.38
51052,2.2
51053,2.44
51054,2.86
51055,2.51
51056,2.38
51058,2.21
51060,1.85
51061,2.0
51062,1.66
51063,2.21
51101,1.6
51103,2.57
51104,2.64
51105,2.87
51106,2.39
51108,2.68
51109,2.34
51111,2.38
51201,2.49
51230,2.86
51231,3.41
51232,2.34
51234,2.89
51235,2.92
51237,2.3
51238,2.76
51239,2.89
51240,2.53
51241,2.7
51242,2.68
51243,2.62
51244,2.49
51245,2.41
51246,2.92
51247,2.58
51248,2.33
51249,2.34
51250,2.7
51301,2.17
51331,1.73
51333,2.23
51334,2.25
51338,2.3
51340,1.86
51341,2.79
51342,2.37
51343,3.89
51345,2.07
51346,2.43
51347,2.42
51350,2.46
51351,2.27
51354,2.1
51355,1.69
51357,2.43
51358,2.22
51360,2.08
51363,2.27
51364,2.28
51365,2.19
51366,2.37
51401,2.28
51430,3.49
51431,2.16
51432,2.19
51433,2.82
51436,2.53
51439,2.2
51440,2.76
51441,3.01
51442,2.64
51443,2.39
51444,2.62
51445,2.12
51446,2.14
51447,2.3
51448,2.53
51449,2.4
51450,2.19
51451,1.71
51452,2.34
51453,2.41
51454,2.74
51455,2.1
51458,2.27
51459,2.32
51460,1.55
51461,2.36
51462,2.33
51463,2.04
51465,2.78
51466,2.64
51467,2.28
51501,2.44
51503,2.4
51510,2.8
51520,2.66
51521,2.19
51523,2.61
51525,2.25
51526,2.48
51527,2.34
51528,2.26
51529,2.36
51530,1.94
51531,2.32
51532,2.36
51533,2.27
51534,2.65
51535,2.35
51536,2.35
51537,2.37
51540,2.27
51541,4.06
51542,2.51
51543,2.38
51544,2.44
51545,2.4
51546,2.62
51548,2.81
51549,2.2
51550,2.36
51551,2.57
51552,1.96
51553,2.92
51554,3.14
51555,2.35
51556,1.98
51557,2.27
51558,2.8
51559,2.74
51560,2.69
51561,2.7
51562,2.61
51563,2.51
51564,2.33
51565,2.19
51566,2.21
51570,2.07
51571,3.47
51572,2.07
51573,2.57
51575,2.51
51576,2.78
51577,2.01
51578,2.45
51579,2.65
51601,2.34
51630,2.98
51631,2.09
51632,2.33
51636,2.31
51637,2.11
51638,2.22
51639,2.18
51640,2.36
51645,2.49
51646,2.51
51647,2.08
51648,2.02
51649,3.18
51650,2.12
51651,2.16
51652,2.42
51653,2.76
51654,2.5
51656,2.5
52001,2.16
52002,2.53
52003,2.46
52030,2.52
52031,2.47
52032,2.34
52033,2.53
52035,2.55
52036,2.11
52037,2.53
52038,2.84
52039,2.73
52040,2.42
52041,2.89
52042,2.64
52043,2.09
52044,3.49
52045,2.66
52046,2.85
52047,3.01
52048,2.84
52049,2.14
52050,2.21
52052,2.13
52053,2.94
52054,2.29
52056,2.58
52057,2.35
52060,2.27
52064,2.45
52065,2.85
52066,2.14
52068,2.77
52069,2.59
52070,2.42
52071,1.73
52072,3.83
52073,2.55
52074,2.93
52075,2.17
52076,2.24
52077,2.26
52078,2.68
52079,2.13
52101,2.16
52132,2.49
52133,2.4
52134,2.7
52135,2.23
52136,2.5
52140,2.1
52141,2.32
52142,2.08
52144,2.17
52146,1.96
52147,2.45
52151,2.11
52154,2.18
52155,2.72
52156,3.01
52157,1.96
52158,1.83
52159,2.24
52160,2.28
52161,2.23
52162,2.68
52163,2.41
52164,2.43
52165,2.34
52166,2.56
52168,1.84
52169,2.3
52170,2.02
52171,2.6
52172,2.23
52175,2.26
52201,2.63
52202,2.61
52203,2.57
52205,2.45
52206,2.98
52207,2.0
52208,2.39
52209,2.52
52210,3.4
52211,2.23
52212,2.32
52213,2.47
52214,2.44
52215,2.58
52216,2.19
52217,2.58
52218,2.62
52219,2.57
52220,1.4
52221,2.66
52222,2.44
52223,2.15
52224,2.42
52225,2.3
52227,2.54
52228,2.78
52229,2.62
52231,2.81
52232,3.4
52233,2.33
52235,2.16
52236,2.43
52237,2.93
52240,2.36
52241,2.24
52242,1.8
52245,2.25
52246,2.23
52247,2.69
52248,2.18
52249,2.45
52251,2.61
52252,4.06
52253,2.68
52254,2.38
52255,2.1
52257,2.51
52301,2.37
52302,2.45
52305,3.02
52306,2.13
52307,-666666666.0
52308,1.78
52309,2.2
52310,2.28
52312,1.81
52313,2.48
52314,2.92
52315,2.53
52316,2.31
52317,2.61
52318,2.48
52320,2.74
52321,2.68
52322,2.5
52323,2.77
52324,2.72
52325,2.01
52326,2.62
52327,2.58
52328,2.92
52329,2.48
52330,2.49
52332,2.6
52333,2.65
52334,2.78
52335,2.52
52336,2.36
52337,2.45
52338,2.82
52339,2.74
52340,2.66
52341,3.07
52342,2.28
52344,1.54
52345,2.99
52346,2.68
52347,2.6
52348,2.14
52349,2.31
52351,2.79
52352,2.56
52353,2.43
52354,2.19
52355,2.43
52356,2.32
52358,2.52
52359,2.95
52361,2.26
52362,2.31
52401,1.44
52402,2.25
52403,2.34
52404,2.34
52405,2.27
52411,2.89
52501,2.44
52530,2.44
52531,2.39
52533,2.29
52534,2.4
52535,2.11
52536,1.98
52537,2.63
52540,2.45
52542,2.24
52543,3.41
52544,2.33
52548,2.16
52549,3.18
52550,2.18
52551,2.54
52552,3.11
52553,2.63
52554,1.98
52555,2.46
52556,2.13
52557,-666666666.0
52560,2.84
52561,2.7
52562,1.89
52563,3.04
52565,2.36
52566,3.12
52567,2.0
52568,2.21
52569,2.03
52570,3.24
52571,2.51
52572,2.6
52573,2.96
52574,2.56
52576,2.85
52577,2.4
52580,2.36
52581,2.5
52583,2.74
52584,3.9
52585,2.49
52586,2.3
52588,2.76
52590,3.01
52591,2.2
52593,2.16
52594,3.46
52595,2.47
52601,2.14
52619,2.3
52620,2.82
52621,3.01
52623,2.51
52624,2.39
52625,2.48
52626,2.39
52627,2.2
52630,2.21
52631,2.77
52632,2.28
52635,2.64
52637,2.54
52638,2.49
52639,2.1
52640,2.58
52641,2.42
52644,2.58
52645,2.68
52646,2.19
52647,2.31
52649,2.61
52650,2.23
52651,2.61
52652,3.22
52653,2.27
52654,2.61
52655,2.29
52656,2.23
52657,2.1
52658,2.33
52659,2.3
52660,2.06
52701,2.63
52720,2.5
52721,2.64
52722,2.48
52726,2.26
52727,2.3
52728,2.27
52729,2.64
52730,2.33
52731,2.41
52732,2.31
52737,2.28
52738,2.96
52739,2.66
52742,2.58
52745,2.0
52746,2.93
52747,2.39
52748,2.63
52749,3.07
52750,2.88
52751,2.49
52752,1.89
52753,2.71
52754,2.66
52755,2.71
52756,2.6
52757,2.12
52758,2.46
52759,1.55
52760,1.98
52761,2.5
52765,2.07
52766,2.22
52767,3.09
52768,2.7
52769,2.43
52771,1.49
52772,2.38
52773,2.5
52774,2.88
52776,2.77
52777,2.4
52778,2.24
52801,1.42
52802,2.44
52803,2.23
52804,2.35
52806,2.41
52807,2.24
53001,2.19
53002,2.51
53003,2.23
53004,2.43
53005,2.59
53006,2.45
53007,2.2
53010,2.47
53011,2.41
53012,2.43
53013,2.68
53014,2.31
53015,2.68
53016,2.37
53017,2.91
53018,2.41
53019,2.41
53020,2.37
53021,2.57
53022,2.49
53023,2.35
53024,2.25
53027,2.43
53029,2.57
53031,2.77
53032,2.2
53033,2.48
53034,2.57
53035,2.68
53036,2.58
53037,2.33
53038,2.7
53039,2.66
53040,2.5
53042,2.4
53044,2.67
53045,2.38
53046,2.12
53047,2.27
53048,2.34
53049,2.47
53050,2.3
53051,2.41
53057,2.45
53058,2.5
53059,2.6
53061,2.2
53063,2.54
53065,2.69
53066,2.47
53069,1.86
53070,2.59
53072,2.19
53073,2.27
53074,2.31
53075,2.36
53076,2.88
53078,2.37
53079,2.29
53080,2.16
53081,2.25
53083,2.46
53085,2.25
53086,2.33
53088,1.8
53089,2.65
53090,2.44
53091,2.49
53092,2.52
53093,2.63
53094,2.52
53095,2.26
53097,2.49
53098,2.58
53099,3.0
53103,2.34
53104,2.62
53105,2.41
53108,2.2
53110,2.1
53114,2.47
53115,2.41
53118,2.41
53119,2.62
53120,2.49
53121,2.41
53122,2.85
53125,2.27
53126,2.5
53127,2.64
53128,2.8
53129,2.38
53130,2.43
53132,2.48
53137,2.48
53139,2.37
53140,2.21
53142,2.58
53143,2.54
53144,2.48
53146,2.46
53147,2.18
53149,2.66
53150,2.49
53151,2.3
53153,2.64
53154,2.36
53156,2.44
53157,-666666666.0
53158,2.62
53167,1.58
53168,2.51
53170,2.53
53172,2.38
53176,3.22
53177,2.57
53178,2.54
53179,2.6
53181,2.27
53182,2.61
53183,2.86
53184,2.68
53185,2.51
53186,2.18
53188,2.36
53189,2.6
53190,2.39
53191,2.26
53192,1.34
53195,2.23
53202,1.45
53203,1.6
53204,2.91
53205,2.44
53206,2.64
53207,2.12
53208,2.34
53209,2.37
53210,2.59
53211,2.09
53212,2.15
53213,2.18
53214,2.15
53215,3.02
53216,2.51
53217,2.56
53218,2.88
53219,2.32
53220,2.22
53221,2.35
53222,2.26
53223,2.31
53224,2.69
53225,2.55
53226,2.16
53227,2.14
53228,2.09
53233,1.85
53235,1.85
53295,-666666666.0
53402,2.41
53403,2.45
53404,2.6
53405,2.48
53406,2.24
53501,1.66
53502,2.44
53503,2.35
53504,2.41
53505,2.24
53506,2.39
53507,2.81
53508,2.46
53510,2.65
53511,2.54
53515,2.43
53516,2.31
53517,2.43
53518,2.29
53520,2.3
53521,2.52
53522,2.35
53523,2.37
53525,2.42
53526,2.38
53527,2.52
53528,2.5
53529,2.77
53530,2.49
53531,2.55
53532,2.66
53533,2.31
53534,2.57
53536,2.36
53537,2.26
53538,2.36
53540,2.24
53541,2.18
53543,2.45
53544,2.57
53545,2.18
53546,2.41
53548,2.4
53549,2.16
53550,2.7
53551,2.63
53553,2.3
53554,2.62
53555,2.26
53556,2.18
53557,2.1
53558,2.5
53559,2.58
53560,2.32
53561,2.37
53562,2.26
53563,2.58
53565,2.35
53566,2.23
53569,2.31
53570,2.24
53571,-666666666.0
53572,2.73
53573,2.38
53574,2.65
53575,2.48
53576,2.42
53577,2.43
53578,2.42
53579,2.77
53580,2.62
53581,2.31
53582,2.69
53583,2.39
53584,-666666666.0
53585,2.65
53586,2.61
53587,2.53
53588,2.17
53589,2.27
53590,2.5
53593,2.48
53594,2.29
53597,2.53
53598,2.61
53599,1.77
53703,1.82
53704,2.16
53705,2.04
53706,1.86
53711,2.23
53713,2.08
53714,2.04
53715,2.3
53716,2.23
53717,2.07
53718,2.23
53719,2.14
53726,2.17
53792,-666666666.0
53801,2.44
53802,4.62
53803,2.4
53804,2.6
53805,2.41
53806,2.07
53807,2.47
53808,2.39
53809,2.68
53810,2.43
53811,2.3
53812,2.78
53813,2.58
53816,3.29
53817,1.8
53818,2.37
53820,2.48
53821,2.27
53825,2.53
53826,2.54
53827,2.56
53901,2.31
53910,2.43
53911,2.68
53913,2.2
53916,2.2
53919,2.7
53920,2.24
53922,2.46
53923,2.65
53924,2.31
53925,2.41
53926,3.06
53928,2.17
53929,2.51
53930,2.25
53931,2.59
53932,2.66
53933,2.35
53934,1.95
53935,2.46
53936,2.15
53937,3.0
53939,2.56
53940,-666666666.0
53941,2.63
53942,3.09
53943,3.03
53944,2.52
53946,2.38
53947,2.87
53948,2.28
53949,2.19
53950,2.16
53951,2.62
53952,2.33
53953,2.07
53954,2.55
53955,2.43
53956,2.53
53959,2.53
53960,2.42
53961,2.37
53962,1.32
53963,2.5
53964,2.43
53965,2.26
53968,2.72
53969,2.12
54001,2.44
54002,2.61
54003,2.78
54004,2.43
54005,2.62
54006,2.29
54007,2.55
54009,2.76
54011,2.46
54013,2.29
54014,2.51
54015,2.65
54016,2.55
54017,2.63
54020,2.4
54021,2.43
54022,2.57
54023,2.75
54024,2.31
54025,2.6
54026,2.39
54027,2.63
54028,2.61
54082,2.42
54101,2.65
54102,1.77
54103,2.31
54104,1.94
54106,2.42
54107,2.64
54110,2.63
54111,2.12
54112,2.4
54113,2.57
54114,2.16
54115,2.41
54119,2.58
54120,1.72
54121,2.13
54123,2.48
54124,2.41
54125,2.06
54126,2.72
54127,2.27
54128,2.69
54129,2.31
54130,2.53
54135,3.35
54136,2.39
54137,2.49
54138,2.09
54139,2.52
54140,2.24
54141,2.46
54143,2.14
54149,2.07
54150,3.4
54151,2.36
54152,2.61
54153,2.25
54154,2.35
54155,2.79
54156,2.21
54157,2.31
54159,2.46
54160,2.22
54161,2.19
54162,2.77
54165,2.65
54166,2.31
54169,2.68
54170,2.45
54171,2.83
54173,2.59
54174,2.19
54175,1.86
54177,2.05
54180,2.56
54201,2.36
54202,1.89
54204,2.46
54205,2.79
54207,2.26
54208,2.67
54209,2.07
54210,2.01
54211,1.85
54212,2.2
54213,2.56
54214,1.65
54215,1.81
54216,2.29
54217,2.67
54220,2.28
54227,2.32
54228,2.39
54229,2.44
54230,2.54
54232,1.62
54234,1.97
54235,2.14
54241,2.18
54245,2.32
54246,1.94
54247,2.44
54301,2.21
54302,2.4
54303,2.21
54304,2.2
54307,-666666666.0
54311,2.4
54313,2.59
54401,2.36
54403,2.32
54405,2.78
54406,2.37
54407,2.52
54408,2.51
54409,2.27
54410,2.72
54411,2.57
54412,2.61
54413,2.19
54414,2.56
54416,2.48
54417,1.2
54418,3.03
54420,2.94
54421,2.95
54422,3.22
54423,2.77
54424,2.38
54425,2.72
54426,2.45
54427,2.4
54428,2.16
54430,2.41
54433,2.64
54435,2.39
54436,2.87
54437,2.62
54440,2.46
54441,2.43
54442,2.5
54443,2.49
54446,3.0
54447,2.37
54448,2.54
54449,2.23
54450,2.83
54451,2.49
54452,2.28
54454,2.57
54455,2.5
54456,2.28
54457,2.13
54458,2.2
54459,2.31
54460,2.76
54462,2.31
54463,1.74
54464,3.63
54465,2.06
54466,2.4
54467,2.36
54469,2.53
54470,2.51
54471,2.78
54473,2.5
54474,2.35
54475,2.29
54476,2.35
54479,2.63
54480,2.64
54481,2.12
54482,2.36
54484,2.29
54485,2.32
54486,2.32
54487,2.25
54488,2.42
54489,2.36
54490,2.61
54491,2.02
54493,2.02
54494,2.28
54495,2.33
54498,2.9
54499,2.35
54501,2.35
54511,2.46
54512,2.4
54513,1.72
54514,2.19
54515,2.15
54517,2.18
54519,2.07
54520,2.46
54521,2.15
54524,1.96
54525,2.29
54526,2.21
54527,2.0
54529,2.61
54530,2.12
54531,2.32
54534,2.04
54536,2.16
54537,2.55
54538,2.25
54539,2.18
54540,2.03
54541,2.66
54542,2.48
54545,1.8
54546,2.24
54547,2.0
54548,2.08
54550,2.18
54552,1.96
54554,2.08
54555,2.14
54556,2.08
54557,2.09
54558,1.97
54559,2.28
54560,2.12
54561,2.38
54562,2.17
54563,2.59
54564,2.02
54565,1.75
54566,2.09
54568,2.28
54601,2.18
54603,2.08
54610,2.21
54611,2.86
54612,2.66
54613,2.02
54614,2.48
54615,2.29
54616,2.43
54618,2.64
54619,2.92
54621,2.98
54622,2.18
54623,2.41
54624,2.2
54625,1.4
54626,2.34
54627,2.36
54628,2.15
54629,2.3
54630,2.47
54631,2.49
54632,2.43
54634,2.76
54635,2.65
54636,2.7
54637,2.11
54638,2.42
54639,2.37
54642,2.87
54643,2.0
54644,2.64
54645,2.02
54646,2.37
54648,3.06
54650,2.28
54651,2.89
54652,2.91
54653,2.61
54654,2.21
54655,2.56
54656,2.5
54657,2.92
54658,2.42
54659,2.66
54660,2.3
54661,2.44
54664,2.74
54665,2.38
54666,2.6
54667,2.59
54669,2.64
54670,3.66
54701,2.28
54703,2.4
54720,2.4
54721,2.75
54722,2.65
54723,2.28
54724,2.66
54725,2.35
54726,2.53
54727,2.48
54728,2.37
54729,2.29
54730,2.54
54731,2.12
54732,2.58
54733,2.6
54734,2.34
54736,2.32
54737,2.67
54738,2.87
54739,2.71
54740,2.45
54741,2.86
54742,2.87
54745,2.4
54746,2.3
54747,2.34
54748,2.24
54749,2.62
54750,2.5
54751,2.33
54754,2.56
54755,2.5
54756,2.3
54757,2.41
54758,2.38
54759,2.3
54760,1.77
54761,2.56
54762,2.44
54763,2.34
54766,2.59
54767,2.33
54768,2.86
54769,2.12
54770,2.67
54771,2.83
54772,2.57
54773,2.55
54801,2.14
54805,2.4
54806,2.23
54810,2.43
54812,2.56
54813,2.72
54814,2.15
54817,2.3
54819,2.31
54820,2.06
54821,2.07
54822,2.45
54824,2.31
54826,2.32
54827,1.85
54828,2.3
54829,2.47
54830,1.98
54832,1.99
54835,2.03
54836,2.72
54837,2.29
54838,2.19
54839,2.3
54840,2.64
54841,1.99
54842,3.39
54843,2.18
54844,1.96
54845,2.74
54846,2.43
54847,2.04
54848,2.18
54849,2.24
54850,1.91
54853,2.29
54854,2.64
54855,3.13
54856,2.42
54857,5.0
54858,2.04
54859,2.11
54861,3.22
54862,2.0
54864,2.64
54865,1.85
54867,2.85
54868,2.33
54870,2.34
54871,2.56
54872,2.38
54873,2.23
54874,2.48
54875,2.27
54876,2.35
54880,2.21
54888,2.19
54889,2.25
54891,2.14
54893,2.23
54895,2.12
54896,1.78
54901,2.27
54902,2.2
54904,2.27
54909,2.48
54911,2.28
54913,2.47
54914,2.28
54915,2.48
54921,2.62
54922,2.21
54923,2.36
54926,1.82
54927,2.9
54928,2.91
54929,2.23
54930,2.59
54931,2.49
54932,2.8
54933,2.21
54935,2.29
54937,2.38
54940,2.46
54941,1.97
54942,2.74
54943,2.51
54944,2.68
54945,2.16
54946,-666666666.0
54947,2.3
54948,2.2
54949,2.2
54950,2.39
54952,2.25
54956,2.39
54960,2.15
54961,2.38
54962,2.47
54963,2.38
54964,2.57
54965,2.26
54966,2.54
54967,2.18
54968,2.28
54970,2.23
54971,2.25
54974,2.57
54977,2.34
54978,2.96
54979,2.76
54980,1.68
54981,2.17
54982,2.26
54983,2.37
54984,2.16
54985,-666666666.0
54986,2.4
55001,2.51
55003,2.29
55005,2.75
55006,2.56
55007,2.41
55008,2.42
55009,2.43
55011,2.83
55012,2.53
55013,2.51
55014,2.61
55016,2.97
55017,3.0
55018,2.6
55019,2.75
55020,3.11
55021,2.5
55024,2.94
55025,2.58
55026,3.12
55027,2.96
55029,3.82
55030,2.86
55031,2.69
55032,2.61
55033,2.46
55036,1.9
55037,2.58
55038,2.66
55040,2.75
55041,2.21
55042,2.79
55043,2.28
55044,2.89
55045,2.75
55046,2.94
55047,2.38
55049,2.9
55051,2.42
55052,2.45
55053,2.94
55054,3.09
55055,2.24
55056,2.59
55057,2.48
55060,2.4
55063,2.34
55065,2.77
55066,2.24
55068,2.81
55069,2.45
55070,2.93
55071,2.49
55072,2.33
55073,2.8
55074,2.68
55075,2.47
55076,2.3
55077,2.6
55079,2.71
55080,2.77
55082,2.51
55084,2.67
55085,2.51
55087,2.63
55088,2.82
55089,2.75
55090,2.12
55092,2.66
55101,1.52
55102,1.78
55103,2.63
55104,2.31
55105,2.18
55106,3.05
55107,2.63
55108,2.08
55109,2.64
55110,2.44
55111,-666666666.0
55112,2.55
55113,2.21
55114,1.78
55115,2.75
55116,2.11
55117,2.73
55118,2.24
55119,2.76
55120,2.44
55121,2.26
55122,2.33
55123,2.7
55124,2.59
55125,2.58
55126,2.31
55127,2.43
55128,2.45
55129,2.81
55130,3.23
55150,2.55
55155,-666666666.0
55301,2.93
55302,2.52
55303,2.63
55304,2.93
55305,2.13
55306,2.59
55307,2.63
55308,2.99
55309,2.94
55310,2.33
55311,2.73
55312,2.72
55313,2.69
55314,2.36
55315,2.93
55316,2.73
55317,2.66
55318,2.65
55319,2.85
55320,2.75
55321,2.82
55322,2.57
55324,2.53
55325,2.74
55327,2.59
55328,2.77
55329,2.62
55330,2.77
55331,2.6
55332,2.31
55333,2.41
55334,2.35
55335,2.28
55336,2.53
55337,2.48
55338,2.51
55339,2.61
55340,2.91
55341,3.04
55342,2.52
55343,2.04
55344,2.15
55345,2.5
55346,2.74
55347,2.63
55349,2.35
55350,2.36
55352,3.07
55353,2.77
55354,2.93
55355,2.36
55356,2.76
55357,2.99
55358,2.66
55359,2.82
55360,2.91
55362,2.67
55363,2.85
55364,2.29
55366,2.5
55367,2.75
55368,2.53
55369,2.45
55370,2.82
55371,2.71
55372,2.82
55373,2.52
55374,2.96
55375,2.86
55376,2.84
55378,2.81
55379,2.77
55381,2.42
55382,2.52
55384,1.47
55385,2.62
55386,2.85
55387,2.66
55388,2.66
55389,2.85
55390,2.76
55391,2.35
55395,2.11
55396,2.27
55397,2.76
55398,2.88
55401,1.44
55402,1.38
55403,1.42
55404,2.04
55405,1.94
55406,2.15
55407,2.48
55408,1.92
55409,2.23
55410,2.46
55411,3.02
55412,2.88
55413,1.92
55414,2.34
55415,1.68
55416,1.94
55417,2.35
55418,2.22
55419,2.54
55420,2.54
55421,2.43
55422,2.25
55423,2.29
55424,2.85
55425,2.43
55426,2.11
55427,2.34
55428,2.45
55429,2.74
55430,2.94
55431,2.32
55432,2.54
55433,2.46
55434,2.74
55435,1.78
55436,2.38
55437,2.2
55438,2.2
55439,2.69
55441,2.23
55442,2.36
55443,2.72
55444,3.34
55445,2.87
55446,2.62
55447,2.38
55448,2.68
55449,2.89
55450,-666666666.0
55454,2.16
55455,2.25
55601,2.24
55602,1.91
55603,1.74
55604,2.15
55605,2.09
55606,1.39
55607,2.51
55609,1.75
55612,1.77
55613,1.95
55614,1.94
55615,2.29
55616,2.21
55702,2.37
55703,2.7
55704,2.31
55705,1.95
55706,2.04
55707,2.59
55708,2.03
55709,2.64
55710,2.32
55711,2.32
55712,2.16
55713,2.11
55716,1.96
55717,2.36
55718,2.45
55719,2.37
55720,2.43
55721,2.85
55722,2.54
55723,2.03
55724,1.92
55725,2.3
55726,2.62
55731,1.86
55732,2.1
55733,2.6
55734,2.25
55735,2.34
55736,2.1
55738,2.6
55741,2.24
55742,1.95
55744,2.35
55746,2.12
55748,2.46
55749,2.09
55750,2.46
55751,2.25
55752,2.32
55753,2.45
55756,2.26
55757,2.24
55758,2.28
55760,2.38
55763,2.02
55764,2.48
55765,2.06
55767,2.16
55768,2.19
55769,2.2
55771,2.39
55772,2.02
55775,2.41
55779,2.64
55780,2.99
55781,2.58
55782,2.06
55783,2.4
55784,2.13
55785,2.69
55786,2.03
55787,2.43
55790,2.15
55792,2.06
55793,2.52
55795,2.56
55796,1.93
55797,2.32
55798,2.68
55802,1.67
55803,2.33
55804,2.56
55805,2.07
55806,2.03
55807,2.13
55808,2.07
55810,2.32
55811,2.35
55812,2.44
55814,-666666666.0
55901,2.45
55902,2.24
55903,-666666666.0
55904,2.32
55905,-666666666.0
55906,2.39
55909,2.48
55910,2.28
55912,2.5
55917,2.62
55918,2.41
55919,2.3
55920,2.68
55921,2.21
55922,3.01
55923,2.53
55924,2.62
55925,2.73
55926,2.54
55927,2.61
55929,2.81
55931,2.58
55932,2.47
55933,2.55
55934,2.51
55935,2.34
55936,2.5
55939,2.33
55940,2.47
55941,2.54
55943,2.57
55944,2.72
55945,2.26
55946,2.45
55947,2.3
55949,2.46
55950,1.98
55951,2.32
55952,3.06
55953,2.46
55954,2.38
55955,2.71
55956,2.38
55957,2.62
55959,2.25
55960,2.77
55961,2.52
55962,2.45
55963,2.6
55964,2.55
55965,2.31
55967,2.88
55968,1.9
55969,2.76
55970,2.61
55971,2.43
55972,2.61
55973,2.43
55974,2.22
55975,2.5
55976,2.62
55977,2.45
55979,2.83
55981,2.04
55982,2.17
55983,2.38
55985,2.64
55987,2.15
55990,2.49
55991,2.43
55992,2.34
56001,2.35
56003,2.38
56007,2.33
56009,2.42
56010,2.15
56011,2.67
56013,2.26
56014,2.32
56016,2.48
56017,2.43
56019,2.27
56020,2.22
56021,2.43
56022,1.64
56023,2.37
56024,2.75
56025,2.44
56026,2.43
56027,1.9
56028,2.25
56029,2.11
56030,5.67
56031,2.17
56032,2.4
56033,2.77
56034,2.39
56035,2.02
56036,2.34
56037,2.27
56039,2.59
56041,2.47
56042,2.49
56043,2.29
56044,2.76
56045,2.55
56046,3.06
56048,2.52
56050,2.59
56051,2.32
56052,2.32
56054,2.76
56055,2.4
56056,1.88
56057,2.57
56058,2.34
56060,2.63
56062,2.66
56063,2.52
56065,2.66
56068,2.3
56069,2.44
56071,2.92
56072,2.35
56073,2.28
56074,2.59
56075,2.25
56078,2.71
56080,2.93
56081,2.49
56082,2.37
56083,2.26
56085,2.32
56087,2.25
56088,2.22
56089,2.63
56090,2.45
56091,2.12
56093,2.4
56096,2.2
56097,2.26
56098,2.25
56101,2.38
56110,2.56
56111,2.01
56113,2.37
56114,2.24
56115,2.4
56116,2.84
56117,2.94
56118,2.68
56119,3.05
56120,2.63
56121,1.96
56122,2.81
56123,2.1
56125,1.61
56127,2.29
56128,2.48
56129,2.93
56131,2.34
56132,2.06
56134,2.28
56136,2.0
56137,2.39
56138,2.49
56139,2.77
56140,1.69
56141,2.57
56142,2.2
56143,2.09
56144,2.27
56145,2.36
56146,2.09
56147,2.31
56149,2.19
56150,2.44
56151,2.3
56152,2.53
56153,2.51
56155,2.15
56156,2.36
56157,2.58
56158,2.23
56159,2.56
56160,2.56
56161,2.46
56162,2.43
56164,2.3
56165,2.56
56166,2.47
56167,2.33
56168,2.53
56169,2.25
56170,2.12
56171,2.22
56172,2.19
56173,2.07
56174,2.41
56175,2.59
56176,2.25
56178,2.42
56180,2.68
56181,2.47
56183,2.1
56185,2.31
56186,2.41
56187,2.92
56201,2.5
56207,2.76
56208,2.17
56209,2.72
56210,3.75
56211,2.54
56212,2.34
56214,2.43
56215,2.29
56216,2.08
56218,2.29
56219,2.49
56220,2.16
56221,2.26
56222,2.52
56223,2.62
56224,2.46
56225,2.22
56226,2.32
56227,2.44
56228,2.37
56229,2.34
56230,2.3
56231,2.43
56232,2.55
56235,2.34
56236,2.4
56237,2.32
56239,2.69
56240,2.36
56241,2.19
56243,2.66
56244,2.78
56245,2.47
56248,2.2
56249,2.34
56251,2.4
56252,2.44
56253,2.17
56255,2.2
56256,2.06
56257,2.44
56258,2.44
56260,2.26
56262,2.51
56263,2.53
56264,2.46
56265,2.33
56266,2.54
56267,2.39
56270,2.72
56271,2.51
56273,2.52
56274,2.81
56276,2.01
56277,2.45
56278,2.13
56279,2.48
56280,2.3
56281,2.61
56282,2.59
56283,2.38
56284,2.71
56285,2.45
56287,3.7
56288,2.32
56289,2.27
56291,2.28
56292,2.9
56293,2.51
56294,1.78
56295,2.32
56296,2.06
56297,2.5
56301,2.57
56303,2.24
56304,2.26
56307,2.69
56308,2.18
56309,2.49
56310,2.67
56311,2.1
56312,2.57
56313,1.8
56314,2.78
56315,2.63
56316,2.28
56318,2.36
56319,2.24
56320,2.63
56321,-666666666.0
56323,2.56
56324,2.34
56325,2.49
56326,2.4
56327,2.26
56328,2.06
56329,2.8
56330,2.84
56331,2.9
56332,2.33
56334,2.24
56335,2.61
56336,2.43
56338,2.33
56339,2.52
56340,2.53
56342,2.14
56343,2.19
56345,2.32
56347,2.76
56349,2.46
56350,2.09
56352,2.37
56353,2.49
56354,2.42
56355,2.88
56356,2.82
56357,3.29
56358,2.5
56359,2.54
56360,2.15
56361,2.67
56362,2.5
56363,2.66
56364,2.68
56367,2.67
56368,2.53
56369,2.2
56371,2.89
56373,2.55
56374,2.5
56375,2.44
56376,2.35
56377,2.56
56378,2.47
56379,2.46
56381,2.24
56382,2.44
56384,2.12
56385,2.22
56386,2.06
56387,2.19
56389,2.41
56401,2.39
56425,2.35
56431,2.27
56433,2.04
56434,3.08
56435,2.37
56437,2.86
56438,2.5
56440,2.5
56441,2.05
56442,1.99
56443,2.16
56444,2.39
56446,2.49
56447,2.09
56448,1.99
56449,2.69
56450,2.04
56452,1.92
56453,2.56
56455,2.5
56458,2.92
56461,2.49
56464,2.84
56465,2.35
56466,2.24
56467,2.49
56468,2.36
56469,1.98
56470,2.31
56472,2.51
56473,2.49
56474,2.28
56475,2.52
56477,2.31
56479,2.51
56481,2.5
56482,2.36
56484,2.26
56501,2.36
56510,2.28
56511,2.42
56514,2.69
56515,2.11
56516,2.71
56517,2.79
56518,2.5
56519,2.6
56520,2.25
56521,2.32
56522,2.62
56523,2.52
56524,2.41
56525,2.21
56527,2.67
56528,2.33
56529,2.44
56531,2.41
56533,2.61
56534,2.5
56535,2.15
56536,2.31
56537,2.26
56540,2.46
56541,2.04
56542,2.22
56543,2.75
56544,2.6
56545,2.54
56546,2.31
56547,3.03
56548,2.34
56549,2.72
56550,2.23
56551,2.25
56552,2.49
56553,1.81
56554,2.43
56556,2.56
56557,2.83
56560,2.36
56562,-666666666.0
56563,-666666666.0
56565,2.75
56566,3.03
56567,2.43
56568,2.34
56569,2.74
56570,2.38
56571,2.17
56572,2.53
56573,2.4
56574,2.45
56575,2.32
56576,2.18
56578,2.38
56579,2.67
56580,2.7
56581,2.05
56583,2.26
56584,2.42
56585,2.13
56586,2.26
56587,2.19
56588,2.39
56589,2.71
56590,2.29
56591,3.0
56592,2.91
56594,2.49
56601,2.35
56621,2.6
56623,2.17
56626,3.53
56627,1.6
56628,2.14
56629,2.42
56630,2.41
56633,3.1
56634,2.93
56636,2.59
56637,2.05
56639,1.86
56641,2.8
56644,2.48
56646,2.29
56647,2.56
56649,2.06
56650,2.21
56651,2.82
56652,2.64
56653,2.02
56654,3.15
56655,1.91
56657,1.98
56658,-666666666.0
56659,2.84
56660,2.25
56661,2.47
56662,2.16
56663,1.8
56666,6.29
56667,2.7
56668,1.94
56669,1.89
56670,3.91
56671,3.39
56672,2.14
56673,2.71
56676,2.27
56678,2.79
56680,2.05
56681,2.43
56683,2.26
56684,2.86
56685,1.9
56686,2.63
56688,2.51
56701,2.2
56710,2.29
56711,1.76
56713,2.38
56714,2.46
56715,1.87
56716,2.11
56720,-666666666.0
56721,2.66
56722,2.59
56723,2.52
56724,2.32
56725,2.54
56726,2.61
56727,2.43
56728,2.25
56729,2.4
56731,2.23
56732,2.14
56733,2.27
56734,2.07
56735,2.45
56736,2.14
56737,2.16
56738,2.6
56742,2.71
56744,2.49
56748,2.37
56750,2.35
56751,2.47
56754,2.44
56755,1.91
56756,2.71
56757,2.12
56758,2.16
56759,2.55
56760,2.14
56761,2.43
56762,2.36
56763,2.73
57001,2.28
57002,2.37
57003,2.99
57004,2.61
57005,2.67
57006,2.32
57007,-666666666.0
57010,1.89
57012,2.2
57013,2.25
57014,2.66
57015,2.88
57016,2.19
57017,2.94
57018,2.7
57020,2.91
57021,2.78
57022,2.65
57024,2.44
57025,2.58
57026,2.63
57027,2.29
57028,2.36
57029,2.69
57030,2.35
57031,1.92
57032,2.71
57033,2.78
57034,2.35
57035,2.96
57036,2.56
57037,2.56
57038,2.28
57039,2.52
57040,1.95
57041,2.83
57042,2.39
57043,2.34
57045,2.7
57046,2.1
57047,2.05
57048,2.54
57049,2.34
57050,2.41
57051,1.82
57052,2.33
57053,2.64
57054,2.29
57055,2.58
57057,2.86
57058,2.39
57059,2.17
57061,2.6
57062,2.18
57063,2.43
57064,2.98
57065,2.13
57066,2.09
57067,2.7
57068,2.78
57069,2.28
57070,2.1
57071,2.4
57072,2.15
57073,2.32
57075,2.21
57076,2.34
57077,2.77
57078,2.19
57103,2.49
57104,2.05
57105,2.23
57106,2.43
57107,2.42
57108,2.41
57110,2.55
57117,-666666666.0
57197,-666666666.0
57201,2.27
57212,2.51
57213,2.72
57214,3.2
57216,2.22
57217,1.99
57218,2.33
57219,2.21
57220,2.4
57221,2.95
57223,2.67
57224,2.07
57225,2.38
57226,2.34
57227,3.96
57231,2.45
57232,2.84
57233,3.89
57234,2.57
57235,2.7
57236,3.0
57237,2.44
57238,2.01
57239,2.24
57241,2.7
57242,3.17
57243,2.05
57245,2.31
57246,1.93
57247,2.78
57248,2.87
57249,2.33
57251,2.49
57252,2.39
57255,2.78
57256,2.62
57257,2.91
57258,3.84
57259,2.55
57260,2.63
57261,2.16
57262,2.93
57263,2.64
57264,2.29
57265,2.83
57266,2.99
57268,2.19
57269,2.39
57270,2.86
57271,4.23
57272,3.35
57273,2.79
57274,2.17
57276,2.22
57278,3.79
57279,2.11
57301,2.26
57311,3.32
57312,2.44
57313,2.6
57314,2.46
57315,2.57
57317,2.86
57319,2.54
57321,3.89
57322,2.65
57323,2.14
57324,2.61
57325,2.53
57328,2.51
57329,2.41
57330,2.85
57331,2.12
57332,2.76
57334,2.67
57335,2.03
57337,1.79
57339,4.08
57340,2.33
57341,3.04
57342,2.22
57344,1.72
57345,2.32
57346,1.48
57348,2.83
57349,2.37
57350,2.48
57353,2.66
57354,1.25
57355,2.62
57356,3.45
57358,2.25
57359,2.64
57361,3.18
57362,2.06
57363,2.59
57364,-666666666.0
57365,2.06
57366,2.41
57367,2.68
57368,2.46
57369,2.49
57370,2.77
57371,2.2
57373,2.04
57374,2.4
57375,2.39
57376,1.88
57379,2.28
57380,3.46
57381,2.07
57382,2.0
57383,2.23
57384,2.71
57385,2.22
57386,2.06
57401,2.3
57420,2.86
57421,5.4
57422,1.96
57424,2.68
57426,2.67
57427,2.37
57428,2.3
57429,1.51
57430,2.18
57432,2.12
57433,2.06
57434,2.39
57435,2.26
57436,2.21
57437,2.07
57438,2.21
57439,-666666666.0
57440,3.3
57441,2.41
57442,2.52
57445,2.41
57446,2.66
57448,2.14
57449,2.73
57450,2.5
57451,2.75
57452,2.17
57454,2.81
57455,2.43
57456,2.83
57457,2.1
57460,2.7
57461,2.45
57465,2.98
57466,2.35
57467,3.45
57468,2.2
57469,2.27
57470,3.34
57471,2.25
57472,2.46
57473,3.89
57474,2.75
57475,2.13
57476,2.45
57477,2.77
57479,2.59
57481,2.5
57501,2.26
57520,1.63
57521,3.41
57522,2.31
57523,2.38
57528,2.5
57529,2.91
57531,2.58
57532,2.42
57533,2.44
57534,2.06
57536,2.54
57537,3.82
57538,2.63
57540,3.38
57541,3.46
57543,2.76
57544,2.56
57547,2.27
57548,4.47
57551,2.7
57552,2.32
57553,2.35
57555,3.32
57559,2.53
57560,3.21
57562,5.45
57563,3.88
57564,2.26
57566,5.16
57567,2.31
57568,2.47
57569,2.38
57570,4.63
57571,1.94
57572,4.25
57574,1.71
57576,2.29
57577,5.76
57579,3.2
57580,2.49
57584,1.43
57585,1.67
57601,2.03
57620,2.26
57621,4.81
57622,3.68
57623,3.45
57625,3.46
57626,2.64
57630,1.55
57631,1.79
57632,2.44
57633,2.28
57634,4.76
57636,2.14
57638,2.24
57639,4.8
57640,1.57
57641,2.33
57642,3.67
57644,1.9
57645,1.95
57646,2.47
57648,2.01
57649,2.58
57650,4.33
57651,2.81
57652,4.49
57656,2.49
57657,3.89
57658,5.19
57659,3.0
57660,2.32
57661,3.73
57701,2.29
57702,2.29
57703,2.53
57706,2.86
57714,6.56
57716,2.77
57717,2.49
57718,2.4
57719,2.81
57720,2.16
57722,1.79
57724,1.87
57725,1.81
57730,2.22
57732,1.79
57735,2.61
57737,2.61
57738,1.73
57741,1.58
57744,2.74
57745,2.57
57747,1.94
57748,3.72
57750,2.35
57751,2.59
57752,5.18
57754,2.05
57755,2.89
57756,4.28
57758,3.16
57759,1.63
57760,2.3
57761,3.29
57762,2.39
57763,2.58
57764,4.22
57766,2.12
57767,1.84
57769,2.7
57770,5.51
57772,4.11
57773,2.46
57775,3.58
57776,-666666666.0
57779,1.93
57780,1.31
57782,3.15
57783,2.22
57785,2.37
57787,3.62
57788,3.22
57790,2.76
57791,2.26
57792,1.95
57793,2.92
57794,8.4
57799,-666666666.0
58001,2.31
58002,-666666666.0
58004,2.22
58005,2.74
58006,2.67
58007,2.43
58008,2.15
58009,2.14
58011,2.42
58012,2.27
58013,1.8
58015,2.59
58016,2.02
58017,2.22
58018,3.03
58021,3.05
58027,2.04
58029,2.48
58030,2.48
58031,2.93
58032,2.11
58033,2.76
58035,2.25
58036,2.83
58038,2.16
58040,2.13
58041,2.36
58042,2.62
58043,2.54
58045,2.21
58046,3.09
58047,2.77
58048,2.58
58049,1.97
58051,2.95
58052,2.34
58053,2.21
58054,2.38
58056,2.01
58057,2.34
58058,2.39
58059,2.89
58060,2.2
58061,2.48
58062,2.0
58063,2.82
58064,2.42
58065,1.29
58067,2.76
58068,2.4
58069,2.24
58071,2.16
58072,2.01
58074,1.84
58075,2.12
58076,-666666666.0
58077,2.56
58078,2.56
58079,2.95
58081,2.22
58102,2.15
58103,2.05
58104,2.27
58105,5.13
58201,2.21
58202,2.56
58203,2.09
58204,3.51
58205,-666666666.0
58210,2.2
58212,2.01
58214,2.32
58216,2.65
58218,2.56
58219,1.77
58220,2.16
58222,2.01
58223,2.0
58224,2.12
58225,2.33
58227,2.35
58228,2.11
58229,1.72
58230,2.33
58231,2.27
58233,1.85
58235,2.72
58236,1.17
58237,2.26
58238,2.97
58239,1.33
58240,2.32
58241,3.07
58243,2.38
58244,2.53
58249,2.28
58250,2.14
58251,2.24
58254,2.18
58255,-666666666.0
58256,2.69
58257,2.35
58258,1.87
58259,1.93
58260,3.07
58261,2.42
58262,2.61
58265,3.1
58266,2.57
58267,2.6
58269,1.52
58270,2.33
58271,2.54
58272,2.12
58273,1.97
58274,2.37
58275,2.45
58276,2.05
58277,2.32
58278,2.43
58281,2.32
58282,2.0
58301,2.22
58310,2.0
58311,2.03
58313,1.96
58316,3.53
58317,2.58
58318,2.34
58321,3.0
58323,4.44
58324,2.27
58325,3.37
58327,2.69
58329,3.45
58330,1.85
58331,2.02
58332,1.94
58335,6.23
58338,1.96
58339,3.29
58341,2.13
58343,2.62
58344,2.6
58345,2.8
58346,2.2
58348,2.05
58351,2.2
58352,2.74
58353,1.92
58355,2.72
58356,2.01
58357,3.11
58361,2.64
58362,2.22
58363,1.9
58365,1.65
58366,2.78
58367,2.97
58368,2.24
58369,2.96
58370,4.5
58372,3.48
58374,1.97
58377,2.1
58379,4.4
58380,2.38
58381,2.78
58382,1.57
58384,1.87
58385,3.77
58386,1.88
58401,2.11
58402,-666666666.0
58405,-666666666.0
58413,1.79
58415,3.35
58416,2.27
58418,2.0
58420,3.31
58421,2.19
58422,2.97
58423,1.43
58424,3.3
58425,2.43
58426,3.1
58428,2.26
58429,1.99
58430,2.73
58431,2.11
58433,2.17
58436,2.4
58438,2.18
58439,1.86
58440,2.05
58441,2.96
58442,2.38
58443,1.78
58444,1.87
58445,3.78
58448,2.19
58451,1.94
58452,4.0
58454,2.28
58455,3.37
58456,2.42
58458,2.47
58460,2.36
58461,2.51
58463,1.9
58464,2.41
58466,2.24
58467,2.42
58472,2.38
58474,2.47
58475,1.57
58476,1.77
58477,2.72
58478,1.77
58479,2.04
58480,2.15
58481,1.89
58482,2.08
58483,2.55
58484,2.54
58486,2.22
58487,3.05
58488,1.42
58490,2.54
58492,2.25
58494,3.08
58495,2.3
58496,1.62
58497,2.0
58501,2.28
58503,2.43
58504,2.38
58505,-666666666.0
58520,2.3
58521,2.28
58523,2.3
58524,2.0
58528,4.79
58529,2.4
58530,2.73
58531,1.84
58532,1.74
58533,2.02
58535,1.98
58538,3.57
58540,2.46
58541,2.46
58542,2.34
58544,2.29
58545,2.29
58549,3.05
58552,1.86
58554,2.48
58558,2.97
58559,2.55
58560,3.2
58561,2.22
58562,2.21
58563,2.52
58564,1.85
58565,1.77
58566,2.5
58568,3.46
58569,2.45
58570,3.09
58571,2.59
58572,2.53
58573,2.52
58575,2.19
58576,2.18
58577,2.23
58579,2.22
58580,1.98
58581,1.94
58601,2.43
58620,2.47
58621,2.49
58622,2.71
58623,2.49
58625,2.72
58626,3.23
58627,2.87
58630,2.29
58631,2.02
58632,2.71
58634,2.44
58636,2.8
58638,2.57
58639,2.15
58640,2.41
58641,2.54
58642,2.49
58643,1.74
58644,2.33
58645,1.85
58646,2.14
58647,2.33
58649,2.29
58650,2.19
58651,2.27
58652,2.39
58653,2.64
58654,2.16
58655,2.54
58656,2.22
58701,2.28
58703,2.34
58704,3.45
58705,-666666666.0
58707,-666666666.0
58710,2.27
58711,2.73
58712,1.73
58713,5.47
58716,2.62
58718,2.95
58721,2.14
58722,2.5
58723,2.41
58725,2.57
58727,1.66
58730,2.38
58731,2.48
58733,2.15
58734,1.98
58735,3.45
58736,1.96
58737,2.84
58740,2.75
58741,2.38
58744,1.52
58746,2.18
58748,2.17
58750,2.46
58752,2.32
58755,2.08
58756,1.94
58757,3.41
58758,2.28
58759,2.68
58760,2.35
58761,2.52
58762,2.47
58763,2.74
58765,2.36
58768,2.77
58769,1.76
58770,2.73
58771,2.44
58772,1.75
58773,2.64
58775,3.02
58776,1.99
58778,2.08
58779,2.6
58781,2.55
58782,2.59
58783,2.37
58784,2.65
58785,2.74
58787,2.03
58788,2.0
58789,2.61
58790,2.42
58792,2.43
58793,2.57
58794,2.37
58795,2.28
58801,2.51
58830,1.83
58831,2.85
58833,2.41
58835,2.94
58838,2.1
58843,3.37
58844,1.82
58845,1.86
58847,2.52
58849,2.24
58852,2.14
58853,2.41
58854,2.58
58856,1.84
59001,2.0
59002,2.53
59003,2.22
59006,2.54
59007,2.6
59008,2.92
59010,1.89
59011,2.56
59012,2.31
59013,2.01
59014,2.4
59015,2.4
59016,3.35
59018,2.09
59019,2.43
59020,1.79
59022,4.65
59024,2.3
59025,1.18
59026,1.76
59027,1.59
59028,1.96
59029,2.17
59030,1.58
59031,7.28
59032,1.93
59033,2.03
59034,2.95
59035,1.92
59036,2.37
59037,2.61
59038,2.15
59039,2.3
59041,2.58
59043,4.47
59044,2.53
59046,2.74
59047,2.2
59050,4.62
59052,2.05
59053,1.66
59054,2.25
59055,3.84
59057,2.64
59058,2.44
59059,2.22
59061,1.62
59062,2.27
59063,2.63
59064,2.22
59065,1.94
59066,4.37
59067,2.82
59068,1.84
59069,2.31
59070,3.02
59071,2.69
59072,2.29
59074,2.05
59075,2.42
59076,2.2
59077,2.71
59078,1.79
59079,2.3
59081,2.15
59082,2.17
59083,-666666666.0
59085,1.93
59086,2.06
59087,2.11
59088,2.36
59089,3.86
59101,2.29
59102,2.24
59105,2.6
59106,2.52
59201,3.26
59211,5.43
59212,2.88
59213,3.45
59214,2.0
59215,2.05
59217,2.89
59218,2.72
59219,3.31
59221,2.33
59222,1.75
59223,2.1
59225,4.1
59226,3.8
59230,2.51
59231,2.73
59240,1.89
59241,2.16
59242,2.13
59243,2.76
59244,5.6
59247,1.92
59248,2.7
59250,2.82
59252,2.48
59253,2.93
59254,2.26
59255,3.91
59256,2.71
59257,2.79
59258,2.25
59259,2.02
59260,2.0
59261,2.31
59262,2.69
59263,2.15
59270,2.45
59273,3.25
59274,2.05
59275,3.02
59276,2.09
59301,2.31
59311,2.12
59312,2.0
59313,2.3
59314,2.37
59315,2.0
59316,2.23
59317,2.32
59318,2.98
59319,1.24
59322,2.93
59323,2.47
59324,1.91
59326,4.0
59327,2.28
59330,2.26
59332,2.07
59333,3.75
59336,2.85
59337,2.11
59338,1.91
59339,2.33
59343,2.35
59344,3.02
59345,1.95
59347,2.65
59349,2.19
59351,2.19
59353,2.37
59354,4.04
59401,2.16
59404,2.55
59405,2.32
59410,1.98
59411,4.54
59412,2.44
59414,2.06
59416,2.31
59417,3.3
59418,3.36
59419,1.71
59420,2.86
59421,2.12
59422,2.3
59424,2.26
59425,2.67
59427,2.92
59430,2.37
59432,2.67
59433,2.25
59434,1.99
59435,1.5
59436,2.69
59440,2.1
59441,3.14
59442,2.64
59443,2.65
59444,2.69
59446,2.93
59447,2.79
59448,4.39
59450,2.6
59451,3.28
59452,2.28
59453,1.94
59454,1.75
59456,2.47
59457,2.09
59460,1.33
59461,1.89
59462,2.22
59463,1.39
59464,2.39
59465,1.74
59466,1.87
59467,2.48
59468,2.25
59469,2.79
59471,2.32
59472,2.12
59474,2.15
59477,2.63
59479,2.19
59480,2.31
59482,4.44
59483,2.2
59484,2.0
59485,2.81
59486,2.28
59487,2.48
59489,1.87
59501,2.38
59520,2.42
59521,3.56
59522,2.9
59523,2.21
59524,3.05
59525,2.87
59526,3.54
59527,4.53
59528,2.11
59529,2.22
59530,2.8
59531,2.75
59532,1.78
59535,2.67
59537,1.93
59538,2.46
59540,2.85
59542,2.46
59544,2.13
59545,1.76
59546,1.33
59547,2.29
59601,2.07
59602,2.62
59623,-666666666.0
59625,-666666666.0
59631,2.25
59632,2.41
59633,1.83
59634,2.83
59635,2.44
59636,-666666666.0
59638,2.68
59639,2.03
59640,1.91
59642,-666666666.0
59643,2.13
59644,2.32
59645,2.49
59647,2.4
59648,1.91
59701,2.23
59710,2.19
59711,2.0
59713,3.37
59714,2.54
59715,2.29
59716,1.93
59718,2.41
59720,2.04
59721,2.41
59722,2.23
59724,1.92
59725,2.17
59727,2.72
59728,2.19
59729,2.27
59730,2.64
59731,2.77
59732,3.72
59733,2.41
59735,3.13
59736,2.21
59739,1.9
59740,2.21
59741,2.54
59743,2.3
59745,3.12
59746,2.04
59747,2.83
59748,3.54
59749,2.51
59750,3.54
59751,3.94
59752,2.67
59754,2.79
59755,1.98
59756,1.53
59758,2.43
59759,2.26
59760,2.21
59761,2.0
59762,1.98
59801,2.1
59802,2.15
59803,2.66
59804,2.31
59808,2.39
59812,-666666666.0
59820,2.38
59821,2.81
59823,2.23
59824,2.53
59825,2.55
59826,1.87
59827,1.68
59828,2.32
59829,2.02
59830,2.23
59831,3.1
59832,2.96
59833,2.56
59834,2.39
59837,2.27
59840,2.19
59841,4.41
59842,2.23
59843,2.59
59844,2.73
59845,2.2
59846,2.03
59847,2.48
59848,1.98
59851,1.33
59853,2.36
59854,2.14
59855,2.01
59856,2.54
59858,2.39
59859,2.16
59860,2.45
59863,1.94
59864,2.72
59865,2.94
59866,1.98
59867,1.5
59868,2.1
59870,2.5
59871,1.88
59872,2.23
59873,2.12
59874,2.55
59875,2.49
59901,2.57
59910,2.48
59911,2.35
59912,2.63
59913,2.19
59914,2.24
59915,2.3
59916,2.0
59917,2.47
59918,2.83
59919,2.24
59920,2.81
59922,2.36
59923,2.0
59925,2.69
59926,2.07
59927,2.48
59928,2.44
59929,2.56
59930,2.16
59931,2.35
59932,2.04
59933,3.0
59934,2.69
59935,2.56
59936,2.11
59937,2.18
60002,2.64
60004,2.53
60005,2.27
60007,2.54
60008,2.57
60010,2.74
60012,2.95
60013,2.76
60014,2.75
60015,2.64
60016,2.52
60018,2.92
60020,2.14
60021,2.62
60022,2.85
60025,2.54
60026,2.56
60029,2.69
60030,2.5
60031,2.59
60033,2.76
60034,2.93
60035,2.47
60040,2.7
60041,2.47
60042,2.73
60043,3.22
60044,2.35
60045,2.65
60046,2.87
60047,2.9
60048,2.71
60050,2.46
60051,2.57
60053,2.7
60056,2.56
60060,2.75
60061,2.59
60062,2.48
60064,2.72
60067,2.49
60068,2.55
60069,2.29
60070,2.51
60071,2.17
60072,2.74
60073,3.2
60074,2.61
60075,-666666666.0
60076,2.87
60077,2.64
60081,2.81
60083,2.73
60084,2.7
60085,2.83
60087,2.85
60088,2.71
60089,2.71
60090,2.47
60091,2.66
60093,2.84
60096,2.44
60097,2.68
60098,2.53
60099,2.73
60101,2.71
60102,2.72
60103,2.86
60104,3.02
60106,2.67
60107,2.97
60108,2.48
60109,2.45
60110,3.34
60111,1.99
60112,2.8
60113,3.02
60115,2.28
60118,2.42
60119,2.65
60120,3.12
60123,2.71
60124,2.78
60126,2.64
60129,2.15
60130,1.9
60131,3.17
60133,3.35
60134,2.77
60135,2.56
60136,3.11
60137,2.65
60139,2.94
60140,2.91
60141,-666666666.0
60142,2.28
60143,2.52
60144,2.18
60145,2.65
60146,2.47
60148,2.57
60150,2.96
60151,2.72
60152,2.68
60153,3.03
60154,2.31
60155,2.66
60156,2.93
60157,2.69
60160,3.09
60162,2.69
60163,2.79
60164,2.9
60165,3.68
60169,2.77
60171,2.75
60172,2.63
60173,2.13
60174,2.4
60175,2.94
60176,2.69
60177,2.85
60178,2.52
60180,2.97
60181,2.72
60183,-666666666.0
60184,2.49
60185,3.17
60187,2.55
60188,2.74
60189,2.58
60190,2.6
60191,2.71
60192,2.84
60193,2.51
60194,2.54
60195,2.14
60201,2.19
60202,2.38
60203,2.73
60208,-666666666.0
60301,1.56
60302,2.22
60304,2.65
60305,2.44
60401,2.62
60402,2.85
60403,2.23
60404,2.84
60406,2.71
60407,2.71
60408,2.6
60409,2.48
60410,3.15
60411,2.87
60415,2.64
60416,2.48
60417,2.62
60418,2.07
60419,2.59
60420,2.47
60421,2.44
60422,2.71
60423,2.95
60424,2.73
60425,2.76
60426,2.73
60428,3.08
60429,2.89
60430,2.72
60431,3.06
60432,3.23
60433,2.82
60435,2.52
60436,2.74
60437,2.44
60438,2.56
60439,2.8
60440,2.91
60441,2.75
60442,2.93
60443,2.46
60444,2.7
60445,2.45
60446,3.21
60447,2.91
60448,2.73
60449,2.58
60450,2.34
60451,3.01
60452,2.67
60453,2.6
60455,2.69
60456,2.25
60457,2.75
60458,2.88
60459,3.05
60460,2.38
60461,2.59
60462,2.53
60463,2.46
60464,2.55
60465,2.46
60466,2.57
60467,2.56
60468,2.57
60469,3.39
60470,2.42
60471,2.52
60472,3.06
60473,2.75
60474,2.43
60475,2.38
60476,2.35
60477,2.39
60478,2.95
60479,2.23
60480,2.25
60481,2.36
60482,2.44
60484,2.7
60487,2.9
60490,3.48
60491,2.99
60501,3.05
60502,2.76
60503,3.27
60504,2.84
60505,3.29
60506,2.77
60510,2.67
60511,2.8
60512,2.67
60513,2.48
60514,2.53
60515,2.43
60516,2.49
60517,2.6
60518,2.32
60519,2.06
60520,2.61
60521,2.93
60523,2.29
60525,2.48
60526,2.53
60527,2.37
60530,3.65
60531,2.67
60532,2.19
60534,2.65
60536,2.67
60537,2.42
60538,3.13
60539,-666666666.0
60540,2.66
60541,3.15
60542,2.56
60543,2.82
60544,2.73
60545,2.91
60546,2.59
60548,2.73
60549,3.74
60550,2.16
60551,2.3
60552,2.72
60553,2.69
60554,2.66
60555,2.53
60556,2.97
60557,3.41
60558,2.99
60559,2.39
60560,2.89
60561,2.46
60563,2.39
60564,3.05
60565,2.84
60585,3.28
60586,3.45
60601,1.74
60602,1.94
60603,1.52
60604,1.63
60605,1.66
60606,1.32
60607,1.89
60608,2.53
60609,2.74
60610,1.6
60611,1.53
60612,2.31
60613,1.81
60614,2.01
60615,1.88
60616,2.04
60617,2.74
60618,2.48
60619,2.15
60620,2.6
60621,2.37
60622,2.13
60623,2.83
60624,2.62
60625,2.5
60626,2.0
60628,2.61
60629,3.22
60630,2.59
60631,2.5
60632,3.23
60633,2.46
60634,2.75
60636,2.61
60637,2.15
60638,2.8
60639,3.19
60640,1.76
60641,2.75
60642,1.94
60643,2.62
60644,2.61
60645,2.82
60646,2.64
60647,2.26
60649,2.04
60651,3.13
60652,3.08
60653,2.0
60654,1.55
60655,2.57
60656,2.33
60657,1.83
60659,3.09
60660,1.89
60661,1.58
60706,2.52
60707,2.58
60712,2.82
60714,2.6
60803,2.44
60804,3.39
60805,2.62
60827,2.73
60901,2.48
60910,2.49
60911,2.48
60912,2.14
60913,2.22
60914,2.7
60915,2.46
60917,2.44
60918,2.23
60919,2.27
60920,2.52
60921,2.34
60922,2.63
60924,2.33
60926,1.95
60927,2.38
60928,2.29
60929,2.34
60930,2.49
60931,3.05
60932,2.96
60933,2.48
60934,2.67
60935,3.1
60936,2.15
60938,2.29
60939,-666666666.0
60940,3.09
60941,2.66
60942,2.37
60945,2.6
60946,2.43
60948,2.35
60949,2.53
60950,2.22
60951,2.39
60952,2.6
60953,2.58
60954,2.36
60955,2.97
60956,2.65
60957,2.39
60958,2.27
60959,2.07
60960,2.72
60961,2.5
60962,2.82
60963,2.84
60964,2.65
60966,2.12
60967,-666666666.0
60968,2.48
60969,2.61
60970,2.24
60973,3.15
60974,2.67
61001,2.27
61006,2.33
61007,2.27
61008,2.66
61010,2.58
61011,2.8
61012,3.17
61013,2.14
61014,2.4
61015,2.88
61016,2.45
61018,2.58
61019,2.64
61020,3.13
61021,2.18
61024,2.52
61025,2.13
61027,3.19
61028,1.99
61030,2.66
61031,2.65
61032,2.16
61036,2.04
61037,2.02
61038,3.59
61039,2.76
61041,2.32
61042,2.53
61043,3.18
61044,2.4
61046,2.3
61047,2.59
61048,2.34
61049,3.1
61050,2.88
61051,2.34
61052,2.42
61053,2.42
61054,1.98
61057,1.96
61059,2.71
61060,2.47
61061,2.19
61062,2.8
61063,2.52
61064,2.29
61065,3.04
61067,1.85
61068,2.5
61070,2.62
61071,2.33
61072,2.62
61073,2.88
61074,2.1
61075,2.37
61077,1.93
61078,2.74
61079,2.2
61080,2.42
61081,2.34
61084,2.62
61085,2.12
61087,2.54
61088,2.59
61089,2.17
61091,-666666666.0
61101,2.55
61102,2.53
61103,2.25
61104,2.26
61107,2.27
61108,2.45
61109,2.41
61111,2.34
61112,-666666666.0
61114,2.31
61115,2.63
61201,2.27
61230,2.47
61231,2.29
61232,2.21
61233,2.18
61234,2.24
61235,2.18
61236,2.41
61237,-666666666.0
61238,2.51
61239,2.32
61240,2.51
61241,2.4
61242,2.24
61243,2.43
61244,2.35
61250,2.34
61251,2.29
61252,2.21
61254,2.41
61256,2.35
61257,2.65
61258,2.69
61259,2.38
61260,1.98
61261,2.22
61262,2.61
61263,2.81
61264,2.14
61265,2.3
61270,2.48
61272,2.71
61273,2.82
61274,2.49
61275,2.55
61276,3.21
61277,2.5
61278,2.47
61279,2.58
61281,2.5
61282,1.95
61283,2.92
61284,2.22
61285,2.45
61301,2.3
61310,2.26
61311,2.33
61312,2.3
61313,2.21
61314,2.41
61315,2.82
61316,2.09
61317,2.17
61318,2.53
61319,2.16
61320,2.45
61321,2.67
61322,2.67
61323,2.02
61324,2.13
61325,2.57
61326,2.48
61327,2.68
61328,2.6
61329,2.52
61330,2.55
61331,-666666666.0
61332,2.11
61333,2.81
61334,2.33
61335,2.72
61336,1.99
61337,2.67
61338,2.07
61340,2.12
61341,2.48
61342,2.4
61344,2.05
61345,2.32
61346,1.57
61348,2.24
61349,2.61
61350,2.4
61353,2.67
61354,2.21
61356,2.27
61358,2.23
61359,2.26
61360,2.62
61361,2.61
61362,2.36
61363,1.96
61364,2.13
61367,2.58
61368,2.39
61369,2.11
61370,2.4
61371,1.85
61372,3.06
61373,2.72
61374,1.7
61375,2.49
61376,2.11
61377,2.18
61378,2.95
61379,2.25
61401,2.1
61402,-666666666.0
61410,2.35
61411,2.02
61412,2.21
61413,2.44
61414,2.38
61415,2.12
61416,1.99
61417,2.39
61418,2.31
61419,2.13
61420,2.36
61421,2.4
61422,2.31
61423,1.99
61424,2.27
61425,2.18
61426,3.0
61427,2.24
61428,2.57
61430,2.12
61431,2.2
61432,2.45
61433,2.44
61434,2.5
61435,2.87
61436,2.13
61437,2.37
61438,2.46
61439,2.36
61440,2.39
61441,2.44
61442,2.19
61443,2.32
61447,2.48
61448,2.49
61449,1.72
61450,2.24
61451,3.13
61452,1.87
61453,2.49
61454,2.42
61455,2.04
61458,2.08
61459,2.68
61460,2.32
61462,2.3
61465,2.44
61466,2.54
61467,2.82
61468,2.64
61469,2.1
61470,2.28
61471,2.89
61472,2.05
61473,2.18
61474,2.28
61475,1.79
61476,2.46
61477,2.42
61478,3.3
61479,2.0
61480,2.65
61482,2.34
61483,2.37
61484,2.1
61485,2.69
61486,2.4
61488,2.34
61489,2.46
61490,2.11
61491,2.23
61501,2.14
61516,2.7
61517,2.82
61519,2.49
61520,2.22
61523,2.33
61524,2.31
61525,2.89
61526,2.43
61528,2.9
61529,2.75
61530,2.21
61531,2.35
61532,2.15
61533,2.69
61534,2.9
61535,3.1
61536,2.25
61537,2.23
61539,2.21
61540,2.52
61541,1.8
61542,2.28
61543,2.13
61544,3.01
61545,2.33
61546,2.27
61547,2.68
61548,2.63
61550,2.39
61552,2.82
61553,2.85
61554,2.27
61559,2.62
61560,1.92
61561,2.63
61562,1.44
61563,2.22
61564,2.76
61565,2.33
61567,1.87
61568,2.63
61569,2.36
61570,2.44
61571,2.58
61572,2.32
61602,1.2
61603,2.37
61604,2.23
61605,2.35
61606,2.2
61607,2.44
61610,2.25
61611,2.33
61614,2.1
61615,2.18
61616,2.06
61625,-666666666.0
61701,2.08
61704,2.41
61705,2.61
61720,2.82
61721,2.48
61722,2.97
61723,2.41
61724,2.74
61725,2.71
61726,2.67
61727,2.26
61728,2.6
61729,2.93
61730,2.73
61731,3.45
61732,2.71
61733,2.33
61734,2.51
61735,2.61
61736,2.81
61737,2.47
61738,2.7
61739,2.41
61740,2.42
61741,2.5
61742,2.84
61743,2.12
61744,2.31
61745,2.84
61747,2.29
61748,2.77
61749,1.69
61750,3.0
61751,2.0
61752,2.56
61753,2.53
61754,2.61
61755,2.47
61756,2.69
61759,2.55
61760,2.31
61761,2.38
61764,2.19
61769,2.72
61770,2.74
61771,3.19
61772,3.15
61773,2.5
61774,2.25
61775,1.95
61776,2.39
61777,2.39
61778,2.43
61801,2.03
61802,2.09
61810,2.23
61811,2.25
61812,2.72
61813,2.34
61814,2.57
61815,2.33
61816,2.8
61817,2.24
61818,2.38
61820,2.14
61821,2.33
61822,2.5
61830,2.62
61831,1.7
61832,2.34
61833,1.89
61834,2.6
61839,2.8
61840,2.48
61841,2.46
61842,2.41
61843,2.72
61844,2.35
61845,2.13
61846,2.3
61847,2.24
61848,2.55
61849,2.58
61850,2.73
61851,2.01
61852,2.12
61853,2.91
61854,2.46
61855,2.58
61856,2.43
61857,2.15
61858,2.56
61859,2.81
61862,3.04
61863,2.56
61864,3.14
61865,2.87
61866,2.36
61870,2.4
61871,2.4
61872,2.2
61873,2.68
61874,2.47
61875,3.17
61876,2.96
61877,2.43
61878,2.19
61880,2.62
61882,2.54
61883,2.45
61884,2.48
61910,3.33
61911,2.79
61912,2.17
61913,2.27
61914,2.12
61917,2.17
61919,2.4
61920,2.04
61924,2.52
61925,2.36
61928,2.36
61929,2.14
61930,2.69
61931,2.73
61932,2.19
61933,2.54
61936,2.98
61937,2.26
61938,2.19
61940,2.15
61941,2.55
61942,2.1
61943,2.09
61944,2.08
61949,1.9
61951,2.49
61953,2.32
61955,3.02
61956,2.34
61957,2.37
62001,2.35
62002,2.28
62006,4.08
62009,2.42
62010,2.43
62011,2.26
62012,2.84
62013,3.1
62014,2.57
62015,2.48
62016,2.36
62017,2.0
62018,2.57
62019,2.46
62021,2.48
62022,3.05
62023,3.26
62024,2.24
62025,2.62
62026,-666666666.0
62027,2.38
62028,2.02
62030,3.57
62031,2.66
62032,2.31
62033,2.43
62034,2.4
62035,2.39
62036,2.65
62037,2.31
62040,2.39
62044,3.04
62045,3.54
62046,2.63
62047,4.07
62048,2.25
62049,2.36
62050,2.55
62051,2.35
62052,2.59
62053,3.31
62054,2.62
62056,2.22
62058,2.19
62059,3.08
62060,1.95
62061,2.69
62062,2.38
62063,2.5
62067,2.45
62069,2.29
62074,2.73
62075,2.37
62076,1.62
62077,2.33
62078,3.29
62079,3.4
62080,2.87
62081,3.63
62082,2.41
62083,1.59
62084,2.27
62085,2.39
62086,2.62
62087,2.79
62088,2.44
62089,1.99
62090,2.3
62091,2.83
62092,2.53
62093,2.65
62094,2.56
62095,2.33
62097,2.5
62098,2.91
62201,2.25
62203,2.73
62204,2.41
62205,2.65
62206,2.84
62207,2.4
62208,2.33
62214,2.6
62215,2.5
62216,2.67
62217,2.32
62218,2.64
62219,2.46
62220,2.38
62221,2.48
62223,2.26
62225,3.46
62226,2.42
62230,2.34
62231,2.43
62232,2.53
62233,2.2
62234,2.31
62236,2.65
62237,2.2
62238,2.85
62239,2.36
62240,3.43
62241,2.39
62242,2.24
62243,2.62
62244,2.61
62245,2.33
62246,2.18
62248,2.51
62249,2.32
62250,2.82
62253,2.46
62254,2.46
62255,2.72
62256,2.83
62257,2.09
62258,2.85
62260,2.35
62261,-666666666.0
62262,2.62
62263,2.31
62264,2.44
62265,2.39
62266,-666666666.0
62268,2.48
62269,2.64
62271,2.41
62272,2.7
62273,2.38
62274,2.15
62275,2.88
62277,2.53
62278,2.51
62279,2.69
62280,2.85
62281,2.63
62282,2.25
62284,2.85
62285,2.59
62286,2.23
62288,2.25
62289,1.99
62292,2.44
62293,2.36
62294,2.65
62295,2.67
62297,1.9
62298,2.48
62301,2.16
62305,2.45
62311,2.16
62312,2.89
62313,2.09
62314,2.41
62316,2.78
62319,2.26
62320,2.8
62321,2.11
62323,2.78
62324,2.63
62325,2.65
62326,2.39
62330,2.12
62334,2.0
62336,2.47
62338,2.26
62339,2.29
62340,2.31
62341,2.37
62343,2.56
62344,1.82
62345,2.71
62346,2.13
62347,2.59
62348,2.84
62349,2.31
62351,2.51
62352,2.62
62353,2.28
62354,2.66
62355,3.81
62356,3.77
62357,2.31
62358,2.77
62359,4.06
62360,2.84
62361,3.11
62362,2.14
62363,2.17
62365,2.46
62366,3.28
62367,2.07
62370,2.46
62373,1.85
62374,1.62
62375,1.79
62376,2.28
62378,2.49
62379,2.28
62380,3.9
62401,2.4
62410,2.74
62411,2.31
62413,2.04
62414,2.33
62417,2.42
62418,2.56
62419,2.61
62420,2.22
62421,2.35
62422,2.56
62423,2.71
62424,2.79
62425,2.87
62426,2.08
62427,2.66
62428,2.38
62431,2.46
62432,3.09
62433,2.36
62434,2.09
62436,2.64
62438,2.2
62439,2.47
62440,2.08
62441,2.37
62442,2.39
62443,2.51
62444,2.68
62445,2.85
62446,2.69
62447,2.53
62448,2.29
62449,2.21
62450,2.34
62451,2.37
62452,2.02
62454,2.23
62458,2.69
62459,3.25
62460,2.72
62461,2.02
62462,2.69
62463,2.3
62464,2.85
62465,2.66
62466,2.44
62467,2.53
62468,2.37
62469,3.53
62471,2.61
62473,2.36
62474,2.26
62475,3.66
62476,2.37
62477,2.58
62478,2.51
62479,2.68
62480,2.36
62481,2.79
62501,2.42
62510,2.06
62512,2.02
62513,2.24
62514,2.3
62515,2.43
62517,2.98
62518,1.68
62519,2.0
62520,2.49
62521,2.35
62522,2.32
62523,1.11
62526,2.11
62530,2.27
62531,2.73
62532,2.0
62533,2.35
62534,2.19
62535,2.67
62536,2.48
62537,3.13
62538,2.82
62539,2.42
62540,1.96
62541,2.09
62543,2.58
62544,2.41
62545,2.26
62546,2.56
62547,2.68
62548,2.34
62549,2.75
62550,2.58
62551,2.71
62553,2.38
62554,2.65
62555,3.11
62556,2.36
62557,2.31
62558,2.38
62560,2.74
62561,2.21
62563,2.69
62565,2.28
62567,2.26
62568,2.41
62570,2.76
62571,2.29
62572,2.8
62573,2.73
62601,2.99
62610,2.46
62611,2.36
62612,2.26
62613,2.58
62615,2.83
62617,1.9
62618,2.78
62621,2.71
62622,3.46
62624,2.18
62625,2.44
62626,2.36
62627,2.25
62628,2.5
62629,2.65
62630,2.59
62631,2.15
62633,2.25
62634,2.41
62635,2.46
62638,2.56
62639,2.2
62640,2.74
62642,2.4
62643,2.48
62644,2.2
62649,2.46
62650,2.21
62655,2.75
62656,2.13
62661,2.93
62663,2.34
62664,2.24
62665,2.35
62666,2.64
62667,2.39
62668,2.67
62670,2.5
62671,2.41
62672,2.38
62673,2.01
62674,2.7
62675,2.3
62677,2.47
62681,2.27
62682,2.6
62684,2.76
62685,2.74
62688,2.39
62689,2.37
62690,2.51
62691,2.29
62692,2.52
62693,2.61
62694,2.39
62695,2.38
62701,1.28
62702,2.17
62703,2.18
62704,2.12
62706,-666666666.0
62707,2.25
62711,2.38
62712,2.33
62801,2.33
62803,2.59
62806,2.4
62807,2.31
62808,2.71
62809,2.59
62810,2.52
62811,2.27
62812,2.33
62814,2.5
62815,2.5
62816,2.24
62817,1.96
62818,2.41
62819,2.09
62820,2.51
62821,2.21
62822,2.15
62823,2.63
62824,2.61
62825,2.09
62827,2.41
62828,2.7
62829,2.78
62830,2.13
62831,2.03
62832,2.34
62833,2.55
62835,2.46
62836,2.53
62837,2.17
62838,2.69
62839,2.18
62841,2.64
62842,2.5
62843,1.55
62844,2.31
62846,2.66
62848,2.25
62849,2.67
62850,4.79
62851,2.98
62852,2.2
62853,2.68
62854,2.11
62856,2.45
62858,2.57
62859,2.37
62860,2.19
62861,2.82
62862,2.31
62863,2.3
62864,2.36
62865,2.21
62867,2.74
62868,2.42
62869,2.79
62870,2.46
62871,2.67
62872,2.87
62874,2.04
62875,2.64
62876,1.82
62877,2.41
62878,1.77
62879,2.88
62880,2.22
62881,2.4
62882,2.49
62883,2.33
62884,2.58
62885,2.17
62886,2.57
62887,2.43
62888,2.43
62889,2.45
62890,2.38
62891,2.3
62892,2.24
62893,2.47
62894,2.38
62895,2.27
62896,2.34
62897,2.35
62898,2.6
62899,2.87
62901,1.92
62902,2.27
62903,2.27
62905,2.39
62906,2.32
62907,2.89
62908,2.95
62910,2.73
62912,2.9
62914,2.8
62915,1.94
62916,2.7
62917,2.48
62918,2.38
62919,2.5
62920,2.37
62921,2.36
62922,2.42
62923,2.73
62924,2.28
62926,2.74
62927,2.32
62928,1.61
62930,2.07
62931,2.2
62932,2.39
62933,2.23
62934,2.08
62935,2.63
62938,2.67
62939,2.47
62940,3.02
62941,2.19
62942,2.52
62943,2.89
62946,2.26
62947,2.2
62948,2.23
62949,2.08
62950,1.93
62951,2.36
62952,2.51
62953,3.36
62954,1.98
62956,2.86
62957,3.32
62958,2.37
62959,2.21
62960,2.47
62961,2.81
62962,-666666666.0
62963,3.44
62964,2.58
62965,2.81
62966,2.28
62967,3.44
62969,2.71
62970,2.41
62972,2.37
62974,2.36
62975,1.82
62976,2.18
62977,2.28
62979,2.03
62982,2.85
62983,2.12
62984,2.39
62985,4.01
62987,2.76
62988,2.65
62990,3.6
62992,2.59
62994,2.63
62995,2.96
62996,3.55
62997,2.69
62998,2.04
62999,2.36
63005,2.69
63010,2.49
63011,2.54
63012,2.79
63013,2.76
63014,1.76
63015,2.55
63016,2.38
63017,2.39
63019,2.37
63020,2.49
63021,2.52
63023,2.71
63025,2.78
63026,2.62
63028,2.55
63030,3.44
63031,2.59
63033,2.47
63034,2.96
63036,2.3
63037,2.24
63038,2.83
63039,3.16
63040,2.69
63041,1.85
63042,2.09
63043,2.33
63044,2.47
63045,-666666666.0
63047,-666666666.0
63048,2.51
63049,2.61
63050,2.73
63051,2.57
63052,2.71
63053,2.03
63055,2.42
63056,2.4
63060,2.66
63061,2.91
63068,2.89
63069,2.33
63070,2.76
63071,2.67
63072,3.26
63073,2.87
63074,2.23
63077,2.4
63079,2.71
63080,2.32
63084,2.62
63087,2.76
63088,1.97
63089,2.66
63090,2.4
63091,2.55
63101,1.4
63102,1.2
63103,1.41
63104,1.96
63105,2.13
63106,2.11
63107,2.25
63108,1.63
63109,1.84
63110,1.86
63111,2.24
63112,2.04
63113,2.28
63114,2.29
63115,2.24
63116,2.14
63117,2.05
63118,2.23
63119,2.24
63120,2.65
63121,2.08
63122,2.45
63123,2.27
63124,2.2
63125,2.37
63126,2.52
63127,2.32
63128,2.3
63129,2.42
63130,2.1
63131,2.7
63132,2.29
63133,2.29
63134,2.74
63135,2.42
63136,2.33
63137,2.35
63138,2.54
63139,1.99
63140,2.17
63141,2.25
63143,1.89
63144,1.98
63146,2.08
63147,2.3
63155,-666666666.0
63301,2.22
63303,2.27
63304,2.68
63330,1.4
63332,2.68
63333,2.72
63334,2.39
63336,2.54
63339,2.95
63341,2.67
63343,2.75
63344,2.62
63345,1.94
63347,2.68
63348,2.76
63349,2.8
63350,2.66
63351,2.55
63352,2.34
63353,2.58
63357,3.13
63359,2.58
63361,2.23
63362,2.76
63363,2.1
63365,2.28
63366,2.58
63367,2.69
63368,2.73
63369,2.59
63373,2.65
63376,2.53
63377,2.87
63379,2.66
63380,3.0
63381,3.17
63382,2.57
63383,2.56
63384,2.47
63385,2.9
63386,2.97
63387,2.43
63388,2.18
63389,2.76
63390,2.66
63401,2.36
63430,2.46
63431,3.04
63432,2.63
63433,-666666666.0
63434,2.64
63435,2.33
63436,2.19
63437,2.47
63438,2.3
63439,1.72
63440,2.59
63441,2.56
63443,1.61
63445,3.1
63446,2.14
63447,3.19
63448,2.78
63450,2.25
63451,1.49
63452,2.92
63453,2.8
63454,3.19
63456,2.65
63457,4.5
63458,1.4
63459,2.69
63460,4.81
63461,2.39
63462,2.43
63463,2.69
63465,3.25
63466,1.73
63467,3.85
63468,2.58
63469,2.26
63471,3.76
63472,2.25
63473,3.06
63474,2.75
63501,2.52
63530,3.51
63531,2.89
63532,2.35
63533,3.26
63534,2.4
63535,-666666666.0
63536,3.0
63537,3.54
63538,2.59
63539,2.74
63540,4.05
63541,2.94
63543,3.0
63544,2.67
63545,2.57
63546,3.12
63547,2.45
63548,3.02
63549,2.63
63551,4.07
63552,2.32
63555,3.02
63556,2.94
63557,2.6
63558,2.61
63559,3.18
63560,2.64
63561,3.27
63563,4.01
63565,2.57
63566,1.87
63567,3.63
63601,2.45
63620,2.75
63621,2.53
63622,1.58
63623,2.24
63624,2.62
63625,2.88
63626,2.42
63627,2.45
63628,2.59
63629,2.38
63630,2.49
63631,2.27
63633,3.05
63636,2.4
63637,2.42
63638,2.93
63640,2.55
63645,2.71
63648,2.37
63650,2.32
63653,3.2
63654,2.2
63655,2.58
63656,2.65
63660,2.99
63662,2.08
63663,2.28
63664,2.58
63665,1.87
63670,2.58
63673,2.82
63674,-666666666.0
63675,1.5
63701,2.34
63703,2.25
63730,2.32
63732,3.01
63735,2.35
63736,2.19
63738,-666666666.0
63739,3.6
63740,2.61
63742,3.95
63743,3.11
63744,2.91
63745,4.56
63746,-666666666.0
63747,2.77
63748,2.24
63750,2.5
63751,3.37
63755,2.62
63758,2.41
63760,2.96
63763,2.49
63764,2.75
63766,2.84
63767,2.21
63769,3.2
63770,2.57
63771,2.8
63774,3.53
63775,2.56
63780,2.49
63781,2.65
63782,2.57
63783,3.02
63784,2.58
63785,2.43
63787,2.37
63801,2.42
63820,2.61
63821,2.12
63822,2.52
63823,2.88
63824,2.9
63825,2.61
63826,3.28
63827,2.73
63828,2.03
63829,2.7
63830,2.43
63833,1.71
63834,2.42
63837,2.64
63839,2.54
63840,2.35
63841,2.38
63845,2.31
63846,2.59
63847,2.65
63848,2.47
63849,2.52
63850,-666666666.0
63851,2.5
63852,2.34
63853,1.62
63855,2.45
63857,2.48
63860,2.45
63862,2.77
63863,2.28
63866,2.68
63867,2.48
63868,2.16
63869,2.18
63870,2.66
63873,2.24
63874,2.13
63876,2.64
63877,2.37
63878,3.26
63879,2.31
63880,4.0
63882,2.18
63901,2.55
63932,2.56
63933,2.68
63934,2.0
63935,2.81
63936,2.81
63937,2.58
63939,2.52
63940,2.39
63941,2.68
63942,2.51
63943,2.51
63944,2.3
63945,2.6
63950,2.0
63951,1.72
63952,3.57
63953,2.3
63954,2.57
63955,1.41
63956,2.65
63957,2.37
63960,2.8
63961,2.82
63962,6.03
63964,3.06
63965,2.82
63966,2.26
63967,2.42
64001,2.75
64011,3.05
64012,2.45
64014,2.62
64015,2.58
64016,2.66
64017,2.3
64018,2.91
64019,2.34
64020,2.41
64021,3.53
64022,3.0
64024,2.64
64028,3.27
64029,2.82
64030,2.31
64034,2.77
64035,2.83
64036,2.69
64037,2.38
64040,2.59
64048,3.24
64050,2.17
64052,2.34
64053,2.56
64054,2.47
64055,2.28
64056,2.94
64057,2.24
64058,2.76
64060,2.63
64061,2.73
64062,2.96
64063,2.44
64064,2.63
64065,1.5
64066,3.19
64067,2.67
64068,2.63
64070,2.63
64071,3.14
64072,2.05
64074,2.99
64075,2.73
64076,2.66
64077,2.54
64078,2.67
64079,2.64
64080,2.65
64081,2.47
64082,3.0
64083,2.66
64084,2.7
64085,2.38
64086,2.62
64088,2.89
64089,2.77
64090,2.4
64092,4.86
64093,2.28
64096,2.76
64097,2.59
64098,2.57
64101,-666666666.0
64102,-666666666.0
64105,1.37
64106,1.8
64108,1.79
64109,2.09
64110,2.1
64111,1.57
64112,1.68
64113,2.62
64114,1.93
64116,2.02
64117,2.31
64118,2.3
64119,2.49
64120,1.95
64123,2.68
64124,2.88
64125,3.66
64126,2.7
64127,2.37
64128,2.38
64129,2.41
64130,2.25
64131,2.25
64132,2.48
64133,2.41
64134,2.58
64136,2.23
64137,2.23
64138,2.33
64139,2.91
64145,2.29
64146,1.69
64147,3.01
64149,2.79
64150,2.4
64151,2.41
64152,2.65
64153,2.25
64154,2.26
64155,2.62
64156,2.76
64157,2.97
64158,2.67
64161,2.51
64163,2.17
64164,4.4
64165,4.07
64166,2.28
64167,2.62
64401,2.7
64402,2.31
64420,2.11
64421,2.79
64422,3.17
64423,2.46
64424,2.49
64426,3.14
64427,2.73
64428,2.51
64429,2.41
64430,2.69
64431,2.25
64432,2.38
64433,2.05
64434,2.22
64436,3.0
64437,2.3
64438,2.23
64439,2.77
64440,2.89
64441,1.95
64442,2.96
64443,3.02
64444,2.28
64445,2.1
64446,2.17
64448,2.34
64449,2.63
64451,2.08
64453,3.14
64454,2.63
64455,2.03
64456,2.72
64457,2.37
64458,4.13
64459,2.21
64461,2.41
64463,2.48
64465,2.65
64466,2.35
64467,2.67
64468,2.13
64469,2.52
64470,2.43
64471,2.53
64473,2.49
64474,2.36
64475,2.23
64476,2.14
64477,2.28
64479,2.7
64480,2.15
64481,2.8
64482,2.32
64483,2.82
64484,2.35
64485,2.39
64486,2.42
64487,2.11
64489,2.88
64490,2.89
64491,2.14
64492,2.48
64493,3.88
64494,2.66
64496,1.98
64497,3.37
64498,2.0
64499,1.9
64501,2.32
64503,2.43
64504,2.56
64505,2.67
64506,2.28
64507,2.49
64601,2.33
64620,2.73
64622,2.19
64623,2.96
64624,2.43
64625,2.58
64628,2.37
64630,2.56
64631,2.4
64632,2.53
64633,2.49
64635,2.4
64636,2.62
64637,2.51
64638,3.15
64639,2.02
64640,2.43
64641,2.32
64642,2.43
64643,2.58
64644,2.57
64645,2.3
64646,3.69
64647,2.55
64648,3.74
64649,2.37
64650,2.05
64651,2.18
64652,2.44
64653,2.43
64654,3.08
64655,1.39
64656,2.22
64657,2.74
64658,2.69
64659,2.64
64660,2.67
64661,2.48
64664,2.38
64667,3.25
64668,2.35
64670,2.52
64671,2.38
64672,2.02
64673,2.91
64674,2.16
64676,2.24
64679,2.6
64681,2.23
64682,2.26
64683,2.46
64686,2.1
64688,3.63
64689,2.69
64701,2.54
64720,2.8
64722,2.87
64723,2.17
64724,2.42
64725,2.63
64726,2.8
64728,2.72
64730,2.54
64733,2.62
64734,2.84
64735,2.26
64738,2.64
64739,2.89
64740,2.13
64741,2.17
64742,2.6
64743,2.27
64744,2.67
64745,2.21
64746,2.41
64747,2.52
64748,2.34
64750,3.95
64752,2.9
64755,2.78
64756,2.29
64759,2.66
64761,2.66
64762,2.58
64763,2.29
64765,2.0
64767,2.14
64769,2.49
64770,2.19
64771,2.38
64772,2.27
64776,2.18
64778,2.88
64779,2.88
64780,2.86
64781,2.0
64783,2.4
64784,2.32
64788,2.31
64790,2.5
64801,2.34
64804,2.5
64830,2.62
64831,2.73
64832,2.85
64833,4.06
64834,2.82
64835,2.82
64836,2.66
64840,2.77
64841,3.09
64842,3.26
64843,2.85
64844,2.49
64847,2.48
64848,3.89
64849,2.65
64850,2.66
64854,3.04
64855,2.62
64856,2.59
64857,2.77
64858,2.18
64859,2.46
64861,2.91
64862,2.65
64863,2.9
64865,2.95
64866,2.53
64867,2.74
64868,2.67
64870,2.59
64873,2.53
64874,2.8
65001,1.81
65010,2.35
65011,3.39
65013,2.31
65014,2.59
65016,2.8
65017,2.47
65018,2.36
65020,2.81
65023,2.23
65024,2.33
65025,2.57
65026,2.34
65032,2.17
65034,2.85
65035,2.75
65037,2.02
65039,2.6
65040,2.75
65041,2.31
65043,2.69
65046,2.36
65047,2.79
65048,1.57
65049,2.27
65050,4.22
65051,2.47
65052,2.74
65053,2.58
65054,3.05
65058,1.98
65059,2.18
65061,2.82
65062,3.25
65063,2.85
65064,2.35
65065,2.55
65066,2.45
65067,2.31
65068,2.56
65069,2.78
65072,2.56
65074,2.43
65075,2.89
65076,2.17
65077,2.37
65078,2.49
65079,2.17
65080,3.08
65081,3.18
65082,2.8
65083,2.88
65084,2.88
65085,2.43
65101,2.46
65109,2.37
65201,2.14
65202,2.5
65203,2.34
65215,-666666666.0
65216,-666666666.0
65230,2.33
65231,2.44
65232,2.09
65233,2.54
65236,2.59
65237,2.17
65239,2.52
65240,2.46
65243,3.32
65244,2.12
65246,3.45
65247,3.58
65248,2.73
65250,2.87
65251,2.52
65254,2.58
65255,2.78
65256,2.54
65257,3.09
65258,2.38
65259,2.94
65260,2.41
65261,2.97
65262,2.38
65263,2.67
65264,2.69
65265,2.6
65270,2.4
65274,3.03
65275,2.45
65276,2.52
65278,1.97
65279,2.31
65280,2.98
65281,2.83
65282,1.33
65283,2.27
65284,2.58
65285,1.84
65286,4.38
65287,1.96
65301,2.52
65305,3.03
65320,2.08
65321,2.37
65322,2.74
65323,2.84
65324,2.21
65325,2.82
65326,2.12
65327,3.11
65329,3.82
65330,2.85
65332,2.58
65333,2.0
65334,2.18
65335,2.27
65336,2.29
65337,2.77
65338,2.75
65339,2.83
65340,2.78
65344,2.57
65345,1.84
65347,2.48
65348,2.39
65349,2.6
65350,2.66
65351,3.06
65354,2.3
65355,2.21
65360,2.93
65401,2.28
65409,-666666666.0
65436,-666666666.0
65438,2.47
65439,1.21
65440,3.26
65441,2.33
65443,2.82
65444,1.99
65446,3.01
65449,1.39
65452,2.56
65453,2.59
65456,3.18
65457,2.03
65459,3.12
65461,1.81
65462,2.21
65463,2.19
65464,1.65
65466,2.74
65468,3.64
65470,2.27
65473,3.14
65479,2.77
65483,2.53
65484,2.25
65486,2.39
65501,2.12
65529,2.7
65534,2.7
65535,3.0
65536,2.51
65541,2.19
65542,2.67
65543,2.61
65548,2.76
65550,2.58
65552,3.08
65555,2.71
65556,2.45
65557,2.58
65559,2.56
65560,2.43
65564,3.09
65565,2.17
65566,2.35
65567,2.89
65570,2.42
65571,2.5
65580,1.96
65582,2.38
65583,2.77
65584,2.66
65586,13.43
65588,2.23
65589,2.41
65590,2.5
65591,3.4
65601,2.16
65603,2.15
65604,2.27
65605,2.46
65606,2.39
65608,2.54
65609,2.59
65610,2.43
65611,2.02
65612,2.33
65613,2.51
65614,3.03
65616,2.51
65617,2.66
65618,4.14
65619,2.27
65620,2.14
65622,2.38
65623,5.5
65624,2.52
65625,2.57
65626,2.59
65627,2.66
65629,2.67
65630,2.26
65631,2.74
65632,2.74
65633,2.81
65634,4.01
65635,2.77
65637,2.37
65638,2.52
65640,4.03
65641,2.19
65644,2.28
65646,2.49
65647,2.75
65648,3.01
65649,2.52
65650,3.26
65652,2.76
65653,2.18
65654,2.39
65655,2.12
65656,2.81
65657,4.11
65658,1.82
65660,1.81
65661,2.48
65662,2.98
65663,2.7
65664,2.42
65666,-666666666.0
65667,2.91
65668,2.0
65669,3.05
65672,2.49
65674,2.76
65675,2.36
65676,2.33
65679,2.28
65680,2.54
65681,2.07
65682,2.58
65685,2.66
65686,2.04
65688,1.63
65689,2.27
65690,1.68
65692,2.57
65702,1.6
65704,2.5
65705,2.68
65706,2.69
65707,2.41
65708,2.63
65710,2.41
65711,2.62
65712,2.65
65713,2.7
65714,2.72
65715,3.8
65717,3.2
65720,2.94
65721,2.66
65722,2.49
65723,2.74
65724,2.16
65725,2.71
65726,-666666666.0
65727,2.43
65728,2.0
65729,1.36
65730,-666666666.0
65731,1.82
65732,2.64
65733,3.62
65734,2.64
65735,2.25
65737,2.48
65738,2.45
65739,2.3
65740,2.99
65741,-666666666.0
65742,2.72
65744,1.89
65745,2.89
65746,3.14
65747,2.09
65752,2.11
65753,2.58
65754,2.61
65755,2.65
65756,2.63
65757,2.49
65759,2.82
65760,1.9
65761,2.11
65762,3.26
65764,3.02
65766,3.61
65767,2.56
65768,2.04
65769,2.51
65770,2.5
65771,2.85
65772,2.38
65773,2.2
65774,2.33
65775,2.5
65777,2.58
65778,2.35
65779,1.85
65781,2.75
65783,3.16
65784,-666666666.0
65785,2.52
65786,2.79
65787,2.56
65788,2.44
65789,3.28
65790,2.67
65791,2.8
65793,2.47
65801,-666666666.0
65802,2.26
65803,2.31
65804,2.0
65806,1.75
65807,2.0
65809,2.32
65810,2.32
65897,-666666666.0
66002,2.49
66006,2.47
66007,2.68
66008,2.22
66010,2.24
66012,2.91
66013,3.51
66014,2.49
66015,2.31
66016,3.55
66017,2.07
66018,2.77
66020,3.25
66021,3.12
66023,2.23
66024,2.79
66025,2.87
66026,4.06
66027,3.67
66030,2.92
66031,-666666666.0
66032,2.51
66033,2.36
66035,2.74
66039,2.1
66040,2.21
66041,2.19
66042,2.12
66043,2.66
66044,2.05
66045,-666666666.0
66046,2.16
66047,2.2
66048,2.39
66049,2.2
66050,2.61
66052,3.01
66053,2.48
66054,2.62
66056,2.04
66058,2.86
66060,2.73
66061,2.83
66062,2.72
66064,2.43
66066,2.37
66067,2.42
66070,2.61
66071,2.43
66072,2.92
66073,2.5
66075,2.58
66076,2.77
66078,2.64
66079,2.09
66080,2.38
66083,2.92
66085,2.82
66086,2.6
66087,2.38
66088,2.37
66090,2.41
66091,2.24
66092,2.61
66093,2.51
66094,2.74
66095,3.05
66097,2.26
66101,2.39
66102,3.06
66103,2.09
66104,2.85
66105,2.52
66106,2.73
66109,2.84
66111,2.73
66112,2.61
66115,-666666666.0
66118,-666666666.0
66160,-666666666.0
66202,1.97
66203,2.42
66204,2.13
66205,2.27
66206,2.53
66207,2.45
66208,2.3
66209,2.34
66210,2.16
66211,2.16
66212,2.24
66213,2.34
66214,2.35
66215,2.22
66216,2.59
66217,2.12
66218,3.1
66219,2.08
66220,2.84
66221,2.95
66223,2.48
66224,2.53
66226,3.26
66227,2.79
66251,-666666666.0
66401,2.29
66402,2.67
66403,3.39
66404,2.53
66406,1.85
66407,2.16
66408,3.19
66409,2.14
66411,2.49
66412,3.51
66413,2.23
66414,2.5
66415,2.31
66416,3.12
66417,2.52
66418,2.46
66419,1.97
66422,3.67
66423,3.15
66424,2.72
66425,1.84
66427,2.28
66428,2.93
66429,2.3
66431,2.9
66432,2.04
66434,2.57
66436,2.46
66438,2.5
66439,2.64
66440,2.18
66441,2.45
66442,3.0
66449,2.73
66451,2.85
66501,3.27
66502,2.24
66503,2.39
66506,2.5
66507,2.86
66508,2.32
66509,2.7
66510,2.4
66512,2.57
66514,3.14
66515,3.72
66516,2.71
66517,2.23
66518,1.51
66520,2.37
66521,2.5
66522,3.29
66523,2.3
66524,2.51
66526,2.95
66527,2.43
66528,3.01
66531,2.61
66532,2.58
66533,2.71
66534,2.38
66535,2.6
66536,3.37
66537,2.59
66538,2.48
66539,2.36
66540,2.39
66541,2.22
66542,2.6
66543,2.42
66544,2.25
66546,2.33
66547,2.75
66548,2.4
66549,2.33
66550,2.98
66552,2.23
66554,2.89
66603,2.02
66604,2.22
66605,2.6
66606,1.96
66607,2.41
66608,2.05
66609,2.36
66610,2.55
66611,2.25
66612,1.46
66614,2.22
66615,2.12
66616,2.23
66617,2.72
66618,2.57
66619,3.15
66621,-666666666.0
66622,-666666666.0
66701,2.23
66710,2.55
66711,2.63
66712,2.06
66713,2.72
66714,2.91
66716,3.39
66717,2.75
66720,2.41
66724,2.6
66725,2.54
66732,3.08
66733,2.5
66734,1.67
66735,3.43
66736,2.27
66738,1.94
66739,2.34
66740,2.95
66741,2.3
66742,1.93
66743,2.53
66746,2.68
66748,2.55
66749,2.44
66751,2.02
66753,2.23
66754,3.26
66755,2.14
66756,2.21
66757,2.51
66758,2.93
66760,-666666666.0
66761,3.05
66762,2.3
66763,2.43
66767,2.03
66769,3.64
66770,3.14
66771,2.87
66772,2.27
66773,2.18
66775,2.93
66776,2.75
66777,1.95
66778,-666666666.0
66779,3.25
66780,2.37
66781,3.14
66782,2.84
66783,2.59
66801,2.3
66830,2.83
66833,2.17
66834,2.46
66835,2.91
66838,1.63
66839,2.43
66840,2.75
66842,2.58
66843,2.67
66845,2.14
66846,2.43
66849,2.8
66850,2.4
66851,2.01
66852,2.1
66853,2.11
66854,2.45
66856,2.61
66857,2.0
66858,2.37
66859,3.48
66860,2.24
66861,2.14
66862,1.88
66863,1.36
66864,3.05
66865,2.79
66866,2.71
66868,2.48
66869,2.17
66870,2.32
66871,2.3
66872,2.14
66873,2.21
66901,2.27
66930,1.8
66932,2.28
66933,1.61
66935,2.27
66936,2.29
66937,2.7
66938,2.79
66939,2.47
66940,2.01
66941,1.6
66942,2.95
66943,2.54
66944,3.18
66945,2.42
66946,1.54
66948,2.72
66949,2.52
66951,2.38
66952,1.8
66953,2.4
66955,1.69
66956,2.15
66958,2.06
66959,2.31
66960,2.02
66961,2.25
66962,2.34
66963,2.33
66964,1.77
66966,2.29
66967,2.37
66968,2.0
66970,2.31
67001,3.05
67002,3.06
67003,2.59
67004,2.27
67005,2.45
67008,2.13
67009,2.42
67010,2.48
67012,2.35
67013,2.43
67016,2.83
67017,2.69
67018,1.88
67019,2.72
67020,2.46
67021,2.09
67022,2.23
67023,2.11
67024,2.13
67025,3.0
67026,2.89
67028,2.16
67029,2.05
67030,3.0
67031,2.76
67035,2.21
67036,2.05
67037,2.55
67038,3.21
67039,2.78
67041,3.08
67042,2.24
67045,2.38
67047,2.37
67049,4.67
67050,2.98
67051,2.28
67052,3.08
67053,2.65
67054,2.43
67055,1.91
67056,2.69
67057,2.37
67058,2.3
67059,2.51
67060,2.73
67061,2.08
67062,2.14
67063,2.35
67065,1.72
67066,1.9
67067,2.93
67068,2.15
67070,2.25
67071,4.28
67072,2.03
67073,2.58
67074,2.2
67101,2.28
67102,5.7
67103,2.9
67104,2.35
67105,2.47
67106,2.98
67107,2.2
67108,2.55
67109,2.08
67110,2.68
67111,2.49
67112,2.55
67114,2.49
67117,2.08
67118,2.22
67119,2.2
67120,2.23
67122,2.8
67123,2.37
67124,2.48
67127,2.19
67131,2.64
67132,2.92
67133,2.87
67134,2.79
67135,2.94
67137,2.15
67138,2.05
67140,2.56
67142,2.72
67143,1.97
67144,2.63
67146,2.9
67147,2.69
67149,3.04
67150,1.5
67151,2.56
67152,2.52
67154,2.97
67155,2.53
67156,2.41
67159,2.15
67202,1.36
67203,2.19
67204,2.61
67205,2.91
67206,2.23
67207,2.43
67208,2.38
67209,2.54
67210,2.93
67211,2.33
67212,2.4
67213,2.4
67214,2.55
67215,2.96
67216,2.59
67217,2.71
67218,2.32
67219,2.8
67220,2.48
67221,-666666666.0
67223,3.84
67226,2.55
67227,2.46
67228,3.44
67230,2.94
67232,1.81
67235,3.03
67260,-666666666.0
67301,2.39
67330,2.76
67332,2.87
67333,2.36
67334,2.48
67335,2.53
67336,2.3
67337,2.36
67340,2.38
67341,1.94
67342,2.13
67344,3.01
67345,1.83
67346,2.93
67347,3.24
67349,2.01
67351,2.33
67352,2.5
67353,2.29
67354,2.41
67355,2.95
67356,2.71
67357,2.37
67360,2.21
67361,2.48
67363,2.86
67364,1.92
67401,2.34
67410,2.33
67416,2.15
67417,2.15
67418,2.01
67420,2.34
67422,2.61
67423,3.23
67425,3.63
67427,1.85
67428,2.42
67430,2.43
67431,2.2
67432,2.17
67436,2.21
67437,1.97
67438,3.01
67439,2.22
67441,2.38
67442,4.07
67443,2.58
67444,2.18
67445,2.15
67446,2.17
67447,2.02
67448,2.35
67449,1.92
67450,1.89
67451,2.74
67452,3.15
67454,2.26
67455,2.29
67456,2.51
67457,2.49
67458,2.76
67459,3.23
67460,2.23
67464,2.15
67466,2.32
67467,2.2
67468,2.69
67470,2.14
67473,2.15
67474,2.2
67475,2.8
67476,-666666666.0
67478,1.78
67480,2.74
67481,2.34
67482,2.18
67483,3.24
67484,2.42
67485,1.86
67487,2.35
67490,2.48
67491,2.22
67492,2.4
67501,2.42
67502,2.29
67505,2.13
67510,2.46
67511,2.03
67512,2.21
67513,2.4
67514,2.25
67515,1.95
67516,2.44
67518,2.57
67519,1.55
67520,2.4
67521,1.81
67522,2.55
67523,2.58
67524,2.25
67525,2.72
67526,2.64
67529,4.3
67530,2.47
67543,2.43
67544,2.28
67545,2.39
67546,2.74
67547,2.3
67548,1.88
67550,2.1
67552,2.37
67553,2.71
67554,2.3
67556,1.78
67557,2.33
67559,1.46
67560,2.43
67561,2.45
67563,2.59
67564,2.69
67565,3.23
67566,1.58
67567,2.71
67568,2.6
67570,2.55
67572,1.92
67573,3.07
67574,2.06
67575,2.07
67576,2.74
67578,2.09
67579,2.47
67581,2.21
67583,2.2
67584,1.76
67601,2.28
67621,2.37
67622,2.0
67623,2.54
67625,1.38
67626,1.63
67627,2.72
67628,2.59
67629,2.08
67631,2.02
67632,1.94
67634,2.53
67635,2.7
67637,2.44
67638,1.41
67639,2.57
67640,2.45
67642,2.17
67643,2.04
67644,2.91
67645,2.27
67646,2.28
67647,3.48
67648,2.11
67649,2.23
67650,1.58
67651,2.14
67653,2.6
67654,2.44
67656,3.03
67657,2.43
67658,2.88
67659,1.73
67660,1.17
67661,2.03
67663,2.37
67664,2.6
67665,2.23
67667,2.54
67669,2.12
67671,2.2
67672,2.04
67673,1.77
67674,3.44
67675,1.89
67701,2.32
67730,2.25
67731,2.79
67732,3.22
67733,3.79
67734,2.58
67735,2.32
67736,1.97
67737,1.79
67738,2.75
67739,1.72
67740,2.3
67741,2.74
67743,2.49
67744,2.72
67745,2.13
67747,2.79
67748,2.22
67749,1.98
67751,2.07
67752,2.48
67753,2.19
67756,1.9
67757,2.73
67758,2.21
67761,2.46
67762,2.26
67764,2.7
67801,2.97
67831,2.32
67834,2.28
67835,2.84
67836,2.68
67837,2.62
67838,3.63
67839,2.18
67840,2.17
67841,1.97
67842,2.45
67843,1.08
67844,2.33
67846,2.83
67849,2.95
67850,2.48
67851,3.29
67853,3.28
67854,2.18
67855,2.24
67857,4.71
67859,2.67
67860,2.77
67861,2.48
67862,2.56
67863,1.9
67864,2.25
67865,2.48
67867,2.74
67868,3.1
67869,2.69
67870,2.69
67871,2.35
67876,2.47
67877,2.86
67878,3.48
67879,2.27
67880,2.96
67882,1.57
67901,3.07
67950,2.76
67951,2.97
67952,3.34
67953,1.88
67954,2.89
68001,2.19
68002,2.43
68003,2.34
68004,2.23
68005,2.45
68007,3.0
68008,2.52
68010,3.17
68014,2.54
68015,2.62
68016,2.41
68017,2.67
68018,3.16
68019,2.21
68020,2.09
68022,2.84
68023,2.57
68025,2.46
68028,3.09
68029,2.21
68030,2.58
68031,3.05
68033,2.17
68034,2.28
68036,2.12
68037,2.67
68038,2.17
68039,5.04
68040,2.54
68041,2.31
68042,2.53
68044,2.74
68045,2.69
68046,2.76
68047,2.69
68048,2.55
68050,2.73
68055,3.28
68056,-666666666.0
68057,2.48
68058,2.14
68059,2.42
68061,2.49
68062,2.69
68063,2.56
68064,2.12
68065,2.35
68066,2.52
68067,3.78
68068,2.64
68069,2.37
68070,2.77
68071,3.36
68072,1.4
68073,2.94
68102,1.38
68104,2.43
68105,2.21
68106,2.01
68107,3.16
68108,2.65
68110,2.56
68111,2.81
68112,2.75
68113,2.33
68114,2.1
68116,2.69
68117,2.78
68118,2.73
68122,2.89
68123,2.78
68124,2.27
68127,2.1
68128,2.38
68130,2.65
68131,2.0
68132,2.3
68133,2.57
68134,2.29
68135,2.9
68136,2.87
68137,2.31
68138,2.45
68142,2.57
68144,2.39
68147,2.76
68152,2.35
68154,2.31
68157,2.59
68164,2.44
68178,1.12
68182,-666666666.0
68183,-666666666.0
68301,2.4
68303,2.3
68304,2.68
68305,2.39
68307,2.69
68309,3.02
68310,2.21
68313,2.64
68314,2.38
68315,2.46
68316,2.54
68317,2.5
68318,2.43
68319,2.72
68320,2.09
68321,2.05
68322,3.3
68323,2.76
68324,2.21
68325,2.27
68326,3.04
68327,2.02
68328,2.53
68329,2.83
68330,2.2
68331,2.84
68332,1.98
68333,2.79
68335,2.35
68336,2.42
68337,2.08
68338,2.34
68339,2.27
68340,2.49
68341,2.14
68342,2.25
68343,2.14
68344,2.43
68345,2.09
68346,2.21
68347,2.64
68348,2.23
68349,2.44
68350,2.33
68351,2.09
68352,2.28
68354,1.9
68355,2.11
68357,2.24
68358,3.07
68359,2.28
68360,2.15
68361,2.41
68362,2.25
68364,2.03
68365,1.99
68366,2.8
68367,2.13
68368,2.95
68370,2.22
68371,2.37
68372,3.09
68375,1.97
68376,2.38
68377,2.05
68378,2.43
68379,2.04
68380,1.87
68381,2.25
68382,2.2
68401,2.8
68402,2.67
68403,1.97
68404,2.5
68405,2.55
68406,2.13
68407,2.66
68409,2.45
68410,2.56
68413,2.37
68414,1.78
68415,2.39
68416,2.15
68417,3.06
68418,2.54
68419,2.46
68420,2.39
68421,2.06
68422,2.7
68423,2.38
68424,2.14
68428,3.02
68429,2.34
68430,2.48
68431,2.14
68433,1.97
68434,2.53
68436,2.45
68437,1.95
68438,1.9
68439,2.25
68440,2.03
68441,2.48
68442,1.85
68443,2.71
68444,2.31
68445,2.68
68446,2.17
68447,2.38
68448,2.34
68450,2.39
68452,1.89
68453,1.74
68454,2.45
68455,2.52
68456,2.55
68457,2.33
68458,1.99
68460,2.49
68461,2.42
68462,2.78
68463,2.72
68464,2.15
68465,2.72
68466,2.48
68467,2.33
68502,2.21
68503,2.39
68504,2.05
68505,2.45
68506,2.18
68507,2.37
68508,1.79
68510,2.08
68512,2.44
68514,2.17
68516,2.51
68517,2.66
68520,2.16
68521,2.59
68522,2.69
68523,2.83
68524,2.86
68526,2.7
68527,2.84
68528,2.62
68531,3.27
68532,3.24
68588,-666666666.0
68601,2.53
68620,2.31
68621,2.02
68622,2.46
68623,2.0
68624,2.5
68626,2.2
68627,2.64
68628,2.6
68629,2.35
68631,2.5
68632,2.33
68633,2.28
68634,2.93
68635,1.97
68636,2.04
68637,2.03
68638,2.64
68640,2.64
68641,2.47
68642,2.61
68643,2.52
68644,2.32
68647,2.62
68648,1.71
68649,2.58
68651,2.54
68652,2.23
68653,2.73
68654,2.41
68655,2.12
68658,2.61
68659,2.53
68660,2.36
68661,3.17
68662,2.81
68663,1.99
68664,2.8
68665,2.51
68666,2.65
68667,2.42
68669,2.3
68701,2.39
68710,2.57
68711,1.14
68713,2.45
68714,2.09
68715,2.95
68716,2.2
68717,2.46
68718,2.18
68719,2.26
68720,2.35
68722,2.34
68723,2.56
68724,4.31
68725,2.34
68726,2.38
68727,2.11
68728,2.87
68729,2.55
68730,2.49
68731,3.66
68732,2.0
68733,2.43
68734,2.26
68735,2.54
68736,2.92
68739,2.46
68740,2.87
68741,2.74
68742,2.88
68743,3.23
68745,2.43
68746,1.64
68747,2.75
68748,2.81
68749,2.08
68751,2.48
68752,2.47
68753,2.52
68755,2.37
68756,2.43
68757,2.5
68758,2.83
68759,3.71
68760,2.71
68761,2.27
68763,2.52
68764,2.91
68765,2.59
68766,3.57
68767,2.47
68768,2.63
68769,2.48
68770,2.09
68771,2.54
68773,1.85
68774,2.7
68776,2.84
68777,2.09
68778,2.83
68779,2.63
68780,2.44
68781,2.69
68783,2.61
68784,2.7
68785,2.24
68786,2.76
68787,2.19
68788,2.38
68789,2.47
68790,2.21
68791,2.37
68792,1.94
68801,2.68
68803,2.4
68810,2.66
68812,2.78
68813,2.4
68814,2.22
68815,2.29
68816,2.35
68817,2.02
68818,2.63
68820,2.07
68821,1.77
68822,2.31
68823,2.26
68824,2.43
68825,2.15
68826,2.46
68827,2.71
68828,1.65
68831,2.37
68832,2.48
68833,1.71
68834,2.07
68835,2.28
68836,2.69
68837,2.06
68838,1.98
68840,2.54
68841,2.99
68842,2.3
68843,2.46
68844,2.2
68845,2.51
68846,2.83
68847,2.3
68849,-666666666.0
68850,3.13
68852,2.34
68853,2.14
68854,2.66
68855,2.15
68856,2.69
68858,2.81
68859,2.17
68860,1.93
68861,2.26
68862,2.31
68863,2.43
68864,2.65
68865,2.21
68866,2.62
68869,2.31
68870,2.97
68871,2.56
68872,2.54
68873,2.66
68874,2.29
68875,2.55
68876,2.84
68878,2.82
68879,2.64
68881,5.55
68882,2.31
68883,2.79
68901,2.32
68920,2.41
68922,2.42
68923,2.7
68924,2.66
68925,2.44
68926,2.14
68927,2.43
68928,2.28
68929,2.22
68930,2.28
68932,2.41
68933,2.44
68934,2.21
68935,2.58
68936,2.1
68937,2.25
68938,2.11
68939,2.11
68940,3.18
68941,2.46
68942,3.19
68943,2.43
68944,2.41
68945,1.95
68946,1.53
68947,2.28
68948,2.06
68949,2.19
68950,2.05
68952,1.73
68954,1.67
68955,2.77
68956,2.47
68957,2.19
68958,2.7
68959,2.48
68960,2.08
68961,1.94
68964,3.92
68966,2.29
68967,2.33
68970,2.08
68971,2.3
68972,2.9
68973,2.52
68974,2.18
68975,2.11
68976,2.99
68977,2.85
68978,2.32
68979,2.27
68980,2.89
68981,2.1
68982,2.49
69001,2.33
69020,3.45
69021,2.24
69022,2.3
69023,3.35
69024,2.49
69025,2.27
69026,2.7
69027,1.56
69028,2.22
69029,2.18
69030,2.63
69032,2.36
69033,2.42
69034,3.18
69036,2.47
69037,2.55
69038,2.36
69039,2.36
69040,2.44
69041,1.18
69042,-666666666.0
69043,2.13
69044,2.17
69045,2.19
69046,1.47
69101,2.29
69120,2.52
69121,2.56
69122,2.19
69123,2.54
69125,1.93
69127,2.19
69128,2.53
69129,2.09
69130,2.29
69131,2.32
69132,2.74
69133,2.29
69134,2.68
69135,-666666666.0
69138,2.48
69140,2.38
69141,2.1
69142,2.72
69143,2.57
69144,2.0
69145,2.16
69146,1.48
69147,1.75
69148,1.77
69149,2.16
69150,3.21
69151,3.03
69152,2.17
69153,2.14
69154,2.13
69155,2.72
69156,2.28
69157,2.17
69161,1.35
69162,2.17
69163,2.74
69165,2.47
69166,2.09
69167,2.48
69168,2.57
69169,1.97
69170,2.43
69171,-666666666.0
69201,2.55
69210,2.18
69211,2.46
69212,2.26
69214,2.1
69216,2.61
69217,2.33
69218,2.32
69219,2.25
69220,2.32
69221,1.98
69301,2.32
69331,2.09
69333,2.63
69334,2.52
69335,2.64
69336,2.47
69337,2.09
69339,2.37
69340,1.88
69341,2.44
69343,2.38
69345,2.86
69346,2.38
69347,2.43
69348,2.3
69350,2.07
69351,2.09
69352,2.21
69353,1.82
69354,1.36
69355,2.17
69356,2.55
69357,2.36
69358,2.17
69360,2.47
69361,2.28
69365,1.75
69366,2.76
69367,1.77
70001,2.27
70002,2.2
70003,2.44
70005,2.07
70006,2.54
70030,2.86
70031,2.7
70032,2.34
70036,2.6
70037,2.89
70038,-666666666.0
70039,2.76
70040,1.96
70041,2.42
70043,2.78
70047,2.78
70049,2.46
70050,-666666666.0
70051,3.14
70052,2.88
70053,2.15
70056,2.94
70057,2.97
70058,2.76
70062,2.72
70065,2.43
70067,3.15
70068,2.76
70070,2.82
70071,2.69
70072,2.66
70075,2.96
70076,2.12
70079,2.38
70080,2.15
70082,3.45
70083,2.79
70084,2.45
70085,3.03
70086,2.39
70087,2.77
70090,2.62
70091,3.69
70092,2.93
70094,2.6
70112,1.62
70113,2.35
70114,2.33
70115,2.32
70116,1.82
70117,2.14
70118,2.43
70119,1.99
70121,1.93
70122,2.32
70123,2.13
70124,2.53
70125,2.54
70126,2.74
70127,2.66
70128,2.83
70129,3.35
70130,1.85
70131,2.41
70139,-666666666.0
70148,1.32
70163,-666666666.0
70301,2.49
70310,-666666666.0
70339,2.33
70340,2.0
70341,2.37
70342,2.71
70343,2.66
70344,2.66
70345,2.51
70346,2.5
70352,2.8
70353,2.33
70354,2.3
70355,2.84
70356,2.24
70357,2.64
70358,2.12
70359,2.89
70360,2.57
70363,2.62
70364,2.7
70372,2.18
70373,2.61
70374,2.56
70375,2.77
70377,2.83
70380,2.55
70390,2.75
70391,1.51
70392,2.85
70393,3.15
70394,2.52
70395,2.47
70397,3.3
70401,2.47
70402,-666666666.0
70403,2.69
70420,2.74
70422,2.63
70426,2.29
70427,2.58
70431,2.59
70433,2.39
70435,2.59
70436,2.71
70437,2.52
70438,2.61
70441,2.75
70442,3.6
70443,3.11
70444,2.65
70445,2.49
70446,3.15
70447,3.1
70448,2.66
70449,2.41
70450,2.33
70451,-666666666.0
70452,2.65
70453,2.55
70454,2.57
70455,2.45
70456,2.95
70457,-666666666.0
70458,2.55
70460,2.7
70461,2.75
70462,2.35
70463,2.04
70464,1.98
70465,3.43
70466,3.15
70471,2.52
70501,2.38
70503,2.3
70506,2.22
70507,2.62
70508,2.41
70510,2.49
70512,2.54
70513,1.73
70514,2.72
70515,3.11
70516,2.7
70517,2.74
70518,2.72
70519,2.22
70520,2.5
70522,4.94
70523,2.75
70524,2.08
70525,3.06
70526,2.43
70528,2.63
70529,2.34
70531,2.49
70532,2.45
70533,2.72
70534,3.05
70535,2.57
70537,2.03
70538,2.5
70541,1.94
70542,2.8
70543,2.71
70544,2.66
70546,2.55
70548,2.53
70549,2.76
70550,-666666666.0
70551,4.02
70552,2.71
70554,2.35
70555,2.69
70556,1.89
70558,-666666666.0
70559,3.37
70560,2.61
70563,2.51
70570,2.57
70575,3.75
70576,2.61
70577,2.51
70578,2.63
70580,1.63
70581,3.11
70582,2.46
70583,2.27
70584,3.07
70585,2.47
70586,2.61
70589,2.69
70591,3.1
70592,2.95
70601,2.5
70605,2.58
70607,2.72
70609,-666666666.0
70611,2.63
70615,2.85
70629,-666666666.0
70630,2.89
70631,2.45
70632,1.19
70633,3.2
70634,2.55
70637,2.85
70638,3.14
70639,2.99
70640,1.63
70643,1.93
70644,1.41
70645,2.81
70646,3.68
70647,2.96
70648,2.49
70650,1.57
70651,-666666666.0
70652,3.33
70653,2.55
70654,3.47
70655,2.75
70656,2.5
70657,2.78
70658,3.29
70659,2.74
70660,3.87
70661,2.85
70662,2.65
70663,2.81
70665,2.78
70668,3.04
70669,2.63
70706,2.97
70710,2.7
70711,2.89
70712,3.12
70714,2.8
70715,3.43
70719,2.78
70721,2.28
70722,2.23
70723,2.56
70725,2.1
70726,2.86
70729,3.42
70730,2.41
70732,2.74
70733,2.7
70734,3.31
70736,2.83
70737,2.52
70739,2.79
70740,2.55
70743,3.58
70744,3.13
70747,2.08
70748,2.56
70749,2.17
70750,2.51
70752,2.82
70753,2.85
70754,2.68
70755,2.39
70756,4.7
70757,1.86
70759,2.34
70760,2.29
70761,1.78
70762,3.32
70763,2.77
70764,2.47
70767,2.52
70769,2.89
70770,2.67
70772,2.73
70773,-666666666.0
70774,2.94
70775,3.1
70776,2.27
70777,2.84
70778,2.83
70780,2.81
70782,2.56
70783,2.43
70785,2.89
70786,-666666666.0
70787,2.04
70788,2.86
70789,2.6
70791,2.72
70801,1.19
70802,2.28
70803,-666666666.0
70805,2.64
70806,2.29
70807,2.8
70808,2.19
70809,2.23
70810,2.65
70811,2.91
70812,3.16
70813,-666666666.0
70814,2.56
70815,2.85
70816,2.44
70817,2.5
70818,2.75
70819,2.77
70820,2.57
70825,-666666666.0
70836,1.43
71001,2.15
71002,1.74
71003,2.1
71004,2.39
71006,2.77
71007,2.23
71008,2.21
71009,1.78
71016,2.49
71018,2.74
71019,2.62
71021,2.17
71023,2.37
71024,2.55
71027,2.17
71028,2.48
71029,2.24
71030,2.55
71031,2.31
71032,2.63
71033,2.08
71034,2.12
71037,2.84
71038,2.31
71039,3.4
71040,2.57
71043,2.35
71044,2.21
71045,2.58
71046,2.77
71047,2.88
71048,1.57
71049,2.61
71051,2.37
71052,2.52
71055,2.33
71060,2.42
71061,2.4
71063,2.21
71064,2.28
71065,2.24
71066,3.8
71067,3.39
71068,2.36
71069,1.92
71070,2.69
71071,2.31
71072,2.51
71073,2.77
71075,2.35
71078,2.78
71079,2.08
71082,2.26
71101,1.63
71103,2.5
71104,2.15
71105,2.13
71106,2.6
71107,2.7
71108,2.72
71109,2.52
71110,2.47
71111,2.5
71112,2.62
71115,2.08
71118,2.71
71119,2.28
71129,2.34
71201,2.31
71202,2.7
71203,2.62
71209,-666666666.0
71212,-666666666.0
71218,-666666666.0
71219,2.33
71220,2.69
71222,2.32
71223,2.0
71225,2.53
71226,2.64
71227,2.75
71229,2.08
71230,-666666666.0
71232,2.59
71233,3.7
71234,3.21
71235,2.35
71237,2.57
71238,2.37
71241,2.41
71242,5.58
71243,3.27
71245,2.26
71247,2.55
71250,1.77
71251,2.45
71253,1.89
71254,2.33
71256,2.64
71259,2.45
71260,2.49
71261,2.02
71263,2.42
71264,2.75
71266,3.01
71268,2.45
71269,2.67
71270,2.57
71272,-666666666.0
71275,1.89
71276,2.57
71277,2.47
71279,1.49
71280,2.65
71282,2.72
71286,2.03
71291,2.54
71292,2.65
71295,2.6
71301,2.52
71302,2.68
71303,2.49
71316,2.14
71320,-666666666.0
71322,2.28
71323,3.41
71325,2.7
71326,2.14
71327,2.67
71328,2.63
71330,2.06
71331,2.51
71333,2.02
71334,2.98
71336,2.3
71339,-666666666.0
71340,2.19
71341,2.93
71342,2.47
71343,2.69
71345,-666666666.0
71346,2.31
71350,2.5
71351,2.51
71353,2.56
71354,3.39
71355,2.36
71356,3.05
71357,2.38
71358,2.59
71359,-666666666.0
71360,2.56
71362,2.53
71366,2.35
71367,2.27
71368,2.65
71369,2.22
71371,3.79
71373,2.37
71375,3.11
71378,2.4
71401,2.18
71403,2.63
71404,2.4
71405,2.86
71406,4.61
71407,2.85
71409,2.56
71410,2.83
71411,2.13
71414,3.21
71415,2.06
71416,2.65
71417,2.79
71418,2.88
71419,2.67
71422,2.48
71423,2.93
71424,2.96
71425,2.4
71426,3.56
71427,3.98
71428,-666666666.0
71429,2.36
71430,2.83
71432,2.39
71433,2.65
71434,2.76
71435,2.34
71438,2.35
71439,3.2
71441,2.84
71446,2.54
71447,2.64
71449,2.54
71450,2.09
71452,1.84
71454,2.87
71455,3.36
71456,1.8
71457,2.68
71459,2.68
71461,2.27
71462,2.68
71463,2.57
71465,3.6
71466,1.93
71467,2.84
71468,1.73
71469,2.94
71472,2.82
71473,2.72
71474,2.75
71475,3.5
71479,3.1
71480,2.76
71483,2.44
71485,2.82
71486,2.86
71497,1.42
71601,2.47
71602,2.71
71603,2.39
71630,2.36
71631,2.51
71635,2.5
71638,2.29
71639,2.35
71640,2.28
71642,3.51
71643,2.14
71644,1.82
71646,2.81
71647,2.58
71651,1.27
71652,3.19
71653,2.48
71654,2.6
71655,2.35
71658,2.4
71659,-666666666.0
71660,2.46
71661,3.15
71662,3.4
71663,2.7
71665,2.72
71666,-666666666.0
71667,2.65
71670,1.96
71671,2.98
71674,2.48
71675,2.23
71676,2.63
71677,1.6
71678,-666666666.0
71701,2.69
71720,2.67
71721,-666666666.0
71722,1.43
71724,2.37
71725,1.76
71726,1.92
71728,2.45
71730,2.56
71740,3.1
71742,2.82
71743,2.59
71744,2.84
71745,2.43
71747,2.58
71748,2.47
71749,2.57
71751,2.46
71752,2.14
71753,2.69
71758,3.59
71759,2.24
71762,2.61
71763,2.96
71764,2.97
71765,2.36
71766,3.38
71770,2.53
71772,2.38
71801,2.73
71820,3.55
71822,2.42
71823,2.78
71825,3.06
71826,2.47
71827,2.44
71831,2.04
71832,2.92
71833,2.34
71834,2.71
71835,2.61
71836,2.8
71837,3.1
71838,2.22
71839,1.6
71841,2.76
71842,2.66
71845,2.67
71846,2.81
71847,2.88
71851,2.43
71852,2.51
71853,1.74
71854,2.56
71855,1.48
71857,2.78
71858,2.33
71859,1.8
71860,2.32
71861,2.39
71862,2.07
71864,2.58
71865,2.59
71866,2.44
71901,2.3
71909,1.99
71913,2.25
71921,2.92
71922,2.65
71923,2.3
71929,2.5
71933,2.3
71935,1.75
71937,2.73
71940,2.3
71941,2.7
71942,2.86
71943,2.37
71944,3.08
71945,2.08
71949,1.87
71950,2.72
71952,2.44
71953,2.4
71956,2.31
71957,2.22
71958,2.35
71959,3.17
71960,2.66
71961,2.69
71962,2.56
71964,2.4
71965,2.35
71968,2.72
71969,1.71
71970,2.42
71971,1.87
71972,3.23
71973,3.01
71998,-666666666.0
71999,-666666666.0
72001,2.04
72002,2.81
72003,2.79
72004,2.63
72005,2.52
72006,2.32
72007,2.93
72010,2.53
72011,2.79
72012,2.71
72013,2.32
72014,4.15
72015,2.43
72016,2.69
72017,2.06
72019,2.65
72020,2.78
72021,2.27
72022,2.43
72023,2.63
72024,2.6
72025,2.34
72026,3.11
72027,2.19
72028,-666666666.0
72029,2.72
72030,2.31
72031,2.72
72032,2.51
72034,2.35
72035,-666666666.0
72036,2.07
72038,1.74
72039,2.71
72040,2.27
72041,2.14
72042,2.38
72044,2.57
72045,2.32
72046,2.44
72047,2.59
72048,2.5
72051,3.16
72052,3.31
72053,-666666666.0
72055,2.56
72057,2.6
72058,2.84
72059,1.63
72060,2.46
72061,2.54
72063,2.66
72064,2.73
72065,2.92
72066,3.2
72067,2.2
72068,3.12
72069,2.31
72070,2.78
72072,2.08
72073,2.94
72074,3.23
72075,1.2
72076,2.44
72079,2.57
72080,2.5
72081,2.69
72082,2.68
72083,2.44
72084,3.09
72085,2.19
72086,2.57
72087,2.4
72088,1.56
72099,-666666666.0
72101,2.43
72102,2.14
72103,2.64
72104,2.64
72106,2.68
72107,3.08
72108,-666666666.0
72110,2.46
72111,2.67
72112,2.2
72113,2.3
72114,1.96
72116,2.15
72117,2.52
72118,2.41
72119,-666666666.0
72120,2.41
72121,2.63
72122,2.41
72123,2.37
72125,2.64
72126,2.49
72127,2.23
72128,2.78
72129,2.75
72130,3.16
72131,2.29
72132,2.7
72133,-666666666.0
72134,2.25
72135,2.32
72136,3.25
72137,2.85
72139,2.29
72140,3.15
72141,3.01
72142,2.36
72143,2.46
72150,2.58
72152,2.0
72153,2.71
72156,2.17
72157,2.58
72160,2.57
72165,2.52
72166,2.59
72167,2.7
72168,3.28
72169,2.55
72170,1.97
72173,2.79
72175,3.96
72176,2.9
72178,1.86
72179,2.76
72180,4.52
72181,-666666666.0
72182,-666666666.0
72183,-666666666.0
72199,-666666666.0
72201,1.56
72202,1.69
72204,2.32
72205,2.02
72206,2.63
72207,2.18
72209,2.65
72210,2.29
72211,2.17
72212,2.52
72223,2.39
72227,2.28
72301,2.47
72311,1.93
72313,-666666666.0
72315,2.56
72320,2.67
72322,2.78
72324,2.38
72325,3.67
72326,2.51
72327,2.53
72328,3.65
72329,-666666666.0
72330,3.7
72331,2.69
72332,3.29
72333,1.91
72335,2.49
72338,1.36
72339,2.22
72340,2.33
72341,2.04
72342,2.39
72346,2.3
72347,2.75
72348,2.2
72350,2.56
72351,2.52
72352,1.17
72353,1.58
72354,2.62
72355,2.64
72358,2.8
72359,1.93
72360,2.7
72364,2.68
72365,2.62
72366,2.56
72367,-666666666.0
72368,3.06
72369,-666666666.0
72370,2.73
72372,2.69
72373,2.34
72374,2.76
72376,2.44
72377,-666666666.0
72379,2.33
72383,3.6
72384,2.86
72386,2.72
72387,-666666666.0
72389,2.57
72390,2.82
72391,2.3
72392,3.46
72394,3.08
72395,2.37
72396,2.53
72401,2.4
72404,2.58
72405,2.73
72410,2.49
72411,2.88
72412,2.61
72413,2.49
72414,2.31
72415,3.01
72416,2.64
72417,2.63
72419,2.6
72421,3.5
72422,2.57
72424,2.19
72425,2.22
72426,2.1
72427,2.24
72428,2.34
72429,2.03
72430,2.53
72431,2.82
72432,2.64
72433,2.32
72434,2.55
72435,1.61
72436,2.49
72437,2.4
72438,2.55
72440,2.07
72441,1.85
72442,2.95
72443,2.37
72444,2.5
72445,2.41
72447,2.57
72449,2.49
72450,2.56
72453,1.69
72454,2.36
72455,2.61
72456,2.36
72457,2.45
72458,2.96
72459,2.35
72460,1.95
72461,2.29
72462,2.55
72464,3.67
72466,2.68
72467,1.93
72469,2.19
72470,2.33
72471,3.13
72472,2.32
72473,2.27
72476,2.43
72478,1.77
72479,2.48
72482,2.65
72501,2.6
72512,2.64
72513,2.3
72515,-666666666.0
72517,2.3
72519,2.24
72520,1.46
72521,2.76
72522,1.92
72523,2.1
72524,2.11
72526,1.97
72527,1.69
72528,1.23
72529,2.43
72530,2.37
72531,2.53
72532,2.36
72533,2.65
72534,2.56
72536,2.53
72537,1.78
72538,2.79
72539,1.7
72540,2.07
72542,2.39
72543,2.29
72544,1.77
72546,1.44
72550,2.29
72553,2.31
72554,2.72
72555,1.96
72556,2.76
72560,2.47
72561,3.08
72562,2.67
72564,3.3
72565,3.13
72566,2.33
72567,2.86
72568,2.89
72569,2.97
72571,1.9
72572,2.56
72573,3.5
72576,2.29
72577,2.7
72578,2.01
72579,2.4
72581,1.99
72583,3.28
72584,3.77
72585,1.91
72587,2.25
72601,2.4
72611,2.82
72615,5.14
72616,2.62
72617,4.92
72619,2.21
72623,2.93
72624,2.87
72626,2.05
72628,2.15
72629,2.17
72630,2.1
72631,2.08
72632,2.09
72633,2.62
72634,2.33
72635,2.49
72636,1.0
72638,2.81
72639,3.32
72640,2.58
72641,2.38
72642,1.87
72644,2.82
72645,2.45
72648,3.58
72650,2.47
72651,2.0
72653,2.15
72655,2.17
72658,2.53
72660,2.31
72661,2.07
72662,2.51
72663,3.17
72666,1.49
72668,3.09
72669,2.79
72670,3.13
72672,2.59
72675,2.67
72677,2.84
72679,2.13
72680,2.16
72682,2.01
72683,2.63
72685,2.57
72686,3.42
72687,2.41
72701,2.32
72703,2.16
72704,2.31
72712,2.6
72713,2.6
72714,2.55
72715,2.29
72717,2.51
72718,3.01
72719,2.74
72721,2.85
72722,2.61
72727,2.53
72729,1.09
72730,2.9
72732,2.61
72734,2.69
72736,3.3
72738,3.0
72739,2.22
72740,2.86
72742,1.74
72744,2.67
72745,2.96
72747,1.89
72749,6.61
72751,2.81
72752,1.26
72753,2.72
72756,2.67
72758,2.87
72760,2.66
72761,2.77
72762,2.87
72764,2.94
72768,2.93
72769,2.6
72773,2.59
72774,2.84
72776,2.24
72801,2.45
72802,2.57
72821,2.93
72823,2.54
72824,2.74
72826,3.5
72827,1.55
72828,1.43
72829,-666666666.0
72830,2.56
72832,2.29
72833,2.98
72834,2.57
72835,2.45
72837,2.51
72838,2.12
72839,2.72
72840,2.73
72841,2.46
72842,2.69
72843,2.71
72845,2.37
72846,2.47
72847,2.81
72851,2.34
72852,2.12
72853,2.46
72854,2.14
72855,2.36
72856,2.93
72857,2.06
72858,2.61
72860,2.76
72863,2.64
72865,2.4
72901,2.31
72903,2.24
72904,2.84
72905,-666666666.0
72908,2.31
72916,2.56
72921,2.8
72923,2.09
72926,2.73
72927,2.59
72928,1.96
72930,1.68
72932,2.45
72933,2.41
72934,2.42
72935,2.2
72936,2.46
72937,2.4
72938,2.68
72940,2.79
72941,2.71
72943,2.63
72944,2.53
72945,1.8
72946,2.78
72947,2.33
72948,2.01
72949,2.53
72950,2.27
72951,2.11
72952,2.35
72955,5.93
72956,2.58
72958,2.48
72959,2.35
73001,3.2
73002,3.02
73003,2.44
73004,2.58
73005,2.88
73006,2.51
73007,2.35
73008,2.57
73009,2.09
73010,2.9
73011,2.78
73012,2.87
73013,2.65
73014,3.01
73015,2.51
73016,3.36
73017,2.73
73018,2.48
73019,-666666666.0
73020,2.74
73021,1.83
73022,-666666666.0
73024,2.48
73025,3.07
73026,2.67
73027,2.47
73028,2.48
73029,2.94
73030,2.69
73031,2.21
73032,2.52
73033,4.08
73034,2.67
73036,2.64
73038,2.58
73040,2.19
73041,2.45
73042,2.8
73043,2.31
73044,2.62
73045,2.79
73047,2.81
73048,2.6
73049,2.75
73050,3.95
73051,2.59
73052,2.57
73053,2.83
73054,2.53
73055,2.53
73056,2.34
73057,2.42
73058,2.98
73059,2.36
73061,2.43
73062,2.12
73063,2.34
73064,2.75
73065,2.55
73066,3.36
73067,2.81
73068,2.61
73069,2.34
73070,-666666666.0
73071,2.37
73072,2.25
73073,1.86
73074,2.76
73075,2.55
73077,2.61
73078,2.7
73079,2.88
73080,2.73
73082,2.66
73084,2.3
73086,2.61
73089,2.86
73090,2.6
73092,2.67
73093,2.77
73095,2.66
73096,2.4
73097,1.94
73098,2.66
73099,2.74
73102,1.49
73103,1.7
73104,1.63
73105,1.96
73106,2.21
73107,2.3
73108,2.73
73109,2.69
73110,2.29
73111,2.31
73112,2.09
73114,2.26
73115,2.46
73116,2.16
73117,2.04
73118,2.01
73119,2.87
73120,1.94
73121,2.32
73122,2.42
73127,2.81
73128,2.47
73129,3.05
73130,2.49
73131,2.21
73132,2.4
73134,1.74
73135,2.58
73139,2.33
73141,2.7
73142,2.2
73145,3.35
73149,3.11
73150,2.84
73151,3.35
73159,2.56
73160,2.6
73162,2.45
73165,3.1
73169,3.76
73170,2.58
73173,3.07
73179,2.5
73401,2.52
73425,1.41
73430,2.55
73432,2.47
73433,2.6
73434,2.68
73435,2.12
73436,3.22
73437,2.04
73438,2.18
73439,2.54
73440,2.86
73441,2.53
73442,2.08
73443,2.92
73444,2.49
73446,2.84
73447,2.69
73448,2.78
73449,2.21
73450,2.48
73453,2.38
73455,2.41
73456,2.51
73458,2.96
73459,2.59
73460,2.59
73461,2.81
73463,2.56
73481,2.89
73487,2.82
73488,2.4
73491,2.35
73501,2.2
73503,3.81
73505,2.53
73507,2.49
73520,2.57
73521,2.43
73523,-666666666.0
73526,2.63
73527,2.63
73528,2.93
73529,2.69
73530,2.54
73531,2.69
73532,2.46
73533,2.48
73537,2.63
73538,2.94
73539,1.78
73540,2.44
73541,2.43
73542,2.59
73543,2.36
73544,2.42
73546,2.34
73547,1.74
73548,2.28
73549,2.58
73550,2.54
73551,3.13
73552,2.75
73553,2.5
73554,2.52
73555,2.74
73556,3.18
73557,1.77
73559,2.59
73560,2.47
73562,3.71
73564,2.64
73565,2.61
73566,2.49
73567,2.49
73568,2.3
73569,2.46
73570,2.68
73571,3.83
73572,2.69
73573,2.48
73601,2.45
73620,3.0
73622,2.66
73624,3.06
73625,2.42
73626,3.01
73627,2.49
73628,2.4
73632,2.66
73638,2.75
73639,2.73
73641,2.24
73642,2.03
73644,2.29
73645,2.21
73646,2.28
73647,2.66
73650,2.57
73651,2.61
73654,2.57
73655,2.62
73658,2.11
73659,4.36
73660,2.42
73661,3.89
73662,2.58
73663,2.94
73664,2.17
73666,2.08
73667,2.52
73668,1.55
73669,2.93
73673,1.77
73701,2.77
73703,2.42
73705,-666666666.0
73716,2.28
73717,2.36
73718,2.22
73719,2.67
73720,1.47
73722,4.11
73724,2.46
73726,2.41
73727,2.79
73728,2.4
73729,2.54
73730,2.21
73731,1.74
73733,3.04
73734,1.86
73735,2.44
73736,2.57
73737,2.3
73738,2.56
73739,2.19
73741,2.71
73742,2.84
73743,2.48
73744,1.82
73746,-666666666.0
73747,2.01
73749,2.28
73750,2.71
73753,2.19
73754,2.72
73755,2.4
73756,2.67
73757,2.74
73758,2.08
73759,2.43
73760,2.34
73761,2.04
73762,2.86
73763,2.35
73764,1.95
73766,2.99
73768,2.54
73770,1.7
73771,2.54
73772,2.13
73773,2.18
73801,2.37
73832,2.06
73834,2.69
73835,2.44
73838,2.55
73840,3.1
73841,2.68
73842,1.88
73843,2.72
73844,2.95
73848,2.63
73851,2.54
73852,2.67
73853,2.74
73855,2.23
73857,2.56
73858,2.89
73859,2.78
73860,2.21
73901,4.02
73931,2.18
73932,2.78
73933,3.03
73937,3.83
73938,3.12
73939,3.05
73942,3.06
73944,3.15
73945,2.5
73946,5.6
73947,2.45
73949,3.07
73950,3.44
73951,3.43
73960,-666666666.0
74001,2.62
74002,2.98
74003,2.63
74006,2.47
74008,2.79
74010,2.63
74011,2.67
74012,2.6
74014,2.85
74015,2.58
74016,2.59
74017,2.55
74019,2.66
74020,2.53
74021,2.91
74022,2.26
74023,2.4
74026,2.99
74027,2.73
74028,2.47
74029,2.46
74030,2.16
74032,2.29
74033,2.87
74034,1.87
74035,2.2
74036,2.84
74037,2.95
74038,2.61
74039,2.76
74041,2.99
74042,2.8
74044,2.61
74045,2.66
74046,3.09
74047,3.03
74048,2.41
74050,3.09
74051,2.78
74052,2.34
74053,2.93
74054,2.76
74055,2.68
74056,2.27
74058,2.54
74059,2.44
74060,2.73
74061,2.96
74062,2.55
74063,2.61
74066,2.56
74068,1.71
74070,2.74
74071,1.44
74072,2.51
74073,2.94
74074,2.29
74075,2.16
74077,-666666666.0
74078,-666666666.0
74079,2.58
74080,2.84
74081,3.04
74082,3.06
74083,2.32
74084,1.95
74085,2.47
74103,1.27
74104,2.08
74105,2.06
74106,2.34
74107,2.44
74108,2.66
74110,2.93
74112,2.31
74114,2.26
74115,2.8
74116,2.53
74117,2.08
74119,1.45
74120,1.86
74126,2.75
74127,2.46
74128,3.04
74129,2.63
74130,2.86
74131,2.25
74132,2.55
74133,2.29
74134,2.73
74135,2.08
74136,2.14
74137,2.44
74145,2.48
74146,2.87
74171,-666666666.0
74301,2.48
74330,2.36
74331,2.11
74332,2.72
74333,2.66
74337,2.67
74338,2.69
74339,2.66
74340,2.12
74342,2.73
74343,2.4
74344,2.22
74346,2.76
74347,2.28
74349,2.44
74350,2.45
74352,2.52
74354,2.46
74358,2.87
74359,3.52
74360,1.38
74361,2.62
74363,2.62
74364,2.72
74365,2.81
74366,2.4
74367,2.55
74368,3.45
74369,2.61
74370,2.55
74401,2.41
74403,2.48
74421,2.79
74422,2.45
74423,2.55
74425,2.4
74426,2.61
74427,2.24
74428,2.19
74429,2.8
74430,2.13
74431,2.67
74432,2.41
74434,2.52
74435,2.57
74436,2.59
74437,2.46
74438,2.94
74441,2.81
74442,2.68
74445,2.72
74446,2.63
74447,2.36
74450,2.44
74451,2.28
74452,2.28
74454,2.64
74455,2.5
74456,2.88
74457,1.78
74458,3.0
74459,1.83
74460,2.07
74462,2.42
74463,2.31
74464,2.5
74467,2.46
74468,2.52
74469,2.49
74470,2.12
74471,2.56
74472,2.53
74477,-666666666.0
74501,2.4
74521,3.0
74522,1.81
74523,2.49
74525,2.66
74528,2.51
74530,2.23
74531,3.06
74533,2.88
74534,2.08
74535,2.56
74536,2.42
74538,2.54
74540,2.1
74543,2.15
74546,2.53
74547,2.48
74549,3.35
74552,2.46
74553,2.5
74554,2.27
74555,2.65
74556,2.24
74557,2.83
74558,2.76
74560,2.4
74561,2.48
74562,2.7
74563,2.46
74565,2.96
74567,2.13
74569,2.92
74570,2.44
74571,2.2
74572,2.86
74574,2.33
74576,2.0
74577,1.81
74578,2.44
74601,2.61
74604,2.55
74630,2.2
74631,2.69
74632,2.08
74633,4.31
74636,3.1
74637,2.45
74640,2.31
74641,2.37
74643,3.09
74644,2.76
74646,2.84
74647,2.61
74650,2.95
74651,2.32
74652,2.06
74653,2.41
74701,2.57
74720,2.67
74721,-666666666.0
74722,3.04
74723,2.55
74724,2.98
74726,2.14
74727,2.29
74728,2.86
74729,2.62
74730,2.66
74731,2.57
74733,2.61
74734,2.41
74735,2.84
74736,2.73
74737,2.67
74738,2.58
74740,2.54
74741,2.51
74743,2.33
74745,2.64
74747,2.62
74748,2.92
74750,2.49
74753,2.5
74754,3.29
74755,2.63
74756,2.64
74759,2.47
74760,1.87
74761,2.58
74764,2.82
74766,2.7
74801,2.6
74804,2.53
74820,2.47
74824,3.09
74825,2.37
74826,2.43
74827,2.63
74829,2.51
74830,2.76
74831,2.78
74832,2.79
74833,3.14
74834,2.47
74836,2.13
74837,1.75
74839,3.41
74840,2.86
74842,2.13
74843,3.69
74844,2.8
74845,3.07
74848,3.09
74849,2.48
74850,3.18
74851,2.77
74852,2.71
74854,2.84
74855,2.73
74856,2.94
74857,2.53
74859,2.49
74860,2.74
74864,2.62
74865,2.88
74866,2.3
74867,2.42
74868,2.72
74869,1.85
74871,2.32
74872,2.56
74873,2.83
74875,3.03
74878,2.37
74880,2.61
74881,2.57
74883,2.89
74884,2.62
74901,2.58
74902,2.47
74930,2.35
74931,2.69
74932,2.78
74935,2.63
74936,2.93
74937,2.85
74939,2.28
74940,3.04
74941,2.94
74942,2.74
74943,2.84
74944,2.59
74945,2.64
74946,2.7
74947,3.38
74948,2.51
74949,1.54
74951,2.38
74953,2.78
74954,2.86
74955,2.64
74956,2.65
74957,2.34
74959,2.53
74960,2.87
74962,2.54
74963,2.6
74964,2.69
74965,2.84
74966,2.77
75001,1.78
75002,3.19
75006,2.58
75007,2.69
75009,3.29
75010,2.49
75013,2.81
75019,2.64
75020,2.53
75021,2.63
75022,2.98
75023,2.68
75024,2.43
75025,2.93
75028,2.74
75032,2.97
75033,3.14
75034,2.33
75035,3.11
75036,2.8
75038,2.37
75039,1.92
75040,3.13
75041,3.21
75042,3.3
75043,2.91
75044,2.86
75048,2.9
75050,2.7
75051,3.01
75052,3.05
75054,3.49
75056,2.51
75057,2.61
75058,3.26
75060,3.37
75061,2.99
75062,2.94
75063,2.55
75065,2.75
75067,2.47
75068,3.14
75069,2.53
75070,2.66
75071,2.96
75072,3.1
75074,2.85
75075,2.52
75076,2.51
75077,2.88
75078,3.39
75080,2.56
75081,2.6
75082,2.41
75087,2.79
75088,2.79
75089,3.08
75090,2.81
75092,2.28
75093,2.4
75094,3.66
75098,3.15
75101,3.09
75102,3.23
75103,2.58
75104,3.01
75105,3.23
75109,2.8
75110,2.84
75114,3.12
75115,2.71
75116,2.88
75117,3.03
75119,2.86
75124,3.08
75125,3.19
75126,3.19
75127,2.39
75132,-666666666.0
75134,2.94
75135,3.17
75137,2.97
75140,2.67
75141,3.35
75142,3.18
75143,2.64
75144,2.93
75146,2.78
75147,2.89
75148,2.38
75149,2.98
75150,2.77
75152,3.06
75153,3.44
75154,3.11
75155,3.27
75156,2.4
75157,2.35
75158,3.29
75159,3.21
75160,2.91
75161,2.71
75163,2.11
75164,2.46
75165,2.79
75166,3.05
75167,3.2
75169,2.59
75172,2.87
75173,3.49
75180,3.32
75181,3.52
75182,3.0
75189,2.96
75201,1.47
75202,1.51
75203,2.61
75204,1.62
75205,2.41
75206,1.77
75207,1.3
75208,2.45
75209,2.09
75210,3.07
75211,3.17
75212,3.19
75214,2.2
75215,2.48
75216,2.91
75217,3.65
75218,2.23
75219,1.5
75220,2.85
75223,2.94
75224,3.01
75225,2.44
75226,1.59
75227,3.08
75228,2.82
75229,2.87
75230,2.02
75231,2.19
75232,2.95
75233,3.26
75234,2.76
75235,2.03
75236,2.7
75237,2.43
75238,2.44
75240,2.48
75241,2.92
75243,2.28
75244,2.22
75246,1.73
75247,1.18
75248,2.22
75249,3.41
75251,1.68
75252,2.18
75253,3.63
75254,2.07
75261,-666666666.0
75270,-666666666.0
75287,1.95
75390,-666666666.0
75401,2.58
75402,2.71
75407,3.1
75409,2.98
75410,2.09
75411,2.44
75412,2.37
75413,2.63
75414,2.61
75415,2.38
75416,2.42
75417,2.49
75418,2.37
75420,2.38
75421,3.4
75422,2.49
75423,2.77
75424,2.89
75426,2.16
75428,2.47
75429,-666666666.0
75431,3.15
75432,2.62
75433,2.59
75434,-666666666.0
75435,2.24
75436,2.85
75437,2.67
75438,2.73
75439,2.7
75440,2.61
75441,1.14
75442,2.69
75446,2.54
75447,2.56
75448,3.11
75449,2.67
75450,1.89
75451,2.84
75452,3.1
75453,2.84
75454,3.18
75455,2.85
75457,3.11
75459,3.05
75460,2.33
75462,2.62
75468,3.01
75469,2.21
75470,1.75
75471,2.8
75472,2.63
75473,2.56
75474,2.64
75475,-666666666.0
75476,2.16
75477,2.83
75478,2.76
75479,2.76
75480,2.31
75481,2.5
75482,2.61
75486,2.49
75487,2.8
75488,2.78
75489,2.34
75490,2.77
75491,2.68
75492,2.65
75493,4.63
75494,2.63
75495,2.96
75496,2.83
75497,2.36
75501,2.44
75503,2.58
75550,2.56
75551,2.54
75554,2.5
75555,2.12
75556,3.07
75558,3.05
75559,2.36
75560,2.63
75561,2.61
75562,2.07
75563,2.26
75564,1.83
75565,6.06
75566,2.77
75567,2.42
75568,2.15
75569,2.92
75570,2.61
75571,2.51
75572,2.35
75573,2.59
75574,2.66
75601,2.5
75602,2.77
75603,2.45
75604,2.57
75605,2.22
75630,2.41
75631,3.16
75633,2.6
75638,2.48
75639,2.73
75640,2.85
75641,2.4
75642,1.97
75643,2.55
75644,2.82
75645,2.53
75647,2.62
75650,2.83
75651,2.66
75652,2.53
75654,2.7
75656,2.54
75657,2.26
75658,1.63
75659,-666666666.0
75661,2.74
75662,2.83
75667,2.9
75668,2.52
75669,4.59
75670,2.78
75671,-666666666.0
75672,2.69
75680,-666666666.0
75681,2.42
75682,2.52
75683,2.66
75684,3.31
75686,2.79
75687,-666666666.0
75689,3.79
75691,2.74
75692,2.6
75693,2.82
75694,-666666666.0
75701,2.67
75702,3.17
75703,2.52
75704,2.88
75705,3.64
75706,3.58
75707,2.67
75708,3.52
75709,2.31
75711,-666666666.0
75750,2.62
75751,2.67
75752,2.74
75754,2.86
75755,2.73
75756,2.75
75757,2.78
75758,2.5
75759,2.84
75760,2.06
75762,2.74
75763,2.62
75764,2.68
75765,2.37
75766,2.67
75770,2.49
75771,2.76
75773,2.59
75778,2.17
75779,2.0
75780,3.16
75782,3.03
75783,2.38
75784,3.2
75785,2.47
75788,-666666666.0
75789,2.73
75790,2.77
75791,2.9
75792,3.13
75801,2.59
75803,2.76
75831,2.47
75833,2.54
75835,2.49
75838,2.41
75839,3.03
75840,2.48
75844,2.63
75845,2.18
75846,2.37
75847,2.95
75848,3.33
75849,2.25
75850,3.07
75851,2.45
75852,2.34
75853,2.44
75855,2.25
75856,2.48
75858,2.0
75859,2.37
75860,3.3
75861,2.07
75862,2.29
75865,-666666666.0
75884,-666666666.0
75886,-666666666.0
75901,2.72
75903,1.6
75904,2.58
75925,2.42
75926,2.4
75928,2.29
75929,2.66
75930,2.66
75931,2.14
75932,2.45
75933,2.54
75934,3.16
75935,2.6
75936,2.92
75937,2.8
75938,2.39
75939,3.14
75941,2.95
75942,3.86
75943,2.64
75944,1.92
75946,2.41
75948,2.01
75949,2.5
75951,2.43
75954,2.41
75956,2.43
75959,2.9
75960,3.03
75961,2.36
75962,-666666666.0
75964,2.75
75965,2.14
75966,2.81
75968,2.51
75969,2.55
75972,2.4
75973,2.55
75974,2.9
75975,3.24
75976,3.18
75977,2.15
75979,2.64
75980,2.44
76001,3.28
76002,3.44
76005,3.07
76006,1.99
76008,3.06
76009,3.04
76010,3.01
76011,2.17
76012,2.55
76013,2.5
76014,3.05
76015,2.74
76016,2.83
76017,2.91
76018,3.36
76020,2.7
76021,2.34
76022,2.53
76023,2.9
76028,2.91
76031,3.0
76033,2.63
76034,2.79
76035,3.23
76036,3.07
76039,2.4
76040,2.62
76041,2.89
76043,2.71
76044,2.95
76048,2.36
76049,2.47
76050,2.78
76051,2.36
76052,3.08
76053,2.69
76054,2.51
76055,2.78
76058,2.97
76059,2.8
76060,3.0
76061,2.03
76063,3.09
76064,2.78
76065,3.02
76066,3.29
76067,2.82
76070,2.67
76071,3.2
76073,2.84
76077,3.33
76078,3.08
76082,3.07
76084,3.22
76085,3.05
76086,2.44
76087,2.72
76088,2.82
76092,3.3
76093,2.75
76102,1.51
76103,3.06
76104,2.48
76105,3.28
76106,3.47
76107,1.94
76108,2.7
76109,2.35
76110,2.95
76111,2.78
76112,2.57
76114,2.78
76115,3.48
76116,2.21
76117,2.79
76118,2.85
76119,3.35
76120,2.54
76123,3.19
76126,2.77
76127,2.68
76129,-666666666.0
76131,3.01
76132,2.13
76133,2.81
76134,2.91
76135,2.38
76137,2.69
76140,3.16
76148,2.97
76155,1.82
76164,3.11
76177,2.52
76179,3.02
76180,2.47
76182,2.7
76201,2.05
76203,-666666666.0
76205,2.55
76207,2.53
76208,3.25
76209,2.5
76210,2.75
76225,2.46
76226,2.94
76227,2.73
76228,2.53
76230,2.5
76233,2.59
76234,2.92
76238,3.3
76239,2.31
76240,2.51
76241,2.0
76244,3.11
76245,2.11
76247,2.94
76248,2.78
76249,3.06
76250,2.46
76251,2.59
76252,2.63
76253,3.22
76255,2.55
76258,2.65
76259,2.6
76261,2.0
76262,2.81
76263,2.22
76264,2.18
76265,2.57
76266,2.72
76267,4.57
76268,3.05
76270,2.37
76271,2.79
76272,2.77
76273,2.62
76301,2.36
76302,2.24
76305,2.42
76306,2.58
76308,2.27
76309,2.44
76310,2.52
76311,3.06
76351,2.39
76354,2.46
76357,2.32
76360,2.27
76363,2.31
76364,2.43
76365,2.35
76366,2.45
76367,2.52
76370,2.64
76371,2.67
76372,2.48
76373,2.72
76374,2.08
76377,2.09
76379,3.06
76380,2.3
76384,2.56
76388,2.36
76389,2.82
76401,2.42
76402,-666666666.0
76424,2.59
76426,2.73
76427,2.89
76429,1.79
76430,2.28
76431,2.82
76432,2.64
76433,2.65
76435,2.67
76436,2.35
76437,2.39
76439,-666666666.0
76442,2.54
76443,2.36
76444,2.56
76445,3.85
76446,2.66
76448,2.28
76449,2.15
76450,2.4
76452,2.22
76453,2.15
76454,2.61
76455,2.08
76457,2.77
76458,2.44
76459,1.93
76460,2.93
76462,3.16
76463,2.58
76464,1.94
76466,4.01
76469,2.09
76470,2.14
76471,2.2
76472,2.78
76474,3.06
76475,2.49
76476,3.17
76481,1.37
76483,1.99
76484,2.33
76486,2.56
76487,2.84
76490,1.86
76491,2.91
76501,2.6
76502,2.75
76504,2.32
76511,2.58
76513,2.75
76518,2.81
76519,2.73
76520,2.77
76522,2.6
76523,3.53
76524,2.79
76525,2.48
76527,2.76
76528,2.51
76530,2.39
76531,2.6
76534,2.71
76537,2.91
76538,2.33
76539,2.79
76541,2.26
76542,2.74
76543,2.54
76544,3.37
76548,2.78
76549,2.86
76550,2.64
76554,3.11
76556,2.73
76557,2.99
76559,2.78
76561,2.83
76565,3.9
76566,2.87
76567,2.2
76569,3.33
76570,2.54
76571,2.71
76573,4.5
76574,2.52
76577,2.53
76578,2.68
76579,2.99
76596,-666666666.0
76597,-666666666.0
76598,-666666666.0
76599,-666666666.0
76621,2.78
76622,3.04
76623,3.13
76624,2.82
76626,2.52
76627,2.49
76628,5.06
76629,2.25
76630,2.43
76631,3.53
76632,3.29
76633,3.18
76634,2.41
76635,2.98
76636,2.82
76637,2.24
76638,3.03
76639,2.63
76640,2.68
76641,2.9
76642,2.52
76643,2.68
76645,2.63
76648,2.71
76649,2.2
76650,3.2
76651,2.78
76652,2.19
76653,2.42
76654,2.06
76655,2.82
76656,2.82
76657,2.97
76660,3.41
76661,2.69
76664,2.81
76665,2.41
76666,2.35
76667,2.63
76670,3.09
76671,2.45
76673,3.08
76676,2.54
76678,2.15
76679,3.1
76680,2.59
76681,2.39
76682,2.89
76685,1.58
76686,2.1
76687,2.19
76689,2.86
76690,2.71
76691,2.62
76692,2.35
76693,2.86
76701,1.95
76704,2.23
76705,2.72
76706,2.73
76707,2.89
76708,2.79
76710,2.12
76711,2.44
76712,2.62
76798,-666666666.0
76801,2.42
76802,2.53
76820,1.69
76821,2.51
76823,2.57
76824,-666666666.0
76825,2.36
76827,2.18
76828,2.13
76831,-666666666.0
76832,2.68
76834,2.36
76836,3.0
76837,2.59
76841,20.67
76842,1.67
76844,2.34
76845,2.18
76848,2.2
76849,2.59
76852,2.31
76853,2.91
76854,3.37
76856,2.74
76857,2.08
76858,2.09
76859,1.77
76861,2.97
76862,2.2
76864,2.5
76865,2.35
76866,4.59
76869,5.94
76870,3.04
76871,2.91
76872,2.56
76873,2.97
76874,-666666666.0
76875,2.07
76877,2.54
76878,2.74
76880,-666666666.0
76882,2.49
76884,2.5
76885,3.42
76887,1.15
76888,1.74
76890,2.47
76901,2.54
76902,-666666666.0
76903,2.48
76904,2.36
76905,2.79
76908,-666666666.0
76909,-666666666.0
76930,2.42
76932,3.01
76933,2.29
76934,2.57
76935,2.55
76936,2.74
76937,1.7
76939,-666666666.0
76940,-666666666.0
76941,2.26
76943,2.23
76945,2.18
76950,3.14
76951,3.46
76953,1.73
76955,2.87
76957,4.5
76958,2.71
77002,1.31
77003,1.89
77004,1.99
77005,2.54
77006,1.67
77007,1.9
77008,2.09
77009,2.42
77010,1.58
77011,2.67
77012,2.97
77013,2.93
77014,3.13
77015,3.24
77016,3.0
77017,3.14
77018,2.44
77019,1.89
77020,2.83
77021,2.29
77022,2.9
77023,2.52
77024,2.33
77025,2.11
77026,2.54
77027,1.74
77028,2.95
77029,2.86
77030,2.05
77031,2.83
77032,3.12
77033,3.07
77034,3.03
77035,2.46
77036,2.75
77037,3.52
77038,3.62
77039,3.52
77040,2.7
77041,2.89
77042,2.12
77043,2.56
77044,3.27
77045,3.14
77046,1.23
77047,2.74
77048,2.78
77049,3.47
77050,3.48
77051,2.7
77053,3.26
77054,1.65
77055,2.69
77056,1.81
77057,2.06
77058,1.85
77059,2.86
77060,3.08
77061,2.74
77062,2.6
77063,1.94
77064,3.08
77065,2.45
77066,3.33
77067,3.22
77068,2.91
77069,2.44
77070,2.7
77071,2.67
77072,3.25
77073,3.01
77074,2.87
77075,3.33
77076,3.37
77077,2.15
77078,2.96
77079,2.56
77080,3.05
77081,2.71
77082,2.43
77083,3.3
77084,3.05
77085,3.02
77086,3.41
77087,3.17
77088,3.09
77089,3.05
77090,2.46
77091,2.73
77092,2.49
77093,3.5
77094,2.61
77095,2.79
77096,2.54
77098,1.79
77099,3.05
77204,-666666666.0
77301,2.95
77302,2.95
77303,3.01
77304,2.42
77306,3.27
77316,2.92
77318,2.64
77320,2.76
77326,1.77
77327,3.21
77328,2.89
77331,2.38
77334,3.65
77335,2.89
77336,2.93
77338,2.9
77339,2.52
77340,2.26
77341,-666666666.0
77342,-666666666.0
77345,2.87
77346,2.99
77350,2.68
77351,2.48
77354,2.98
77355,3.03
77356,2.37
77357,3.1
77358,2.3
77359,1.93
77360,2.58
77362,2.85
77363,2.29
77364,1.91
77365,2.97
77367,2.04
77368,-666666666.0
77369,2.42
77371,3.36
77372,3.14
77373,2.98
77374,2.44
77375,2.92
77376,2.03
77377,2.99
77378,3.1
77379,2.95
77380,2.08
77381,2.66
77382,3.09
77384,2.29
77385,3.04
77386,3.17
77388,2.94
77389,3.1
77396,2.91
77401,2.81
77406,3.01
77407,3.38
77412,-666666666.0
77414,2.52
77415,2.77
77417,3.89
77418,2.65
77419,2.14
77420,2.95
77422,2.54
77423,3.39
77426,2.45
77428,3.13
77429,2.96
77430,2.76
77431,1.36
77432,-666666666.0
77433,3.38
77434,3.3
77435,2.46
77436,-666666666.0
77437,2.84
77440,5.26
77441,3.15
77442,4.41
77443,3.0
77444,2.34
77445,2.72
77446,2.43
77447,2.99
77448,1.89
77449,3.21
77450,2.91
77451,2.91
77453,3.07
77454,2.06
77455,3.06
77456,3.62
77457,1.7
77458,-666666666.0
77459,3.06
77460,5.5
77461,3.04
77464,2.26
77465,2.6
77466,1.84
77467,-666666666.0
77468,-666666666.0
77469,2.83
77470,2.35
77471,2.73
77473,2.18
77474,2.49
77475,1.78
77476,2.82
77477,2.54
77478,2.58
77479,3.13
77480,2.77
77481,1.18
77482,2.55
77483,2.26
77484,2.84
77485,2.47
77486,2.66
77488,2.56
77489,2.95
77493,3.31
77494,3.2
77498,3.23
77502,3.3
77503,2.88
77504,2.73
77505,2.83
77506,3.54
77507,1.68
77510,2.64
77511,2.89
77514,2.65
77515,2.58
77517,2.88
77518,2.84
77519,2.62
77520,2.74
77521,2.8
77523,2.96
77530,3.45
77531,2.52
77532,2.89
77533,2.82
77534,3.46
77535,2.97
77536,2.92
77538,3.23
77539,2.64
77541,2.59
77545,3.07
77546,2.85
77547,3.63
77550,1.99
77551,2.24
77554,1.91
77555,-666666666.0
77560,2.88
77561,2.65
77562,2.85
77563,2.46
77564,2.57
77565,2.17
77566,2.64
77568,2.67
77571,2.76
77573,2.73
77575,2.83
77577,2.49
77578,2.92
77580,-666666666.0
77581,2.86
77582,2.21
77583,3.26
77584,3.01
77585,2.34
77586,2.52
77587,3.35
77590,2.51
77591,2.5
77597,2.09
77598,2.13
77611,2.78
77612,2.55
77613,1.97
77614,2.25
77615,2.4
77616,3.67
77617,1.73
77619,2.8
77622,3.16
77623,2.01
77624,2.48
77625,2.61
77627,2.5
77629,2.31
77630,2.7
77632,2.65
77640,2.52
77642,2.82
77650,1.79
77651,2.76
77655,1.63
77656,2.69
77657,2.64
77659,3.28
77660,3.09
77661,3.02
77662,2.64
77663,2.28
77664,2.5
77665,3.15
77701,2.79
77702,2.2
77703,2.63
77705,2.42
77706,2.21
77707,2.8
77708,2.49
77713,2.54
77801,2.49
77802,2.18
77803,3.17
77807,2.47
77808,2.67
77830,2.57
77831,2.66
77833,2.33
77835,2.53
77836,2.4
77837,2.41
77840,2.24
77843,-666666666.0
77845,2.62
77852,-666666666.0
77853,2.57
77855,2.56
77856,2.86
77857,2.36
77859,2.65
77861,2.69
77863,8.92
77864,2.78
77865,3.12
77866,-666666666.0
77867,2.74
77868,2.72
77871,2.14
77872,3.09
77873,2.45
77875,-666666666.0
77876,2.78
77878,1.9
77879,2.17
77880,1.94
77882,2.4
77901,2.63
77904,2.57
77905,2.67
77950,2.29
77951,2.32
77954,2.71
77957,2.79
77960,-666666666.0
77961,-666666666.0
77962,2.9
77963,2.66
77964,2.38
77968,2.76
77969,2.43
77970,3.41
77971,3.38
77973,2.56
77974,2.91
77975,2.22
77976,2.23
77977,2.25
77978,2.39
77979,2.51
77982,2.16
77983,2.33
77984,2.44
77986,2.0
77987,2.86
77988,2.15
77990,2.94
77991,5.37
77993,3.96
77994,3.36
77995,2.73
78001,-666666666.0
78002,3.37
78003,2.37
78004,2.3
78005,2.35
78006,2.66
78007,4.45
78008,3.15
78009,2.93
78010,2.65
78011,2.82
78012,3.09
78013,2.33
78014,3.4
78015,2.9
78016,2.93
78017,3.33
78019,3.69
78021,2.5
78022,2.86
78023,2.95
78024,2.17
78025,2.36
78026,2.41
78027,2.88
78028,2.27
78029,-666666666.0
78039,2.66
78040,3.18
78041,3.02
78043,3.52
78044,2.86
78045,3.32
78046,3.9
78050,4.01
78052,3.22
78055,2.15
78056,2.72
78057,3.07
78058,2.03
78059,3.03
78061,3.21
78062,-666666666.0
78063,2.62
78064,3.01
78065,3.3
78066,1.99
78067,3.39
78069,3.34
78070,2.62
78071,2.1
78072,3.21
78073,3.52
78074,2.16
78075,1.45
78076,2.98
78101,2.78
78102,2.73
78104,3.44
78107,1.72
78108,3.14
78109,2.94
78111,-666666666.0
78112,2.95
78113,2.56
78114,2.79
78116,2.04
78117,2.34
78118,2.45
78119,2.69
78121,2.99
78122,1.68
78123,2.42
78124,2.84
78125,1.75
78130,2.59
78132,2.73
78133,2.43
78140,3.03
78141,2.33
78142,1.67
78143,3.75
78144,-666666666.0
78145,2.89
78146,3.54
78147,3.0
78148,2.66
78150,-666666666.0
78151,2.18
78152,2.8
78154,2.76
78155,2.67
78159,2.21
78160,2.9
78161,3.31
78162,3.06
78163,2.79
78164,2.6
78201,2.64
78202,2.18
78203,2.41
78204,2.33
78205,1.35
78207,2.82
78208,2.19
78209,2.13
78210,2.76
78211,3.22
78212,2.12
78213,2.55
78214,2.84
78215,1.42
78216,2.16
78217,2.26
78218,2.6
78219,2.94
78220,2.76
78221,3.08
78222,2.96
78223,2.72
78224,3.09
78225,2.66
78226,3.16
78227,3.04
78228,2.84
78229,2.05
78230,2.21
78231,2.48
78232,2.38
78233,2.6
78234,3.69
78235,2.11
78236,4.12
78237,3.09
78238,2.46
78239,3.01
78240,2.31
78242,3.43
78243,-666666666.0
78244,3.0
78245,3.09
78247,2.66
78248,2.42
78249,2.53
78250,3.02
78251,2.85
78252,3.01
78253,3.1
78254,3.27
78255,2.86
78256,2.32
78257,1.84
78258,2.59
78259,2.56
78260,3.03
78261,2.87
78263,2.92
78264,3.17
78266,2.65
78330,2.75
78332,3.07
78336,2.53
78338,-666666666.0
78339,2.45
78340,1.92
78341,3.6
78342,3.3
78343,2.7
78344,2.79
78347,-666666666.0
78349,5.21
78351,3.79
78352,6.18
78353,1.96
78355,2.54
78357,3.18
78358,1.77
78359,3.24
78360,-666666666.0
78361,3.57
78362,2.77
78363,2.45
78368,2.48
78369,2.56
78370,3.15
78371,2.1
78372,2.92
78373,2.08
78374,2.84
78375,2.67
78376,2.74
78377,2.99
78379,2.37
78380,2.87
78382,2.04
78383,2.69
78384,3.1
78385,2.92
78387,2.98
78389,2.98
78390,3.23
78391,3.0
78393,3.22
78401,1.65
78402,1.86
78404,2.43
78405,2.69
78406,3.94
78407,3.11
78408,2.54
78409,2.82
78410,2.91
78411,2.62
78412,2.4
78413,2.51
78414,2.73
78415,2.93
78416,2.77
78417,3.04
78418,2.44
78419,3.22
78501,2.77
78503,3.33
78504,3.18
78516,3.38
78520,3.19
78521,3.26
78526,3.55
78535,2.8
78536,2.97
78537,3.69
78538,3.39
78539,2.61
78540,-666666666.0
78541,3.16
78542,3.68
78543,3.06
78545,2.2
78547,2.98
78548,2.96
78549,3.34
78550,2.75
78552,2.97
78557,3.8
78558,4.26
78559,3.21
78560,3.33
78561,4.31
78562,3.27
78563,1.82
78564,3.69
78565,1.12
78566,3.43
78567,3.57
78569,3.24
78570,3.78
78572,3.0
78573,3.69
78574,3.83
78575,2.84
78576,4.39
78577,3.4
78578,2.56
78579,4.17
78580,3.64
78582,3.57
78583,3.05
78584,3.48
78585,-666666666.0
78586,3.35
78588,2.82
78589,3.55
78590,5.31
78591,2.21
78592,3.54
78593,3.3
78594,2.67
78595,3.31
78596,3.15
78597,1.93
78598,1.61
78599,4.03
78602,2.68
78605,2.79
78606,2.61
78607,2.93
78608,2.4
78609,2.3
78610,2.77
78611,2.47
78612,3.6
78613,2.6
78614,1.89
78615,3.37
78616,3.41
78617,3.31
78618,2.23
78619,2.88
78620,2.83
78621,2.96
78622,2.6
78623,2.15
78624,2.39
78626,2.78
78628,2.66
78629,2.66
78631,2.76
78632,2.24
78633,2.01
78634,2.92
78635,2.15
78636,2.1
78638,2.57
78639,2.34
78640,2.97
78641,2.95
78642,3.0
78643,2.22
78644,2.79
78645,2.32
78648,2.36
78650,3.27
78652,2.8
78653,3.28
78654,2.63
78655,2.62
78656,2.96
78657,2.25
78658,1.95
78659,2.51
78660,2.84
78661,2.97
78662,2.35
78663,1.9
78664,2.68
78665,2.78
78666,2.36
78669,2.53
78670,2.56
78671,2.21
78672,1.97
78674,4.16
78675,2.13
78676,2.4
78677,-666666666.0
78681,2.88
78701,1.49
78702,2.02
78703,1.99
78704,1.77
78705,1.94
78712,-666666666.0
78717,2.65
78719,2.86
78721,2.43
78722,1.94
78723,2.38
78724,3.21
78725,2.6
78726,2.19
78727,2.24
78728,2.13
78729,2.14
78730,2.35
78731,1.95
78732,2.73
78733,2.94
78734,2.3
78735,2.14
78736,2.32
78737,3.22
78738,2.57
78739,2.94
78741,2.03
78742,3.28
78744,2.74
78745,2.1
78746,2.56
78747,2.67
78748,2.26
78749,2.24
78750,2.5
78751,1.81
78752,2.18
78753,2.53
78754,2.61
78756,1.92
78757,2.2
78758,2.14
78759,2.04
78801,2.87
78802,-666666666.0
78827,2.25
78828,1.89
78829,3.96
78830,2.6
78832,2.66
78833,3.3
78834,3.19
78836,2.83
78837,2.05
78838,1.64
78839,2.65
78840,2.76
78841,-666666666.0
78842,-666666666.0
78843,1.24
78850,3.66
78851,-666666666.0
78852,3.22
78860,-666666666.0
78861,2.48
78870,3.36
78871,2.67
78872,3.18
78873,2.37
78877,2.93
78879,3.1
78880,2.54
78881,2.5
78883,2.04
78884,2.69
78885,2.27
78886,3.07
78931,2.26
78932,2.51
78933,2.77
78934,2.62
78935,1.55
78938,2.15
78940,2.37
78941,2.74
78942,2.71
78943,1.71
78944,2.36
78945,2.48
78946,2.13
78947,2.68
78948,2.79
78949,3.06
78950,2.65
78951,-666666666.0
78953,1.93
78954,2.4
78956,2.72
78957,2.46
78959,2.33
78962,2.63
78963,2.56
79001,3.18
79002,2.2
79003,2.75
79005,2.76
79007,3.08
79008,-666666666.0
79009,3.02
79010,3.52
79011,2.52
79012,-666666666.0
79013,3.34
79014,2.44
79015,2.7
79016,-666666666.0
79018,2.35
79019,2.55
79021,2.88
79022,2.87
79024,2.34
79025,2.6
79027,3.08
79029,3.04
79031,2.68
79032,2.65
79033,1.24
79034,2.7
79035,2.93
79036,3.13
79039,2.42
79040,3.38
79041,2.51
79042,2.62
79043,3.11
79044,2.14
79045,3.08
79046,2.71
79051,-666666666.0
79052,2.45
79053,4.75
79054,3.06
79056,1.53
79057,2.58
79058,-666666666.0
79059,2.36
79061,2.95
79062,4.46
79063,2.87
79064,3.01
79065,2.42
79066,2.4
79068,2.53
79070,2.69
79072,2.8
79073,5.33
79078,2.5
79079,2.43
79080,2.57
79081,2.75
79082,2.4
79083,2.43
79084,2.53
79085,-666666666.0
79086,2.79
79087,2.73
79088,2.66
79091,4.12
79092,2.75
79093,2.65
79094,1.5
79095,2.75
79096,2.7
79097,2.52
79098,2.43
79101,1.64
79102,2.15
79103,2.94
79104,2.79
79106,2.33
79107,3.15
79108,2.48
79109,2.33
79110,2.66
79111,3.18
79118,2.6
79119,2.53
79121,2.22
79124,2.6
79201,2.8
79220,3.07
79223,4.48
79225,2.92
79226,2.33
79227,2.21
79229,1.86
79230,3.16
79231,2.5
79233,2.29
79234,2.86
79235,2.76
79236,2.58
79237,2.25
79239,1.79
79240,9.58
79241,2.72
79243,2.1
79244,2.67
79245,2.42
79247,1.28
79248,2.38
79250,2.4
79251,2.46
79252,2.58
79255,2.28
79256,2.55
79257,2.18
79258,2.0
79259,2.76
79261,2.94
79311,2.64
79312,3.65
79313,2.67
79314,4.0
79316,2.5
79322,2.58
79323,2.96
79324,-666666666.0
79325,3.23
79326,3.93
79329,2.57
79330,1.5
79331,2.5
79336,2.55
79339,2.65
79342,2.8
79343,2.75
79344,-666666666.0
79345,3.43
79346,2.39
79347,3.46
79350,2.16
79351,2.46
79353,2.56
79355,2.52
79356,2.59
79357,2.41
79358,3.08
79359,2.63
79360,3.25
79363,2.71
79364,2.79
79366,2.38
79367,2.78
79369,3.92
79370,2.28
79371,2.67
79372,2.69
79373,2.7
79376,5.89
79377,3.62
79378,3.34
79379,2.72
79380,2.68
79381,3.01
79382,2.86
79383,2.74
79401,1.98
79402,-666666666.0
79403,2.76
79404,2.47
79406,-666666666.0
79407,2.14
79410,2.32
79411,2.18
79412,2.6
79413,2.64
79414,2.1
79415,2.62
79416,2.45
79423,2.56
79424,2.45
79501,2.13
79502,2.91
79503,1.47
79504,2.81
79505,3.14
79506,1.76
79508,2.32
79510,2.67
79511,2.9
79512,3.11
79517,2.12
79518,2.8
79519,1.54
79520,2.35
79521,2.44
79525,2.43
79526,2.66
79527,2.47
79528,2.34
79529,2.45
79530,2.39
79532,2.55
79533,2.22
79534,2.22
79535,2.21
79536,3.16
79537,2.86
79538,2.79
79539,2.7
79540,2.11
79541,2.32
79543,2.45
79544,3.52
79545,2.73
79546,2.45
79547,2.16
79548,2.22
79549,2.62
79553,2.21
79556,2.53
79560,2.22
79561,2.31
79562,2.97
79563,2.47
79565,4.62
79566,2.43
79567,2.6
79601,2.33
79602,2.62
79603,2.7
79605,2.43
79606,2.35
79607,3.17
79699,-666666666.0
79701,2.68
79703,2.67
79705,2.31
79706,2.9
79707,2.52
79713,3.3
79714,2.76
79718,3.05
79719,2.67
79720,2.5
79721,-666666666.0
79730,3.35
79731,2.64
79733,3.42
79734,1.78
79735,2.46
79738,3.75
79739,2.69
79741,2.86
79742,2.22
79743,2.72
79744,3.11
79745,2.77
79748,5.41
79749,2.42
79752,2.44
79754,2.4
79755,3.13
79756,2.67
79758,2.76
79759,-666666666.0
79761,2.43
79762,2.59
79763,2.61
79764,2.84
79765,2.59
79766,3.2
79769,-666666666.0
79770,-666666666.0
79772,3.12
79776,-666666666.0
79777,2.55
79778,2.23
79780,4.28
79781,1.41
79782,2.64
79783,2.81
79785,2.31
79788,2.52
79789,2.93
79821,3.09
79830,1.83
79832,-666666666.0
79834,1.23
79835,3.09
79836,3.26
79837,1.88
79838,2.81
79839,3.06
79842,1.78
79843,1.97
79845,3.95
79846,-666666666.0
79847,1.95
79848,2.14
79849,3.43
79851,2.94
79852,2.09
79853,3.33
79854,1.8
79855,3.43
79901,2.04
79902,2.08
79903,2.55
79904,2.68
79905,2.75
79906,3.63
79907,2.97
79908,4.05
79911,2.78
79912,2.56
79915,2.79
79916,-666666666.0
79918,-666666666.0
79920,-666666666.0
79922,2.53
79924,2.85
79925,2.63
79927,3.19
79928,3.55
79930,2.53
79932,2.88
79934,2.8
79935,2.83
79936,2.99
79938,3.34
80002,2.18
80003,2.53
80004,2.36
80005,2.57
80007,2.83
80010,2.98
80011,2.87
80012,2.73
80013,2.87
80014,2.07
80015,2.97
80016,2.87
80017,2.86
80018,3.0
80019,3.21
80020,2.56
80021,2.18
80022,3.15
80023,2.69
80024,1.93
80025,-666666666.0
80026,2.39
80027,2.69
80030,2.54
80031,2.54
80033,2.13
80045,1.58
80101,2.0
80102,3.0
80103,3.34
80104,2.68
80105,2.55
80106,2.5
80107,2.86
80108,2.88
80109,2.97
80110,2.43
80111,2.49
80112,2.19
80113,2.12
80116,2.81
80117,2.61
80118,2.66
80120,2.17
80121,2.48
80122,2.47
80123,2.32
80124,2.29
80125,2.79
80126,2.79
80127,2.6
80128,2.58
80129,2.48
80130,2.77
80131,2.14
80132,2.9
80133,2.41
80134,2.78
80135,2.67
80136,3.19
80137,2.91
80138,3.0
80202,1.55
80203,1.39
80204,2.03
80205,1.95
80206,1.74
80207,2.48
80209,1.78
80210,2.1
80211,1.89
80212,2.04
80214,2.14
80215,2.2
80216,2.43
80218,1.54
80219,2.9
80220,2.16
80221,2.76
80222,2.06
80223,2.33
80224,2.2
80226,2.32
80227,2.26
80228,2.34
80229,2.88
80230,2.02
80231,2.16
80232,2.43
80233,2.77
80234,2.42
80235,2.08
80236,2.46
80237,1.95
80238,2.72
80239,3.24
80241,2.81
80246,1.74
80247,1.94
80249,3.17
80260,2.86
80264,-666666666.0
80266,-666666666.0
80290,1.33
80293,-666666666.0
80294,-666666666.0
80301,2.03
80302,2.26
80303,2.07
80304,2.27
80305,2.37
80310,-666666666.0
80401,2.36
80403,2.47
80419,-666666666.0
80420,1.94
80421,2.48
80422,2.01
80423,2.13
80424,2.68
80425,2.51
80426,1.84
80427,1.83
80428,2.6
80430,2.84
80432,1.4
80433,2.39
80434,1.84
80435,3.04
80436,2.06
80438,1.66
80439,2.43
80440,2.13
80442,2.67
80443,2.26
80444,1.79
80446,2.22
80447,2.06
80448,-666666666.0
80449,2.19
80451,2.96
80452,2.08
80453,2.46
80454,2.37
80455,1.93
80456,1.88
80457,1.86
80459,3.0
80461,2.64
80463,2.04
80465,2.59
80466,2.13
80467,2.38
80468,2.82
80469,2.24
80470,2.37
80471,-666666666.0
80473,1.33
80474,1.56
80475,-666666666.0
80476,1.94
80478,2.68
80479,-666666666.0
80480,2.23
80481,2.49
80482,1.89
80483,2.17
80487,2.38
80498,2.38
80501,2.4
80503,2.41
80504,2.75
80510,2.52
80512,2.12
80513,2.65
80514,2.94
80515,2.1
80516,2.87
80517,1.97
80520,2.58
80521,2.17
80524,2.38
80525,2.26
80526,2.32
80528,2.83
80530,2.83
80532,1.95
80534,2.76
80535,2.15
80536,2.43
80537,2.28
80538,2.38
80540,2.33
80542,3.25
80543,2.8
80544,-666666666.0
80545,1.79
80546,2.79
80547,2.98
80549,2.69
80550,2.65
80601,2.96
80602,3.1
80603,2.87
80610,2.52
80611,3.26
80612,2.24
80615,2.55
80620,3.34
80621,2.9
80622,3.01
80623,3.56
80624,2.85
80631,2.79
80634,2.6
80640,2.88
80642,3.13
80643,2.84
80644,2.74
80645,2.9
80646,-666666666.0
80648,2.78
80649,2.17
80650,2.85
80651,2.82
80652,2.51
80653,2.51
80654,3.05
80701,2.61
80705,2.79
80720,2.08
80721,3.85
80722,2.84
80723,2.54
80726,1.97
80727,2.23
80728,2.63
80729,2.25
80731,2.21
80732,2.0
80733,2.72
80734,2.59
80735,2.32
80736,2.4
80737,2.2
80740,2.48
80741,2.59
80742,1.87
80743,2.5
80744,2.38
80745,1.74
80746,2.1
80747,2.4
80749,2.23
80750,2.23
80751,2.46
80754,2.34
80755,2.65
80757,1.81
80758,2.46
80759,2.57
80801,1.82
80802,3.6
80804,1.93
80805,2.58
80807,2.29
80808,2.62
80809,2.21
80810,2.23
80812,2.57
80813,2.03
80814,1.81
80815,2.11
80816,2.22
80817,2.87
80818,2.32
80819,1.84
80820,1.86
80821,2.27
80822,2.13
80823,2.4
80824,2.23
80825,2.15
80826,-666666666.0
80827,1.85
80828,2.37
80829,2.12
80830,2.31
80831,3.19
80832,2.71
80833,2.14
80834,2.15
80835,2.31
80836,2.69
80840,3.45
80860,1.78
80861,2.45
80862,1.4
80863,2.48
80864,2.36
80902,3.41
80903,1.87
80904,1.95
80905,2.08
80906,2.44
80907,2.14
80908,2.88
80909,2.26
80910,2.44
80911,2.88
80913,-666666666.0
80914,-666666666.0
80915,2.62
80916,2.78
80917,2.38
80918,2.46
80919,2.44
80920,2.73
80921,2.51
80922,2.73
80923,2.64
80924,2.96
80925,3.2
80926,2.61
80927,3.03
80928,2.92
80929,2.54
80930,3.12
80938,2.95
80939,-666666666.0
80951,3.03
81001,2.38
81003,2.14
81004,2.31
81005,2.41
81006,2.52
81007,2.82
81008,2.27
81019,2.2
81020,1.8
81021,1.33
81022,2.72
81023,2.17
81024,1.82
81025,2.01
81027,1.78
81029,2.64
81030,1.72
81033,3.48
81036,2.24
81039,2.0
81040,1.7
81041,2.3
81043,2.38
81044,2.06
81045,2.71
81046,1.5
81047,2.42
81049,1.66
81050,2.21
81052,2.59
81054,2.32
81055,2.09
81057,2.54
81058,2.64
81059,2.0
81062,2.95
81063,3.29
81064,2.19
81067,2.9
81069,2.63
81071,2.83
81073,2.2
81076,4.06
81077,2.4
81081,1.34
81082,2.1
81084,1.76
81087,2.17
81089,2.45
81090,1.94
81091,2.38
81092,2.69
81101,2.36
81120,1.94
81121,2.83
81122,2.51
81123,2.2
81124,4.63
81125,2.25
81126,4.22
81128,1.23
81129,-666666666.0
81130,1.85
81131,1.68
81132,2.16
81133,2.41
81136,2.77
81137,2.54
81138,1.15
81140,2.65
81141,2.41
81143,2.1
81144,2.58
81146,2.95
81147,2.33
81148,2.28
81149,2.06
81151,2.48
81152,2.18
81154,2.42
81155,1.66
81201,1.98
81210,1.64
81211,2.0
81212,2.26
81220,1.82
81221,2.63
81222,2.56
81223,2.01
81224,2.06
81225,2.09
81226,2.34
81227,-666666666.0
81228,-666666666.0
81230,2.08
81232,1.88
81233,1.96
81235,1.89
81236,2.18
81237,2.55
81239,1.7
81240,2.7
81241,1.91
81242,1.84
81243,2.15
81244,2.49
81248,2.9
81251,1.56
81252,2.17
81253,2.26
81301,2.23
81303,2.69
81320,1.97
81321,2.55
81323,2.22
81324,2.0
81325,1.7
81326,2.47
81327,2.12
81328,2.22
81330,-666666666.0
81331,1.82
81332,1.87
81334,3.59
81335,1.69
81401,2.43
81403,2.4
81410,2.18
81411,-666666666.0
81413,2.48
81415,2.67
81416,2.57
81418,2.52
81419,2.32
81422,2.16
81423,2.15
81424,2.12
81425,2.89
81426,2.73
81427,2.19
81428,2.15
81429,3.42
81430,2.17
81431,3.02
81432,2.0
81433,2.04
81434,1.73
81435,2.05
81501,1.98
81503,2.62
81504,2.57
81505,2.3
81506,2.26
81507,2.43
81520,2.58
81521,2.71
81522,1.98
81523,1.59
81524,3.07
81525,3.01
81526,2.28
81527,2.27
81601,2.66
81610,4.55
81611,2.01
81612,2.49
81615,2.05
81620,2.75
81621,2.45
81623,2.57
81624,2.36
81625,2.48
81630,2.64
81631,3.0
81632,2.79
81633,-666666666.0
81635,2.66
81637,3.42
81638,2.17
81639,2.48
81640,2.4
81641,2.4
81642,-666666666.0
81643,1.96
81645,2.45
81646,2.48
81647,2.58
81648,2.51
81649,2.41
81650,2.92
81652,3.01
81653,-666666666.0
81654,2.41
81655,2.1
81656,2.06
81657,2.09
82001,2.26
82005,-666666666.0
82007,2.45
82009,2.46
82050,1.92
82051,2.88
82052,2.03
82053,2.23
82054,3.09
82055,1.84
82058,-666666666.0
82059,2.51
82060,3.58
82061,-666666666.0
82063,1.81
82070,2.13
82072,2.19
82073,3.0
82081,2.59
82082,2.55
82083,2.4
82084,2.29
82190,1.11
82201,2.17
82210,1.77
82212,2.71
82213,2.21
82214,2.31
82215,3.36
82217,1.65
82218,3.0
82219,1.76
82221,1.7
82222,2.67
82223,2.0
82224,-666666666.0
82225,1.94
82227,2.51
82229,4.12
82240,2.32
82242,2.34
82243,5.0
82244,2.24
82301,2.42
82310,1.89
82321,2.44
82322,2.25
82323,4.47
82324,2.57
82325,1.68
82327,2.46
82329,2.2
82331,2.31
82332,2.22
82334,2.86
82335,-666666666.0
82336,2.82
82401,2.22
82410,2.47
82411,3.25
82412,3.2
82414,2.25
82420,3.29
82421,2.24
82422,-666666666.0
82423,2.62
82426,2.71
82428,1.74
82430,1.88
82431,2.83
82432,1.87
82433,2.13
82434,1.8
82435,2.24
82440,-666666666.0
82441,1.65
82442,2.09
82443,2.16
82450,2.43
82501,2.63
82510,4.68
82512,1.89
82513,1.78
82514,3.68
82515,2.55
82516,2.36
82520,2.66
82523,2.84
82601,2.35
82604,2.51
82609,2.19
82620,2.05
82630,-666666666.0
82633,2.33
82635,2.37
82636,2.74
82637,2.6
82638,6.39
82639,2.2
82640,1.58
82642,1.5
82643,1.65
82644,2.14
82646,2.0
82648,2.53
82649,2.46
82701,2.67
82710,2.7
82711,-666666666.0
82712,2.4
82714,5.43
82716,2.55
82718,2.78
82720,2.52
82721,2.92
82723,1.68
82725,2.02
82727,2.08
82729,2.42
82730,2.03
82731,2.88
82732,2.44
82801,2.29
82831,2.96
82832,2.51
82833,1.82
82834,2.11
82835,2.88
82836,2.83
82837,2.38
82838,2.26
82839,2.5
82842,1.92
82844,-666666666.0
82845,2.07
82901,2.53
82922,1.96
82923,2.17
82925,2.15
82929,3.0
82930,2.6
82932,2.37
82933,3.56
82934,2.35
82935,2.64
82936,1.67
82937,2.76
82938,2.07
82939,2.48
82941,2.56
82942,1.74
82943,-666666666.0
82944,4.9
82945,2.91
83001,2.46
83011,2.36
83012,2.06
83013,1.73
83014,1.98
83025,1.81
83101,2.15
83110,2.9
83111,2.68
83112,3.13
83113,2.79
83114,2.78
83115,2.13
83116,2.2
83118,1.75
83119,2.46
83120,3.26
83121,-666666666.0
83122,4.15
83123,2.24
83124,2.14
83126,3.92
83127,2.36
83128,2.47
83201,2.61
83202,2.73
83203,-666666666.0
83204,2.3
83209,1.64
83210,3.09
83211,2.98
83212,2.83
83213,2.42
83214,2.98
83215,1.31
83217,3.03
83218,2.75
83220,1.74
83221,3.13
83223,2.54
83226,2.48
83227,2.21
83228,3.46
83232,3.15
83233,2.24
83234,2.88
83235,3.43
83236,2.36
83237,2.98
83238,2.0
83239,3.97
83241,3.08
83243,-666666666.0
83244,2.54
83245,3.0
83246,2.51
83250,2.94
83251,2.19
83252,2.47
83253,3.0
83254,2.54
83255,2.61
83261,3.57
83262,2.95
83263,3.0
83271,2.57
83272,2.9
83274,3.06
83276,2.6
83277,2.8
83278,1.5
83281,2.45
83283,4.79
83285,1.92
83286,3.12
83287,1.97
83301,2.6
83302,3.71
83311,2.97
83312,2.63
83313,2.93
83314,2.54
83316,2.57
83318,2.97
83320,4.24
83321,2.36
83322,2.56
83323,2.79
83324,3.25
83325,3.05
83327,3.76
83328,2.75
83330,2.81
83332,2.16
83333,2.68
83334,2.88
83335,3.07
83336,2.9
83337,-666666666.0
83338,3.01
83340,2.16
83341,3.19
83342,3.12
83344,3.29
83346,3.2
83347,2.83
83348,3.29
83349,2.7
83350,2.91
83352,2.63
83353,1.79
83354,-666666666.0
83355,3.43
83401,3.07
83402,2.6
83404,2.86
83406,3.04
83414,2.32
83420,2.79
83421,2.19
83422,2.87
83423,2.85
83424,6.21
83425,3.45
83427,3.46
83428,2.4
83429,1.96
83431,3.15
83433,1.81
83434,2.77
83435,2.33
83436,3.54
83438,4.84
83440,3.88
83442,3.35
83443,2.54
83444,2.8
83445,3.14
83446,1.32
83448,3.97
83449,2.28
83450,3.1
83451,3.17
83452,2.6
83454,3.45
83455,2.69
83460,-666666666.0
83462,1.53
83463,1.32
83464,2.65
83465,2.37
83466,1.31
83467,2.44
83468,2.08
83469,-666666666.0
83501,2.34
83520,4.36
83522,3.15
83523,2.25
83524,2.31
83525,2.11
83526,2.7
83530,2.42
83533,3.0
83535,2.08
83536,2.36
83537,2.4
83539,2.47
83540,3.21
83541,2.1
83542,2.13
83543,2.91
83544,2.33
83545,1.97
83546,2.07
83547,2.06
83548,3.02
83549,2.0
83552,2.05
83553,1.88
83554,1.79
83555,2.07
83602,-666666666.0
83604,2.3
83605,2.9
83607,3.05
83610,2.82
83611,2.9
83612,2.36
83615,3.43
83616,2.66
83617,2.58
83619,2.58
83622,2.23
83623,2.41
83624,2.69
83626,2.71
83627,2.22
83628,2.85
83629,2.36
83631,2.24
83632,3.58
83633,2.85
83634,3.06
83636,5.78
83637,2.06
83638,3.03
83639,2.82
83641,3.14
83642,2.64
83643,2.37
83644,3.0
83645,2.85
83646,2.93
83647,2.53
83648,2.86
83650,2.66
83651,2.72
83654,2.46
83655,2.77
83656,3.3
83657,3.46
83660,2.99
83661,2.71
83666,1.95
83669,2.89
83670,2.57
83672,2.45
83676,2.93
83677,4.88
83686,2.87
83687,2.84
83702,1.98
83703,2.3
83704,2.4
83705,2.24
83706,2.19
83709,2.72
83712,2.1
83713,2.57
83714,2.33
83716,2.57
83720,-666666666.0
83725,-666666666.0
83801,2.85
83802,1.6
83803,1.83
83804,2.0
83805,2.73
83806,2.49
83808,3.37
83809,1.99
83810,2.38
83811,2.22
83812,1.6
83813,2.73
83814,2.25
83815,2.45
83821,2.13
83822,2.02
83823,2.25
83824,3.22
83825,2.11
83826,1.4
83827,2.12
83830,2.22
83832,2.52
83833,1.99
83834,2.7
83835,2.52
83836,1.92
83837,2.45
83839,1.97
83840,2.36
83841,2.89
83842,2.25
83843,2.06
83844,-666666666.0
83845,2.17
83846,2.21
83847,2.56
83848,1.84
83849,2.42
83850,2.68
83851,2.94
83852,2.23
83854,2.74
83855,2.08
83856,2.52
83857,2.84
83858,2.83
83860,2.82
83861,2.37
83864,2.43
83866,2.15
83867,2.79
83868,2.25
83869,2.85
83870,2.82
83871,2.36
83872,2.4
83873,2.3
83874,1.75
83876,2.42
84001,3.47
84002,2.48
84003,3.55
84004,3.61
84005,4.23
84006,3.13
84007,2.58
84008,-666666666.0
84009,3.48
84010,3.05
84013,3.52
84014,2.94
84015,3.22
84017,3.31
84018,4.41
84020,3.05
84021,2.88
84022,2.23
84023,2.11
84024,3.59
84025,3.45
84026,3.26
84027,3.07
84028,2.88
84029,3.7
84031,1.79
84032,3.17
84033,3.24
84034,2.92
84035,1.8
84036,3.21
84037,3.52
84038,2.55
84039,2.63
84040,3.08
84041,3.03
84042,3.63
84043,3.62
84044,3.35
84045,4.16
84046,2.53
84047,2.32
84049,2.88
84050,3.51
84051,3.41
84052,3.2
84053,3.15
84054,2.95
84055,3.67
84056,3.17
84057,3.16
84058,3.03
84059,3.16
84060,2.81
84061,2.62
84062,3.39
84063,2.4
84064,4.9
84065,3.29
84066,3.1
84067,3.01
84069,2.6
84070,2.7
84071,3.6
84072,2.48
84073,2.12
84074,3.27
84075,3.74
84076,3.84
84078,3.11
84080,2.62
84081,3.52
84082,2.87
84083,3.02
84084,3.07
84085,3.82
84086,2.7
84087,3.37
84088,3.05
84092,3.04
84093,3.1
84094,2.92
84095,2.94
84096,3.49
84097,3.22
84098,3.03
84101,1.65
84102,1.82
84103,1.91
84104,2.98
84105,2.26
84106,2.26
84107,2.28
84108,2.55
84109,2.88
84111,1.72
84112,1.61
84113,-666666666.0
84114,-666666666.0
84115,2.27
84116,2.93
84117,2.35
84118,3.55
84119,3.16
84120,3.75
84121,2.59
84123,2.7
84124,2.71
84128,3.87
84129,3.2
84138,-666666666.0
84150,-666666666.0
84180,-666666666.0
84301,2.95
84302,3.01
84304,3.39
84305,2.45
84306,2.93
84307,3.2
84308,2.98
84309,4.38
84310,2.9
84311,3.71
84312,3.35
84313,1.45
84314,3.43
84315,3.48
84316,3.5
84317,2.33
84318,3.53
84319,3.43
84320,3.43
84321,2.96
84322,-666666666.0
84324,3.88
84325,3.21
84326,2.93
84327,3.9
84328,3.34
84329,2.59
84330,2.75
84331,2.94
84332,3.26
84333,3.25
84334,3.49
84335,3.57
84336,4.24
84337,3.1
84338,2.98
84339,3.59
84340,3.03
84341,2.88
84401,2.77
84403,2.7
84404,2.86
84405,2.86
84408,-666666666.0
84414,3.26
84501,2.57
84511,2.91
84512,3.91
84513,2.85
84515,-666666666.0
84516,1.69
84518,3.32
84520,2.54
84521,2.82
84522,3.13
84523,2.89
84525,2.52
84526,2.27
84528,2.87
84529,1.51
84530,1.88
84531,3.72
84532,2.23
84533,-666666666.0
84534,3.66
84535,3.0
84536,3.69
84537,2.76
84539,2.55
84540,-666666666.0
84542,2.52
84601,2.9
84602,2.0
84604,3.16
84606,3.07
84620,2.92
84621,2.29
84622,3.01
84623,8.17
84624,2.86
84626,5.27
84627,3.2
84628,2.91
84629,2.85
84630,4.09
84631,3.36
84632,3.15
84633,3.04
84634,3.24
84635,3.14
84636,3.1
84637,4.14
84638,3.07
84639,3.0
84640,3.17
84642,3.11
84643,2.86
84644,2.42
84645,4.23
84646,2.94
84647,2.98
84648,3.08
84649,2.99
84651,3.52
84652,3.05
84653,3.74
84654,2.54
84655,3.84
84656,3.1
84657,3.52
84660,3.62
84662,2.81
84663,3.42
84664,3.64
84665,2.59
84667,3.25
84701,2.97
84710,5.61
84711,2.8
84712,2.12
84713,2.64
84714,2.81
84715,2.31
84716,2.75
84718,2.41
84719,1.67
84720,2.88
84721,3.34
84722,2.61
84723,3.45
84724,2.58
84725,3.05
84726,1.75
84728,2.46
84729,3.18
84730,2.69
84731,-666666666.0
84732,2.48
84733,2.54
84734,2.21
84735,3.18
84736,2.83
84737,2.62
84738,2.43
84739,3.73
84740,2.85
84741,2.21
84742,2.5
84743,3.89
84744,2.81
84745,3.05
84746,2.75
84747,2.6
84749,2.64
84750,2.65
84751,3.6
84752,3.49
84753,-666666666.0
84754,2.86
84755,1.92
84756,3.43
84757,2.22
84758,2.98
84759,2.87
84760,2.72
84761,2.73
84762,1.26
84763,1.71
84764,1.6
84765,3.22
84766,3.27
84767,2.44
84770,2.75
84772,2.85
84773,2.43
84774,3.49
84775,1.99
84776,2.48
84779,2.77
84780,2.99
84781,2.44
84782,2.41
84783,2.1
84784,6.22
84790,2.91
85003,1.72
85004,1.85
85006,2.57
85007,2.45
85008,2.63
85009,3.36
85012,1.76
85013,1.95
85014,1.95
85015,2.57
85016,1.97
85017,3.32
85018,2.2
85019,3.55
85020,2.05
85021,2.36
85022,2.19
85023,2.45
85024,2.43
85026,-666666666.0
85027,2.38
85028,2.34
85029,2.6
85031,3.75
85032,2.37
85033,3.64
85034,2.11
85035,3.47
85037,3.39
85040,3.11
85041,3.41
85042,3.01
85043,3.63
85044,2.27
85045,2.61
85048,2.57
85050,2.6
85051,2.73
85053,2.56
85054,1.94
85083,3.03
85085,2.56
85086,2.72
85087,2.66
85118,1.96
85119,2.28
85120,2.09
85121,3.37
85122,2.78
85123,2.35
85128,3.17
85131,2.69
85132,2.66
85135,2.6
85137,2.66
85138,3.2
85139,3.03
85140,3.11
85141,2.09
85142,3.3
85143,2.96
85145,2.85
85147,3.33
85172,2.82
85173,1.99
85191,1.57
85192,2.23
85193,3.66
85194,2.43
85201,2.43
85202,2.35
85203,2.89
85204,2.85
85205,2.26
85206,2.2
85207,2.54
85208,2.49
85209,2.35
85210,2.65
85212,3.16
85213,2.81
85215,2.18
85224,2.4
85225,2.62
85226,2.54
85233,2.6
85234,2.92
85236,-666666666.0
85248,2.09
85249,2.85
85250,1.86
85251,1.82
85253,2.3
85254,2.37
85255,2.29
85256,3.6
85257,2.03
85258,2.03
85259,2.35
85260,2.06
85262,2.13
85263,1.87
85264,3.89
85266,2.23
85268,2.12
85281,2.17
85282,2.23
85283,2.38
85284,2.67
85286,2.82
85295,2.95
85296,3.02
85297,3.26
85298,3.09
85301,2.98
85302,2.71
85303,3.45
85304,2.89
85305,3.08
85306,2.62
85307,2.85
85308,2.5
85309,-666666666.0
85310,2.76
85320,2.69
85321,2.07
85322,2.21
85323,3.27
85324,2.04
85325,1.85
85326,3.33
85328,1.26
85329,3.23
85331,2.51
85332,2.02
85333,2.38
85334,1.63
85335,3.2
85336,3.3
85337,2.78
85338,2.97
85339,3.49
85340,3.04
85341,2.67
85342,2.1
85343,3.57
85344,2.02
85345,2.69
85346,1.75
85347,3.46
85348,1.61
85349,3.69
85350,3.34
85351,1.6
85352,2.62
85353,3.77
85354,3.07
85355,3.21
85356,2.05
85357,1.48
85360,1.4
85361,2.98
85362,1.58
85363,2.67
85364,2.59
85365,2.51
85367,1.98
85371,2.29
85373,2.17
85374,2.22
85375,1.66
85377,1.87
85378,2.38
85379,3.2
85381,2.5
85382,2.36
85383,2.97
85387,2.35
85388,3.32
85390,2.03
85392,2.85
85395,2.52
85396,2.96
85501,2.28
85530,3.27
85531,1.98
85532,2.61
85533,2.45
85534,2.76
85535,-666666666.0
85536,2.33
85539,2.19
85540,3.36
85541,2.07
85542,4.73
85543,3.03
85544,1.87
85545,1.77
85546,2.81
85550,4.02
85551,3.3
85552,2.88
85553,1.76
85554,1.61
85601,1.52
85602,2.28
85603,1.89
85605,3.09
85606,2.42
85607,3.03
85608,-666666666.0
85609,2.15
85610,2.43
85611,2.37
85613,3.35
85614,1.77
85615,2.4
85616,2.21
85617,1.96
85618,2.42
85619,1.44
85620,3.36
85621,2.86
85622,1.72
85623,2.08
85624,1.96
85625,2.0
85626,3.66
85627,2.49
85629,3.22
85630,2.45
85631,2.17
85632,2.06
85633,1.36
85634,3.79
85635,2.27
85637,2.4
85638,2.11
85639,3.9
85640,1.88
85641,2.93
85643,2.69
85645,2.22
85646,1.8
85648,3.14
85650,2.34
85653,2.8
85654,-666666666.0
85658,2.36
85701,1.67
85704,2.12
85705,2.19
85706,3.12
85707,-666666666.0
85708,2.95
85709,-666666666.0
85710,2.09
85711,2.32
85712,1.83
85713,2.61
85714,2.74
85715,2.15
85716,1.96
85718,2.07
85719,2.08
85721,-666666666.0
85723,-666666666.0
85724,-666666666.0
85726,-666666666.0
85730,2.49
85734,-666666666.0
85735,2.71
85736,2.46
85737,2.32
85739,2.07
85741,2.34
85742,2.49
85743,2.56
85745,2.27
85746,2.99
85747,2.88
85748,2.44
85749,2.32
85750,2.03
85755,2.22
85756,3.06
85757,3.11
85901,2.44
85902,-666666666.0
85911,3.82
85912,1.9
85920,1.8
85922,1.27
85923,1.84
85924,1.95
85925,2.85
85926,3.24
85927,2.88
85928,2.08
85929,2.33
85930,5.35
85931,2.41
85932,3.44
85933,2.1
85934,2.26
85935,2.16
85936,3.77
85937,3.33
85938,2.42
85939,2.75
85940,2.77
85941,3.69
85942,-666666666.0
86001,2.28
86003,2.36
86004,2.6
86005,2.44
86011,2.08
86015,2.18
86016,2.17
86017,1.71
86018,2.41
86020,3.31
86021,5.47
86022,2.68
86023,2.31
86024,2.0
86025,2.8
86028,2.64
86029,2.38
86030,2.92
86031,2.79
86032,3.58
86033,3.06
86034,2.61
86035,3.45
86036,3.47
86038,3.58
86039,2.7
86040,2.73
86042,3.07
86043,4.37
86044,2.92
86045,3.56
86046,2.35
86047,2.99
86052,-666666666.0
86053,3.28
86054,2.78
86301,2.07
86303,1.97
86305,2.08
86313,-666666666.0
86314,2.46
86315,2.39
86320,2.35
86321,3.18
86322,2.63
86323,2.36
86324,1.89
86325,2.15
86326,2.15
86327,2.06
86329,3.31
86331,1.59
86332,1.9
86333,2.27
86334,2.63
86335,1.83
86336,1.9
86337,2.16
86338,2.09
86343,2.13
86351,1.75
86401,2.3
86403,2.18
86404,2.12
86406,2.07
86409,2.17
86411,2.64
86413,2.0
86426,2.33
86429,2.08
86431,1.54
86432,2.13
86433,1.25
86434,3.63
86435,-666666666.0
86436,1.32
86437,3.83
86438,1.85
86440,2.43
86441,1.83
86442,2.23
86443,-666666666.0
86444,1.86
86445,2.17
86502,3.02
86503,3.11
86504,3.66
86505,3.77
86506,3.36
86507,3.6
86508,2.95
86510,2.56
86511,3.68
86512,3.58
86514,3.79
86515,2.71
86520,2.95
86535,3.72
86538,2.87
86540,3.61
86544,3.82
86545,3.38
86547,4.3
86556,4.13
87001,3.31
87002,2.68
87004,2.43
87005,-666666666.0
87006,5.23
87007,4.12
87008,2.08
87010,1.61
87011,2.5
87012,1.89
87013,3.52
87014,1.63
87015,2.45
87016,2.42
87017,3.77
87018,4.63
87020,2.75
87021,2.8
87022,2.29
87023,2.26
87024,4.12
87025,2.02
87026,3.86
87027,2.27
87028,3.04
87029,2.09
87031,3.01
87032,-666666666.0
87034,4.28
87035,3.15
87036,2.67
87037,3.74
87038,5.28
87040,4.45
87041,2.43
87042,2.46
87043,2.02
87044,1.54
87045,3.83
87046,2.55
87047,2.41
87048,2.39
87049,4.23
87051,5.94
87052,4.82
87053,3.52
87056,2.17
87059,2.44
87060,-666666666.0
87061,2.21
87062,2.63
87063,3.09
87064,1.63
87068,2.69
87070,-666666666.0
87072,3.65
87083,1.68
87101,-666666666.0
87102,1.86
87104,2.25
87105,2.89
87106,1.99
87107,2.18
87108,2.05
87109,2.07
87110,2.21
87111,2.12
87112,2.23
87113,2.48
87114,2.53
87116,2.71
87117,-666666666.0
87120,2.48
87121,2.98
87122,2.76
87123,2.28
87124,2.63
87144,2.83
87151,-666666666.0
87301,3.01
87305,3.39
87310,3.62
87311,3.87
87312,2.96
87313,3.11
87315,1.84
87316,3.27
87317,4.16
87319,3.89
87320,3.0
87321,2.69
87322,4.04
87323,2.98
87325,3.55
87326,3.72
87327,4.45
87328,3.5
87347,2.26
87357,3.12
87364,3.11
87365,1.6
87375,3.8
87401,2.91
87402,2.87
87410,2.53
87412,3.43
87413,2.95
87415,2.65
87416,3.26
87417,3.37
87418,2.35
87419,2.92
87420,3.4
87421,3.27
87455,3.06
87461,3.14
87499,3.21
87501,1.78
87505,1.97
87506,2.26
87507,2.55
87508,2.32
87510,2.02
87511,3.34
87512,1.82
87513,1.61
87514,2.57
87515,1.74
87516,1.74
87517,2.05
87518,-666666666.0
87519,3.0
87520,2.23
87521,2.33
87522,2.4
87523,1.13
87524,4.18
87525,4.36
87527,2.41
87528,3.1
87529,2.36
87530,2.27
87531,2.33
87532,2.76
87535,1.73
87537,2.82
87538,3.0
87539,6.11
87540,1.66
87543,2.98
87544,2.22
87547,2.75
87548,2.57
87549,2.23
87551,2.59
87552,2.37
87553,3.0
87554,-666666666.0
87556,2.7
87557,2.72
87558,2.39
87560,2.62
87562,4.66
87564,1.71
87565,1.82
87566,3.7
87567,2.41
87569,2.3
87571,2.33
87573,-666666666.0
87575,3.41
87577,2.38
87578,2.38
87579,3.21
87580,-666666666.0
87581,1.67
87582,2.46
87583,2.57
87701,2.13
87710,2.49
87711,3.26
87712,1.78
87713,1.59
87714,1.87
87715,3.07
87718,1.89
87722,1.71
87723,1.63
87724,-666666666.0
87728,3.03
87729,1.91
87730,2.0
87731,2.71
87732,2.15
87733,2.59
87734,2.48
87735,-666666666.0
87736,3.0
87740,2.07
87742,1.85
87743,2.88
87745,2.14
87746,2.23
87747,2.02
87749,2.17
87750,-666666666.0
87752,1.93
87753,2.03
87801,2.94
87820,1.76
87821,2.0
87823,2.79
87824,1.34
87825,3.56
87827,1.78
87828,5.05
87829,2.0
87830,3.31
87831,2.34
87832,1.67
87901,2.23
87930,1.97
87931,2.11
87933,-666666666.0
87935,1.68
87936,1.9
87937,3.43
87939,2.14
87940,3.11
87941,3.21
87942,2.8
87943,1.85
88001,2.43
88002,3.09
88003,-666666666.0
88004,-666666666.0
88005,2.4
88007,2.75
88008,2.8
88009,-666666666.0
88011,2.23
88012,2.89
88020,2.66
88021,2.95
88022,2.05
88023,2.45
88024,3.21
88025,2.63
88026,2.9
88027,3.06
88028,1.88
88029,2.72
88030,2.8
88034,1.49
88038,3.26
88039,2.31
88040,2.19
88041,2.69
88042,1.56
88043,2.34
88044,2.78
88045,2.67
88046,1.89
88047,2.44
88048,2.49
88049,1.78
88051,1.12
88052,1.58
88053,1.81
88055,2.27
88056,1.63
88061,2.4
88063,2.86
88065,2.58
88072,3.99
88081,3.39
88101,2.57
88103,-666666666.0
88112,2.22
88113,5.44
88114,1.97
88115,-666666666.0
88116,2.62
88118,2.21
88119,2.3
88120,1.85
88121,2.42
88124,2.25
88125,3.89
88126,1.67
88130,2.57
88132,2.85
88134,2.49
88135,2.48
88136,1.7
88201,2.59
88203,2.67
88210,2.71
88220,2.63
88230,2.81
88231,2.77
88232,3.09
88240,2.87
88242,2.87
88244,-666666666.0
88250,2.77
88252,2.75
88253,3.14
88254,2.07
88255,1.95
88256,3.0
88260,3.14
88262,2.0
88263,3.27
88264,-666666666.0
88265,2.11
88267,2.41
88268,-666666666.0
88301,1.76
88310,2.4
88311,2.34
88312,2.25
88314,3.58
88316,2.15
88317,2.58
88318,1.73
88321,3.3
88323,-666666666.0
88324,2.55
88325,3.63
88330,2.79
88336,2.17
88337,2.3
88338,1.67
88339,2.8
88340,3.96
88341,2.2
88342,-666666666.0
88343,-666666666.0
88344,1.48
88345,2.27
88346,2.59
88347,-666666666.0
88348,2.2
88349,-666666666.0
88350,4.46
88351,1.52
88352,3.34
88353,3.43
88354,2.0
88355,2.43
88401,2.3
88410,2.45
88411,4.13
88414,2.59
88415,2.36
88416,1.31
88417,3.45
88418,3.5
88419,3.37
88421,-666666666.0
88422,2.36
88424,2.81
88426,2.08
88427,2.5
88430,2.37
88431,4.24
88434,2.39
88435,2.97
88436,1.79
88439,-666666666.0
89001,2.54
89002,2.89
89003,1.58
89004,2.23
89005,2.37
89007,4.67
89008,2.17
89010,2.32
89011,2.59
89012,2.4
89013,1.87
89014,2.48
89015,2.71
89017,1.64
89018,2.83
89019,2.01
89020,2.41
89021,3.41
89022,-666666666.0
89025,2.67
89026,-666666666.0
89027,2.36
89029,1.92
89030,3.33
89031,3.16
89032,3.16
89034,1.83
89039,1.82
89040,2.78
89042,3.0
89043,2.09
89044,2.43
89045,2.41
89046,1.39
89047,2.92
89048,2.45
89049,1.75
89052,2.47
89054,3.46
89060,2.31
89061,2.26
89070,-666666666.0
89074,2.5
89081,3.13
89084,3.04
89085,2.96
89086,2.58
89101,2.5
89102,2.43
89103,2.3
89104,2.66
89106,2.6
89107,2.88
89108,2.81
89109,1.97
89110,3.11
89113,2.55
89115,3.37
89117,2.42
89118,2.51
89119,2.24
89120,2.66
89121,2.8
89122,2.69
89123,2.54
89124,2.34
89128,2.49
89129,2.6
89130,2.73
89131,2.9
89134,2.01
89135,2.32
89138,2.8
89139,3.15
89141,2.93
89142,3.25
89143,3.21
89144,2.43
89145,2.68
89146,2.62
89147,2.64
89148,2.73
89149,2.72
89156,3.23
89158,1.33
89161,2.4
89166,3.01
89169,2.12
89178,2.84
89179,3.11
89183,2.76
89191,-666666666.0
89301,2.22
89310,1.5
89311,2.25
89314,2.46
89315,5.15
89316,3.23
89317,2.72
89318,2.09
89319,1.62
89402,2.04
89403,2.64
89404,1.35
89405,2.61
89406,2.59
89408,2.77
89409,1.33
89410,2.21
89411,2.15
89412,1.38
89413,1.92
89414,3.07
89415,2.24
89418,1.39
89419,2.46
89420,5.43
89421,1.93
89422,1.49
89423,2.41
89424,2.43
89425,2.84
89426,2.29
89427,2.97
89428,2.69
89429,2.25
89430,1.39
89431,2.71
89433,3.27
89434,2.53
89436,2.72
89437,-666666666.0
89438,2.19
89439,1.97
89440,2.53
89441,2.66
89442,2.82
89444,2.05
89445,2.48
89446,-666666666.0
89447,2.26
89448,2.17
89449,1.95
89450,-666666666.0
89451,2.28
89460,2.6
89496,-666666666.0
89501,1.28
89502,2.38
89503,2.23
89506,2.88
89508,3.01
89509,2.13
89510,2.43
89511,2.35
89512,2.29
89519,2.38
89521,2.53
89523,2.34
89557,1.61
89701,2.49
89703,2.14
89704,2.56
89705,2.34
89706,2.39
89801,2.62
89815,3.08
89820,2.57
89821,2.34
89822,2.64
89823,2.59
89825,3.84
89826,-666666666.0
89828,2.2
89830,1.43
89831,-666666666.0
89832,3.3
89833,2.44
89834,3.05
89835,3.09
89883,2.53
90001,4.23
90002,4.07
90003,4.15
90004,2.51
90005,2.24
90006,2.89
90007,2.86
90008,2.24
90010,1.75
90011,4.33
90012,1.95
90013,1.32
90014,1.4
90015,1.97
90016,2.67
90017,2.1
90018,2.98
90019,2.46
90020,2.2
90021,1.73
90022,3.73
90023,3.77
90024,2.09
90025,1.99
90026,2.4
90027,2.02
90028,1.69
90029,2.52
90031,3.09
90032,3.25
90033,3.47
90034,2.13
90035,2.3
90036,1.89
90037,3.84
90038,2.09
90039,2.31
90040,3.43
90041,2.69
90042,2.75
90043,2.55
90044,3.55
90045,2.36
90046,1.67
90047,3.01
90048,1.73
90049,2.18
90052,-666666666.0
90056,2.39
90057,2.69
90058,2.93
90059,3.76
90061,3.66
90062,3.37
90063,3.84
90064,2.25
90065,2.75
90066,2.16
90067,1.53
90068,1.78
90069,1.54
90071,-666666666.0
90073,-666666666.0
90077,2.58
90079,-666666666.0
90089,2.17
90094,2.01
90095,-666666666.0
90201,3.88
90210,2.43
90211,2.42
90212,1.98
90220,3.56
90221,4.13
90222,3.82
90230,2.39
90232,2.27
90240,3.38
90241,3.1
90242,3.27
90245,2.41
90247,2.92
90248,2.89
90249,2.93
90250,2.96
90254,2.2
90255,3.82
90260,3.22
90262,4.17
90263,-666666666.0
90265,2.48
90266,2.62
90270,3.91
90272,2.61
90274,2.69
90275,2.69
90277,2.15
90278,2.69
90280,3.86
90290,2.54
90291,1.85
90292,1.83
90293,1.94
90301,2.89
90302,2.81
90303,3.36
90304,3.58
90305,2.47
90401,1.52
90402,2.47
90403,1.82
90404,2.15
90405,1.91
90501,2.88
90502,2.72
90503,2.53
90504,2.81
90505,2.54
90506,-666666666.0
90601,2.83
90602,3.13
90603,3.21
90604,3.39
90605,3.76
90606,3.62
90620,3.51
90621,3.28
90623,3.05
90630,3.1
90631,3.06
90638,3.05
90639,-666666666.0
90640,3.19
90650,3.74
90660,3.66
90670,3.27
90680,3.08
90701,3.49
90703,3.1
90704,2.66
90706,3.22
90710,2.95
90712,3.09
90713,3.04
90715,3.21
90716,3.83
90717,2.58
90720,2.85
90723,3.68
90731,2.62
90732,2.46
90740,1.87
90742,1.52
90743,2.31
90744,3.62
90745,3.72
90746,3.24
90747,-666666666.0
90755,2.54
90802,1.8
90803,1.84
90804,2.38
90805,3.39
90806,3.18
90807,2.54
90808,2.78
90810,3.55
90813,3.03
90814,2.21
90815,2.62
90822,-666666666.0
90831,-666666666.0
90840,-666666666.0
91001,2.89
91006,3.01
91007,2.71
91008,2.64
91010,3.14
91011,3.15
91016,2.79
91020,2.29
91024,2.22
91030,2.57
91040,2.77
91042,2.68
91046,1.81
91101,1.75
91103,2.92
91104,2.66
91105,2.18
91106,2.21
91107,2.54
91108,3.1
91125,3.7
91201,2.75
91202,2.57
91203,2.43
91204,2.73
91205,2.57
91206,2.54
91207,2.77
91208,2.59
91210,1.89
91214,3.04
91301,2.84
91302,2.73
91303,2.97
91304,2.92
91306,3.39
91307,2.93
91311,2.76
91316,2.25
91320,2.92
91321,3.04
91324,2.9
91325,2.74
91326,2.86
91330,-666666666.0
91331,4.31
91335,3.11
91340,3.99
91342,3.66
91343,3.46
91344,3.0
91345,3.35
91350,3.23
91351,3.15
91352,3.71
91354,3.05
91355,2.48
91356,2.51
91360,2.67
91361,2.4
91362,2.64
91364,2.76
91367,2.44
91371,-666666666.0
91377,2.72
91381,3.06
91384,3.31
91387,3.34
91390,3.0
91401,2.6
91402,3.36
91403,2.17
91405,2.99
91406,2.83
91411,2.5
91423,2.12
91436,2.7
91501,2.45
91502,2.2
91504,2.65
91505,2.46
91506,2.36
91601,2.0
91602,1.99
91604,2.2
91605,3.15
91606,2.81
91607,2.2
91608,1.37
91701,2.98
91702,3.43
91706,3.92
91708,3.17
91709,3.1
91710,3.34
91711,2.56
91722,3.42
91723,2.87
91724,3.14
91730,2.83
91731,3.32
91732,3.71
91733,3.89
91737,2.92
91739,3.34
91740,3.11
91741,2.97
91744,4.29
91745,3.37
91746,4.09
91748,3.19
91750,2.65
91752,3.83
91754,2.84
91755,3.09
91759,1.99
91761,3.47
91762,3.4
91763,3.7
91764,3.32
91765,2.99
91766,3.58
91767,3.35
91768,3.65
91770,3.56
91773,2.8
91775,2.9
91776,3.22
91780,3.04
91784,2.94
91786,2.83
91789,3.25
91790,3.47
91791,3.13
91792,3.34
91801,2.63
91803,2.86
91901,2.87
91902,2.83
91905,2.45
91906,3.18
91910,2.92
91911,3.4
91913,3.47
91914,3.64
91915,3.55
91916,3.08
91917,3.41
91931,2.36
91932,2.75
91934,2.94
91935,3.08
91941,2.68
91942,2.31
91945,2.97
91948,2.36
91950,3.18
91962,2.5
91963,4.46
91977,3.3
91978,3.23
91980,7.36
92003,2.47
92004,2.03
92007,2.72
92008,2.32
92009,2.85
92010,2.47
92011,2.61
92014,2.27
92019,3.01
92020,2.96
92021,2.97
92024,2.55
92025,2.86
92026,2.74
92027,3.17
92028,3.0
92029,2.6
92036,2.07
92037,2.24
92040,2.93
92054,2.44
92055,-666666666.0
92056,2.73
92057,3.09
92058,3.01
92059,3.29
92060,3.42
92061,2.25
92064,2.97
92065,3.02
92066,2.02
92067,2.89
92069,3.11
92070,2.54
92071,2.81
92075,2.36
92078,2.86
92081,2.69
92082,3.25
92083,3.29
92084,3.26
92086,2.29
92091,1.93
92092,-666666666.0
92093,-666666666.0
92096,-666666666.0
92101,1.53
92102,2.69
92103,1.79
92104,2.07
92105,3.14
92106,2.44
92107,2.1
92108,1.9
92109,2.01
92110,2.19
92111,2.69
92113,3.59
92114,3.57
92115,2.67
92116,1.94
92117,2.62
92118,2.36
92119,2.61
92120,2.52
92121,2.5
92122,2.33
92123,2.62
92124,2.73
92126,3.09
92127,3.19
92128,2.39
92129,2.9
92130,2.75
92131,2.79
92132,-666666666.0
92134,-666666666.0
92135,-666666666.0
92136,-666666666.0
92139,3.46
92140,-666666666.0
92145,-666666666.0
92147,-666666666.0
92154,3.51
92155,-666666666.0
92161,-666666666.0
92173,3.57
92179,-666666666.0
92182,-666666666.0
92201,2.65
92203,2.76
92210,1.87
92211,2.02
92220,2.69
92222,-666666666.0
92223,3.2
92225,2.86
92227,3.49
92230,2.81
92231,4.09
92233,3.16
92234,2.73
92236,3.04
92239,2.44
92240,2.83
92241,2.2
92242,1.96
92243,3.56
92249,4.31
92250,3.85
92251,3.91
92252,2.31
92253,2.46
92254,2.76
92256,2.17
92257,1.97
92258,2.11
92259,1.55
92260,2.09
92262,1.94
92264,1.79
92266,1.5
92267,-666666666.0
92268,1.75
92270,1.95
92273,4.37
92274,2.65
92275,2.7
92276,2.89
92277,2.6
92278,-666666666.0
92280,-666666666.0
92281,4.08
92282,2.98
92283,3.26
92284,2.44
92285,2.15
92301,3.91
92304,-666666666.0
92305,2.91
92307,3.02
92308,3.04
92309,2.57
92310,2.61
92311,2.83
92313,2.77
92314,2.43
92315,2.31
92316,3.87
92317,2.03
92320,2.74
92321,2.1
92322,2.22
92324,3.2
92325,2.5
92327,1.8
92328,1.63
92332,2.31
92333,2.07
92335,3.87
92336,3.7
92337,3.87
92338,-666666666.0
92339,2.46
92341,2.28
92342,2.62
92344,3.55
92345,3.41
92346,3.31
92347,2.33
92350,1.87
92352,2.65
92354,2.73
92356,2.82
92358,2.22
92359,2.96
92363,2.46
92364,-666666666.0
92365,2.56
92368,3.44
92369,-666666666.0
92371,3.65
92372,2.85
92373,2.53
92374,2.95
92376,3.86
92377,3.91
92378,2.64
92382,2.55
92384,1.44
92385,1.65
92386,2.26
92389,1.68
92391,2.31
92392,3.68
92394,3.76
92395,3.14
92397,2.18
92398,2.13
92399,2.89
92401,2.84
92404,3.34
92405,3.35
92407,3.63
92408,3.25
92410,3.48
92411,4.03
92415,-666666666.0
92501,3.12
92503,3.58
92504,3.44
92505,3.61
92506,2.98
92507,2.95
92508,3.62
92509,4.1
92518,2.18
92521,-666666666.0
92530,3.5
92532,3.46
92536,2.44
92539,2.74
92543,2.82
92544,3.15
92545,2.86
92548,3.28
92549,2.36
92551,4.34
92553,3.79
92555,3.87
92557,3.68
92561,2.21
92562,3.1
92563,3.45
92567,3.96
92570,4.04
92571,4.32
92582,4.19
92583,3.43
92584,3.44
92585,3.63
92586,2.2
92587,3.05
92590,2.65
92591,3.01
92592,3.29
92595,3.41
92596,3.79
92602,2.83
92603,2.66
92604,2.79
92606,2.71
92610,2.88
92612,2.35
92614,2.54
92617,2.71
92618,2.62
92620,2.84
92624,2.48
92625,2.16
92626,2.56
92627,2.71
92629,2.27
92630,2.81
92637,1.46
92646,2.59
92647,2.8
92648,2.26
92649,2.41
92651,2.15
92653,2.71
92655,3.16
92656,2.62
92657,2.56
92660,2.29
92661,1.92
92662,2.0
92663,2.0
92672,2.46
92673,3.14
92675,2.96
92676,2.67
92677,2.53
92678,2.32
92679,2.97
92683,3.26
92688,2.84
92691,2.83
92692,2.75
92694,3.04
92697,-666666666.0
92701,3.83
92703,4.4
92704,4.04
92705,3.0
92706,3.6
92707,4.2
92708,2.97
92780,3.12
92782,2.7
92801,3.36
92802,3.59
92804,3.34
92805,3.44
92806,3.22
92807,2.89
92808,2.73
92821,2.83
92823,3.05
92831,2.73
92832,3.04
92833,3.19
92835,2.79
92840,3.41
92841,3.49
92843,4.0
92844,3.3
92845,2.83
92860,3.27
92861,2.98
92865,3.0
92866,2.63
92867,3.18
92868,2.84
92869,3.12
92870,3.09
92879,3.48
92880,3.86
92881,3.38
92882,3.5
92883,3.15
92886,2.99
92887,2.87
93001,2.44
93003,2.57
93004,2.78
93010,2.84
93012,2.53
93013,2.59
93015,3.27
93021,3.21
93022,2.97
93023,2.45
93030,3.83
93033,4.85
93035,2.87
93036,3.39
93040,3.47
93041,3.05
93042,-666666666.0
93043,-666666666.0
93060,3.35
93063,2.83
93064,-666666666.0
93065,2.86
93066,2.74
93067,2.39
93101,2.36
93103,2.56
93105,2.39
93106,2.83
93108,2.2
93109,2.53
93110,2.36
93111,2.79
93117,2.77
93201,4.06
93202,4.22
93203,4.27
93204,3.48
93205,2.59
93206,3.55
93207,2.72
93208,1.21
93210,3.22
93212,3.47
93215,3.76
93218,5.27
93219,4.07
93220,-666666666.0
93221,3.07
93222,1.94
93223,3.77
93224,3.17
93225,2.43
93226,1.57
93227,3.07
93230,3.09
93234,3.86
93235,3.48
93237,1.46
93238,2.06
93239,2.58
93240,2.21
93241,3.64
93242,2.9
93243,1.94
93244,1.95
93245,3.12
93246,-666666666.0
93247,3.34
93249,3.69
93250,4.01
93251,3.59
93252,2.69
93254,2.64
93255,2.08
93256,3.84
93257,3.27
93258,2.9
93260,2.31
93261,3.57
93262,-666666666.0
93263,3.76
93265,2.64
93266,4.66
93267,3.49
93268,2.92
93270,3.45
93271,1.99
93272,4.07
93274,3.48
93276,2.73
93277,2.88
93280,3.6
93283,2.06
93285,1.86
93286,3.57
93287,2.02
93291,3.22
93292,3.19
93301,2.41
93304,3.27
93305,3.19
93306,3.35
93307,3.84
93308,2.7
93309,2.8
93311,3.11
93312,3.26
93313,3.68
93314,3.16
93401,2.2
93402,2.41
93405,2.72
93407,-666666666.0
93408,-666666666.0
93409,-666666666.0
93410,-666666666.0
93420,2.55
93422,2.5
93424,2.13
93426,2.57
93427,2.66
93428,2.1
93429,1.25
93430,2.02
93432,2.73
93433,2.47
93434,3.98
93436,2.9
93437,2.77
93440,1.91
93441,2.4
93442,2.19
93444,2.91
93445,2.44
93446,2.56
93449,1.95
93450,3.69
93451,3.05
93452,1.81
93453,1.95
93454,3.48
93455,2.81
93458,4.26
93460,2.6
93461,3.02
93463,2.4
93465,2.59
93501,2.67
93505,2.86
93510,2.96
93512,2.06
93513,2.3
93514,2.4
93516,2.59
93517,2.07
93518,2.13
93519,-666666666.0
93522,1.87
93523,3.15
93524,-666666666.0
93526,2.37
93527,2.13
93528,1.88
93529,2.14
93530,-666666666.0
93531,2.34
93532,2.71
93534,2.76
93535,3.49
93536,2.98
93541,3.31
93543,3.63
93544,2.6
93545,2.22
93546,2.27
93549,2.07
93550,3.55
93551,3.21
93552,4.0
93553,1.99
93554,2.03
93555,2.51
93558,2.13
93560,3.15
93561,2.53
93562,2.53
93563,3.66
93581,-666666666.0
93591,3.67
93601,2.1
93602,2.63
93603,1.77
93604,2.32
93605,2.77
93606,4.18
93608,3.4
93609,3.72
93610,3.3
93611,3.04
93612,2.66
93614,2.7
93615,3.93
93616,3.61
93618,3.84
93619,3.25
93620,3.13
93621,1.78
93622,3.48
93623,-666666666.0
93624,3.58
93625,3.21
93626,2.79
93627,4.26
93628,1.2
93630,3.63
93631,2.98
93633,-666666666.0
93634,-666666666.0
93635,3.64
93636,3.22
93637,3.63
93638,4.18
93640,4.0
93641,1.96
93643,2.3
93644,2.34
93645,3.2
93646,3.85
93647,4.32
93648,3.86
93650,2.97
93651,2.74
93652,3.23
93653,2.49
93654,3.49
93656,3.9
93657,3.38
93660,4.27
93662,3.37
93664,1.72
93665,2.52
93666,3.83
93667,2.4
93668,3.29
93669,3.68
93670,3.09
93673,3.38
93675,3.57
93701,2.82
93702,3.46
93703,3.11
93704,2.52
93705,2.96
93706,3.4
93710,2.64
93711,2.46
93720,2.59
93721,1.99
93722,3.24
93723,3.94
93725,3.88
93726,2.96
93727,3.37
93728,2.78
93730,2.69
93737,3.2
93740,-666666666.0
93741,-666666666.0
93901,2.7
93905,4.56
93906,3.72
93907,3.46
93908,2.9
93920,2.65
93921,1.83
93923,2.31
93924,2.42
93925,4.42
93926,3.65
93927,4.43
93928,-666666666.0
93930,3.78
93932,1.86
93933,2.72
93940,2.18
93943,2.0
93944,-666666666.0
93950,2.15
93953,2.03
93954,4.73
93955,2.92
93960,4.09
93962,1.72
94002,2.5
94005,2.5
94010,2.66
94014,3.29
94015,3.14
94018,2.51
94019,2.73
94020,2.4
94021,2.02
94022,2.69
94024,2.93
94025,2.77
94027,2.97
94028,2.65
94030,2.79
94037,2.55
94038,2.79
94040,2.35
94041,2.35
94043,2.44
94044,2.71
94060,3.1
94061,2.8
94062,2.69
94063,3.08
94065,2.48
94066,2.81
94070,2.68
94074,2.22
94080,2.94
94085,2.54
94086,2.44
94087,2.83
94089,2.58
94102,1.69
94103,1.82
94104,2.0
94105,1.78
94107,1.9
94108,1.83
94109,1.67
94110,2.49
94111,1.83
94112,3.45
94114,1.99
94115,1.94
94116,2.84
94117,2.16
94118,2.23
94121,2.39
94122,2.61
94123,1.93
94124,3.32
94127,2.74
94128,-666666666.0
94129,2.97
94130,3.26
94131,2.26
94132,2.39
94133,1.95
94134,3.24
94158,2.18
94188,-666666666.0
94301,2.38
94303,3.34
94304,2.08
94305,2.05
94306,2.58
94401,2.65
94402,2.58
94403,2.59
94404,2.52
94501,2.49
94502,2.93
94503,3.74
94505,2.81
94506,2.92
94507,2.88
94508,2.47
94509,3.04
94510,2.49
94511,2.37
94512,2.04
94513,3.08
94514,3.51
94515,2.5
94516,2.86
94517,2.73
94518,2.72
94519,2.83
94520,2.72
94521,2.63
94523,2.45
94525,2.13
94526,2.72
94528,3.16
94530,2.43
94531,3.31
94533,3.12
94534,3.05
94535,3.44
94536,2.85
94538,2.95
94539,3.24
94541,2.98
94542,2.94
94544,3.33
94545,3.31
94546,2.84
94547,2.89
94548,2.83
94549,2.79
94550,2.83
94551,2.81
94552,2.98
94553,2.52
94555,3.21
94556,2.7
94558,2.63
94559,2.69
94560,3.2
94561,3.3
94562,-666666666.0
94563,2.6
94564,2.77
94565,3.36
94566,2.79
94567,3.26
94568,2.94
94569,1.47
94571,1.97
94572,3.04
94573,2.1
94574,2.18
94575,-666666666.0
94576,1.99
94577,2.85
94578,2.99
94579,3.07
94580,3.33
94582,2.92
94583,2.89
94585,3.02
94586,2.98
94587,3.28
94588,2.85
94589,3.04
94590,2.41
94591,2.96
94592,2.42
94595,1.75
94596,2.21
94597,2.2
94598,2.47
94599,1.75
94601,3.2
94602,2.56
94603,3.47
94605,2.63
94606,2.43
94607,2.22
94608,2.16
94609,2.32
94610,2.02
94611,2.2
94612,1.69
94613,-666666666.0
94618,2.28
94619,2.74
94621,3.39
94702,2.34
94703,2.42
94704,2.49
94705,2.44
94706,2.53
94707,2.43
94708,2.58
94709,2.06
94710,2.3
94720,2.28
94801,3.2
94803,2.89
94804,2.81
94805,2.66
94806,3.06
94901,2.54
94903,2.44
94904,2.29
94920,2.5
94922,5.59
94923,2.04
94924,2.27
94925,2.52
94928,2.61
94929,2.38
94930,2.39
94931,2.36
94933,2.11
94937,1.72
94938,1.88
94939,2.15
94940,2.2
94941,2.57
94945,2.36
94946,2.3
94947,2.68
94949,2.5
94950,1.53
94951,2.41
94952,2.4
94954,2.64
94956,1.74
94957,2.8
94960,2.59
94963,2.94
94964,1.86
94965,1.95
94970,1.67
94971,2.75
94972,3.73
94973,2.27
95002,3.54
95003,2.47
95004,3.05
95005,2.67
95006,2.53
95007,1.89
95008,2.54
95010,2.07
95012,4.35
95013,3.31
95014,2.84
95017,3.08
95018,2.22
95019,3.19
95020,3.42
95023,3.31
95030,2.49
95032,2.62
95033,2.6
95035,3.16
95037,3.09
95039,3.57
95041,2.54
95043,2.54
95045,2.67
95046,3.01
95050,2.57
95051,2.6
95053,4.26
95054,2.66
95060,2.44
95062,2.35
95064,2.19
95065,2.75
95066,2.49
95070,2.83
95073,2.62
95075,3.08
95076,3.35
95110,2.78
95111,3.79
95112,2.53
95113,1.62
95116,3.69
95117,2.75
95118,2.86
95119,3.03
95120,3.04
95121,3.65
95122,4.35
95123,2.93
95124,2.95
95125,2.5
95126,2.37
95127,3.88
95128,2.35
95129,2.81
95130,2.91
95131,3.19
95132,3.38
95133,3.14
95134,2.25
95135,2.81
95136,2.92
95138,3.46
95139,3.4
95140,1.6
95148,3.8
95202,1.86
95203,2.8
95204,2.7
95205,3.78
95206,3.87
95207,2.75
95209,3.44
95210,3.5
95211,-666666666.0
95212,3.51
95215,3.32
95219,2.74
95220,3.07
95221,4.33
95222,2.32
95223,2.02
95224,1.94
95225,3.14
95226,-666666666.0
95227,3.15
95228,2.65
95230,2.47
95231,3.49
95232,4.21
95233,2.03
95236,2.68
95237,2.69
95240,3.03
95242,2.68
95245,2.7
95246,3.06
95247,2.41
95248,3.42
95249,2.77
95251,1.64
95252,2.93
95253,3.71
95254,1.85
95255,2.45
95257,2.69
95258,2.55
95301,3.14
95303,2.8
95304,2.94
95305,2.04
95306,2.02
95307,3.65
95309,-666666666.0
95310,2.42
95311,2.06
95312,3.89
95313,2.42
95315,3.7
95316,2.89
95317,3.6
95318,1.94
95319,2.67
95320,2.71
95321,2.15
95322,2.9
95323,3.27
95324,3.31
95325,1.52
95326,2.63
95327,2.22
95328,3.5
95329,2.16
95330,4.01
95333,3.9
95334,4.23
95335,-666666666.0
95336,3.08
95337,3.37
95338,2.09
95340,2.76
95341,3.73
95345,1.93
95346,2.43
95348,3.23
95350,2.81
95351,3.55
95354,2.84
95355,2.81
95356,2.9
95357,3.35
95358,3.68
95360,3.35
95361,2.8
95363,3.67
95364,-666666666.0
95365,3.28
95366,2.8
95367,3.33
95368,3.4
95369,2.36
95370,2.29
95372,2.69
95374,3.08
95375,-666666666.0
95376,3.28
95377,3.76
95379,2.34
95380,2.96
95382,2.85
95383,2.05
95385,2.64
95386,3.53
95387,3.97
95388,3.61
95389,1.24
95391,3.83
95401,2.66
95403,2.69
95404,2.34
95405,2.47
95407,3.16
95409,2.17
95410,1.62
95412,2.2
95415,3.21
95417,3.16
95419,1.29
95420,2.31
95421,2.12
95422,2.8
95423,2.04
95425,2.54
95426,2.08
95427,2.92
95428,2.92
95429,1.39
95430,-666666666.0
95431,-666666666.0
95432,1.96
95435,4.18
95436,2.44
95437,2.29
95439,2.94
95441,2.48
95442,2.02
95443,5.43
95444,2.4
95445,2.25
95446,1.95
95448,2.37
95449,2.97
95450,2.43
95451,2.59
95452,2.32
95453,2.36
95454,2.25
95456,1.92
95457,2.33
95458,2.24
95459,2.47
95460,2.15
95461,2.67
95462,1.9
95463,2.67
95464,2.5
95465,2.34
95466,2.87
95467,2.65
95468,2.68
95469,2.04
95470,2.82
95471,1.95
95472,2.41
95476,2.35
95480,6.0
95482,2.82
95485,2.46
95486,-666666666.0
95488,1.33
95490,2.57
95492,2.85
95493,2.12
95494,2.13
95497,1.9
95501,2.31
95503,2.39
95511,1.76
95514,2.34
95519,2.52
95521,2.3
95524,2.69
95525,1.99
95526,2.95
95527,2.6
95528,2.66
95531,2.68
95536,2.63
95537,4.25
95538,2.37
95540,2.49
95542,2.21
95543,1.46
95545,4.21
95546,3.25
95547,2.43
95548,2.52
95549,3.06
95550,2.39
95551,2.82
95552,1.86
95553,2.64
95554,2.1
95555,2.8
95556,3.05
95558,1.85
95559,-666666666.0
95560,2.1
95562,2.44
95563,3.8
95564,2.5
95565,3.06
95567,2.76
95568,2.29
95569,1.6
95570,2.21
95571,-666666666.0
95573,2.37
95585,2.12
95587,-666666666.0
95589,2.05
95595,1.93
95601,2.01
95602,2.47
95603,2.25
95604,1.48
95605,2.96
95606,1.95
95607,2.03
95608,2.38
95610,2.65
95612,3.2
95613,-666666666.0
95614,2.55
95615,2.67
95616,2.5
95618,2.69
95619,2.5
95620,2.92
95621,2.58
95623,2.73
95624,3.29
95625,1.35
95626,3.03
95627,3.44
95628,2.56
95629,2.08
95630,2.7
95631,2.39
95632,3.05
95633,2.47
95634,2.09
95635,1.94
95636,2.84
95637,2.21
95638,2.78
95639,2.88
95640,2.5
95641,1.97
95642,2.33
95645,2.6
95646,3.02
95648,2.63
95650,2.63
95651,2.89
95652,3.38
95653,2.57
95655,3.0
95658,2.61
95659,2.53
95660,3.26
95661,2.46
95662,2.56
95663,2.3
95664,2.2
95665,2.29
95666,2.34
95667,2.43
95668,2.44
95669,2.55
95670,2.68
95671,-666666666.0
95672,2.77
95673,3.23
95674,3.05
95675,3.48
95676,3.9
95677,2.68
95678,2.55
95679,2.34
95680,-666666666.0
95681,4.08
95682,2.58
95683,2.38
95684,2.07
95685,2.21
95686,2.83
95687,2.8
95688,2.85
95689,2.78
95690,2.62
95691,2.78
95692,2.8
95693,3.14
95694,2.93
95695,2.67
95697,3.16
95698,1.62
95699,4.0
95701,2.6
95703,2.45
95709,2.41
95713,2.63
95714,2.58
95715,2.62
95717,2.39
95720,2.74
95721,-666666666.0
95722,2.56
95726,2.3
95728,2.38
95735,2.32
95736,1.62
95742,3.42
95746,2.86
95747,2.78
95757,3.43
95758,2.97
95762,2.85
95765,3.01
95776,3.17
95811,1.73
95814,1.46
95815,2.73
95816,1.67
95817,2.13
95818,2.14
95819,2.14
95820,2.61
95821,2.35
95822,2.77
95823,3.37
95824,3.35
95825,2.27
95826,2.52
95827,2.78
95828,3.36
95829,3.35
95830,3.4
95831,2.28
95832,4.03
95833,2.61
95834,2.86
95835,2.82
95837,2.57
95838,3.47
95841,2.53
95842,2.93
95843,3.14
95864,2.58
95901,2.78
95903,2.55
95910,3.02
95912,3.22
95913,2.35
95914,2.18
95915,-666666666.0
95916,2.42
95917,3.18
95918,1.98
95919,2.1
95920,1.93
95922,2.0
95923,1.34
95925,4.37
95926,2.35
95928,2.41
95929,-666666666.0
95930,3.48
95932,2.56
95934,1.38
95935,2.11
95936,2.19
95937,2.31
95938,3.04
95939,2.04
95941,2.87
95942,2.25
95943,2.37
95944,-666666666.0
95945,2.23
95946,2.53
95947,2.4
95948,3.01
95949,2.56
95950,2.58
95951,2.98
95953,3.24
95954,2.53
95955,2.63
95956,2.41
95957,2.81
95958,-666666666.0
95959,2.35
95960,2.36
95961,3.33
95962,2.5
95963,2.97
95965,2.69
95966,2.47
95968,2.54
95969,2.06
95970,2.55
95971,2.62
95972,2.54
95973,2.5
95974,1.97
95975,2.32
95977,2.67
95978,3.27
95979,2.13
95981,2.89
95982,2.76
95983,2.39
95984,1.99
95986,2.67
95987,3.39
95988,2.96
95991,2.98
95993,2.93
96001,2.54
96002,2.66
96003,2.38
96006,2.88
96007,2.48
96008,2.44
96009,2.23
96010,-666666666.0
96011,2.92
96013,2.53
96014,1.75
96015,2.03
96016,2.23
96017,1.83
96019,2.63
96020,2.28
96021,2.91
96022,2.58
96023,2.43
96024,2.99
96025,2.21
96027,2.35
96028,2.57
96029,3.08
96031,1.74
96032,2.39
96033,2.51
96034,2.32
96035,2.48
96037,2.18
96038,2.13
96039,1.99
96040,1.97
96041,3.1
96044,2.53
96046,2.67
96047,2.3
96048,3.68
96050,1.66
96051,2.06
96052,3.97
96054,2.1
96055,2.52
96056,2.41
96057,2.2
96058,3.26
96059,2.06
96061,-666666666.0
96062,2.52
96063,1.31
96064,2.59
96065,2.37
96067,1.99
96068,2.94
96069,2.61
96071,-666666666.0
96073,2.94
96074,2.35
96075,1.49
96076,1.56
96078,3.97
96080,2.55
96084,2.38
96085,2.71
96086,2.14
96087,2.76
96088,2.16
96090,2.08
96091,2.02
96092,2.78
96093,2.34
96094,2.33
96096,2.29
96097,2.38
96101,2.45
96103,2.2
96104,2.18
96105,2.23
96106,2.78
96107,2.38
96108,2.44
96109,2.88
96110,1.48
96111,1.64
96112,2.73
96113,2.99
96114,2.39
96115,1.85
96116,-666666666.0
96117,3.43
96118,2.61
96119,1.94
96120,3.45
96121,3.37
96122,2.22
96123,2.95
96124,5.33
96125,1.64
96126,3.22
96128,2.65
96129,3.42
96130,2.72
96132,1.89
96133,2.47
96134,2.8
96135,1.89
96136,8.0
96137,2.17
96140,2.34
96141,2.26
96142,2.22
96143,2.45
96145,2.4
96146,2.34
96148,2.2
96150,2.33
96155,-666666666.0
96161,2.62
96701,2.79
96703,3.88
96704,3.04
96705,3.46
96706,3.64
96707,3.21
96708,2.86
96710,1.92
96712,3.12
96713,2.41
96714,3.14
96716,3.25
96717,3.82
96719,3.04
96720,2.78
96722,2.16
96725,2.81
96726,2.13
96727,3.23
96728,2.5
96729,3.5
96730,2.73
96731,3.46
96732,3.13
96734,3.0
96737,2.07
96738,2.83
96740,2.82
96741,3.12
96742,1.13
96743,2.76
96744,3.09
96746,3.03
96747,4.96
96748,3.15
96749,2.82
96750,2.99
96751,2.82
96752,3.21
96753,2.62
96754,3.33
96755,2.73
96756,2.7
96757,3.68
96759,3.04
96760,2.81
96761,3.14
96762,4.27
96763,2.58
96764,2.53
96765,3.16
96766,3.53
96768,2.88
96769,3.86
96770,1.99
96771,2.94
96772,2.54
96773,2.11
96774,2.18
96776,2.67
96777,3.6
96778,2.46
96779,2.68
96780,2.13
96781,2.84
96782,3.12
96783,2.88
96785,2.08
96786,3.06
96789,2.87
96790,2.82
96791,2.87
96792,3.69
96793,3.25
96795,4.27
96796,2.53
96797,3.56
96813,2.15
96814,1.92
96815,1.81
96816,2.79
96817,2.75
96818,3.05
96819,4.09
96820,-666666666.0
96821,2.8
96822,2.29
96825,2.76
96826,2.02
96848,-666666666.0
96850,-666666666.0
96853,-666666666.0
96857,-666666666.0
96858,-666666666.0
96859,-666666666.0
96860,-666666666.0
96863,-666666666.0
97001,2.49
97002,2.88
97003,2.7
97004,2.55
97005,2.38
97006,2.46
97007,2.58
97008,2.38
97009,2.83
97011,2.28
97013,2.73
97014,2.19
97015,2.6
97016,2.37
97017,3.16
97018,2.56
97019,2.91
97020,2.74
97021,2.27
97022,2.44
97023,2.68
97024,2.54
97026,3.42
97027,2.43
97028,1.15
97029,2.6
97030,2.45
97031,2.55
97032,2.76
97033,2.36
97034,2.46
97035,2.39
97037,2.04
97038,2.76
97039,2.64
97040,2.64
97041,2.55
97042,2.88
97045,2.72
97048,2.61
97049,2.19
97050,1.88
97051,2.72
97053,2.48
97054,2.18
97055,2.82
97056,2.59
97057,2.0
97058,2.43
97060,3.0
97062,2.54
97063,1.87
97064,2.49
97065,2.52
97067,2.01
97068,2.69
97070,2.35
97071,2.96
97078,2.74
97080,2.8
97086,2.72
97089,3.0
97101,2.86
97102,1.95
97103,2.46
97106,2.63
97107,2.33
97108,2.47
97109,3.29
97110,1.82
97111,2.98
97112,2.42
97113,2.92
97114,3.23
97115,2.95
97116,2.75
97117,3.36
97118,2.13
97119,3.04
97121,2.41
97122,3.16
97123,2.81
97124,2.54
97125,2.75
97127,3.05
97128,2.51
97130,1.84
97131,2.13
97132,2.59
97133,2.56
97134,1.57
97135,2.42
97136,2.19
97137,2.96
97138,2.15
97140,2.98
97141,2.37
97144,1.71
97145,1.7
97146,2.51
97147,1.73
97148,3.17
97149,2.95
97201,1.65
97202,2.26
97203,2.46
97204,1.15
97205,1.46
97206,2.38
97208,-666666666.0
97209,1.4
97210,1.66
97211,2.33
97212,2.42
97213,2.23
97214,1.9
97215,2.26
97216,2.41
97217,2.24
97218,2.4
97219,2.33
97220,2.35
97221,2.4
97222,2.31
97223,2.4
97224,2.31
97225,2.2
97227,1.82
97229,2.75
97230,2.47
97231,2.21
97232,1.74
97233,2.66
97236,2.83
97239,1.93
97258,-666666666.0
97266,2.66
97267,2.42
97301,2.51
97302,2.44
97303,2.74
97304,2.51
97305,3.03
97306,2.54
97310,-666666666.0
97317,2.78
97321,2.64
97322,2.53
97324,2.37
97325,3.09
97326,2.54
97327,2.3
97329,1.79
97330,2.27
97331,-666666666.0
97333,2.27
97335,2.8
97336,3.55
97338,2.59
97341,1.95
97342,1.92
97343,2.53
97344,2.87
97345,2.72
97346,2.52
97347,2.45
97348,3.05
97350,2.2
97351,3.21
97352,3.35
97355,2.51
97357,2.01
97358,2.43
97360,2.96
97361,2.9
97362,2.54
97364,2.27
97365,2.21
97366,2.27
97367,2.24
97368,2.35
97369,2.26
97370,2.42
97371,1.9
97373,-666666666.0
97374,2.36
97375,2.94
97376,1.95
97377,2.06
97378,2.48
97380,2.87
97381,2.76
97383,2.59
97384,1.83
97385,2.41
97386,2.55
97388,2.1
97389,2.64
97390,1.37
97391,2.52
97392,3.07
97394,2.08
97396,2.63
97401,2.01
97402,2.31
97403,2.47
97404,2.55
97405,2.34
97406,1.86
97408,2.35
97410,1.92
97411,2.02
97412,2.69
97413,2.04
97414,2.64
97415,2.07
97416,3.38
97417,2.15
97419,2.26
97420,2.27
97423,2.24
97424,2.48
97426,2.65
97429,2.2
97430,2.25
97431,3.04
97432,2.46
97434,2.74
97435,2.44
97436,2.22
97437,2.76
97438,2.75
97439,2.02
97441,2.96
97442,2.05
97443,2.76
97444,2.23
97446,2.8
97447,1.94
97448,2.49
97449,2.13
97450,2.57
97451,2.56
97452,2.48
97453,2.25
97454,2.81
97455,2.66
97456,2.78
97457,2.35
97458,2.28
97459,2.42
97461,2.42
97462,2.45
97463,2.27
97465,1.64
97466,2.63
97467,2.17
97469,2.52
97470,2.22
97471,2.5
97473,2.02
97476,1.92
97477,2.29
97478,2.69
97479,2.24
97480,2.38
97481,2.37
97484,2.22
97486,2.64
97487,2.41
97488,2.17
97489,2.14
97490,3.37
97492,2.15
97493,2.22
97494,-666666666.0
97495,2.13
97496,2.41
97497,1.93
97498,1.89
97499,2.52
97501,2.43
97502,2.61
97503,3.02
97504,2.41
97520,2.1
97522,2.62
97523,2.23
97524,2.65
97525,2.27
97526,2.32
97527,2.53
97530,2.4
97531,1.44
97532,2.43
97534,1.74
97535,2.26
97536,2.51
97537,2.4
97538,2.69
97539,2.21
97540,2.3
97541,2.51
97543,2.32
97544,2.4
97601,2.33
97603,2.52
97604,-666666666.0
97620,1.86
97621,1.71
97622,1.86
97623,2.29
97624,2.08
97625,2.3
97626,1.42
97627,3.63
97630,2.29
97632,3.05
97633,2.73
97634,3.16
97635,3.42
97636,2.36
97637,1.69
97638,2.56
97639,1.57
97640,2.71
97641,2.06
97701,2.34
97702,2.47
97703,2.4
97707,2.07
97709,-666666666.0
97710,1.89
97711,1.58
97712,1.53
97720,2.34
97721,2.59
97722,2.2
97730,2.59
97731,2.33
97732,2.25
97733,1.99
97734,2.96
97735,2.24
97736,2.37
97737,2.02
97738,2.42
97739,2.38
97741,2.72
97750,2.51
97751,2.57
97752,-666666666.0
97753,2.54
97754,2.39
97756,2.57
97758,2.48
97759,2.37
97760,2.49
97761,3.69
97801,2.62
97810,3.12
97812,2.83
97813,2.48
97814,2.28
97817,6.17
97818,3.35
97819,1.8
97820,2.23
97823,1.89
97824,2.42
97825,2.29
97826,2.75
97827,2.48
97828,2.28
97830,2.1
97833,2.52
97834,2.74
97835,2.25
97836,2.36
97837,1.19
97838,2.96
97839,2.37
97840,2.05
97841,2.63
97842,1.47
97843,2.37
97844,2.83
97845,2.17
97846,2.01
97848,2.56
97850,2.35
97856,1.99
97857,2.51
97859,3.56
97862,2.79
97864,1.56
97865,2.15
97867,2.5
97868,2.43
97869,1.8
97870,2.16
97873,1.78
97874,2.18
97875,2.5
97876,2.91
97877,1.97
97880,1.75
97882,2.68
97883,2.31
97884,1.65
97885,2.51
97886,2.68
97901,2.8
97902,3.38
97903,1.71
97904,2.07
97905,1.96
97906,2.93
97907,2.5
97908,2.5
97909,2.0
97910,3.15
97911,1.49
97913,3.08
97914,2.74
97917,2.73
97918,2.74
97920,1.75
98001,2.95
98002,2.51
98003,2.61
98004,2.07
98005,2.45
98006,2.83
98007,2.34
98008,2.8
98010,2.58
98011,2.42
98012,2.79
98014,2.81
98019,2.92
98020,2.15
98021,2.9
98022,2.48
98023,2.82
98024,2.64
98025,-666666666.0
98026,2.54
98027,2.43
98028,2.54
98029,2.52
98030,3.0
98031,3.0
98032,2.68
98033,2.32
98034,2.49
98036,2.61
98037,2.63
98038,2.96
98039,2.85
98040,2.59
98042,2.96
98043,2.37
98045,2.72
98047,2.9
98050,-666666666.0
98051,2.84
98052,2.45
98053,2.69
98055,2.54
98056,2.5
98057,2.02
98058,2.71
98059,2.85
98065,2.92
98068,1.98
98070,2.33
98072,2.56
98074,3.06
98075,3.07
98077,3.01
98087,2.64
98092,2.94
98101,1.41
98102,1.59
98103,2.01
98104,1.49
98105,2.34
98106,2.41
98107,1.86
98108,2.86
98109,1.56
98110,2.49
98112,2.15
98115,2.32
98116,2.09
98117,2.41
98118,2.66
98119,1.78
98121,1.48
98122,1.76
98125,2.2
98126,2.18
98133,2.21
98134,1.22
98136,2.19
98144,2.16
98146,2.65
98148,2.55
98154,-666666666.0
98155,2.48
98158,-666666666.0
98164,1.55
98166,2.43
98168,2.73
98174,-666666666.0
98177,2.6
98178,2.79
98188,2.47
98195,-666666666.0
98198,2.56
98199,2.24
98201,2.15
98203,2.59
98204,2.39
98207,-666666666.0
98208,2.74
98220,3.04
98221,2.22
98222,1.72
98223,2.71
98224,1.98
98225,2.09
98226,2.35
98229,2.51
98230,2.35
98232,2.53
98233,2.57
98235,2.79
98236,2.51
98237,2.65
98238,-666666666.0
98239,2.2
98240,2.79
98241,2.38
98243,1.8
98244,2.54
98245,2.03
98247,2.74
98248,2.91
98249,2.1
98250,2.11
98251,2.51
98252,2.58
98253,1.85
98255,2.15
98256,2.15
98257,2.14
98258,2.95
98260,2.11
98261,2.1
98262,1.96
98263,2.78
98264,2.73
98266,2.61
98267,1.55
98270,2.76
98271,2.74
98272,2.91
98273,2.6
98274,2.64
98275,2.58
98276,2.79
98277,2.46
98278,-666666666.0
98279,1.91
98280,1.96
98281,1.87
98282,2.4
98283,2.95
98284,2.59
98286,2.0
98288,1.88
98290,2.72
98292,2.79
98294,2.62
98295,2.77
98296,2.94
98297,1.38
98303,1.96
98304,2.24
98305,2.43
98310,2.29
98311,2.69
98312,2.47
98314,3.84
98315,3.35
98320,2.16
98321,2.75
98323,2.63
98325,2.14
98326,2.55
98327,2.49
98328,2.93
98329,2.65
98330,2.0
98331,2.36
98332,2.53
98333,2.63
98335,2.54
98336,2.68
98337,2.04
98338,3.0
98339,2.33
98340,2.0
98342,2.23
98345,1.68
98346,2.51
98349,2.35
98350,3.93
98351,2.1
98353,-666666666.0
98354,2.68
98355,3.15
98356,2.37
98357,3.11
98358,1.99
98359,2.71
98360,2.88
98361,1.55
98362,2.24
98363,2.3
98364,3.17
98365,2.06
98366,2.58
98367,2.65
98368,1.94
98370,2.49
98371,2.54
98372,2.52
98373,2.76
98374,2.99
98375,3.17
98376,2.25
98377,2.17
98380,3.01
98381,2.59
98382,2.11
98383,2.55
98385,2.37
98387,3.12
98388,2.4
98390,2.43
98391,2.89
98392,2.37
98394,2.37
98396,2.7
98402,1.47
98403,1.88
98404,2.84
98405,2.27
98406,2.22
98407,2.15
98408,2.6
98409,2.43
98416,-666666666.0
98418,2.49
98421,-666666666.0
98422,2.76
98424,2.75
98430,-666666666.0
98433,3.25
98438,-666666666.0
98439,2.5
98443,2.59
98444,2.7
98445,2.75
98446,2.87
98447,-666666666.0
98465,2.01
98466,2.47
98467,2.44
98498,2.33
98499,2.41
98501,2.48
98502,2.4
98503,2.4
98505,-666666666.0
98506,2.15
98512,2.45
98513,2.7
98516,2.5
98520,2.62
98524,2.61
98526,2.61
98527,1.82
98528,2.58
98530,3.05
98531,2.5
98532,2.7
98533,1.96
98535,1.77
98536,-666666666.0
98537,2.81
98538,2.42
98539,2.18
98541,2.66
98542,2.93
98544,-666666666.0
98546,2.31
98547,1.78
98548,1.93
98550,2.41
98552,2.95
98555,1.48
98556,-666666666.0
98557,2.88
98558,-666666666.0
98559,-666666666.0
98560,2.53
98562,-666666666.0
98563,2.34
98564,2.59
98565,2.96
98566,3.03
98568,2.54
98569,1.91
98570,2.8
98571,-666666666.0
98572,2.61
98575,2.32
98576,2.92
98577,2.41
98579,2.78
98580,2.61
98581,1.69
98582,1.67
98583,2.72
98584,2.67
98585,2.08
98586,2.36
98587,3.15
98588,2.02
98589,2.58
98590,2.01
98591,2.38
98592,2.18
98593,2.7
98595,2.32
98596,3.05
98597,2.79
98601,2.84
98602,1.85
98603,2.72
98604,2.91
98605,2.45
98606,2.78
98607,2.91
98609,-666666666.0
98610,2.41
98611,2.79
98612,2.29
98613,2.58
98614,1.77
98616,1.98
98617,2.19
98619,2.44
98620,2.21
98621,2.34
98623,2.0
98624,3.04
98625,2.43
98626,2.61
98628,2.31
98629,3.06
98631,1.99
98632,2.41
98635,2.43
98638,2.43
98639,2.51
98640,1.83
98641,1.9
98642,2.85
98643,2.59
98644,1.63
98645,2.57
98647,2.18
98648,2.54
98649,2.75
98650,2.64
98651,2.21
98660,2.03
98661,2.39
98662,2.69
98663,2.4
98664,2.49
98665,2.43
98670,1.79
98671,2.78
98672,2.33
98673,2.64
98674,2.91
98675,3.13
98682,2.85
98683,2.32
98684,2.77
98685,2.57
98686,2.62
98801,2.58
98802,2.74
98811,2.45
98812,2.92
98813,3.17
98814,2.3
98815,2.66
98816,2.44
98817,2.16
98819,1.77
98821,2.92
98822,2.67
98823,2.82
98824,3.85
98826,2.23
98827,2.17
98828,2.49
98829,2.27
98830,2.28
98831,2.59
98832,2.35
98833,1.9
98834,2.25
98836,2.93
98837,2.73
98840,2.43
98841,2.58
98843,2.45
98844,2.05
98845,2.4
98846,3.1
98847,2.69
98848,3.39
98849,2.16
98850,3.01
98851,3.11
98852,2.0
98853,-666666666.0
98855,2.24
98856,2.28
98857,2.84
98858,2.44
98859,2.89
98860,2.06
98862,2.14
98901,2.81
98902,2.69
98903,2.94
98908,2.62
98921,-666666666.0
98922,2.17
98923,1.95
98925,2.19
98926,2.23
98930,3.34
98932,3.71
98933,3.03
98934,1.85
98935,3.81
98936,3.27
98937,2.47
98938,3.0
98939,3.0
98940,1.58
98941,2.19
98942,2.48
98943,2.21
98944,3.7
98946,2.4
98947,3.21
98948,3.55
98950,-666666666.0
98951,3.65
98952,3.36
98953,3.06
99001,2.72
99003,2.46
99004,2.47
99005,2.96
99006,2.72
99008,2.49
99009,2.8
99011,3.24
99012,3.05
99013,2.94
99014,-666666666.0
99016,2.61
99017,2.15
99018,2.38
99019,2.74
99020,2.14
99021,2.91
99022,2.64
99023,3.32
99025,2.85
99026,2.64
99027,2.34
99029,2.65
99030,2.21
99031,2.38
99032,2.66
99033,2.1
99034,1.69
99036,2.45
99037,2.7
99039,2.76
99040,2.19
99101,2.52
99102,2.17
99103,2.89
99105,2.07
99109,2.24
99110,2.31
99111,2.44
99113,2.29
99114,2.58
99115,2.37
99116,2.18
99117,2.42
99118,2.3
99119,2.18
99121,3.13
99122,2.52
99123,2.06
99124,2.31
99125,2.68
99126,3.4
99128,2.22
99129,2.32
99130,2.72
99131,1.44
99133,1.9
99134,2.26
99135,2.47
99136,1.31
99137,2.1
99138,2.64
99139,2.16
99140,2.23
99141,2.31
99143,2.01
99144,1.64
99146,1.59
99147,1.88
99148,2.26
99149,2.98
99150,2.51
99151,2.3
99152,1.66
99153,1.62
99154,3.8
99155,2.55
99156,2.4
99157,2.01
99158,2.63
99159,2.02
99160,1.42
99161,2.38
99163,2.23
99166,2.36
99167,2.18
99169,2.31
99170,2.51
99171,2.32
99173,2.92
99174,1.88
99176,1.92
99179,3.12
99180,2.46
99181,2.15
99185,2.49
99201,1.65
99202,2.2
99203,2.34
99204,1.77
99205,2.46
99206,2.52
99207,2.52
99208,2.5
99212,2.4
99216,2.34
99217,2.46
99218,2.57
99223,2.36
99224,2.36
99251,-666666666.0
99258,4.0
99301,3.3
99320,2.8
99321,5.24
99322,1.85
99323,3.23
99324,2.55
99326,2.99
99328,2.18
99329,2.4
99330,4.09
99333,3.25
99335,3.11
99336,2.6
99337,2.95
99338,2.93
99341,2.46
99343,4.14
99344,3.51
99345,2.45
99346,3.17
99347,2.25
99348,3.09
99349,3.26
99350,2.95
99352,2.52
99353,3.14
99354,2.5
99356,3.57
99357,3.76
99359,1.85
99360,2.94
99361,2.38
99362,2.4
99363,2.29
99371,2.49
99401,2.52
99402,2.18
99403,2.34
99501,2.01
99502,2.89
99503,2.03
99504,2.55
99505,4.51
99506,3.06
99507,2.69
99508,2.87
99513,-666666666.0
99515,2.85
99516,2.94
99517,2.45
99518,2.44
99519,-666666666.0
99530,-666666666.0
99540,1.57
99546,3.22
99547,4.67
99548,2.73
99549,2.25
99550,1.88
99551,4.23
99552,4.58
99553,2.97
99554,4.63
99555,2.88
99556,2.33
99557,2.93
99558,2.47
99559,3.21
99561,5.29
99563,4.78
99564,2.57
99565,2.79
99566,1.58
99567,2.75
99568,2.54
99569,3.1
99571,2.12
99572,3.68
99573,2.67
99574,2.68
99575,2.55
99576,2.93
99577,2.7
99578,4.4
99579,1.5
99580,2.68
99581,3.57
99583,3.12
99585,7.17
99586,1.96
99587,2.2
99588,2.37
99589,3.19
99590,2.92
99591,5.7
99602,2.77
99603,2.47
99604,4.09
99605,2.33
99606,2.73
99607,4.08
99608,2.45
99609,5.56
99610,2.3
99611,2.6
99612,2.42
99613,2.76
99614,4.14
99615,2.91
99620,5.28
99621,4.84
99622,4.67
99623,2.8
99624,1.5
99625,1.75
99626,4.42
99627,2.33
99628,4.15
99630,2.54
99631,2.01
99632,4.42
99633,2.44
99634,4.01
99635,-666666666.0
99636,4.05
99637,4.97
99638,6.0
99639,2.28
99640,2.13
99641,5.41
99643,2.07
99644,2.24
99645,2.75
99647,1.3
99648,3.54
99649,2.67
99650,4.58
99651,3.83
99652,2.35
99653,4.33
99654,2.75
99655,4.55
99656,2.4
99657,5.0
99658,3.86
99659,4.74
99660,3.47
99661,2.33
99662,4.02
99663,2.13
99664,2.3
99665,3.12
99666,3.69
99667,1.71
99668,2.92
99669,2.61
99670,2.04
99671,3.67
99672,2.08
99674,2.2
99675,5.27
99676,2.44
99677,2.35
99678,3.28
99679,3.96
99680,5.08
99681,5.56
99682,2.51
99683,1.8
99684,3.06
99685,4.14
99686,2.34
99688,2.29
99689,2.07
99690,4.38
99691,1.52
99692,2.71
99693,2.29
99694,2.39
99695,-666666666.0
99701,2.34
99702,3.22
99703,3.45
99704,-666666666.0
99705,2.88
99706,2.17
99707,-666666666.0
99709,2.34
99712,2.68
99714,2.08
99720,3.31
99721,3.31
99722,3.05
99723,3.02
99724,2.12
99725,1.92
99726,1.35
99727,4.84
99729,1.3
99730,1.83
99732,8.0
99733,1.55
99734,-666666666.0
99736,4.2
99737,2.98
99738,2.23
99739,4.31
99740,1.82
99741,2.32
99742,3.44
99743,2.51
99744,2.25
99745,1.62
99746,2.89
99747,3.21
99748,2.33
99749,4.61
99750,5.34
99751,3.69
99752,3.3
99753,3.03
99754,1.54
99755,2.3
99756,1.42
99757,1.27
99758,2.4
99759,4.0
99760,2.38
99761,5.25
99762,2.87
99763,5.18
99764,7.02
99765,3.03
99766,4.36
99767,2.41
99768,2.77
99769,4.84
99770,4.64
99771,4.22
99772,3.79
99773,5.3
99774,3.0
99775,1.94
99776,4.86
99777,2.53
99778,3.13
99780,2.53
99781,2.79
99782,3.48
99783,3.42
99784,2.77
99785,4.84
99786,2.85
99788,2.19
99789,4.51
99790,1.18
99791,3.61
99801,2.44
99820,2.59
99824,2.14
99825,1.78
99826,2.71
99827,2.56
99829,2.9
99830,2.75
99832,1.67
99833,2.59
99835,2.36
99836,1.63
99840,2.62
99841,1.39
99850,-666666666.0
99901,2.45
99903,-666666666.0
99918,2.39
99919,2.18
99921,2.06
99922,2.62
99923,-666666666.0
99925,2.42
99926,3.26
99927,-666666666.0
99929,2.24
