ZCTA,population_growth_rate
00601,-4.346837888516393
00602,-3.9965314086051675
00603,-2.114291413184402
00606,-11.326142131979696
00610,-7.422979340340703
00611,
00612,1.1923408880222486
00616,-9.937307008515019
00617,-7.895381100048963
00622,2.322754895340986
00623,-6.887833463292456
00624,-6.842241156726052
00627,-0.616346854505708
00631,-7.974276527331189
00636,
00637,-3.083439220669208
00638,2.3427508429252413
00641,-14.234787519412679
00646,-5.477794148600295
00647,-16.185383244206776
00650,-6.117021276595745
00652,6.601466992665037
00653,-23.35922164376547
00656,-7.290494218765987
00659,-9.5465859729611
00660,-6.015539638217797
00662,-2.0826782129121213
00664,-2.7864380358534686
00667,-2.9847648304205237
00669,3.8438325160316857
00670,-0.5797430942366716
00674,-3.5296134816048594
00676,-3.113940098251545
00677,5.044958473471069
00678,-6.016815554387809
00680,-10.121786197564276
00682,-7.3308957952468
00683,-6.576659183608942
00685,3.8533810394089936
00687,-9.834827748938178
00688,-7.135922330097087
00690,3.4723465187041342
00692,-8.051245237174886
00693,-1.3439380758783532
00694,11.363636363636363
00698,-10.6339850105353
00703,-9.809485204702067
00704,-12.892119357306807
00705,2.3918425580126725
00707,-6.699288256227757
00714,-13.973751565648316
00715,-44.03292181069959
00716,-6.93706964475352
00717,-13.051778999132196
00718,-10.677712576228283
00719,-0.5423797331895971
00720,-4.307451845722429
00723,-10.366879838438237
00725,-6.734925502885707
00727,-4.9354729307605805
00728,-4.3049149432128155
00729,-8.456473470637777
00730,-1.4296624408125858
00731,-24.448131582744193
00735,-12.432347635108636
00736,-5.382044723161977
00738,-4.642246023195386
00739,-7.228464419475655
00740,34.080421885299934
00741,-29.818111455108358
00745,-9.7484037701429
00751,-11.743483358888788
00754,-5.331814887669531
00757,-10.798665183537263
00765,-5.985552115583075
00766,-7.847561740002506
00767,-12.165401518178186
00769,-13.207928291882338
00771,-7.269592892189365
00772,-16.68591224018476
00773,-6.521739130434782
00775,-19.864864864864863
00777,-7.103986604614514
00778,-13.608810723128148
00780,19.08553814538916
00782,2.4346010112112553
00783,-0.10221962616822429
00784,-13.279571190573918
00786,-38.152610441767074
00791,-6.082621945066699
00794,-3.2803113052976514
00795,-5.865314989138305
00901,25.688073394495415
00906,62.637362637362635
00907,-1.2604792199298414
00909,-3.1307550644567224
00911,-6.958119994748589
00912,0.5912162162162162
00913,-16.79811653914067
00915,-10.24551463644948
00917,1.2448132780082988
00918,-3.730039168424224
00920,3.5633009941310334
00921,-4.567560649583345
00923,0.02423850690797447
00924,-8.934408789338285
00925,-18.24602707474985
00926,-5.403305551631586
00927,1.9477153225209214
00934,412.0
00949,-10.55378789870888
00950,
00951,
00952,-3.5313570331876694
00953,-8.992122080211546
00956,-3.8143516624788174
00957,0.665226569787422
00959,-0.2675082028882526
00960,38.75305623471883
00961,-5.629171099719509
00962,-1.2585581957309706
00965,-32.78495887191539
00966,1.7440781742841238
00968,5.522565320665083
00969,-3.313587560162903
00971,-3.712339247331414
00976,2.501080919280274
00979,11.096494113004013
00982,-4.3957558219649995
00983,-13.277182653255922
00985,-1.4809160305343512
00987,-7.637027806701603
01001,-8.507726521069738
01002,-24.06869220607662
01003,7.708202317851047
01005,-3.5301156761069006
01007,3.0994230511203544
01008,-3.2232704402515724
01009,82.03125
01010,-0.6713211600429645
01011,-12.541473125414731
01012,-17.13747645951036
01013,-0.5689220880743507
01020,0.8922648268541861
01022,-17.665130568356375
01026,12.004175365344468
01027,-0.8897593732512591
01028,0.7241891557316168
01029,-27.609890109890113
01030,12.041744715012042
01031,47.4370112945265
01032,-12.159709618874773
01033,-3.2380952380952377
01034,-10.722006052745352
01035,-0.11318619128466327
01036,-4.371269015983055
01037,-24.61139896373057
01038,-14.773904038660685
01039,53.055801594331264
01040,-5.331747683464645
01050,16.28106255355613
01053,13.691194209891435
01054,-10.215322984476716
01056,-2.1002297126248184
01057,-6.658334280195433
01060,-6.389471676521076
01062,-10.352318881647303
01063,263.93728222996515
01066,1388.888888888889
01068,-14.27798810167658
01069,-4.5184437717232875
01070,-10.361067503924646
01071,4.39469320066335
01072,-5.167785234899329
01073,1.5599343185550083
01074,45.492662473794546
01075,-3.604618417347226
01077,-4.808979507774688
01079,33.33333333333333
01080,5.608214849921011
01081,-6.075533661740558
01082,-0.9777192817523739
01083,-20.207416719044627
01084,-45.90163934426229
01085,-0.14405070584845864
01088,81.70426065162907
01089,0.2929789682954902
01092,26.037069726390115
01093,-58.333333333333336
01094,-86.54434250764525
01095,0.0955044682447643
01096,-3.49060222477944
01097,-33.33333333333333
01098,-19.81450252951096
01103,-6.807804068078041
01104,-4.35371271419505
01105,3.8272562710111195
01106,-0.18070787637088734
01107,10.076079263977352
01108,-9.427830596369922
01109,3.9037344398340252
01118,2.287802896981183
01119,7.147174372922333
01128,9.471050750536097
01129,-3.911111111111111
01144,
01151,6.562359297613687
01201,0.922389726409827
01220,-0.7550846425526733
01222,-23.838630806845966
01223,9.102509570395577
01224,-40.66985645933015
01225,2.2088987062164724
01226,-7.413364526977628
01229,45.348837209302324
01230,8.804880966622802
01235,-7.86222388618495
01236,35.756056808688385
01237,-7.9263711495116445
01238,0.18590501943552476
01240,9.548186067215669
01242,-46.31578947368421
01243,-59.45945945945946
01244,46.2962962962963
01245,3.1133250311332503
01247,-2.7001209959880277
01253,10.242587601078167
01254,-1.6376663254861823
01255,8.381839348079161
01256,-18.848167539267017
01257,4.303086997193639
01258,-47.33893557422969
01259,44.86166007905138
01260,-95.52572706935123
01262,60.810810810810814
01264,0.975609756097561
01266,-30.0
01267,3.680122246275309
01270,22.878228782287824
01301,0.9314140558848433
01330,9.46866485013624
01331,4.246668172577366
01337,-5.9405940594059405
01338,-61.76470588235294
01339,-5.163043478260869
01340,15.10353227771011
01341,-7.056798623063683
01342,-24.90051165434906
01343,263.04347826086956
01344,7.4440052700922275
01346,-11.85344827586207
01347,56.34920634920635
01349,-37.93663688058489
01350,19.767441860465116
01351,24.083295608872792
01354,8.915211970074813
01355,10.032715376226827
01360,-4.681274900398407
01364,-2.2509272285458497
01366,-3.3661740558292284
01367,-16.694214876033058
01368,10.562310030395135
01370,-7.911706349206349
01373,18.29326923076923
01375,-0.10922992900054614
01376,-4.474097331240189
01378,9.408602150537634
01379,-6.8181818181818175
01380,
01420,2.446761422318399
01430,3.9774557165861513
01431,-0.25039123630672927
01432,5.387511359210697
01434,2.9789719626168223
01436,6.76300578034682
01438,-31.616341030195382
01440,3.5860655737704916
01450,-0.6204573657152987
01451,15.809935205183583
01452,-5.304518664047151
01453,5.07648506490373
01460,3.3832273938896864
01462,5.515695067264574
01463,-3.17038758403187
01464,-6.3391442155309035
01468,-2.7885548011639187
01469,-3.836866112154548
01473,8.643933386201427
01474,-3.1568228105906315
01475,-5.1964984168374
01501,2.1386790153546187
01503,13.42801807617818
01504,-0.06521030322791001
01505,7.316534040671972
01506,1.086318261890781
01507,-0.3064504073548098
01510,10.768675568386863
01515,-0.1413094677343382
01516,5.351629502572899
01518,-12.693409742120343
01519,14.676280606879978
01520,12.163866941106168
01521,2.9880478087649402
01522,-17.357735201601372
01523,8.532643826761474
01524,-9.325574455386452
01525,-86.34361233480176
01527,2.448043783743806
01529,-1.8844609206054992
01531,-21.0906174819567
01532,4.886714036734147
01534,-5.892686042797828
01535,-0.21008403361344538
01536,-5.5389804125048645
01537,-17.201540436456998
01540,0.29861233093272443
01541,1.716114019778941
01542,22.444541104828186
01543,7.5505140021269055
01545,6.796437729190218
01550,4.8107723336101555
01560,5.740451194996649
01561,-100.0
01562,0.8350202429149798
01564,0.6625
01566,13.136863136863136
01568,1.5831819361536463
01569,1.262261973456434
01570,4.401512466028596
01571,2.1311334536392543
01581,13.399872584412826
01583,-2.1337871449142556
01585,3.861832224844454
01588,6.123276561232766
01590,-0.31192857911154137
01602,7.04709095423322
01603,3.488313898203293
01604,10.747307734145545
01605,6.429615197272284
01606,16.830967741935485
01607,-0.7817889169924119
01608,50.69712251557401
01609,12.271893405426281
01610,15.338339448758425
01611,-10.73031415748674
01612,3.4674922600619196
01701,2.7260265437098883
01702,-0.8361800846377403
01718,2.9329608938547485
01719,-1.5146051208077893
01720,1.7680776014109347
01721,6.614029065110424
01730,2.6869075618273826
01731,-11.332007952286283
01740,9.40584478420747
01741,0.9496124031007752
01742,-5.530619615126657
01745,10.578842315369261
01746,2.914364640883978
01747,1.1083123425692696
01748,12.129186602870814
01749,0.5241142972332812
01752,4.0733197556008145
01754,1.0511363636363635
01756,4.053377814845705
01757,5.983829371994146
01760,1.5651686966260674
01770,2.3709902370990235
01772,3.6449579831932777
01773,8.870799415570863
01775,0.708114997875655
01776,1.2247954217254104
01778,1.5884476534296028
01801,1.528173374613003
01803,-0.37926675094816686
01810,0.669964664310954
01821,-4.618523556324966
01824,2.5076075651939447
01826,4.397699366679592
01827,0.6592747977225052
01830,1.361031518624642
01832,9.99058702721205
01833,-2.100595168631112
01834,0.6719426608929371
01835,12.523951866329424
01840,32.94588414634146
01841,9.199710114918728
01843,9.289954513915658
01844,6.4391876903220595
01845,4.819356977129599
01850,-0.49733570159857904
01851,8.288384870514925
01852,5.1501898952698815
01854,-1.6880349108622845
01860,-0.5183649289099526
01862,4.215061820906707
01863,5.095541401273886
01864,-0.44236440569303753
01867,2.2053506869125092
01876,1.261788190451155
01879,0.650142218610321
01880,2.177693761814745
01886,1.8142566529663304
01887,-1.474211912651882
01890,1.0186456441826477
01901,-11.714589989350372
01902,7.700443817661454
01904,15.92378752886836
01905,5.455255959359125
01906,1.8867924528301887
01907,3.049193657677192
01908,-4.3577981651376145
01913,0.35428040422813334
01915,0.43445729043469866
01921,0.07292173067574137
01922,36.095305832147936
01923,1.2522361359570662
01929,-1.0577705451586654
01930,-0.09377721213745059
01937,29.411764705882355
01938,-0.13758146270818247
01940,-2.6294227188081933
01944,1.1075652337150366
01945,-0.0980728681410288
01949,0.12427506213753108
01950,2.6048071548351035
01951,-30.2504816955684
01952,1.627006087437742
01960,3.333779366505458
01965,
01966,-2.9370824053452114
01969,-0.9146341463414633
01970,3.358842548440371
01982,-4.74283569015142
01983,0.5541871921182266
01984,-4.749951728132844
01985,-0.528052805280528
02019,0.5670742512847776
02021,6.412895878049849
02025,-0.7506255212677231
02026,-0.835896222695371
02030,-0.60790273556231
02032,9.909297052154194
02035,5.89179275561669
02038,-0.20095606369698263
02043,4.7554996311884405
02045,-2.749471255527783
02047,235.3846153846154
02048,0.6461694399864853
02050,-0.44944683466502766
02052,1.8556701030927836
02053,0.0151952590791673
02054,5.169449901768173
02056,1.2205830698981384
02061,3.523905662108837
02062,7.630232478280279
02066,3.7468129919077704
02067,1.7908309455587392
02071,-5.852417302798982
02072,2.5160561789822853
02081,3.2648000826531667
02090,3.4396617986164486
02093,4.966801759075623
02108,0.16623129897886488
02109,-12.145149345840533
02110,2.951541850220264
02111,12.949543746645196
02113,-10.39657020364416
02114,0.8228278100702046
02115,-4.807823827109835
02116,-4.001723023906957
02118,3.9048490393412627
02119,-4.727905655015629
02120,-8.620141230358165
02121,4.708732750447699
02122,0.2515927443898876
02124,0.47572357192141485
02125,-9.505304362625518
02126,-14.230808826052641
02127,-2.9041522398475452
02128,-2.782124102454185
02129,4.925665308713825
02130,5.183212881957652
02131,-3.6015722599713578
02132,-7.0759515874408
02133,
02134,-0.48734562773439666
02135,4.305412250257949
02136,19.38701487123685
02138,0.8973133694382499
02139,7.78009140322886
02140,9.200993058722197
02141,5.401053864168618
02142,52.74837828610447
02143,-5.393493444888507
02144,1.3775220808686492
02145,4.774877033673856
02148,6.660692464358451
02149,8.20572088991621
02150,1.558719405037822
02151,12.471924711822249
02152,3.479963025392855
02155,6.848558858462002
02163,-22.38224990268587
02169,7.776657646663483
02170,2.5419368117731813
02171,11.389993837189758
02176,4.781032276411204
02180,4.666090044157145
02184,4.492745806590799
02186,4.199513205216697
02188,0.07842624665054572
02189,2.779611778687442
02190,6.32213608957795
02191,-1.5445939212755355
02199,3.7383177570093453
02203,-100.0
02205,
02210,118.70448447681103
02215,-2.0021580146265436
02301,12.891389432485322
02302,4.866877456339943
02322,5.863921217547001
02324,-5.886855726470803
02325,
02330,0.20659378497030215
02332,3.011816080143848
02333,0.5663939584644431
02338,-0.14213722703191625
02339,3.1058068118369624
02341,-0.44507575757575757
02343,4.919557332837348
02346,0.4220806091202516
02347,2.948990435706695
02350,
02351,4.473118279569892
02356,-5.308498253783469
02357,11.96943972835314
02359,0.5485463521667581
02360,4.977777777777778
02364,3.7244511733535197
02366,10.76923076923077
02367,0.37774725274725274
02368,2.257210123602119
02370,-0.7171270099165219
02375,15.727510565506138
02379,7.461008852044401
02382,1.897201291711518
02420,12.188764661499416
02421,-4.770788912579958
02445,6.498507750072206
02446,4.66243814963637
02451,-1.431942507776467
02452,2.3270846800258567
02453,5.816141622525787
02457,4.642857142857143
02458,1.9334135579622946
02459,-1.4943768294561701
02460,-0.23206538189890022
02461,-2.2872192958136957
02462,-5.394736842105264
02464,9.033280507131538
02465,-2.3860634081902243
02466,3.396358543417367
02467,-1.7914498982130738
02468,0.3771551724137931
02472,1.6851505113063516
02474,0.4959326387897816
02476,4.568497995755718
02478,3.9475713184271393
02481,4.850082776381139
02482,-0.09986382206082615
02492,5.286168521462639
02493,-2.2283196142013804
02494,4.504417046888651
02532,-1.8369948264227338
02534,79.14110429447852
02535,29.140580535002847
02536,8.952112969621176
02537,-2.495435179549604
02538,25.847101652198262
02539,20.200372786579685
02540,3.8702676633711115
02542,-13.053348467650396
02543,-11.881188118811881
02553,117.14285714285715
02554,30.8876298394712
02556,-17.218543046357617
02557,-58.84491978609626
02558,142.99065420560748
02559,-20.431976166832175
02561,48.0
02562,15.857712765957446
02563,7.020313651194611
02564,-42.30769230769231
02568,108.46341463414635
02571,-3.7477148080438756
02575,7.819611088125776
02576,-9.583418838497845
02584,140.0
02601,14.041027683728341
02630,-15.590689503732982
02631,4.519309778142974
02632,20.215660586516172
02633,15.092478421701601
02635,-8.906392002423507
02637,129.07801418439718
02638,4.483560278977084
02639,12.173618175652763
02641,67.01570680628272
02642,16.625916870415647
02643,
02644,-12.633735488276804
02645,14.859184531315679
02646,7.973421926910299
02647,31.40495867768595
02648,17.984519653968736
02649,7.755799060765618
02650,13.024282560706402
02652,5.7324840764331215
02653,7.061812023708722
02655,5.64937058642923
02657,22.96747967479675
02659,-11.067961165048544
02660,-0.7961544239146763
02663,381.25
02664,0.6069802731411229
02666,-1.09717868338558
02667,26.504065040650403
02668,-12.18382614891343
02670,15.716753022452504
02671,-15.6355455568054
02672,-92.3913043478261
02673,10.110753840657377
02675,13.794741843522331
02702,-1.2522361359570662
02703,4.57970491359473
02713,28.000000000000004
02715,-2.241425870915474
02717,1.701041888156496
02718,14.583002382843526
02719,-0.7986522742871405
02720,-1.8248409689648526
02721,3.163363478930152
02723,20.56757516156224
02724,6.0606060606060606
02725,-3.8320423970648188
02726,0.6517337382941027
02738,4.738400789733465
02739,4.259407526020817
02740,6.722977612965251
02743,0.22024322512687924
02744,11.453862660944205
02745,3.251831727998683
02746,4.150412483212892
02747,-9.271045485403938
02748,1.0162601626016259
02760,7.560885608856088
02762,9.044444444444444
02763,-17.17537506466632
02764,15.263429752066116
02766,-1.7320010248526776
02767,10.087030960194037
02769,5.204336947456214
02770,7.020580880938641
02771,3.4632613492010433
02777,5.887435201184893
02779,2.0814479638009047
02780,3.091862266174193
02790,3.7834765032844873
02791,32.97491039426524
02802,-22.259136212624583
02804,23.314065510597302
02806,5.567887532371439
02807,15.903614457831324
02808,-8.346456692913385
02809,0.4570301998386952
02812,-22.997032640949556
02813,3.040453491368204
02814,-2.258403361344538
02815,-31.28205128205128
02816,1.4817536125397992
02817,7.412886259040105
02818,8.327883148027034
02822,-2.848692403486924
02823,
02824,
02825,8.92227787052495
02826,-48.77102199223803
02827,11.67562286272594
02828,-5.466614603670441
02829,
02830,19.77341122322535
02831,17.791411042944784
02832,3.802039082412914
02833,-25.555555555555554
02835,0.8900999091734786
02836,-35.55555555555556
02837,2.86850326611758
02838,-11.168032786885245
02839,-10.32547699214366
02840,2.4928009627369234
02841,-17.278185456971315
02842,5.783941787424591
02852,5.662253151972525
02857,-11.200796107916851
02858,-60.98226466575716
02859,-1.7640721788311338
02860,1.5311555006601645
02861,9.394746254421174
02863,15.282289249806652
02864,4.905375595030768
02865,9.068160152526215
02871,3.3964462569181473
02872,-67.11409395973155
02873,-54.88372093023256
02874,2.097678142514011
02875,-71.19476268412438
02876,266.1111111111111
02878,2.860743541272842
02879,7.875192901234568
02881,-8.47997959704157
02882,-3.046726234070602
02885,5.956919557758292
02886,6.4296915838996345
02888,-4.578849337748345
02889,2.7238629328866395
02891,4.731111216775236
02892,18.947156921840467
02893,5.63568010936432
02894,3.9249146757679183
02895,3.987183193601233
02896,-5.54409702169788
02898,28.868841082581543
02903,10.550964187327825
02904,1.667643801706729
02905,0.6941993175667726
02906,-8.029222473473647
02907,12.724953457905261
02908,4.797769975073039
02909,2.661111646276852
02910,9.214606377562827
02911,0.34151277510751327
02912,253.08370044052865
02914,0.9706032601123857
02915,-2.163547502682084
02916,-1.512623734845957
02917,6.534823731728288
02918,
02919,1.0082650296649405
02920,-0.6621268807364143
02921,-5.277454404346138
03031,3.5226077812828605
03032,12.393727564708106
03033,9.03660886319846
03034,5.737292400603926
03036,6.119554204660588
03037,7.30593607305936
03038,2.6444953446173067
03042,5.047549378200439
03043,-9.353421217827998
03044,5.335704757670076
03045,1.5048369759942675
03046,7.604017216642754
03047,2.059496567505721
03048,3.932082216264522
03049,8.355829798174573
03051,2.128258770518185
03052,0.688345596961785
03053,3.725758429226684
03054,6.15270280841743
03055,6.839981477806443
03057,2.0751761942051683
03060,5.384950269582398
03062,5.569981348059833
03063,-2.35820164155335
03064,3.932823129251701
03070,11.621522693997072
03071,0.15278838808250572
03076,6.740223673346844
03077,3.4373499759961597
03079,4.514618271979063
03082,-7.381776239907728
03084,-2.556818181818182
03086,9.46808510638298
03087,9.899609592861127
03101,26.986624704956725
03102,6.02368016079897
03103,0.01617817564106021
03104,8.500139651801508
03106,4.7687138056767
03109,-4.4047180243273125
03110,6.203733139561288
03215,29.84293193717277
03216,-18.911402463249903
03217,-0.13380909901873325
03218,86.96711327649209
03220,1.3598041881968996
03221,-0.9194395796847635
03222,1.2366884232222604
03223,0.44576523031203563
03224,4.225978647686833
03225,-8.169317875438123
03226,-18.0
03227,42.53658536585366
03229,5.53972212326327
03230,8.911614317019723
03231,-58.64661654135338
03233,124.73118279569893
03234,4.170249355116079
03235,2.556059021726502
03237,12.295869356388089
03238,-36.22047244094488
03240,1.954120645709431
03241,42.28855721393035
03242,24.545268751277334
03243,-4.651162790697675
03244,-4.639880582161961
03245,-1.0246856078248718
03246,4.348093859703147
03249,8.63450991421741
03251,14.886983632112235
03253,6.822891758329348
03254,21.82394537917581
03255,0.0
03256,12.50542770299609
03257,-7.004882190617703
03258,1.3724742661075104
03259,-17.449664429530202
03260,39.35574229691877
03261,7.421150278293136
03262,28.94168466522678
03263,0.862493839329719
03264,-3.2857941834451907
03266,-16.81759379042691
03268,33.36283185840708
03269,-0.5381769256643122
03273,-12.711864406779661
03275,5.0296891372685995
03276,6.271861054155107
03278,4.198473282442748
03279,8.380681818181818
03280,-13.280632411067195
03281,2.096177558569667
03282,31.751824817518248
03284,4.041720990873533
03285,34.1403162055336
03287,8.135349172066235
03290,4.23538994094889
03291,538.0952380952382
03293,-80.3448275862069
03301,4.88858712425159
03303,-0.16105054509415262
03304,6.698626587198755
03307,4.349435498796965
03431,-2.529662842150605
03440,8.492330714552937
03441,83.07692307692308
03442,7.370659107016301
03443,-58.49315068493151
03444,13.995943204868155
03445,-6.2755798090040935
03446,10.913102511880515
03447,-0.8669267446900737
03448,21.988795518207283
03449,-4.083825900053735
03450,7.0098576122672505
03451,-0.32679738562091504
03452,0.9220925856228829
03455,6.65425779432294
03456,13.418079096045199
03457,14.518518518518519
03458,1.0898379970544918
03461,7.343880099916736
03462,2.2696929238985315
03464,-15.187557182067705
03465,-13.428047662694775
03466,27.99412196914034
03467,14.783586284429454
03470,-5.343071305016337
03561,1.7748478701825559
03570,-7.6705928161199255
03574,-0.6679764243614932
03575,-100.0
03576,-11.421911421911423
03579,17.464788732394364
03580,1.9313304721030045
03581,8.02367642222953
03582,-17.618857371154615
03583,-2.897102897102897
03584,-7.675791733762748
03585,-4.696235557212076
03586,3.600654664484452
03588,1.964512040557668
03590,37.12643678160919
03592,-8.823529411764707
03593,-1.9230769230769231
03595,21.1890243902439
03597,83.06010928961749
03598,8.38810641627543
03601,8.144796380090497
03602,-14.005092761004
03603,-1.5657423127711751
03604,-100.0
03605,8.101851851851851
03607,-31.62393162393162
03608,17.918414029736944
03609,-30.075187969924812
03740,56.313497822931794
03741,4.939516129032258
03743,-0.6696266103792125
03745,27.941176470588236
03748,-3.6244171259008056
03750,34.41558441558442
03751,-25.793650793650798
03752,47.13114754098361
03753,15.413279132791327
03755,-6.620145073914241
03765,-16.843971631205672
03766,11.417789757412399
03768,-0.7075471698113208
03770,27.6
03771,-8.839190628328009
03773,1.931415057154119
03774,-14.119359534206696
03777,-16.951296647691336
03779,-1.9630484988452657
03780,5.638474295190713
03781,-5.105724600309438
03782,1.184990125082291
03784,1.975609756097561
03785,1.3647058823529412
03801,2.8446779147932153
03809,4.236311239193084
03810,21.46652497343252
03811,5.969486002073767
03812,77.03435804701627
03813,39.02624572080639
03814,6.953924914675767
03816,9.95508982035928
03817,25.462304409672832
03818,-7.291151754819575
03819,-5.469970975664211
03820,6.422522464283406
03823,18.405564472980203
03824,-6.6571711667079505
03825,3.6975349766822116
03826,32.36968900569426
03827,-1.9522776572668112
03830,-38.775510204081634
03832,2.898550724637681
03833,3.985423681904147
03835,-0.8340649692712907
03836,1.67427701674277
03837,-2.1712907117008444
03838,6.195546950629235
03839,-0.18120631633445508
03840,1.0221889803041637
03841,-2.2909147967989956
03842,5.773141769992784
03844,1.843910806174957
03845,-12.071778140293638
03846,19.54022988505747
03847,-46.21848739495798
03848,1.6821819369590068
03849,-0.802334062727936
03850,-61.19402985074627
03851,6.418061897513952
03852,-52.42424242424243
03853,60.311284046692606
03854,-1.4176663031624863
03855,1.8024784078107396
03856,27.325208466966007
03857,4.409641230700878
03858,-0.33167495854063017
03860,-6.02465689695278
03861,3.931428571428571
03862,2.8003613369467026
03864,17.141126589945486
03865,2.630201517927244
03867,5.350240407278212
03868,24.01168451801363
03869,-1.7806556050182114
03870,-3.1835205992509366
03871,483.6065573770492
03872,18.549100560306695
03873,5.777633921346497
03874,-3.137298999212864
03875,4.480135249366018
03878,1.9654154365246732
03882,22.64808362369338
03883,494.8979591836735
03884,9.48098663926002
03885,6.752456067524561
03886,-37.50611246943765
03887,-1.0131712259371835
03890,-81.38686131386861
03894,5.23940029018217
03897,
03901,6.009551605200318
03902,7.372322899505766
03903,7.3354231974921635
03904,2.1917118024940168
03905,16.374269005847953
03906,6.3562925170068025
03907,3.2867707477403454
03908,2.1458644574222463
03909,9.890221589754015
03910,-100.0
03911,337.5
04001,4.745098039215686
04002,2.1727467811158796
04003,-65.73816155988858
04005,5.941148593339364
04006,-53.987730061349694
04008,7.721872816212438
04009,1.5903067020068156
04010,21.9187675070028
04011,5.691175754032061
04015,-2.920095566764003
04017,31.497797356828194
04019,292.85714285714283
04020,45.927075252133434
04021,4.539007092198582
04022,3.8567493112947657
04024,-30.76923076923077
04027,5.366407263294422
04029,29.574742268041238
04030,-14.63583016914049
04032,4.869816779170685
04037,0.36784025223331585
04038,4.968799206858343
04039,4.723364733979037
04040,-2.3733162283515075
04041,-4.363001745200698
04042,6.550413592667113
04043,3.0562238260714603
04046,2.986811481768813
04047,-7.427341227125941
04048,8.822542770882254
04049,5.603448275862069
04050,9.72762645914397
04051,34.3311506080449
04055,-0.380420999239158
04056,-69.00584795321637
04057,64.0625
04061,-1.456639566395664
04062,3.7383177570093453
04063,25.661914460285136
04064,2.0474921250302884
04066,1.5772870662460567
04068,-7.133995037220843
04069,-5.26939017169923
04071,-2.898550724637681
04072,6.896010874679773
04073,5.528583565966744
04074,13.503518413888745
04076,8.773234200743495
04079,9.989648033126294
04083,4.5247839927239655
04084,-3.2406797523382957
04085,24.279999999999998
04086,9.488382740070962
04087,36.828240252897785
04088,-21.07843137254902
04090,13.107085987261147
04091,-11.270983213429256
04092,12.023573474333555
04093,3.064476587398872
04095,20.394736842105264
04096,5.768777960913586
04097,9.933065595716197
04101,3.9403124271391934
04102,-1.6632016632016633
04103,3.5219268348102704
04105,6.939547682517844
04106,4.409822052995571
04107,4.846348716819033
04108,0.11655011655011654
04109,69.87951807228916
04110,34.074074074074076
04210,4.781831655115296
04216,70.41095890410959
04217,14.033898305084747
04219,-21.907692307692308
04220,14.909939959973315
04221,17.358078602620086
04222,6.803069053708439
04224,8.091832894241625
04226,-57.59162303664922
04227,25.0
04231,-15.568862275449103
04234,-100.0
04236,0.5282498851630685
04237,30.726256983240223
04238,-31.96544276457883
04239,-1.0034158838599487
04240,3.772334373532905
04250,12.150871329672954
04252,6.149903907751442
04253,-9.64785335262904
04254,0.32776138970829233
04255,0.881057268722467
04256,4.739336492890995
04257,5.267175572519084
04258,6.60486674391657
04259,10.714285714285714
04260,0.45782708223278745
04261,-20.460358056265985
04263,-1.434782608695652
04265,-37.60071620411817
04267,24.137931034482758
04268,2.918679549114332
04270,-8.237232289950576
04271,
04274,5.847427132061893
04275,118.76832844574781
04276,2.4607329842931938
04280,3.9106982319448607
04281,1.5151515151515151
04282,1.3050287106316338
04284,6.580259222333002
04285,0.0
04286,-100.0
04287,-0.4727387330601954
04289,-6.427221172022684
04290,19.11764705882353
04292,-6.454630495790459
04294,-2.325006183527084
04330,2.996956216342777
04341,
04342,1.45413870246085
04344,5.657708628005658
04345,8.297328277929635
04346,-24.316260566882146
04347,4.280472890338361
04348,19.522998296422486
04349,24.71264367816092
04350,-0.16615895873719191
04351,-6.4655172413793105
04352,1.7610062893081762
04353,-4.221190375685943
04354,-2.4275118004045853
04355,2.3474178403755865
04357,5.300774270399048
04358,5.949820788530466
04359,-28.665207877461707
04360,45.248868778280546
04363,3.2018742678641154
04364,3.8051750380517504
04401,-0.6572748889586792
04406,3.230769230769231
04408,13.953488372093023
04410,-1.1786038077969174
04411,14.546684709066307
04412,5.08345151085415
04413,-24.778761061946902
04414,45.49214226633582
04415,2.6515151515151514
04416,2.476609796367639
04417,74.67811158798283
04418,15.60880829015544
04419,3.9398280802292263
04421,1.018808777429467
04422,-25.6288239292998
04424,26.897470039946736
04426,7.192829033668562
04427,2.929756441934345
04428,22.03626220362622
04429,6.788115376274127
04430,-14.57871396895787
04431,221.0526315789474
04434,5.078809106830122
04435,10.273327049952876
04438,34.58799593082401
04441,-7.364544976328248
04442,1127.2727272727273
04443,-7.8824030677460595
04444,4.645669291338582
04448,-3.9202200825309492
04449,-31.28048780487805
04450,19.234116623150566
04451,35.8974358974359
04453,24.463519313304722
04454,-75.0
04455,-13.953488372093023
04456,0.8160489629377763
04457,-0.872540633019675
04459,-23.042505592841163
04460,2.73972602739726
04461,2.365089940039973
04462,-5.49496644295302
04463,-10.792804796802132
04464,-15.437392795883362
04468,0.032499187520311994
04469,14.208494208494207
04471,-6.8471337579617835
04472,-11.345522737927801
04473,-1.8380586256607399
04474,3.917301414581066
04475,-5.607476635514018
04476,-10.131795716639209
04478,70.13422818791946
04479,-15.167286245353159
04481,11.83673469387755
04485,-9.405940594059405
04487,-13.247863247863249
04488,-11.3776559287183
04489,0.6153846153846154
04490,-9.16030534351145
04491,9.219858156028367
04492,-42.26190476190476
04493,-4.002106371774619
04495,-37.78966131907308
04496,-0.8783260139498837
04497,8.150470219435736
04530,7.3188808597368915
04535,-3.7371134020618557
04537,-27.84746613146011
04538,-9.578344612181155
04539,28.985507246376812
04541,27.906976744186046
04543,11.954365079365079
04544,95.37892791127541
04547,10.628019323671497
04548,-5.856832971800434
04551,-0.6097560975609756
04553,6.836055656382335
04554,-20.0
04555,-9.334889148191365
04556,21.441774491682068
04558,74.68354430379746
04562,-10.78252957233849
04563,-0.7457627118644068
04564,-25.085910652920962
04568,17.539863325740317
04570,
04571,-2.987697715289982
04572,3.642914331465172
04573,-18.003565062388592
04574,13.612217795484726
04575,416.92307692307696
04576,-22.425249169435215
04578,5.913122583579714
04579,1.401107852720756
04605,6.258591997684683
04606,10.575139146567718
04607,17.20430107526882
04609,-3.640776699029126
04611,26.666666666666668
04612,2.941176470588235
04613,-24.390243902439025
04614,8.033989957512553
04616,-13.068844807467912
04617,-9.147869674185463
04619,1.9880715705765408
04622,-26.751054852320678
04623,20.600858369098713
04624,-30.612244897959183
04625,-27.77777777777778
04626,-3.1835205992509366
04627,18.424101969872538
04628,-28.01724137931034
04630,-7.459677419354839
04631,-13.43817012151537
04634,7.3224043715847
04635,-77.77777777777779
04640,14.662894860914664
04642,91.56626506024097
04643,-16.830708661417322
04645,59.25925925925925
04646,40.845070422535215
04648,-14.798850574712644
04649,-8.70552611657835
04650,8.949416342412452
04652,-16.418764302059497
04653,41.98782961460446
04654,4.507564062982402
04655,-15.384615384615385
04657,8.417508417508419
04658,-9.33774834437086
04660,-0.6311992786293958
04662,-0.20491803278688525
04664,42.38721804511278
04666,10.887772194304858
04667,-5.293276108726753
04668,8.541147132169575
04669,-21.311475409836063
04671,18.785578747628083
04673,1.639344262295082
04674,-27.209302325581397
04675,-65.70247933884298
04676,17.251755265797392
04677,-23.118279569892472
04679,-11.163895486935866
04680,1.6286644951140066
04681,-27.416520210896312
04683,-100.0
04684,9.40809968847352
04685,-14.549180327868852
04686,114.6067415730337
04691,52.366863905325445
04693,-4.824561403508771
04694,6.763504312301408
04730,3.2218471923903036
04732,-10.0
04733,108.1896551724138
04734,12.737127371273713
04735,-16.43598615916955
04736,-2.884822389666308
04737,
04739,-9.6
04740,13.93372982158029
04742,-1.3068013068013067
04743,0.7717041800643086
04745,-5.831533477321814
04746,-17.12473572938689
04747,-6.9015097052480225
04750,-14.778761061946902
04756,-2.267156862745098
04757,-9.043838453572661
04758,2.3487544483985765
04760,5.007363770250368
04761,-6.626506024096386
04762,-16.80395387149918
04763,-11.11111111111111
04764,-75.0
04765,-10.512597741094702
04766,-21.204819277108435
04768,14.739884393063585
04769,-5.126541207008436
04772,9.801488833746898
04773,13.278688524590162
04774,19.88188976377953
04776,-6.647116324535679
04777,0.0
04779,7.419354838709677
04780,6.642941874258599
04781,-4.646840148698884
04783,-1.9271948608137044
04785,-1.094391244870041
04786,-20.363101079489695
04787,-25.766871165644172
04841,-3.0260966129927818
04843,7.9388050444490394
04847,17.936925098554536
04848,-18.708827404479578
04849,-0.522466039707419
04851,41.7910447761194
04852,128.84615384615387
04853,-17.037037037037038
04854,-7.633098139833226
04855,16.157205240174672
04856,8.34326579261025
04858,-4.1928721174004195
04859,-2.375
04860,-0.5006257822277848
04861,-0.5059631369714492
04862,6.635682933126776
04863,-16.01027397260274
04864,3.548661283467913
04901,-0.7798732705935285
04910,16.953441295546558
04911,-12.03615604186489
04912,-17.752100840336134
04915,2.669079393802307
04917,16.315601570867546
04918,-100.0
04920,1.3205282112845138
04921,-3.6452004860267313
04922,-31.260364842454397
04923,11.777301927194861
04924,-6.924384027187766
04925,-84.76190476190476
04926,-100.0
04927,0.2074688796680498
04928,0.36496350364963503
04929,-12.541620421753608
04930,2.3492371034148705
04932,-6.761006289308176
04936,-6.282722513089005
04937,-2.410373760488177
04938,5.925467120883658
04939,-33.95311236863379
04940,
04941,12.435233160621761
04942,-15.632183908045977
04943,-1.4285714285714286
04944,36.84210526315789
04945,30.736842105263158
04947,13.105413105413104
04949,0.683371298405467
04950,0.25391451544646637
04951,11.466942148760332
04952,-10.962429233144622
04953,-2.8739184177997528
04955,-7.530312699425654
04956,-23.22222222222222
04957,-3.454065723195011
04958,7.010710808179163
04961,-13.679245283018867
04963,1.5418502202643172
04964,-4.201680672268908
04965,4.680643588493418
04966,-6.511891279728199
04967,-4.105571847507331
04969,3.046875
04970,3.5027472527472527
04971,-16.114180478821364
04973,-4.84196368527236
04974,1.7671917018824435
04975,
04976,3.2404073654973766
04978,48.503937007874015
04979,-10.367170626349893
04981,10.079928952042629
04982,-32.091097308488614
04983,-10.700280112044817
04984,15.203761755485893
04985,302.6315789473684
04986,44.89051094890511
04987,-2.532928064842958
04988,-17.097581317764803
04989,10.822722820763957
04992,-100.0
05001,5.873312108903282
05009,
05030,
05031,-62.83185840707964
05032,22.419627749576986
05033,13.31582895723931
05034,-63.36088154269972
05035,20.349761526232115
05036,0.9540329575021683
05037,56.227106227106226
05038,11.24031007751938
05039,-1.9553072625698324
05040,19.63302752293578
05041,-47.417840375586856
05042,37.09016393442623
05043,30.29953917050691
05045,-6.80021085925145
05046,16.25659050966608
05048,-4.849137931034483
05050,-17.482517482517483
05051,-23.620582765034097
05052,155.71428571428572
05053,-37.04496788008566
05055,4.964539007092199
05056,3.416856492027335
05058,-57.27554179566563
05059,-14.663951120162933
05060,-7.589089309282886
05061,24.21555252387449
05062,-27.086383601756953
05065,5.283018867924529
05067,-44.09448818897638
05068,-7.677664974619288
05069,14.339622641509434
05070,-11.776061776061777
05071,32.38095238095238
05072,12.072072072072073
05073,
05075,9.789569990850868
05076,25.24271844660194
05077,-2.2847100175746924
05079,19.529085872576175
05081,2.5974025974025974
05083,32.142857142857146
05084,-32.82442748091603
05086,-15.210843373493976
05088,
05089,-7.63582966226138
05091,0.8536944362672947
05101,-5.64516129032258
05141,-20.394736842105264
05142,13.201820940819422
05143,12.886363636363637
05146,-8.55539971949509
05148,41.41610087293889
05149,5.7075471698113205
05150,-50.0
05151,4.411764705882353
05152,23.676880222841227
05153,13.295615275813297
05154,23.157894736842106
05155,-8.985879332477536
05156,2.680935569285084
05158,15.492957746478872
05161,49.532710280373834
05201,4.064529645924995
05250,8.781311567689276
05251,-8.653846153846153
05252,139.31297709923663
05253,-6.070287539936102
05254,116.25615763546797
05255,0.44096031357177856
05257,8.315412186379929
05260,-53.451327433628315
05261,-8.297623685235683
05262,-13.837312113174182
05301,2.0379436964504283
05340,26.99490662139219
05341,46.05911330049261
05342,-1.9230769230769231
05343,44.065484311050476
05344,
05345,-28.37342030167142
05346,0.9012464046021093
05350,5.226960110041266
05351,
05352,13.97228637413395
05353,60.58230683090705
05354,13.902548055431382
05355,-7.244501940491591
05356,-20.451693851944793
05358,156.02409638554218
05359,37.37166324435318
05360,115.07537688442211
05361,-8.25515947467167
05362,238.1818181818182
05363,-0.363447559709242
05401,11.385931955750365
05403,9.259760654139818
05404,12.203248646397334
05405,-40.06052141527002
05408,3.847740870641634
05439,-14.75826972010178
05440,12.682038834951456
05441,-34.371643394199786
05442,2.2900763358778624
05443,-7.450523864959255
05444,-3.2333921222810114
05445,2.4096385542168677
05446,3.4018786494034017
05447,15.217391304347828
05448,-11.052631578947368
05450,5.403257846642829
05452,6.310679611650485
05454,7.157422512234911
05455,25.550239234449762
05456,-21.17940199335548
05457,4.712717882504842
05458,2.2222222222222223
05459,2.9164329781267524
05461,5.23356401384083
05462,-6.896551724137931
05463,11.538461538461538
05464,-8.137762877171593
05465,2.0635500365230093
05468,-2.235007745076344
05471,-17.20430107526882
05472,16.476247745039085
05473,11.062271062271062
05474,19.52479338842975
05476,4.9000644745325594
05477,-2.682926829268293
05478,7.358553732842317
05481,
05482,0.9055627425614489
05483,14.71747700394218
05485,-100.0
05486,-7.2782874617737
05487,11.783644558918223
05488,-0.6965174129353234
05489,12.473052048044348
05491,1.344364012409514
05492,3.753351206434316
05494,-9.57983193277311
05495,8.967173738991193
05602,7.370398838500298
05640,114.52991452991452
05641,2.723450923048803
05647,15.289648622981955
05648,44.050632911392405
05649,-29.268292682926827
05650,-24.581939799331103
05651,9.335219236209335
05652,-14.97076023391813
05653,52.38095238095239
05654,31.72561629153269
05655,2.267343485617597
05656,-3.403431101272828
05658,-1.4896373056994818
05660,7.12682379349046
05661,4.664371772805508
05663,-0.3112033195020747
05664,-100.0
05666,
05667,4.297597042513863
05669,40.36697247706422
05670,
05672,18.338629142078982
05673,-8.420208500400962
05674,1.1655011655011656
05675,-22.14765100671141
05676,-2.271332105586249
05677,4.523281596452328
05678,-56.25
05679,-11.622554660529344
05680,-8.02919708029197
05681,-64.28571428571429
05682,6.6322136089577945
05701,2.4269415532425938
05730,40.61433447098976
05731,
05732,37.269772481040086
05733,2.14853662662832
05734,-2.9367469879518073
05735,-11.008054674151818
05736,-26.961483594864475
05737,-30.46683046683047
05738,13.180272108843539
05739,-12.818791946308725
05742,15.346534653465346
05743,2.5838509316770186
05744,-39.44444444444444
05746,
05747,0.967741935483871
05748,60.0
05751,8.039492242595205
05753,4.52458389133346
05757,-15.955056179775282
05758,-5.84045584045584
05759,22.035928143712574
05760,-30.85904920767306
05761,3.5294117647058822
05762,5.825242718446602
05763,12.908067542213884
05764,-8.062108091967751
05765,11.031175059952037
05766,-16.835016835016837
05767,22.620169651272384
05768,
05769,6.943192064923355
05770,7.536764705882352
05772,15.151515151515152
05773,16.10091743119266
05774,-2.7455121436114043
05775,23.50597609561753
05776,-46.43962848297213
05777,-2.033701336432307
05778,61.732283464566926
05819,-0.117096018735363
05820,-28.57142857142857
05821,-13.883847549909255
05822,21.0062893081761
05824,-4.754358161648177
05825,-52.42718446601942
05826,-16.122004357298476
05827,44.827586206896555
05828,4.785643070787637
05829,1.2026458208057726
05830,-10.793237971391417
05832,46.64131812420786
05833,-85.76779026217228
05836,14.154870940882597
05837,-5.376344086021505
05839,-13.179347826086957
05840,
05841,-16.54501216545012
05842,2.8282828282828283
05843,-0.12412081092263137
05845,4.272151898734177
05846,10.36036036036036
05847,30.76923076923077
05850,6.944444444444445
05851,-10.174110522331567
05853,58.07086614173228
05855,7.532028720259046
05857,-30.794240594519273
05858,-27.1356783919598
05859,20.961430967020682
05860,4.590525156077855
05862,26.90909090909091
05866,15.384615384615385
05867,-34.71615720524017
05868,-79.00874635568513
05871,-8.286516853932584
05872,9.84009840098401
05873,4.186046511627907
05874,20.146520146520146
05875,-7.756813417190776
05901,-100.0
05902,-36.71497584541063
05903,-35.84499461786868
05904,45.73170731707317
05905,33.75886524822695
05906,3.265940902021773
05907,-3.937007874015748
06001,3.006303539679974
06002,2.935533384497314
06010,0.9570564316175743
06013,-0.4271723275682434
06016,-4.655147793802656
06018,-7.39972337482711
06019,-5.112038025026676
06020,
06021,319.4736842105263
06022,153.33333333333334
06023,19.93911719939117
06024,20.27027027027027
06026,-1.264367816091954
06027,-17.725752508361204
06029,4.023929471032746
06031,-1.790633608815427
06032,6.252507307008997
06033,1.6754145086725296
06035,0.6183973202782788
06037,-3.6170212765957444
06039,-2.7950310559006213
06040,6.540407691195604
06042,-3.9174121338025185
06043,-1.9405700424499697
06051,5.8515254689899185
06052,2.4978144123891597
06053,-2.0498220640569396
06057,-2.5649246553382494
06058,30.881378396288934
06059,
06060,-10.138781804163454
06061,1080.3921568627452
06062,-1.5051951698960966
06063,6.37616148670298
06065,-5.981794538361508
06066,3.5521367521367524
06067,3.4474144391706223
06068,43.43015214384509
06069,6.739679865206402
06070,-2.3338967624496165
06071,-8.20432082568005
06072,
06073,-0.3913561340820147
06074,3.8872955584838387
06076,-5.5265654648956355
06078,-14.539463108824949
06079,
06080,
06081,44.35548438751001
06082,-7.312589670014347
06084,-1.334411645774363
06085,-2.7985555842145993
06088,2.2015433499773036
06089,-2.7530828792658446
06090,-11.70534813319879
06091,23.333333333333332
06092,3.4077555816686247
06093,14.785029384472626
06095,1.1751365838573342
06096,0.0
06098,-18.878281622911693
06103,40.967365967365964
06105,-4.775745427211225
06106,0.5614163359097556
06107,11.22027164868202
06108,-4.400474871388998
06109,3.0195112710740672
06110,3.6734363621652237
06111,-0.4738097572133451
06112,0.5444230945191691
06114,-6.844568284928375
06117,-5.657207990881276
06118,4.690431519699812
06119,-9.512588366612922
06120,-5.150939413130674
06226,-3.0107636068237205
06231,2.074802074802075
06232,-0.5976722239698019
06234,1.8731117824773416
06235,-5.147058823529411
06237,-2.9768467475192946
06238,-1.6375020067426553
06239,6.23429794361217
06241,-2.109216989309448
06242,2.2801302931596092
06243,217.07317073170734
06247,-16.46120377084844
06248,-8.476303720061152
06249,-1.3394090030378347
06250,28.889797587405436
06254,-0.8385744234800839
06255,-2.809118121114437
06256,5.868653935724266
06258,
06259,-1.4808166928427193
06260,-1.5017573756523592
06262,-16.77018633540373
06263,-9.95850622406639
06264,267.1875
06266,-50.32822757111597
06268,20.99514563106796
06269,-12.498765919636687
06277,6.339066339066339
06278,0.8209806157354618
06279,-5.578093306288032
06280,5.835712020298129
06281,7.81272860277981
06282,-13.71640407784986
06320,1.4668578361089666
06330,0.0
06331,0.15766653527788727
06332,49.36305732484077
06333,0.6262453743239397
06334,-7.391304347826087
06335,-5.45981393930151
06336,-8.21917808219178
06338,
06339,11.94717072579668
06340,-4.985750424285119
06350,34.42622950819672
06351,-2.461003045180536
06353,5.633802816901409
06354,-16.936740417575567
06355,0.9054895302773062
06357,-2.757864552584971
06359,-3.6054548851111528
06360,0.1479926810892261
06365,0.554016620498615
06370,11.714407866609662
06371,3.2191284546113237
06373,-66.95402298850574
06374,10.703572402508863
06375,-3.75
06376,-83.203125
06377,7.365439093484419
06378,1.5356151711378354
06379,-0.18909899888765294
06380,1.9453797231575012
06382,-15.66463515071652
06384,-2.5426807119505996
06385,2.755498059508409
06387,-34.44444444444444
06389,400.0
06390,-76.95652173913044
06401,2.2444021968736796
06403,-0.7694826457105435
06405,0.37226617031177295
06409,119.03553299492387
06410,-1.5027041829259944
06412,-12.739150723285114
06413,1.8964987714987713
06414,259.13978494623655
06415,-4.113660682439662
06416,1.6332643891305898
06417,-2.2432372993182317
06418,-5.905480852402296
06419,-3.493246390312063
06420,1.580188679245283
06422,-1.3027975863960504
06423,-9.767355982274742
06424,-4.28593532415287
06426,1.1380652890086853
06437,-1.4791973901774143
06438,10.875045012603529
06439,
06441,1.3555383423702556
06442,-11.943957968476356
06443,-3.227927878555379
06444,120.72072072072073
06447,-4.454828660436137
06450,2.8833813421555483
06451,-3.259967597897815
06455,-13.465648854961831
06456,16.30901287553648
06457,0.6053864419107108
06459,
06460,-4.999234029515396
06461,2.5440446228147744
06467,6.451612903225806
06468,-4.629161185874734
06469,21.869361241429086
06470,-7.573590751996187
06471,-7.0052992115807164
06472,-3.6888888888888887
06473,1.0811921891058582
06475,3.2473922456209405
06477,1.788141048565911
06478,-1.3182238667900092
06479,2.209206740649404
06480,0.19167287828772228
06481,24.755989352262645
06482,5.17425320056899
06483,1.1279329271970566
06484,-0.18409960757715227
06488,1.326556543837357
06489,-1.6401278642487975
06492,-1.7402499389580697
06498,-1.6561059907834101
06510,49.71687429218573
06511,7.773817551295636
06512,4.487860125999858
06513,-8.01280508352188
06514,-6.748711246641981
06515,1.7622507342711393
06516,0.5304847031465737
06517,-2.4977820241588753
06518,8.72444722569879
06519,1.588708146085195
06524,-4.180238870792617
06525,1.6054788368698776
06604,-3.742805571637776
06605,4.510184287099904
06606,13.607741068804835
06607,-18.961599636446262
06608,-22.61424017003188
06610,-3.294066317626527
06611,1.2810314085859278
06612,0.3023530958327856
06614,4.850767893364242
06615,-9.80631555580221
06702,14.829165199013739
06704,16.084778420038536
06705,-0.9655703019811503
06706,2.9501864677677143
06708,1.9578418370908075
06710,-1.1015458668888272
06712,-3.457119409109561
06716,-3.6056540488739817
06750,14.518900343642613
06751,-1.0768335273573924
06752,1.665675193337299
06753,
06754,7.900677200902935
06755,-18.54043392504931
06756,6.418439716312056
06757,-6.064814814814815
06758,-93.4959349593496
06759,-2.0645844362096346
06762,0.14371570420695062
06763,1.8518518518518516
06770,0.08829186768832971
06776,3.929998097774396
06777,12.868439971243708
06778,-5.245460659045057
06779,-2.656916514320536
06782,0.0
06783,-7.61990138951143
06784,-5.8902275769745644
06785,33.136966126656844
06786,-1.8383120952579903
06787,-4.663870885754226
06790,1.4809953201689305
06791,0.2352515381831343
06793,6.640926640926641
06794,-9.590316573556796
06795,3.139991277802006
06796,-23.39405560882071
06798,0.9188519512698741
06801,4.415903392519061
06804,3.6517181129877696
06807,7.016806722689076
06810,5.481660620717452
06811,-3.644625799870166
06812,-3.51288056206089
06820,-0.7864961825039094
06824,4.864696204685993
06825,-6.437670609645132
06830,-2.1704085243581175
06831,-1.00472016183412
06840,1.7291349412978336
06850,8.32397214109189
06851,5.165666579702584
06853,-14.801833378269075
06854,1.4192655064984108
06855,-0.9919177075679648
06870,7.688214950784783
06877,-0.6817010820022988
06878,2.5821596244131455
06880,-2.805832147937411
06883,-0.3182563410164915
06890,4.197936210131332
06896,-5.427613796086064
06897,-1.071065174315857
06901,36.194665153234965
06902,5.5880741616447045
06903,-8.680388242582778
06905,-1.028856988878546
06906,12.974612446641204
06907,6.9311663479923515
07001,-5.662135496601622
07002,5.66255489440789
07003,7.571790886034526
07004,1.8328059071729959
07005,-1.5895765472312702
07006,2.866365899191039
07008,4.700499168053245
07009,4.644722266181358
07010,2.755319576847271
07011,-3.9575937829799486
07012,29.586056644880177
07013,10.362367268136927
07014,-21.116458132820018
07016,-0.5589854830635742
07017,8.960445130013222
07018,1.0165272111195631
07020,18.323057953144268
07021,10.574601641718976
07022,3.557065594231036
07023,0.9806485355648535
07024,7.292930927529195
07026,1.8250235183443086
07027,4.054982817869416
07028,2.297522782697985
07029,17.506830235174373
07030,8.568472014339303
07031,2.9917490709831833
07032,-3.0299460452842637
07033,1.3357619914996965
07034,8.12204555221315
07035,2.0080321285140563
07036,2.9020971024767306
07039,3.7923551994658653
07040,3.426638960192316
07041,1.7712481120417412
07042,2.3629525510010256
07043,5.8002994719836085
07044,3.9228388397034477
07045,-4.584420424897503
07046,4.409375725226271
07047,-2.162741574450645
07050,9.394987599530086
07052,1.6593501228759269
07054,1.6828933721435981
07055,-1.4754490344177673
07057,1.170840099136826
07058,20.943245403677057
07059,1.4140908522087348
07060,3.486060082126648
07062,11.412491206128351
07063,5.829947972346946
07064,-2.867469879518072
07065,0.6548810695259747
07066,-1.1542160949022122
07067,4.67579291307532
07068,5.3157271034366005
07069,8.446111201695745
07070,0.7088390076253893
07071,1.8006108401331082
07072,1.1646458200382899
07073,6.222834729142372
07074,11.13905856988861
07075,19.49700598802395
07076,1.5941493076954683
07077,10.586787033237586
07078,9.086050240513096
07079,12.997636793310308
07080,0.6222517215630963
07081,-2.9495664080328616
07082,7.633294975067127
07083,2.720560359612225
07086,17.67591813849173
07087,-3.853961174486091
07088,-7.534039334341906
07090,0.8531921153280376
07092,1.216157521355147
07093,-1.3445403976766341
07094,11.364697339073604
07095,7.257444518476756
07102,4.004312336362236
07103,8.304201165286722
07104,7.809642398536908
07105,6.325600585113365
07106,10.253470126735063
07107,10.873878879276134
07108,26.540262810894376
07109,4.26205150781422
07110,3.3876470997841377
07111,10.148953669012153
07112,4.251230012300123
07114,-3.9713826836034456
07201,3.6696907980003703
07202,6.822094691535151
07203,3.467304331831141
07204,1.8600919104238092
07205,0.874529883547057
07206,8.404141378079258
07208,0.40924336133419487
07302,24.20848790275542
07304,17.35966735966736
07305,6.808195805462863
07306,-0.9385511230062571
07307,-4.813051424961076
07310,7.422634175512035
07311,325.0
07401,-0.04398826979472141
07403,-4.060598534707562
07405,1.2036672478767085
07407,4.77011777460208
07410,4.4876969533889435
07416,3.894222061220794
07417,0.5204053683922213
07418,9.086898985443318
07419,14.709960711809567
07420,-1.2004573170731707
07421,-0.5305400625765202
07422,-16.47077018249304
07423,1.7299375300336377
07424,1.5074262912879628
07430,-4.175915127346601
07432,-4.43020719738277
07435,-12.078853046594983
07436,-3.1494864967668317
07438,-2.8430267833925633
07439,-11.4
07440,8.19672131147541
07442,-1.3654618473895583
07444,-2.564787603526583
07446,-2.235340939241178
07450,1.9008135168961202
07452,1.0366159505099481
07456,-5.158987670343933
07457,-3.7045776309579987
07458,0.3782668500687758
07460,-7.911764705882353
07461,-1.9739312342434157
07462,2.3326726635157797
07463,0.8312468703054582
07465,-10.544268129912501
07470,-1.0824237589295427
07480,-10.50986050986051
07481,-2.4896987986768035
07501,8.375828269565483
07502,3.6425623542077874
07503,5.743843957109758
07504,23.907570580830786
07505,71.79199401421623
07506,2.050878573301862
07508,2.926956748987325
07512,1.3482316003324406
07513,-13.48288260121932
07514,-9.318204145790352
07522,12.503770739064857
07524,16.22140334715185
07601,2.4287601011796833
07603,5.961834775394097
07604,-1.0241704219582137
07605,1.0880208900010881
07606,5.975197294250282
07607,2.564102564102564
07608,-15.74074074074074
07620,-2.6863666890530555
07621,1.9101610457138731
07624,-1.6892668352102964
07626,3.3367381681988424
07627,-2.007553170343868
07628,0.7381724639302092
07630,-5.046948356807512
07631,2.453188793467549
07632,-3.344179320318149
07640,0.1452583523552604
07641,-3.7719550820616186
07642,-3.754752851711027
07643,0.10966916468652897
07644,4.692602297923806
07645,-0.3199052132701422
07646,0.7637231503579952
07647,-2.467556205446902
07648,-3.530013642564802
07649,-0.17027487229384577
07650,-2.2515340387495772
07652,-1.2519038597273302
07656,2.167321729365525
07657,0.8444014425191309
07660,0.6962509563886763
07661,3.210851648351648
07662,1.9904879337678352
07663,1.7334470019892017
07666,1.0981770261366133
07670,2.802042736191372
07675,-1.1391941391941391
07676,-0.9193927731451785
07677,3.885480572597137
07701,5.7761581636927195
07702,2.147617872130338
07703,-100.0
07704,3.42477140482128
07711,11.99752628324057
07712,1.7910834629341628
07716,-5.19867170502691
07717,-1.2127894156560088
07718,-11.71875
07719,3.965965492791302
07720,-2.604411074612858
07721,30.240210595590653
07722,-1.310732236128905
07723,-2.803738317757009
07724,11.739232760649564
07726,0.8345174459255249
07727,-10.002577984016499
07728,2.5208569832603565
07730,-3.8472597619184543
07731,3.096747376078146
07732,-3.2653061224489797
07733,2.397035088768008
07734,6.29612184016329
07735,2.2704472253022865
07737,6.958301355845485
07738,9.688357823348943
07739,3.1603853304039213
07740,3.3926155035762613
07746,-1.8626184323858743
07747,5.329345169175351
07748,3.585246324477689
07750,-1.1739264751312943
07751,7.430559056308918
07753,-2.1800225881858535
07755,8.666555127990632
07756,10.295616717635065
07757,6.639944231439526
07758,4.374269005847953
07760,9.201408610700899
07762,-0.6545454545454545
07764,7.590634441087614
07801,4.175168733322869
07803,10.55694098088113
07820,-97.82608695652173
07821,1.1199154780771263
07822,49.60505529225908
07823,-1.3295469213889248
07825,6.088379705400982
07826,-6.525781910397295
07827,-0.024283632831471585
07828,-7.3303941567414626
07830,14.870274277242402
07831,
07832,-21.35248947238048
07833,8.737864077669903
07834,-0.7260726072607261
07836,0.5178750417641163
07838,-6.259183073758448
07840,9.737578260290396
07842,-100.0
07843,-5.891328303806052
07844,
07846,-52.17391304347826
07847,5.775266792215945
07848,-9.877800407331975
07849,-6.224021001968935
07850,20.457559681697614
07851,908.3333333333334
07852,5.51404277248132
07853,-5.169286577992745
07856,-2.0999115826702033
07857,8.990825688073395
07860,3.3250175411241907
07863,-14.977450747685733
07865,29.300663603879528
07866,-0.6304106548279689
07869,1.121502580620125
07870,-3.3333333333333335
07871,2.742069504863385
07874,4.00975015234613
07876,-9.421943335234834
07878,-5.852417302798982
07880,48.75
07881,33.33333333333333
07882,-1.6096579476861168
07885,10.707511380880122
07901,3.0733964426709686
07920,5.5912143360664865
07921,-2.334279081764251
07922,-3.944647685700652
07924,-0.09028763059460854
07926,885.7142857142858
07927,3.9015904572564613
07928,1.0278925619834711
07930,-3.5210432720806164
07931,6.451612903225806
07932,7.296263606943218
07933,-19.993986770895972
07934,-8.270238788584741
07935,105.21739130434781
07936,-1.2365447913886665
07939,50.68493150684932
07940,3.2246839113791905
07945,7.053758693012474
07946,-7.997539218701938
07950,13.710310195114298
07960,3.4138107189658617
07961,
07970,52.976190476190474
07974,4.831113998051316
07976,-41.61184210526316
07977,21.516754850088184
07979,-54.5286506469501
07980,36.230558096980786
07981,-1.346578366445916
08001,-3.9125431530494823
08002,2.9809117057439205
08003,5.158570855078281
08004,-12.23689475790316
08005,8.353808353808354
08006,19.17808219178082
08007,8.087091757387247
08008,1.040011555683952
08009,12.936681222707424
08010,0.9159767482825437
08011,130.43478260869566
08012,0.6993006993006993
08014,-55.38694992412747
08015,-3.3926500983011545
08016,3.5161492350362353
08019,-6.05759682224429
08020,6.42132932782576
08021,8.001081227192863
08022,-0.9337676438653637
08023,-23.98921832884097
08026,4.639412034910427
08027,1.2343139271754784
08028,17.93183578621224
08029,38.88888888888889
08030,-0.6597196191618562
08031,1.6983103988852117
08032,
08033,6.697430780743327
08034,7.358979900583532
08035,-1.4066163063297732
08036,0.8876235136493049
08037,-2.6671659801106813
08038,467.1641791044776
08039,-85.21739130434783
08041,-16.883116883116884
08042,-84.93150684931507
08043,5.048992923244421
08045,7.4841883345045686
08046,0.8336238866525089
08048,3.875213258591274
08049,-8.136667840789011
08050,9.081759993559036
08051,16.896784783238388
08052,4.989440337909187
08053,3.761348897535668
08054,7.498504605814092
08055,4.360020397756246
08056,12.33699027116539
08057,0.2345283109175322
08059,-2.730796335447498
08060,4.792804632633784
08061,18.938112952316537
08062,10.047935103244837
08063,0.0651890482398957
08064,-61.53846153846154
08065,1.9325657894736843
08066,-9.666666666666666
08067,2.236024844720497
08068,-1.8559866034049677
08069,6.2975888324873095
08070,0.08026970621287526
08071,-0.6266595857673924
08072,-23.853211009174313
08073,-100.0
08074,-100.0
08075,5.070256800719872
08077,6.22079135943504
08078,-4.246411483253588
08079,0.7051096300589201
08080,2.9720845009700367
08081,2.393719269136602
08083,-2.271788517141677
08084,-0.5854633728402113
08085,4.602428515471994
08086,2.1895054737636843
08087,1.1831691164593765
08088,-0.6831449509377717
08089,-6.654676258992806
08090,20.03658536585366
08091,7.848890518980378
08092,-12.904132696092214
08093,3.9476507187298866
08094,2.1276066910247806
08095,-100.0
08096,-0.19079150416654977
08097,1.2484394506866416
08098,1.4345359169253826
08102,10.42896497441952
08103,-12.125831485587584
08104,-6.9319695732519655
08105,-6.512346763145878
08106,0.164778578784758
08107,3.9295289161240907
08108,3.2212427902927416
08109,3.626287310176296
08110,5.805294341468717
08201,-0.12882766821920522
08202,6.557377049180328
08203,-15.05892623308599
08204,-7.607309817254569
08205,0.7639257294429708
08210,4.378904372897646
08212,-24.019607843137255
08215,0.8410121398274097
08217,-100.0
08221,-0.10058916510992959
08223,4.264234656149864
08224,-65.38461538461539
08225,-0.5660377358490566
08226,-0.6002824858757062
08230,12.477097838035911
08232,3.7627518326754497
08234,8.9940883926058
08240,24.539877300613497
08241,-6.0402684563758395
08242,24.03462050599201
08243,3.8559107052257735
08244,-1.6649708630098972
08245,
08246,-27.710843373493976
08247,-5.785920925747348
08248,-52.918287937743195
08251,9.391913403374721
08260,-1.6139044072004967
08270,-3.629551574757054
08302,3.9990363767766803
08310,-27.53515914137676
08311,-28.07726864330638
08312,4.508956145768994
08314,-79.16222932197373
08316,-36.57587548638132
08317,-21.53744201457919
08318,-2.116788321167883
08319,13.910093299406276
08320,-9.536082474226804
08321,-52.5
08322,-5.330042055220333
08323,-23.516237402015676
08324,73.93617021276596
08326,-30.568256041802744
08327,29.85781990521327
08328,27.22731057452123
08329,197.22222222222223
08330,6.5167818713033565
08332,-2.7902492769590963
08340,-25.946372239747635
08341,2.9729729729729732
08343,-3.840850896198542
08344,-6.346078044934962
08345,-4.44743935309973
08346,-32.8125
08348,49.61832061068702
08349,11.262488646684831
08350,-60.96458176337604
08352,-45.50561797752809
08353,-32.22222222222222
08360,2.565063599522125
08361,1.5922538999462075
08401,-0.8931541906589892
08402,-14.016129032258066
08403,-13.051470588235295
08406,-13.261098858951001
08501,4.087591240875913
08502,-0.7272416153319644
08505,0.870973144994696
08510,-7.707741180404614
08511,8.641975308641975
08512,15.777305095718116
08514,3.8019287833827895
08515,21.474953617810762
08518,2.740969322926121
08520,5.9070204612826265
08525,-7.155963302752294
08527,3.213452323696539
08528,27.34375
08530,5.899243017488906
08533,-3.6258044263067024
08534,0.31662676654567923
08535,5.686274509803922
08536,2.243193833687435
08540,-1.3020568429190487
08542,-52.878155075358634
08544,
08550,7.533613876629374
08551,8.048138397893945
08553,27.652733118971064
08554,11.395101171458998
08555,28.819875776397513
08558,-0.9098101265822784
08559,-7.579185520361991
08560,-3.9322916666666665
08561,49.09090909090909
08562,-10.126582278481013
08608,-16.913319238900634
08609,-4.270755422587883
08610,6.0881551741113915
08611,18.910798122065728
08618,-3.955233058664371
08619,8.581484740425138
08620,3.461261116897685
08628,-1.064638783269962
08629,-6.9461248309728845
08638,5.870841487279844
08640,-3.125
08641,0.7215007215007215
08648,-1.8770748658124166
08690,5.230136552960405
08691,5.830521184851894
08701,34.72609006001991
08720,-34.81781376518219
08721,5.159274861551569
08722,-2.3228803716608595
08723,-0.27675276752767525
08724,-2.0313518997125675
08730,4.622203461376108
08731,4.8761149653121905
08732,0.764951321279555
08733,4.770642201834862
08734,-6.643272023233301
08735,4.1876046901172534
08736,3.0043586550435863
08738,37.2568093385214
08740,-11.983254840397697
08741,5.545077329309694
08742,3.2077017615731256
08750,10.39119804400978
08751,-14.680851063829786
08752,6.045454545454546
08753,2.33753421169881
08755,9.60049075991105
08757,5.621160613109083
08758,3.9602666318128352
08759,3.0603579011222326
08801,-14.823869318813202
08802,2.744546094299789
08804,28.600907965332233
08805,17.85298519873607
08807,-2.0237672032908436
08809,14.827875734676743
08810,-8.941407100849489
08812,-3.56138063542167
08816,3.7410863539220047
08817,6.885143986322964
08820,-1.2849301397205588
08821,50.29239766081871
08822,0.8465574403708116
08823,-2.5275437459494494
08824,5.8509791434484955
08825,3.1936579841449606
08826,1.8660381064623845
08827,-13.640595903165737
08828,-0.8186126669538992
08829,-0.9174311926605505
08830,-3.4326255934060206
08831,7.71690767519466
08832,3.3120060218291307
08833,8.832011535688537
08835,4.369490226140284
08836,3.2067727039507434
08837,13.634513634513635
08840,9.076096795606784
08844,7.908316633266534
08846,4.684684684684685
08848,-1.4377376425855513
08850,-3.852749514119127
08852,-0.14921248963802156
08853,-0.5392339159538861
08854,4.398994713580033
08857,-1.9331991170834648
08858,-100.0
08859,10.386331875760717
08861,6.763631021247682
08863,-4.046374175949079
08865,5.809645812415607
08867,12.815044590926716
08869,6.99922660479505
08872,-4.242749731471536
08873,1.8401972691472523
08876,1.5138544717278666
08879,-3.015421728267425
08880,5.0369083803734265
08882,-1.1616472034419176
08884,-3.446642188795452
08886,-6.861958266452649
08887,26.433691756272403
08889,10.941339886740037
08890,
08901,-2.5314069275198383
08902,3.4543269230769234
08904,5.235087719298245
10001,12.765690900739132
10002,-1.8055822906641001
10003,-2.1041155628236576
10004,53.1438127090301
10005,1.3940092165898617
10006,4.38670019558536
10007,6.679931779420126
10009,-2.8649340715984106
10010,-2.1407651197197985
10011,0.12028948354400426
10012,-13.499408814775554
10013,-0.5604510618184274
10014,-7.337862489777945
10016,5.677577359664126
10017,-11.606053209665609
10018,-10.906471859244778
10019,2.8226582035006733
10020,
10021,-9.650312340217415
10022,9.020677118836629
10023,6.81470884676659
10024,7.283975936560022
10025,2.7611197050285012
10026,-4.587956613888543
10027,0.6746729901323338
10028,-8.732107564233097
10029,-6.494694927410778
10030,3.663428704041375
10031,-2.1448494758103296
10032,-4.281079370103664
10033,-3.451734912021049
10034,-5.9204272846603
10035,9.130238081773454
10036,15.118356409111211
10037,-9.65823262839879
10038,3.945317718306096
10039,9.866558835422563
10040,-5.10836249809795
10044,-0.8287986605274174
10065,4.3767968882124135
10069,20.481231953801732
10075,4.829520553948638
10103,
10110,
10111,
10112,
10115,
10119,
10128,-9.639322314839903
10152,
10153,
10154,
10162,15.030211480362537
10165,
10167,
10168,
10169,
10170,
10171,
10172,
10173,
10174,
10177,
10199,
10271,
10278,
10279,
10280,-9.94908350305499
10282,14.280652019844082
10301,2.230615193531216
10302,0.15103295754895085
10303,4.9565958766082785
10304,7.114888740330437
10305,-0.23634515846942877
10306,4.092852779474649
10307,-4.978104070066975
10308,0.16986410871302957
10309,3.2085561497326207
10310,10.675721275518812
10311,
10312,3.9552556585541616
10314,4.885504668741663
10451,6.366086235489221
10452,0.8219740199787132
10453,-2.246084249440607
10454,6.258084544937134
10455,4.28121622256685
10456,-6.435188608490814
10457,5.483163292276788
10458,-2.911093627065303
10459,6.276715410573678
10460,-1.5138550648324887
10461,-0.2998765214323514
10462,-2.4725968581098146
10463,-3.523050107736437
10464,-4.981182200575604
10465,4.612708667464817
10466,-1.7616115483423727
10467,-3.8990245137171677
10468,4.816050066317267
10469,-1.5696909927679157
10470,5.46875
10471,3.8475499092558985
10472,-5.282630143346294
10473,-3.9084614031440403
10474,-10.532994923857867
10475,-1.6364910377251871
10501,14.285714285714285
10502,2.2423918846769886
10503,-31.386861313868614
10504,-0.06209637357178341
10505,17.916666666666668
10506,8.265027322404372
10507,-8.672086720867208
10509,-0.3266824144343368
10510,-2.2207646176911546
10511,0.44033465433729635
10512,-1.4304291287386215
10514,1.362848589884985
10516,1.159210287991306
10517,-2.3419203747072603
10518,-33.386837881219904
10519,-34.054054054054056
10520,-3.966628744785741
10522,3.2941387667175297
10523,-2.6844941956882256
10524,0.9528236114338834
10526,15.210932857991683
10527,-25.943970767356884
10528,0.0149812734082397
10530,12.33357251056366
10532,0.5586592178770949
10533,-2.5201213880459163
10535,-58.121330724070454
10536,0.6244175209692451
10537,78.26610475617099
10538,4.208594767373032
10540,
10541,-2.344538757805781
10542,
10543,2.643129310760623
10545,58.59375
10546,-31.593038821954483
10547,-0.5707614476585808
10548,25.345362277981394
10549,-4.830743283941693
10550,8.264440481979792
10552,7.20384204909285
10553,-2.3743275830087183
10560,1.1178861788617886
10562,4.953841339383508
10566,5.683378406490534
10567,-3.4122629704495138
10570,4.0455120101137805
10573,4.978564866795958
10576,-1.222935044105854
10577,-2.9532533164876815
10578,110.10575793184489
10579,-10.611530467126135
10580,3.00871844549547
10583,2.202829367743219
10588,18.94622879826777
10589,-24.050498620835985
10590,5.108556832694764
10591,2.3498694516971277
10594,8.968083023301352
10595,-13.781974659335406
10596,-45.55403556771546
10597,-30.141458106637646
10598,-2.4270703951122896
10601,-5.352612886859462
10603,6.99627384461376
10604,5.792163543441227
10605,9.9938892283762
10606,-5.341092417607744
10607,-0.9373169302870533
10701,15.111419434527335
10703,10.385047779651488
10704,-0.9012311734335381
10705,-6.557179955756469
10706,1.8533078737504212
10707,-2.334258107720272
10708,2.1012200632625393
10709,6.090889964233115
10710,-3.4157353267707795
10801,-0.1173006487444043
10803,5.00395256916996
10804,3.9402737453338865
10805,5.360499974594787
10901,6.472356773008184
10910,-100.0
10911,
10913,-7.034822370735139
10914,-7.46987951807229
10915,-100.0
10916,5.132450331125828
10917,5.746509129967777
10918,-2.604792818786567
10919,-9.83488872936109
10920,-2.976660277370617
10921,13.359893758300132
10922,-21.25839951130116
10923,-1.5667017420788028
10924,5.372368520335018
10925,13.292744799594114
10926,10.862166761202497
10927,0.8619981939085462
10928,31.05183694011072
10930,16.849609596016748
10931,8.645533141210375
10932,-40.27777777777778
10933,-45.66395663956639
10940,4.348788537390325
10941,12.689408656461262
10950,25.02926761513582
10952,13.627992633517497
10953,-100.0
10954,16.854456116570653
10956,-3.007162916916475
10958,-10.986001217285454
10960,-8.522544542355439
10962,-10.698728001393972
10963,4.044997606510292
10964,11.151603498542274
10965,5.594499865192774
10968,7.145950627977479
10969,-25.503355704697988
10970,18.023255813953487
10973,0.4627681952040387
10974,4.0886392009987516
10975,-21.405750798722046
10976,-21.346595256312163
10977,9.328271480591926
10979,-100.0
10980,-1.3818914639412696
10983,-2.4264326277749095
10984,0.4567699836867863
10985,-76.13636363636364
10986,-16.49371927908247
10987,16.163464470875265
10988,-1.8678160919540232
10989,-13.360040060090137
10990,3.7712956877812043
10992,11.491760624457935
10993,-11.521942110177404
10994,-17.84698888601706
10996,-2.3696682464454977
10998,15.834149526607902
11001,-6.683327383077472
11003,4.568762516780739
11004,3.6367236486040526
11005,23.439273552780932
11010,3.725932490131314
11020,4.205528234695608
11021,9.271633812228533
11023,-1.881638846737481
11024,16.581306017925737
11030,-5.6392217214466305
11040,0.0
11042,-40.74766355140187
11050,4.136761059637218
11096,11.127889418050877
11101,18.80978788298905
11102,-19.740860438224566
11103,-8.633925754548324
11104,4.719144800777454
11105,3.9369234069942074
11106,0.216898107750991
11109,37.41034352585881
11201,12.677080136333533
11203,3.312321520220032
11204,0.6482961926651344
11205,11.453442012935234
11206,2.4861280435699067
11207,4.559300064808814
11208,9.112915426899995
11209,5.683590875643856
11210,-8.062271699425986
11211,-35.49527372981488
11212,1.4185510255822096
11213,3.951701427003293
11214,-3.6984398035701025
11215,1.4067450538618602
11216,8.64483539453057
11217,8.461208960112883
11218,-4.732328482328482
11219,-1.8046584875344491
11220,-7.3736206827869175
11221,7.9256174884073065
11222,8.934726557199077
11223,-0.9176921649867047
11224,5.854919989390858
11225,-1.716052910230768
11226,-1.4933957206219233
11228,-1.0744023636852003
11229,-5.440915873904122
11230,-0.013295367672313504
11231,3.049363057324841
11232,-2.94908940397351
11233,10.859939718865862
11234,-7.944465475082104
11235,3.5489017975119044
11236,-0.5475341090894638
11237,-9.816701389552552
11238,4.781761074407019
11239,32.21112247305907
11249,
11354,-7.287287635062363
11355,-4.0957896006755945
11356,14.803273920811003
11357,3.3797985166574054
11358,1.8615222273329906
11359,
11360,1.1178913901851188
11361,1.6235553109521188
11362,-0.09217589329284824
11363,-0.7813552472046342
11364,6.239375783753657
11365,1.8852189180291892
11366,-4.5359239586245454
11367,-0.4828030163693213
11368,-1.6546442558462062
11369,-13.792364367046217
11370,-16.647429636864068
11371,
11372,4.203863261687767
11373,6.502132782580719
11374,8.474965548920533
11375,3.1191302082619243
11377,-3.0227009187405227
11378,9.502287691105904
11379,1.9640763244856627
11385,-1.0103379050263606
11411,6.698349174587294
11412,4.5322277444441585
11413,4.5156778179274975
11414,4.009862000479403
11415,2.0854271356783918
11416,0.8234483258969058
11417,-3.7779491133384733
11418,-2.4193343010670536
11419,-8.199725148877691
11420,3.5569681755607743
11421,-4.625060252025616
11422,-3.5335583500104546
11423,-7.671182152004197
11424,
11426,-6.770291977700086
11427,5.7877273300012595
11428,-1.5358275844705171
11429,0.6433657425814147
11430,81.4207650273224
11432,-1.2750007680727518
11433,7.901385379938366
11434,2.183589359310603
11435,1.2615259904752254
11436,2.1238938053097343
11439,
11451,
11501,10.279892982095081
11507,-1.3867702121758425
11509,-23.75339981867634
11510,4.949724682786689
11514,8.878807517822423
11516,10.965200262639527
11518,0.4390672260708362
11520,2.491720908987096
11530,-1.2843844054035138
11542,4.767563285441648
11545,-6.019780390935285
11547,-19.642857142857142
11548,-25.343153665885502
11549,-14.050719671007538
11550,4.880283516293543
11552,3.242814667988107
11553,8.177515711071456
11554,-0.911412824304342
11556,-100.0
11557,11.021829382616847
11558,2.303603071470762
11559,3.557874762808349
11560,12.436143039591316
11561,2.3801976013102975
11563,-1.0365251727541955
11565,3.005714285714286
11566,-0.9099393373775081
11568,-9.183673469387756
11569,-5.852417302798982
11570,2.372586662802912
11572,1.998365901817934
11575,18.48405904974569
11576,2.5418169891767795
11577,-4.454034060260461
11579,-3.3600610920198553
11580,-1.6454376501518517
11581,6.2033582089552235
11590,0.36209133911005065
11596,-1.2392039053698836
11598,7.042357274401473
11691,7.664177734255462
11692,21.450449560320127
11693,6.680305295459911
11694,3.7375613007665573
11697,6.591031874662345
11701,-2.5520906166969657
11702,0.5584992123729056
11703,6.488106157891519
11704,-1.3817911188290746
11705,12.149906641771139
11706,-5.45015821641694
11709,0.16291469194312796
11710,2.6190616007986374
11713,-8.825637350261083
11714,-0.026726057906458794
11715,-17.10094153711408
11716,0.9519991983164645
11717,2.78766592307814
11718,2.7454780361757103
11719,-1.9230769230769231
11720,0.7836774149002279
11721,8.34570344713838
11722,8.525041760689271
11724,-15.121086828115772
11725,-2.781067090706093
11726,7.657393850658859
11727,-0.6051387189577064
11729,-4.049619559337925
11730,1.4463697551195762
11731,2.0703864943006214
11732,-1.6911560853895204
11733,2.578694646985595
11735,-3.872597990245049
11738,17.09436603289397
11739,34.357005758157385
11740,23.59676695105523
11741,2.2347195500961967
11742,2.203982368141055
11743,-1.764412929542059
11746,-1.8437926132242437
11747,0.7658305921052632
11749,6.443914081145586
11751,-7.634945611274543
11752,-2.985390641541393
11753,4.079847303960554
11754,1.9300962282933303
11755,-1.9958319974350756
11756,-1.3109267136182972
11757,1.6848990639449644
11758,0.001845018450184502
11762,-1.9573575672841663
11763,4.449591185037022
11764,0.2602934216753431
11765,-3.278688524590164
11766,-8.754074898624472
11767,-6.737451737451737
11768,-1.550602242835387
11769,5.07984262902106
11770,89.83050847457628
11771,5.30279259491685
11772,-0.3297065611605671
11776,-0.2563996526198255
11777,3.5458612975391497
11778,4.726785115655381
11779,1.4993566683297008
11780,-0.7562277580071174
11782,0.4186046511627907
11783,2.382509576754181
11784,-1.2199386145537898
11786,1.406926406926407
11787,-2.901004628061858
11788,6.038135593220339
11789,-9.704846350054657
11790,5.027506944822703
11791,-1.6650680989833109
11792,-3.5786403410365715
11793,-3.101748657897215
11794,-52.468312208138755
11795,2.526181149572308
11796,-1.8140010219724068
11797,4.448984224265123
11798,23.353494623655912
11801,6.2079263046009014
11803,6.784619180206534
11804,-9.178250204415372
11901,11.880125964633006
11930,-23.68692070030896
11931,-100.0
11932,4.984740590030519
11933,2.8609349653443443
11934,-5.77831617201696
11935,-11.693548387096774
11937,31.67282057700732
11939,76.7231638418079
11940,4.816733832277873
11941,22.205882352941174
11942,18.690601900739175
11944,17.363658596233797
11946,24.72054111783553
11947,-52.1875
11948,-51.97486535008977
11949,-10.512750949538797
11950,-2.5001488183820464
11951,7.62870290480299
11952,4.452875399361023
11953,2.675359712230216
11954,18.022938285090113
11955,-22.82549972987574
11956,25.514403292181072
11957,69.91643454038997
11958,82.61758691206545
11959,-31.229597388465724
11960,41.262848751835534
11961,2.3629415893316694
11962,28.35820895522388
11963,22.14347700318195
11964,62.96874999999999
11965,-32.088520055325034
11967,-2.4939194830653064
11968,25.384261389783706
11970,441.3461538461538
11971,-4.074469708530444
11972,-67.09163346613546
11973,-7.142857142857142
11975,52.68817204301075
11976,7.026789635485288
11977,36.70378619153675
11978,29.83316977428852
11980,-8.583614714768082
12007,
12008,-16.764132553606238
12009,6.134421629894146
12010,-5.1943979933110365
12015,39.272482317278545
12017,16.38888888888889
12018,1.178101178101178
12019,6.140594609613782
12020,4.440953445515241
12022,32.22929936305732
12023,12.618595825426945
12024,
12025,-0.9416195856873822
12027,7.989821882951655
12028,14.497354497354497
12029,-8.155699721964782
12031,-7.281553398058252
12032,-12.470308788598574
12033,-3.5231721176916273
12035,-33.78932968536252
12036,-18.51851851851852
12037,-5.5298472929199445
12040,-82.6086956521739
12041,-52.81065088757396
12042,36.86635944700461
12043,-8.488441019561352
12045,34.5821325648415
12046,-51.44995322731525
12047,12.174331808331326
12051,-2.576489533011272
12052,15.236427320490368
12053,-14.34038267875126
12054,-0.6140350877192983
12056,-15.033500837520938
12057,-7.6318223866790005
12058,-33.19931074095347
12059,-14.48400724200362
12060,22.66576454668471
12061,11.78343949044586
12062,-2.235294117647059
12063,68.69806094182826
12064,-31.351351351351354
12065,4.411902530459232
12066,0.1638448935008192
12067,-10.006176652254478
12068,-15.17917511832319
12069,189.22155688622755
12070,53.125
12071,-39.72222222222222
12072,9.919177075679647
12074,5.046197583511016
12075,2.8990228013029316
12076,-18.105670103092784
12077,0.7610804357558574
12078,-1.7907154374946956
12082,
12083,5.263157894736842
12084,2.1975806451612905
12085,-43.080357142857146
12086,5.303514376996805
12087,12.390158172231985
12090,-6.726891434102275
12092,119.72602739726028
12093,-15.651644336175396
12094,5.687203791469194
12095,2.8099983662800194
12106,-11.06104055714871
12108,66.53061224489795
12110,-12.9606771292541
12115,-34.02777777777778
12116,-28.25278810408922
12117,-17.169868862458067
12118,10.519991989853814
12120,8.17717206132879
12121,40.35714285714286
12122,-22.031317964332317
12123,-13.124560168895144
12124,-62.78366111951589
12125,-28.8135593220339
12130,-49.413145539906104
12131,69.36936936936937
12132,-57.37179487179487
12134,4.112239961296565
12136,2.33160621761658
12137,1.8518518518518516
12138,-7.326355851569934
12139,-7.443365695792881
12140,-7.166337935568705
12143,14.589473684210526
12144,6.94914423029768
12147,-29.692832764505116
12148,-7.315521628498728
12149,-9.69325153374233
12150,-34.772978959025465
12151,25.504322766570603
12153,-33.238366571699906
12154,0.3915984336062656
12155,-3.3185840707964607
12156,-22.191011235955056
12157,15.301235190320142
12158,-15.050590219224283
12159,13.777252429734698
12160,-11.746031746031745
12161,-81.28342245989305
12164,37.005649717514125
12165,13.793103448275861
12166,11.23429416112343
12167,-15.119549929676513
12168,-15.261627906976743
12169,45.21072796934866
12170,3.876739562624255
12172,-25.704225352112676
12173,2.002002002002002
12174,71.9298245614035
12175,36.45224171539961
12176,-23.430962343096233
12177,-2.569593147751606
12180,0.998592210229939
12182,-3.2574568288854002
12183,13.239221671117892
12184,6.363105662580268
12185,-19.340262087663803
12186,1.4922978177150192
12187,56.12472160356348
12188,6.745703519897068
12189,4.594900849858357
12190,-35.57788944723618
12192,-23.983739837398375
12193,-9.268292682926829
12194,12.025316455696203
12195,35.294117647058826
12196,14.211438474870016
12197,-9.12901723334886
12198,-7.860824742268041
12202,4.166666666666666
12203,-1.863453815261044
12204,16.09470603884012
12205,-0.1661631419939577
12206,-7.7513095535046155
12207,42.326431181485994
12208,6.404122193595878
12209,-0.2391886720244929
12210,5.345710627400768
12211,16.651997887695828
12222,1.5492732790289092
12226,
12302,1.494328097731239
12303,3.7037037037037033
12304,-5.8547908696212865
12305,39.500201531640464
12306,8.061248344112833
12307,19.046177138531416
12308,-8.192216755064221
12309,10.822222961066595
12401,-0.340348289749844
12404,12.949429991230636
12405,3.9697542533081283
12406,-32.725199543899656
12407,-32.30769230769231
12409,42.55952380952381
12410,-42.38178633975482
12411,18.553459119496853
12412,-2.0072992700729926
12413,11.173974540311175
12414,-2.8005794302269438
12416,57.692307692307686
12417,82.25469728601253
12418,-26.5
12419,40.06359300476948
12420,0.2857142857142857
12421,-16.417910447761194
12422,-5.91016548463357
12423,13.267148014440433
12424,15.486725663716813
12427,92.66917293233082
12428,0.6440532417346501
12429,-43.75
12430,17.117903930131003
12431,69.57720588235294
12432,21.041666666666668
12433,14.5985401459854
12434,59.48136142625607
12435,-29.357798165137616
12436,451.28205128205127
12438,0.0
12439,1.7123287671232876
12440,-36.46808510638298
12441,320.0
12442,-0.6134969325153374
12443,-0.9950248756218906
12444,-5.28169014084507
12446,-0.40700040700040696
12448,-66.7447306791569
12449,-3.2717358376249623
12450,56.73758865248227
12451,-34.3808925204274
12452,-90.28776978417267
12453,2.127659574468085
12454,52.508361204013376
12455,-4.435058078141499
12456,-13.333333333333334
12457,72.911051212938
12458,21.267751991686872
12459,-56.9620253164557
12460,-33.641975308641975
12461,-22.586109542631284
12463,-13.762057877813504
12464,38.35443037974684
12465,41.69741697416974
12466,-9.68586387434555
12468,17.4645390070922
12469,28.07017543859649
12470,98.9769820971867
12471,33.33333333333333
12472,-18.6030428769018
12473,-44.00337837837838
12474,-37.3811265544989
12475,108.1447963800905
12477,0.7820561559767556
12480,-54.17256011315418
12481,7.1018651362984215
12482,15.789473684210526
12483,-73.40823970037454
12484,33.69005152596116
12485,-33.966398831263696
12486,11.041009463722396
12487,13.728323699421965
12489,-86.15107913669064
12490,-100.0
12491,41.02739726027397
12492,-27.016129032258064
12493,2.5316455696202533
12494,39.516129032258064
12495,-69.79166666666666
12496,-8.831710709318498
12498,-9.575518262586376
12501,-24.65277777777778
12502,-9.968602825745682
12503,34.07155025553663
12504,-22.943143812709028
12507,-4.8
12508,-2.440018338342418
12512,28.671328671328673
12513,-63.67924528301887
12514,-5.934343434343434
12515,8.143547273982056
12516,5.50510783200908
12517,-13.707865168539326
12518,-7.526033449037552
12520,4.4301657084883335
12521,28.76602564102564
12522,-2.6900346443855714
12523,25.220680958385877
12524,-3.463417651060672
12525,-48.474074074074075
12526,-10.979003288641538
12527,
12528,2.430795184418373
12529,-19.664100769769068
12530,154.95495495495496
12531,-17.305236270753515
12533,0.07625147737237409
12534,0.9188882586500283
12538,-0.9785286870820133
12540,17.090680100755666
12542,-4.637832204273059
12543,-5.629139072847682
12544,
12545,-6.242223143923683
12546,-6.992766104030314
12547,18.731884057971016
12548,-21.49122807017544
12549,-8.775090066906845
12550,0.8482289125923769
12553,4.959025809910393
12561,-1.8720917649605022
12563,-3.6819035691922353
12564,8.465981124101987
12565,25.92891760904685
12566,19.24074963959635
12567,-22.948128693368353
12569,-7.476635514018691
12570,-7.235696100763768
12571,-9.113276252337368
12572,7.662879666125666
12574,-22.281167108753316
12575,-22.123893805309734
12577,-13.344500279173646
12578,-0.3750586029067042
12580,11.584619152583885
12581,-7.479601087941977
12582,-3.820364883829721
12583,-17.02898550724638
12585,-1.6355140186915886
12586,2.959626829660608
12589,15.45127630725697
12590,7.278978961477941
12592,26.348364279398762
12594,-2.0927467300832343
12601,4.428697962798937
12603,-2.5305349680219806
12604,211.98738170347005
12701,11.033806083311033
12719,-12.179984484096199
12720,2.6217228464419478
12721,22.141194724592708
12722,-100.0
12723,7.441016333938294
12724,-80.6930693069307
12725,121.23287671232876
12726,12.70764119601329
12729,-41.14139693356048
12732,18.571428571428573
12733,11.883408071748878
12734,3.2520325203252036
12736,117.85714285714286
12737,-11.007667031763416
12738,-16.70533642691415
12740,2.1699819168173597
12741,-31.983805668016196
12742,185.29411764705884
12743,-20.308483290488432
12745,-96.7741935483871
12746,-50.6578947368421
12747,9.100700053850295
12748,-10.66326530612245
12749,58.529411764705884
12750,-86.86131386861314
12751,-4.560530679933665
12752,15.267175572519085
12754,16.00237953599048
12758,-11.900411146642302
12759,11.89358372456964
12760,4.938271604938271
12762,-41.2751677852349
12763,-29.21686746987952
12764,8.143939393939394
12765,-22.115384615384613
12766,88.0
12767,108.33333333333333
12768,10.88348271446863
12769,86.15384615384616
12770,-38.983050847457626
12771,1.7815646785437647
12775,22.59663032705649
12776,-4.6918123275068995
12777,-10.476190476190476
12778,-42.65335235378031
12779,40.74526572999389
12780,11.394891944990176
12781,42.25352112676056
12783,-22.582417582417584
12784,-100.0
12785,21.75438596491228
12786,76.3975155279503
12787,-67.34006734006735
12788,-2.9049897470950103
12789,7.451701931922723
12790,-7.688947138488422
12791,11.470113085621971
12792,-7.222222222222221
12801,2.1038062283737022
12803,5.724550898203592
12804,5.397824191653084
12808,-50.73529411764706
12809,5.95482546201232
12810,-27.137042062415194
12811,1150.0
12812,292.13483146067415
12814,-11.741835147744945
12815,11.460446247464503
12816,10.405727923627685
12817,-11.71945701357466
12819,-17.341040462427745
12820,
12821,-16.41476274165202
12822,-0.9109797027329392
12823,19.523809523809526
12824,5.426356589147287
12827,-2.079445481205012
12828,10.191887854762726
12831,4.168325277224907
12832,-3.7399821905609976
12833,19.257064721969005
12834,-2.049436795994994
12835,7.565511411665257
12836,-37.95423956931359
12837,-8.150470219435736
12838,41.650294695481335
12839,2.716417910447761
12841,-4.040404040404041
12842,-9.846547314578006
12843,83.73983739837398
12844,31.98198198198198
12845,-1.3163573586534312
12846,-8.218759547815461
12847,97.41379310344827
12849,18.384401114206128
12850,-17.07687632938317
12851,15.579710144927535
12852,-17.792792792792792
12853,-17.965496728138014
12854,
12855,-7.5892857142857135
12856,117.36111111111111
12857,25.72402044293015
12858,92.10526315789474
12859,-12.582469368520263
12860,-41.47909967845659
12861,-12.989045383411579
12862,4333.333333333334
12863,15.727391874180865
12864,-70.0
12865,-9.453781512605042
12866,0.14190618710975797
12870,38.63822805578343
12871,-3.650137741046832
12872,145.23809523809524
12873,11.607142857142858
12874,4.72972972972973
12878,21.746031746031747
12883,-2.678027997565429
12884,28.47826086956522
12885,0.9151223976206818
12886,29.05027932960894
12887,-2.3582954075299956
12901,-2.5832807665735484
12903,55.28233151183971
12910,-8.712487899322362
12911,-100.0
12912,-17.62295081967213
12913,-16.962220508866615
12914,-9.316770186335404
12915,
12916,16.707616707616708
12917,-8.875739644970414
12918,13.693850850414305
12919,-12.330535829567463
12920,-0.4508196721311476
12921,12.153184837827276
12922,-9.75609756097561
12923,-16.5016501650165
12924,170.83333333333331
12926,11.617858857417186
12927,50.51020408163265
12928,1.9083969465648856
12929,-12.334014300306436
12930,7.251908396946565
12932,-16.920731707317074
12933,-34.146341463414636
12934,25.340314136125652
12935,-8.104575163398692
12936,48.451327433628315
12937,-25.30612244897959
12939,-39.48497854077253
12941,30.45489591364688
12942,-38.27751196172249
12943,-6.25
12944,-10.313797877249655
12945,0.9560229445506693
12946,-4.615384615384616
12950,-20.476190476190474
12952,-54.700854700854705
12953,-15.559640005070353
12955,-15.853658536585366
12956,-5.88235294117647
12957,-9.306167400881057
12958,-15.869365225390986
12959,22.482967448902347
12960,-26.289926289926292
12961,-67.00680272108843
12962,-12.718161396232935
12964,-23.200000000000003
12965,-51.25448028673835
12966,16.010305483989697
12967,0.8223684210526315
12969,-55.93561368209256
12970,-3.897435897435898
12972,25.33783783783784
12973,50.89285714285714
12974,35.13157894736842
12975,-24.187725631768952
12976,-17.84037558685446
12977,-26.850828729281766
12978,-27.47875354107649
12979,18.35590845399346
12980,-11.620553359683793
12981,7.681940700808626
12983,-2.589297570043819
12985,-32.32248520710059
12986,-12.182324971306771
12987,-29.953917050691242
12989,2.6455026455026456
12992,-20.747585048299033
12993,11.23213070115725
12996,-5.300859598853868
12997,-7.099236641221374
12998,-11.976047904191617
13020,-18.939393939393938
13021,-2.3605706874189365
13024,-19.06158357771261
13026,-0.7428571428571429
13027,8.677115602858633
13028,-44.01384083044983
13029,9.00788709007887
13030,12.331838565022421
13031,-1.3103448275862069
13032,7.507707691025748
13033,-0.5163043478260869
13034,4.4421487603305785
13035,-3.867528637858682
13036,2.7685997493448786
13037,4.699512723335138
13039,-3.664951077427747
13040,5.136436597110754
13041,1.190273762965482
13042,-27.495495495495497
13044,35.69506726457399
13045,-4.354767485308604
13051,-84.1880341880342
13052,8.358942839582053
13053,-2.8824377187564343
13054,-21.16504854368932
13057,3.130847847991939
13060,-8.17081371889711
13061,-39.65351299326275
13062,236.5079365079365
13063,-11.389759665621735
13065,
13066,2.2860351327504613
13068,-13.127272727272727
13069,-5.459398252992559
13071,3.597122302158273
13072,36.9281045751634
13073,0.8047044258743422
13074,6.352997372820636
13076,2.242911553110453
13077,-6.0503251342946
13078,4.100009579461634
13080,3.1964809384164226
13081,4.307116104868914
13082,-19.957310565635005
13083,5.071315372424722
13084,-0.8607198748043818
13087,5.921052631578947
13088,-1.8189964157706093
13090,-1.8365503629612285
13092,10.767980495733442
13101,3.0795551753635584
13102,160.0
13103,-29.375
13104,3.64390002474635
13108,2.3619482000325784
13110,3.959965187119234
13111,10.562075355157505
13112,-6.594594594594596
13113,-81.36200716845879
13114,8.49222645937225
13115,28.57142857142857
13116,3.544088460447973
13117,-0.7117437722419928
13118,-5.588952071486596
13119,
13120,-2.4197096348438185
13121,
13122,-28.685548293391435
13123,-93.48268839103869
13124,18.6046511627907
13126,0.07724137931034483
13131,-17.176282903483116
13132,-2.237762237762238
13134,-27.071823204419886
13135,-3.627736108985152
13136,-15.424164524421593
13138,
13140,-4.304635761589404
13141,-6.695156695156696
13142,1.2056262558606832
13143,-16.07843137254902
13144,-35.33724340175953
13145,-10.443571027512634
13146,-1.5829941203075533
13147,-29.407294832826747
13148,2.541332073689183
13152,-6.189083820662768
13153,-1.749271137026239
13154,
13155,-14.350453172205437
13156,5.29126213592233
13157,-0.9259259259259258
13158,-16.69747381392483
13159,0.6527164522941064
13160,11.869436201780417
13162,33.66013071895425
13163,-18.627450980392158
13164,11.06574111882401
13165,-10.44256120527307
13166,6.47189349112426
13167,-5.871212121212121
13202,18.12761843377377
13203,-0.8398426029247665
13204,5.80721978676192
13205,0.09971746717633372
13206,0.49909801563439565
13207,-4.088828869382549
13208,1.4496573537163941
13209,0.6187929717341483
13210,-31.579699785561115
13211,-10.511321037636828
13212,-0.2609704233520201
13214,-1.7228050800662618
13215,-4.845141565864681
13219,4.444444444444445
13224,5.675868633983818
13244,
13290,
13301,71.42857142857143
13302,-17.93802145411204
13303,8.187134502923977
13304,23.32904884318766
13305,-51.798561151079134
13308,57.27982954545454
13309,0.5194805194805194
13310,82.35294117647058
13312,-27.358490566037734
13313,14.367816091954023
13314,-67.58474576271186
13315,-2.7700831024930745
13316,-7.160804020100503
13317,0.4770273663068039
13318,-17.43549648162627
13319,-15.902140672782874
13320,-1.8823529411764703
13321,-22.565091610414658
13322,20.9695603156708
13323,-0.5440599357830895
13324,-27.148523578669014
13325,-12.851782363977485
13326,-14.937533948940793
13327,12.455874936964195
13328,-3.266666666666666
13329,-14.625360230547551
13331,-52.083333333333336
13332,5.074844833880979
13333,58.333333333333336
13334,-21.74273858921162
13335,-8.938172043010754
13337,-7.768361581920905
13338,8.947368421052632
13339,-3.4132401968566444
13340,-9.542815674891147
13342,1.4760147601476015
13343,-9.420289855072465
13345,10.759493670886076
13346,0.5475040257648953
13348,23.538119911176906
13350,-1.9815994338287333
13352,-23.684210526315788
13353,173.33333333333334
13354,-11.455525606469003
13355,48.11443433029909
13357,-4.336924219910847
13360,-47.96747967479675
13361,-26.555555555555554
13363,13.900709219858157
13364,129.7029702970297
13365,-2.773302646720368
13367,1.8177553653101912
13368,-4.188034188034187
13402,-45.07326932794341
13403,-5.5570362473347545
13404,-25.294117647058822
13406,-26.56716417910448
13407,-1.153846153846154
13408,-16.77736777367774
13409,-24.029219530949636
13410,87.41258741258741
13411,-16.803154382772217
13413,-0.09204148002699883
13415,5.128205128205128
13416,-3.6222509702457955
13417,-11.418783899514702
13418,-29.568106312292358
13420,1.1111111111111112
13421,-5.726646135797038
13424,-11.171875
13425,-24.474924989284183
13428,-11.38728323699422
13431,9.05511811023622
13433,-11.54672395273899
13435,-3.508771929824561
13436,-14.399999999999999
13437,-24.938875305623473
13438,-11.655355562112717
13439,1.6137855579868707
13440,-2.5936871970682116
13441,276.271186440678
13450,327.11864406779665
13452,6.97980684811238
13454,13.664596273291925
13455,
13456,-3.1653274896518138
13457,
13459,-10.645724258289704
13460,0.7273580478648521
13461,3.4053700065487886
13464,-10.560344827586206
13468,-30.54892601431981
13469,32.36180904522613
13470,6.606606606606606
13471,-20.502843460041902
13472,529.6296296296297
13473,98.24253075571178
13475,69.56521739130434
13476,-10.714285714285714
13477,-3.0678851174934727
13478,0.7289595758780649
13480,-1.2395503026808878
13482,
13483,48.36601307189542
13484,-84.49197860962568
13485,61.24260355029586
13486,-11.827956989247312
13488,-8.441558441558442
13489,-13.333333333333334
13490,-28.812537673297168
13491,11.681159420289855
13492,0.3876310457228438
13493,23.946037099494095
13494,-4.310344827586207
13495,-1.9783325482807348
13501,4.521671222178837
13502,6.380579483163665
13601,0.5640527848466563
13602,-33.947119924457034
13603,39.19159896968496
13605,11.085304054054054
13606,-13.30948121645796
13607,27.365356622998544
13608,21.93158953722334
13611,
13612,13.476070528967254
13613,-8.631578947368421
13614,65.86538461538461
13615,-48.999129677980854
13616,-12.159709618874773
13617,7.434647762516615
13618,3.7164093767867357
13619,-1.8838304552590266
13620,-3.2771535580524342
13621,19.91701244813278
13622,-17.600664176006642
13623,183.33333333333331
13624,-14.520880263385896
13625,-18.880753138075317
13626,-1.340250756593169
13628,48.888888888888886
13630,6.0249816311535636
13632,
13633,-12.637362637362637
13634,-3.9425651009978093
13635,15.291936978683967
13636,-44.339622641509436
13637,4.952113992057931
13638,12.048192771084338
13639,-90.8745247148289
13640,-23.3502538071066
13641,-8.47457627118644
13642,-6.52701882210079
13643,
13645,
13646,0.6241640659830584
13647,248.8372093023256
13648,-15.530303030303031
13649,
13650,-13.418530351437699
13651,-19.230769230769234
13652,0.6162464985994398
13654,-25.08655964746616
13655,7.975279576221308
13656,9.714673913043478
13658,12.639225181598063
13659,-23.279352226720647
13660,7.75058275058275
13661,27.177700348432055
13662,-2.208603846853953
13664,23.170731707317074
13665,-12.594187298170075
13666,-10.37344398340249
13667,6.552419354838709
13668,-9.425417492216246
13669,1.9767367952710861
13670,-8.591885441527445
13672,-56.68202764976959
13673,-6.525496974935177
13674,-22.598870056497177
13675,-69.1919191919192
13676,-17.067321752354214
13678,-58.661417322834644
13679,-45.79256360078278
13680,-5.348679756262695
13681,17.12907117008444
13682,-1.053864168618267
13683,
13684,6.6424021838034575
13685,-11.133685493701748
13687,15.296803652968036
13690,9.645390070921986
13691,6.332992849846783
13692,292.72727272727275
13693,-39.50617283950617
13694,-13.287197231833911
13695,29.87012987012987
13696,295.45454545454544
13697,-1.3648293963254594
13699,
13730,6.967213114754098
13731,6.031746031746032
13732,-1.22062069861057
13733,1.8559612668952996
13734,6.367713004484305
13736,-16.14849187935035
13738,
13739,8.389715832205685
13740,1.6333938294010888
13743,-1.1360326245266532
13744,13.914501257334452
13746,5.673408978786384
13747,
13748,1.9799294819636561
13750,-26.168224299065418
13751,88.28828828828829
13752,4.326923076923077
13753,-1.7392832044975406
13754,-21.140142517814727
13755,-22.445414847161572
13756,68.44660194174757
13757,-1.545595054095827
13760,-0.984657659720632
13774,-11.904761904761903
13775,3.2
13776,-22.900763358778626
13777,1.5384615384615385
13778,-6.207259337190952
13780,-4.434589800443459
13782,8.955223880597014
13783,-9.965237543453071
13784,155.65217391304347
13786,-22.127659574468083
13787,-15.018010529232475
13788,-4.955401387512389
13790,2.94133938957514
13795,-15.309633027522937
13796,-34.43054641211323
13797,-2.3685457129322596
13801,3.744798890429958
13802,41.78712220762155
13803,4.443359375
13804,-54.106280193236714
13806,-21.27659574468085
13807,9.367088607594937
13808,-5.806010928961749
13809,13.59167148640833
13810,18.867924528301888
13811,-7.953529937444147
13812,-8.718152866242038
13813,121.76470588235293
13814,
13815,-1.8751897965381112
13820,2.459016393442623
13825,-8.689160943565245
13826,600.0
13827,4.353222803440021
13830,-3.160581075775422
13832,-32.884902840059794
13833,4.01839748244977
13834,-50.42016806722689
13835,-2.8379387602688575
13838,-10.148849797023004
13839,20.78754578754579
13841,-15.411558669001751
13842,16.412213740458014
13843,-4.731574158325751
13844,-25.11737089201878
13846,11.48036253776435
13847,-76.05633802816901
13849,7.613719289710533
13850,6.034948657899478
13856,0.06601749463607856
13859,-63.799283154121866
13860,185.0
13861,38.41463414634146
13862,-17.8793256433008
13863,-25.862068965517242
13864,5.417814508723599
13865,-3.7227214377406934
13901,2.6300919504803
13902,2.644230769230769
13903,0.4510869565217391
13904,-4.676367285499247
13905,4.390961560224829
14001,-4.544982878489156
14004,-7.070546034276603
14005,9.506302521008402
14006,-4.6547003346516584
14008,23.950233281493002
14009,2.6424287856071964
14011,-20.55429631155986
14012,21.382636655948552
14013,6.993865030674846
14020,-1.1017098536929315
14024,-5.320994794679005
14025,29.269972451790633
14026,-21.060842433697346
14027,
14028,0.516795865633075
14029,
14030,11.748633879781421
14031,-5.585884187950867
14032,22.07852193995381
14033,-30.575368521160247
14034,-12.924462924462924
14035,-39.603960396039604
14036,4.3025274937295
14037,-4.274353876739562
14039,-31.372549019607842
14040,-10.984661058881743
14041,-25.0
14042,10.51706827309237
14043,1.7297650130548303
14047,-4.401244167962675
14048,3.8872963713906175
14051,-0.3683148335015136
14052,8.00879013551459
14054,5.034856700232377
14055,2.536997885835095
14056,
14057,-5.76121598430988
14058,24.76683937823834
14059,-2.3824006488240066
14060,17.491749174917494
14061,-73.19884726224784
14062,2.9123140234251346
14063,-10.879456706281834
14065,-3.5339591385974605
14066,-7.0578231292517
14067,-26.683654896250452
14068,13.07670534956128
14069,-30.996714129244253
14070,-6.541773681825049
14072,2.690002397506593
14075,4.027236900403423
14080,5.1384385133449735
14081,-6.038101388440427
14082,41.561181434599156
14083,
14085,14.534161490683232
14086,7.305224564619615
14091,53.403643336529235
14092,-7.139705233430411
14094,2.015900056785917
14098,5.287817938420348
14101,-5.195473251028806
14102,13.414634146341465
14103,2.392935143860982
14105,14.438741352376702
14108,-15.194972607154366
14109,5.454545454545454
14111,-9.819639278557114
14112,
14113,10.466988727858293
14120,-0.6086917602828626
14125,-5.064969504110316
14126,-6.172839506172839
14127,-0.41261899346957337
14129,-18.39296924042687
14130,-5.084745762711865
14131,1.4685725474838458
14132,7.592086215216343
14134,-46.666666666666664
14135,62.06896551724138
14136,1.8897951064253034
14138,-6.425702811244979
14139,-16.907051282051285
14141,0.9295433113296512
14143,-8.31889081455806
14145,-26.90909090909091
14150,1.285120938187149
14166,
14167,8.614668218859139
14168,-2.5316455696202533
14169,-39.39393939393939
14170,-17.083177918687056
14171,-27.670121676430824
14172,9.37721160651097
14173,-47.92243767313019
14174,4.092071611253197
14201,13.720720720720719
14202,6.202898550724638
14203,46.17737003058104
14204,-15.029926845488806
14206,7.299486369024101
14207,6.94548481065335
14208,8.221937374107306
14209,10.408448912075327
14210,2.7727667535244205
14211,9.170246439068505
14212,27.37114389729833
14213,-2.946414116885219
14214,15.805184603299294
14215,5.687487527439633
14216,7.187820884860931
14217,-0.6803015859259901
14218,10.439415519333227
14219,-7.649110865310985
14220,-0.573470744680851
14221,1.6715758468335788
14222,8.117016893283889
14223,-1.3731081377495065
14224,-0.0956257355825814
14225,1.6502536556251866
14226,-0.6347589952477936
14227,-5.022932715856971
14228,13.57677477886142
14260,
14261,-17.20226843100189
14301,-4.187036744992903
14302,131.46067415730337
14303,6.871421134825612
14304,-1.3631500845498155
14305,-1.8210843729675397
14411,-11.44201727892112
14413,
14414,-3.7735849056603774
14415,-21.11801242236025
14416,8.416547788873038
14418,-19.84011627906977
14420,-4.819852063946552
14422,-28.853914447134787
14423,2.5930572982015896
14424,3.5242131189105006
14425,12.310702739492939
14427,-18.667296786389414
14428,-6.616329664704376
14432,-10.126994464343863
14433,-2.6700136923779096
14435,-18.291814946619215
14437,-20.354443575710192
14441,0.4662004662004662
14445,-3.959530352235823
14450,4.319821783137198
14453,
14454,-1.854974704890388
14456,1.0051533241491912
14462,35.87140439932318
14463,
14464,-12.582085631731022
14466,7.201516108654453
14467,-0.30730817247671177
14468,2.980349344978166
14469,-3.7763371150729337
14470,-2.060140754958413
14471,3.755690440060698
14472,10.148246354103893
14475,15.953307392996107
14476,7.702407002188185
14477,8.571428571428571
14478,-4.198740377886634
14479,-52.65700483091788
14480,-43.94661582459485
14481,-2.3652365236523654
14482,1.0717726396917149
14485,-3.3231204336554327
14486,-26.93409742120344
14487,-3.3794162826420893
14489,0.8002286367533581
14502,-7.5273722627737225
14504,-18.09930592632141
14505,-3.659976387249114
14506,-52.31607629427793
14507,-19.847908745247146
14510,1.8763326226012793
14511,-35.94009983361065
14512,6.562774363476734
14513,0.428281068524971
14514,-13.402818555490311
14515,
14516,5.075503355704698
14517,-5.738539898132427
14519,5.3876034453639585
14521,38.17733990147783
14522,5.21978021978022
14525,-3.316812809759817
14526,-4.471977543316233
14527,-0.8398181678095384
14529,-67.78523489932886
14530,22.511312217194572
14532,-15.182899955927724
14533,-0.8165487207403375
14534,7.336371692619319
14536,15.647482014388489
14537,-12.686567164179104
14539,7.471264367816093
14541,-16.780354706684857
14542,-100.0
14543,-2.070015220700152
14544,9.882832399388692
14545,-42.857142857142854
14546,8.633252373592404
14548,6.620944341862306
14549,851.2195121951219
14550,-29.340974212034382
14551,-6.877113866967305
14555,7.02846975088968
14556,
14557,
14559,-1.6696098892278053
14560,0.6398537477148081
14561,-18.675315807442814
14564,6.713780918727916
14568,5.658179397570311
14569,6.485495165055018
14571,23.091423185673893
14572,0.3021756647864625
14580,5.013771982202361
14585,87.95180722891565
14586,8.80164228894021
14588,-100.0
14589,3.814569536423841
14590,-2.307398932112891
14591,3.5549703752468726
14592,-45.410628019323674
14604,38.81987577639752
14605,-13.413703647184496
14606,-0.5521692362854069
14607,2.978951123795933
14608,1.053484602917342
14609,-4.0270648623425105
14610,0.014254151521630676
14611,3.401479410565554
14612,3.361861773843719
14613,13.094170403587443
14614,-7.55336617405583
14615,12.633190447030007
14616,-1.285998913240355
14617,-3.68780658724597
14618,3.607057285994337
14619,-1.9508116770013235
14620,-0.9258126350993108
14621,-2.47826344117821
14622,5.887230514096186
14623,0.02311960542540074
14624,7.61891631049221
14625,4.179134250947537
14626,-5.300789755923169
14627,17.08502024291498
14642,
14701,-0.2879151408006061
14706,-2.951082598235766
14707,-56.94444444444444
14708,-15.760869565217392
14709,-16.890080428954423
14710,-3.340550572223941
14711,-6.225868725868726
14712,-7.3207320732073216
14714,6.25
14715,-11.465842773772742
14716,-8.541300527240773
14717,20.255863539445627
14718,-10.323438192290652
14719,2.1954887218045114
14720,23.055162659123056
14721,34.61538461538461
14722,-44.41176470588235
14723,-9.884238646482636
14724,18.342010412494993
14726,44.21661409043113
14727,-3.4219788815017598
14728,21.131639722863742
14729,-10.264900662251655
14731,-2.086677367576244
14732,-87.2340425531915
14733,-21.616161616161616
14735,-5.349079541507468
14736,-37.142857142857146
14737,-4.800556586270872
14738,3.054989816700611
14739,-1.867762420620097
14740,-11.39442231075697
14741,-9.322441134070159
14742,-70.09966777408638
14743,24.55536431440046
14744,2.92772186642269
14747,-8.597883597883598
14748,-23.94578313253012
14750,3.384404299108164
14752,4.072398190045249
14753,-14.027149321266968
14754,-14.423076923076922
14755,-10.069225928256765
14756,-100.0
14757,-4.843049327354261
14760,-2.9219530949634756
14767,16.873065015479877
14769,-36.17647058823529
14770,9.06344410876133
14772,-0.7950310559006212
14774,253.65853658536585
14775,3.552684699232943
14777,5.872193436960276
14778,-3.021784961349262
14779,0.7300335815447511
14781,-16.49908592321755
14782,-15.207193119624707
14783,-67.67676767676768
14784,5.337078651685393
14785,
14787,-2.099629477151091
14788,-31.57894736842105
14801,-4.810996563573884
14802,8.025568181818182
14803,68.40958605664488
14804,16.280864197530864
14805,-33.246073298429316
14806,1.9449715370018976
14807,4.801381692573402
14808,12.704918032786885
14809,24.624624624624623
14810,-6.626555004471908
14812,7.000976880494952
14813,-12.147677649861057
14814,3.0618139803581745
14815,-19.3118756936737
14816,44.417475728155345
14817,20.73828287017835
14818,-19.7362437471578
14819,-11.221590909090908
14820,-35.94692400482509
14821,10.694121554300896
14822,-34.21052631578947
14823,4.846174789000817
14824,54.21686746987952
14825,-1.0484927916120577
14826,-4.613095238095238
14827,-93.19148936170212
14830,-2.676436167506233
14836,-9.534127843987
14837,-2.7121001390820583
14838,10.061919504643962
14839,-17.5
14840,-8.907741251325557
14841,57.41525423728814
14842,1.0739856801909307
14843,-3.878009133833888
14845,-1.4668882031806314
14846,16.523867809057528
14847,1.5598650927487352
14850,-0.4256221505278624
14853,-23.964088397790057
14854,216.66666666666666
14855,-18.825722273998135
14856,-100.0
14858,-3.4602076124567476
14859,35.510688836104514
14860,-4.595744680851064
14861,-8.594377510040161
14864,-13.556485355648535
14865,-6.168025522864232
14867,-9.605104328332471
14869,26.049700085689803
14870,0.9211458649660896
14871,-11.372930866601752
14872,-19.345238095238095
14873,-24.91531802785096
14874,-43.84057971014493
14877,73.16455696202532
14878,70.23809523809523
14879,5.228758169934641
14880,8.262108262108262
14881,-4.942965779467681
14882,-9.54254795868175
14883,8.095238095238095
14884,38.35616438356164
14885,-23.57512953367876
14886,-10.294722412611378
14889,-27.42857142857143
14891,-1.1859476392929067
14892,-8.527131782945736
14893,466.6666666666667
14894,15.2
14895,-3.117404628553313
14897,-6.527415143603134
14898,-23.278850916295195
14901,-7.058236687866318
14903,-3.009575923392613
14904,-9.93632179559927
14905,0.6366530241018644
15001,1.7100489036125572
15003,0.8844861135680169
15004,-15.733333333333333
15005,-0.7329842931937173
15006,-46.25984251968504
15007,40.524781341107875
15009,2.6642288102389973
15010,1.2064010218926302
15012,-1.27750177430802
15014,-0.7609384908053266
15015,18.890814558058924
15017,3.109636912870935
15018,0.11210762331838565
15019,-4.019789734075449
15020,140.25423728813558
15021,-9.86275565123789
15022,2.6956608878645154
15024,4.497991967871486
15025,4.171573792846959
15026,6.801420376946189
15027,0.4526935264825713
15028,10.126582278481013
15030,-0.940733772342427
15031,7.268170426065162
15033,-4.661716171617162
15034,-8.451503119682359
15035,0.0482392667631452
15037,-2.8544688816097334
15038,-28.530259365994237
15042,-11.729237770193402
15043,19.664138678223186
15044,0.40880167786427785
15045,0.09019165727170236
15046,-5.794320798158097
15047,127.49999999999999
15049,6.115107913669065
15050,-4.878985785631963
15051,6.845965770171149
15052,-16.16301635708345
15053,-53.02013422818792
15054,-9.146341463414634
15055,9.039010466222646
15056,-10.72635135135135
15057,12.73432449903038
15059,11.613242249080399
15060,26.18384401114206
15061,0.5680434959019719
15062,-8.001070377308
15063,-6.259446963634748
15064,-14.079422382671481
15065,-4.351947604274388
15066,-1.3801356202632629
15067,4.864616796695731
15068,-5.250621646381363
15071,11.228633487581451
15072,-24.137931034482758
15074,3.1174187287724404
15075,-83.24022346368714
15076,9.047619047619047
15077,100.91743119266054
15078,26.78132678132678
15081,-22.61904761904762
15082,109.32203389830508
15083,23.684210526315788
15084,-1.2137149792657025
15085,2.707581227436823
15086,130.17543859649123
15087,-55.91397849462365
15088,-11.11111111111111
15089,-6.185720673721866
15090,4.190317195325543
15101,6.788766788766789
15102,3.9688951726923856
15104,-8.793854620499886
15106,0.4934717795826051
15108,1.5043284923600928
15110,-5.465367965367966
15112,9.038000684697021
15116,-3.9330033227097037
15120,-1.2845634661441323
15122,-3.1738035264483626
15123,
15126,-7.157271626530337
15129,-4.137014897049056
15131,3.06597988717194
15132,-10.124704464327106
15133,-4.977161757757127
15135,-3.8993469074145213
15136,3.1543624161073827
15137,2.288008028098344
15139,4.565217391304348
15140,-5.398773006134969
15142,45.33333333333333
15143,7.627943179606928
15144,-4.122211445198836
15145,-9.534368070953436
15146,1.8151344411953498
15147,-2.1281585272908483
15148,-13.53868194842407
15201,1.766867328590415
15202,1.3001638001638
15203,1.2879756169501524
15204,2.7819175360158965
15205,6.863620135665833
15206,-0.8153736847447305
15207,-13.813664596273293
15208,-12.151258870418975
15209,-1.8732106339468302
15210,0.2101723413198823
15211,-2.193631988152536
15212,2.3353608170008258
15213,4.050946400141518
15214,6.236015878744135
15215,1.7949130714745651
15216,-2.6135163674762407
15217,-4.495703946664766
15218,0.5431990016883212
15219,-35.32760082354366
15220,5.2407449466272995
15221,-3.5315985130111525
15222,15.27659574468085
15223,2.2249314233465407
15224,1.3988622586962605
15225,-13.686131386861314
15226,0.30076291079812206
15227,2.34413096482062
15228,3.040654048605667
15229,13.302448709463931
15232,6.132243156772129
15233,-38.65990742781574
15234,4.31185944363104
15235,-1.1101843596307055
15236,7.466821726638391
15237,4.147106697176287
15238,-1.8172059500076676
15239,2.248322147651007
15241,5.364040169949788
15243,0.06756756756756757
15260,
15275,
15282,
15290,
15301,2.301545235862519
15310,-13.357400722021662
15311,-37.1654501216545
15312,7.004310344827585
15313,4.975124378109453
15314,-6.937483513584806
15315,14.121037463976945
15316,174.07407407407408
15317,14.417048627574944
15320,-1.4419475655430711
15321,34.321157822191594
15322,-21.07795957651588
15323,-15.511915269196821
15324,39.96350364963504
15325,-47.5177304964539
15327,-14.093137254901961
15329,-0.46760187040748163
15330,-0.1442221020371372
15331,1.9801980198019802
15332,3.6376776680317997
15333,-33.97518185708173
15334,124.0
15337,-8.869565217391303
15338,-9.64203233256351
15340,-2.1196063588190763
15341,-27.56183745583039
15342,4.197931454066112
15344,20.159535895576504
15345,-7.887517146776406
15346,6.331877729257641
15347,-84.11214953271028
15348,-78.57142857142857
15349,-11.599297012302284
15350,60.30769230769231
15351,55.098684210526315
15352,-21.499448732083792
15353,-25.301204819277107
15357,-7.183725365543547
15358,51.156462585034014
15359,-16.425120772946862
15360,4.972375690607735
15361,-31.666666666666664
15362,2.8528528528528527
15363,-4.391891891891892
15364,-0.8310249307479225
15365,
15366,178.45303867403314
15367,2.958708139156822
15368,37.82894736842105
15370,-6.736516891664987
15376,0.600400266844563
15377,-7.083333333333333
15378,-100.0
15379,-41.32231404958678
15380,16.134751773049647
15401,-5.684583056845831
15410,-8.584905660377357
15411,9.702660406885759
15412,-54.54545454545454
15413,-50.89430894308943
15416,
15417,-10.549001814882033
15419,-16.073402608887907
15420,-35.91549295774648
15421,54.83870967741935
15422,226.9230769230769
15423,-23.79991932230738
15424,-11.033843300880854
15425,-4.106797638330111
15427,-18.83289124668435
15428,-8.91089108910891
15429,46.53465346534654
15430,-1.3559322033898304
15431,6.543456543456544
15432,-13.679245283018867
15433,-9.935483870967742
15434,-11.400651465798045
15435,-84.94623655913979
15436,-9.58904109589041
15437,-2.355926060166727
15438,23.010286951813754
15440,-1.1976047904191618
15442,7.15736040609137
15443,221.97802197802199
15444,183.6120401337793
15445,-1.4250955856795273
15446,-82.89473684210526
15447,1875.0
15448,-22.433460076045627
15449,56.30434782608695
15450,0.41265474552957354
15451,-33.957654723127035
15454,121.97802197802199
15455,-9.640522875816995
15456,-6.785859406745226
15458,8.970856102003642
15459,15.976714100905562
15460,80.20833333333334
15461,-12.505899008966493
15462,-60.62717770034843
15463,
15464,-2.9393753827311695
15465,
15466,11.26126126126126
15467,-10.44776119402985
15468,1.2422360248447204
15469,0.8064516129032258
15470,-22.493573264781492
15472,-20.618556701030926
15473,-15.817958179581796
15474,37.34249713631157
15475,-10.369068541300527
15476,-54.11764705882353
15477,-4.5924225028702645
15478,-1.1777992900935785
15479,-1.1455847255369929
15480,-16.7816091954023
15482,-28.341013824884794
15483,-38.29268292682927
15484,1086.9565217391305
15486,-10.79646017699115
15488,
15489,-12.737127371273713
15490,-53.01418439716312
15492,-1.9230769230769231
15501,1.7567650866054367
15502,-35.43307086614173
15510,-12.867355043685464
15520,45.04504504504504
15521,0.7886435331230284
15522,-6.862745098039216
15530,-6.026119402985074
15531,-15.457338690616876
15532,-1.9736842105263157
15533,-9.244883556810162
15534,-12.54863813229572
15535,-1.7232890201871
15536,-28.94168466522678
15537,1.6171165567856698
15538,-4.887714663143989
15539,-71.74825174825175
15540,28.92857142857143
15541,-11.598915989159892
15542,-1.1131725417439702
15544,52.73972602739726
15545,5.0304878048780495
15546,168.9655172413793
15547,97.50566893424036
15550,-3.0716723549488054
15551,-29.936305732484076
15552,-1.676750216076059
15554,2.675736961451247
15555,-31.932773109243694
15557,-2.1933621933621934
15558,-10.802732707087959
15559,26.04994324631101
15560,-26.153846153846157
15561,-34.705882352941174
15562,32.21757322175732
15563,-13.799621928166353
15564,68.33333333333333
15565,
15601,-4.233674150953091
15610,-0.15653535090007828
15611,-80.7185628742515
15612,3.8781163434903045
15613,-11.645765816542202
15615,30.409356725146196
15616,
15617,-30.89430894308943
15618,4.888327012220818
15619,
15620,-14.709851551956815
15622,19.961427193828353
15623,21.61716171617162
15624,29.260450160771708
15625,-14.15929203539823
15626,-6.96759692826372
15627,-9.808612440191387
15628,-43.6231884057971
15629,-13.776137761377614
15631,-29.770992366412212
15632,-0.06432246998284735
15633,53.63408521303258
15634,-12.944162436548224
15635,-50.314465408805034
15636,-5.012165450121654
15637,-5.19774011299435
15638,-81.81818181818183
15639,-9.628933771723815
15640,-7.509157509157509
15641,13.60544217687075
15642,7.011533630238666
15644,0.29015098597603567
15646,-11.602209944751381
15647,-86.54545454545455
15650,0.4409530514692259
15655,-18.97590361445783
15656,-3.014878621769773
15658,-4.542341931065966
15660,-46.59400544959128
15661,55.486862442040184
15662,199.0566037735849
15663,-6.625258799171843
15665,-23.48916761687571
15666,-4.35529382897804
15668,10.376770979293164
15670,-14.074914869466514
15671,4.821150855365474
15672,-5.093236849429446
15673,-9.36356986100951
15674,
15675,27.77777777777778
15676,54.525862068965516
15677,-19.313304721030043
15678,-3.825136612021858
15679,0.16019223067681218
15680,27.586206896551722
15681,3.877551020408163
15682,
15683,3.992787223080886
15684,-14.17910447761194
15686,31.047381546134662
15687,-5.6709265175718855
15688,-26.0
15689,-67.40088105726872
15690,11.993363356245554
15691,447.43589743589746
15692,-44.45364238410596
15693,94.66666666666667
15695,-28.538812785388128
15696,-29.09604519774011
15697,0.7211538461538461
15698,21.299638989169676
15701,-9.568902528130936
15705,
15710,-15.22633744855967
15711,-39.959016393442624
15712,-37.41935483870968
15713,-29.133858267716533
15714,-1.065969428801287
15715,21.266968325791854
15716,-57.24137931034483
15717,-3.1304526326593454
15720,
15721,-27.232142857142854
15722,5.516328331862312
15723,-21.052631578947366
15724,2.168021680216802
15725,-18.436482084690553
15727,26.923076923076923
15728,-3.739612188365651
15729,-31.99713672154617
15730,28.888888888888886
15731,-60.99290780141844
15732,-16.8899242865463
15733,-5.555555555555555
15734,-51.146788990825684
15736,-60.0891861761427
15737,12.871287128712872
15738,-24.894514767932492
15739,-11.395348837209303
15741,10.344827586206897
15742,1.364522417153996
15744,-71.65775401069519
15745,43.558282208588956
15746,16.129032258064516
15747,-10.739979445015416
15748,6.1074429771908765
15750,-24.821002386634845
15752,8.928571428571429
15753,-5.010438413361169
15754,0.7575757575757576
15756,-47.368421052631575
15757,-15.483870967741936
15759,-6.106623586429725
15760,-48.4472049689441
15761,4.444444444444445
15762,1.0141987829614605
15763,
15764,-18.75
15765,-4.889406286379511
15767,-1.9328022168340837
15770,-29.6875
15771,-0.547645125958379
15772,4.611497157296273
15773,-18.808193668528865
15774,-14.877650897226754
15775,-11.390532544378699
15776,-34.61538461538461
15777,-84.86842105263158
15778,92.13483146067416
15779,-29.261744966442954
15780,-69.45812807881774
15781,-24.0
15783,-52.42718446601942
15784,7.2727272727272725
15801,7.181679067067701
15821,-50.67567567567568
15823,-11.191335740072201
15824,0.09725734292939117
15825,7.206904281551221
15827,-0.32679738562091504
15828,0.43103448275862066
15829,-18.804566823371392
15831,
15832,-11.524163568773234
15834,-3.2961931290622095
15840,-17.070851165002377
15841,-23.58490566037736
15845,-5.7456423499031635
15846,-6.129943502824859
15847,-63.565891472868216
15848,-32.3394495412844
15849,9.250398724082935
15851,5.64468211527035
15853,0.3600500939261115
15856,-2.9579067121729237
15857,1.7670619649729051
15860,10.282074613284804
15861,-9.848484848484848
15863,-53.87096774193548
15864,21.34107027724049
15865,-20.129345189975748
15866,-6.437768240343347
15868,27.169274537695593
15870,12.97148114075437
15901,5.484247374562427
15902,1.2057806543133256
15904,4.47532831824557
15905,-1.5596375699361291
15906,-13.052962219701596
15909,-8.918969033932877
15920,-16.472303206997086
15921,260.91954022988506
15922,-60.0
15923,-3.5381750465549344
15924,-17.60299625468165
15925,-34.78260869565217
15926,0.5700325732899023
15927,-16.299559471365637
15928,18.979357798165136
15929,146.15384615384613
15930,210.37037037037035
15931,1.0193794107762966
15934,-100.0
15935,-17.513244001246495
15936,16.94510739856802
15937,-4.519774011299435
15938,-1.7452006980802792
15940,-6.217870257037943
15942,-2.1887159533073928
15943,3.275910759672409
15944,2.8077048645119165
15945,67.5925925925926
15946,-1.2352941176470587
15948,4.90506329113924
15949,30.842911877394634
15951,-30.704225352112672
15952,-27.650849443468072
15953,-4.166666666666666
15954,13.258110014104371
15955,-5.391743892165122
15956,7.337180544105523
15957,-33.557046979865774
15958,5.22181146025878
15960,-69.50092421441775
15961,0.7117437722419928
15962,160.0
15963,-3.0661040787623066
16001,1.2642771743277963
16002,4.516551950180269
16020,1.6225448334756618
16022,-25.201072386058982
16023,-1.702890432444544
16024,18.775510204081634
16025,-9.88684845112224
16027,38.028169014084504
16028,17.16884593519045
16029,29.059829059829063
16030,6.1688311688311686
16033,18.205128205128204
16034,-10.06876227897839
16035,42.42424242424242
16036,91.46341463414635
16037,-0.2753070732740364
16038,-13.39261654540555
16040,24.824355971896956
16041,5.197401299350324
16045,-19.887730553327987
16046,17.899761336515514
16048,57.85714285714286
16049,3.187114461960247
16050,-38.70967741935484
16051,8.664518438954529
16052,-7.197121151539385
16053,-24.110844425049095
16054,7.02247191011236
16055,3.6246817796096495
16056,8.603667136812412
16057,4.262680783336793
16059,20.482236757727332
16061,14.327979712595095
16063,23.226197695573074
16066,10.335969038801588
16101,-6.520097846767131
16102,-14.66798810703667
16105,2.3811089916463857
16110,8.469945355191257
16111,-23.328877005347593
16112,-7.740717432347388
16113,-32.1011673151751
16114,-15.256797583081571
16115,17.839111410299562
16116,1.5280739161336176
16117,-10.37200861971192
16120,13.983259478089611
16121,-8.88137026855572
16123,32.6571004453241
16124,-17.681159420289855
16125,0.9631922944616443
16127,-2.65711205529837
16130,-6.15530303030303
16131,-1.261467889908257
16132,-0.5681818181818182
16133,-2.5450031036623217
16134,0.07718034473887317
16136,13.304093567251464
16137,-0.25113796892167634
16140,1348.148148148148
16141,-9.699170124481329
16142,-22.342264477095938
16143,-31.617138908085696
16145,4.016994978756276
16146,-2.487967419474269
16148,2.490186457311089
16150,0.5853797829811537
16151,-47.74774774774775
16153,-5.975103734439834
16154,-17.72256728778468
16155,-27.40740740740741
16156,17.568983583653512
16157,0.20345879959308238
16159,-4.311774461028192
16160,15.598548972188633
16161,-32.980132450331126
16172,
16201,-4.4525215810995
16210,-34.28270042194092
16211,-30.89430894308943
16212,-25.71428571428571
16213,23.140495867768596
16214,-7.428453352619072
16217,50.81967213114754
16218,6.255585344057193
16220,
16222,20.91194968553459
16223,-58.68263473053892
16224,-34.48275862068966
16226,5.905256327060351
16228,-34.137291280148425
16229,0.48847205939820243
16230,14.285714285714285
16232,2.8797696184305255
16233,-2.841918294849023
16235,12.716763005780345
16236,-37.215909090909086
16238,-8.189655172413794
16239,-24.888971132494447
16240,20.96530920060332
16242,-4.785330948121646
16244,8.80281690140845
16245,-1.556420233463035
16246,-18.22222222222222
16248,-0.445859872611465
16249,13.588235294117649
16250,-49.24242424242424
16253,34.523809523809526
16254,9.497378970089423
16255,3.9865244244806286
16256,-17.44611630744205
16258,-14.666666666666666
16259,10.588235294117647
16260,-21.91780821917808
16262,0.322234156820623
16263,6.089743589743589
16301,-4.863983953867368
16311,-4.57516339869281
16312,-100.0
16313,9.860012172854535
16314,-1.4317590182223874
16316,-14.700981299759302
16317,11.694510739856803
16319,-12.538461538461537
16321,-75.0
16322,-7.874015748031496
16323,-5.403179831506936
16326,-27.47747747747748
16327,-13.98206575888409
16328,130.55555555555557
16329,-18.939393939393938
16331,107.24637681159422
16332,6.25
16333,-32.48407643312102
16334,9.973753280839896
16335,-0.9009983061231845
16340,11.238532110091743
16341,-1.2725344644750796
16342,5.218554861730597
16343,28.504672897196258
16344,11.087420042643924
16345,8.06831566548881
16346,-3.5944700460829497
16347,-39.399921042242404
16350,-16.505549588256354
16351,20.05457025920873
16352,-15.037593984962406
16353,-9.26505082095387
16354,-7.037003363942176
16360,-2.60196905766526
16361,-9.090909090909092
16362,-15.915119363395224
16364,8.045052292839904
16365,-3.7818383167220375
16370,157.8125
16371,0.0319693094629156
16372,1.2048192771084338
16373,-6.038200862600123
16374,-11.538461538461538
16401,-39.286771234092924
16402,-16.5083135391924
16403,3.884506623009376
16404,-9.429280397022332
16405,-29.028132992327365
16406,9.540302267002518
16407,-3.364469030561349
16410,18.962432915921287
16411,-30.077691453940066
16412,-9.8292220113852
16415,3.055470111760484
16416,-26.08695652173913
16417,6.73971206523124
16420,-29.606299212598426
16421,-4.404246952418403
16422,-44.37689969604863
16423,-13.78760255241568
16424,-6.086021505376344
16426,-12.705338809034908
16427,19.642857142857142
16428,-1.4190513524108193
16430,
16433,-3.795761078998073
16434,0.9259259259259258
16435,-11.875335840945727
16436,33.94648829431438
16438,-7.668828691339183
16440,-14.19141914191419
16441,-8.979150275373723
16442,12.716562716562715
16443,9.562109025915996
16444,-29.43661971830986
16475,
16501,-16.416416416416414
16502,0.49060744948679874
16503,-5.271537236865381
16504,1.612800812750016
16505,-1.4234223226831206
16506,0.13240100955769787
16507,-5.879891190625654
16508,-10.627377573818006
16509,2.744625716267017
16510,-2.0465909531377187
16511,-1.3910223587642943
16546,12.337011033099298
16550,
16563,-7.549430796884361
16601,1.236112806739104
16602,-4.086488723360232
16611,0.6823351023502654
16613,10.014409221902017
16616,10.743801652892563
16617,-6.373075546007876
16619,-6.25
16620,34.84320557491289
16621,-4.86409155937053
16622,-57.07070707070707
16623,-9.124087591240876
16624,-3.7735849056603774
16625,-0.8068854222700376
16627,-4.953703703703704
16630,6.71806167400881
16631,-62.37623762376238
16633,31.103678929765888
16634,-26.176470588235297
16635,0.7164031620553359
16636,52.899575671852894
16637,3.0690537084398977
16638,248.0
16639,0.846262341325811
16640,9.617755856966708
16641,-4.288577154308617
16645,18.75
16646,-8.308730493462674
16647,14.002828854314004
16648,-3.7833190025795354
16650,-1.6492578339747113
16651,1.435489450017295
16652,-13.776852257781675
16654,
16655,-18.01125703564728
16656,-3.4846029173419772
16657,6.68716372021522
16659,-46.76923076923077
16661,3.4753363228699556
16662,-4.654300168634064
16664,10.367388022143935
16665,8.620689655172415
16666,-11.026374324753734
16667,-5.39593552908199
16668,6.0398690865813744
16669,5.149181905678537
16670,136.36363636363635
16671,-29.61672473867596
16672,-40.123456790123456
16673,-3.881151346332405
16674,-21.69811320754717
16675,
16677,13.157894736842104
16678,-5.449591280653951
16679,-25.771971496437057
16680,-16.235294117647058
16682,453.8461538461538
16683,-4.632152588555858
16684,
16685,108.55263157894737
16686,-0.36635628148374294
16689,-15.865384615384615
16691,8.771929824561402
16692,26.141078838174277
16693,-5.968442716670478
16694,108.38323353293413
16695,-17.108639863130882
16699,-100.0
16701,-4.0438656614119255
16720,6.454388984509467
16724,-11.458333333333332
16725,-70.1195219123506
16726,-25.68149210903874
16727,2.8169014084507045
16729,-25.754310344827587
16730,-36.36363636363637
16731,-6.302021403091558
16732,-48.87640449438202
16733,-28.80658436213992
16734,-26.23574144486692
16735,9.645972293483839
16738,-14.395782643957828
16740,-18.17351598173516
16743,2.8526148969889067
16744,-13.461538461538462
16745,6.050420168067227
16746,-10.380348652931854
16748,0.14625228519195613
16749,0.5
16750,18.340611353711793
16801,-2.5736203909923283
16802,8.398770911573916
16803,-5.527083497595206
16820,53.394123606889565
16821,-6.008583690987124
16822,-6.159068865179437
16823,-3.6050934347610384
16825,-33.42541436464088
16826,-26.08695652173913
16827,1.3299013299013298
16828,10.104450499545866
16829,-1.0043041606886656
16830,0.34566448481282636
16832,-54.68277945619335
16833,-1.828463713477851
16834,260.1063829787234
16835,5.741626794258373
16836,4.178537511870846
16837,-4.895104895104895
16838,-4.833679833679834
16839,-46.01063829787234
16840,-41.27906976744186
16841,17.445857683052594
16843,-19.17808219178082
16844,-7.667151162790697
16845,19.457013574660635
16847,102.19780219780219
16848,-4.934210526315789
16849,-82.32323232323232
16851,42.30317273795535
16852,-50.59880239520959
16853,115.66265060240963
16854,0.5457025920873124
16855,-61.33333333333333
16856,
16858,-0.026130128037627383
16859,-1.7892644135188867
16860,27.464788732394368
16861,-9.49367088607595
16863,-7.332293291731669
16864,
16865,-30.06470881035341
16866,-6.424860111910472
16868,147.59615384615387
16870,3.7627640229402717
16871,52.94117647058824
16872,-10.575793184488838
16874,-16.89847009735744
16875,-19.50506186726659
16876,-24.610591900311526
16877,1.3172338090010975
16878,4.474142940151075
16879,-5.990783410138248
16881,9.176365264100268
16882,11.519607843137255
16901,5.780117191379482
16910,
16911,-34.65346534653465
16912,37.1383482377696
16914,13.647058823529413
16915,-3.0613933476749957
16917,1.5780730897009967
16920,-9.563511525257478
16921,37.63213530655391
16922,-11.889927310488059
16923,-17.548387096774192
16925,-5.531914893617021
16926,0.87527352297593
16927,0.0
16928,22.698907956318255
16929,-1.2003311258278146
16930,-12.812736921910538
16932,-7.042253521126761
16933,-12.814070351758794
16935,-18.695652173913043
16936,17.84957627118644
16937,-45.622119815668206
16938,18.301610541727673
16939,-41.69184290030212
16940,-83.09859154929578
16941,-25.806451612903224
16942,8.173076923076923
16943,-19.742489270386265
16946,5.709690390028147
16947,-7.641528305661133
16948,1.665675193337299
16950,-6.095071449402158
17002,-35.815147625160456
17003,6.137996710241538
17004,15.241157556270096
17005,-26.509186351706038
17006,3.343465045592705
17007,14.5497803806735
17009,-16.227180527383368
17010,223.7410071942446
17011,8.232836652276841
17013,3.461603091917325
17014,
17015,15.095125676989307
17016,19.931662870159453
17017,-1.3020833333333335
17018,-1.2586084065542626
17019,3.8947653919175487
17020,-6.864963896971657
17021,16.18705035971223
17022,7.657854857720155
17023,-2.400893355667225
17024,-17.108217332734622
17025,1.9422665716322167
17026,-2.092511013215859
17027,16.439560439560438
17028,-8.545099134320022
17029,29.126213592233007
17030,-38.981288981288984
17032,-6.631656082071324
17033,-2.6422647983986276
17034,3.713629402756508
17035,-13.768115942028986
17036,-1.2740544127405442
17037,3.5035035035035036
17038,-7.868963188112124
17039,-89.47368421052632
17040,12.860411899313501
17041,69.28104575163398
17042,4.297010196746625
17043,0.4458161865569273
17044,-3.472819336963791
17045,20.70373861137292
17046,2.4569312510062793
17047,12.069617858494135
17048,-11.8408203125
17049,-5.753670961941864
17050,14.321874744835469
17051,-4.09967845659164
17052,-0.2677376171352075
17053,1.4636075949367089
17054,
17055,10.687804338202744
17056,-39.62264150943396
17057,4.334075723830734
17058,-5.216360403082395
17059,-5.512297614633543
17060,-9.92616899097621
17061,-1.0008578781812982
17062,-0.49019607843137253
17063,-4.242246928028086
17064,21.808510638297875
17065,-11.704494882064974
17066,-8.572479764532744
17067,9.605280883739727
17068,3.530512041150339
17069,162.5
17070,4.566037735849057
17071,-20.12987012987013
17073,-2.8893828004787143
17074,0.6748207507380852
17075,118.84057971014492
17076,668.75
17077,-76.04166666666666
17078,10.149112426035503
17080,24.390243902439025
17081,-36.48293963254593
17082,-5.206689807510256
17084,5.761872608597794
17086,-7.506471095772217
17087,3.031465848042978
17088,-59.38697318007663
17090,-3.839317454674725
17093,-51.240694789081886
17094,-1.7658349328214973
17097,2.1164021164021163
17098,2.433906840117499
17099,-5.352986811481769
17101,31.22715404699739
17102,4.876170922622867
17103,11.242145132133942
17104,2.049987376925019
17109,13.896282304456085
17110,-0.8606924484947619
17111,9.743108717359073
17112,8.876025084418716
17113,9.74081458273996
17120,
17201,3.844241288298971
17202,14.181347874720357
17210,-21.710526315789476
17211,13.056379821958458
17212,-9.742895805142084
17213,19.038461538461537
17214,22.451081359423274
17215,-28.18181818181818
17217,19.298245614035086
17219,18.779342723004692
17220,12.285714285714286
17221,-19.273301737756714
17222,-7.702948041843174
17223,-18.01566579634465
17224,-7.268840192410475
17225,5.652283623517537
17228,-3.406113537117904
17229,11.894647408666101
17232,
17233,-2.8232636928289105
17235,40.625
17236,-3.8723846954109353
17237,-12.87228672387683
17238,10.568112400733048
17239,-20.384615384615383
17240,-13.949962092494314
17241,-3.609764542936288
17243,-3.785271851342051
17244,-13.717693836978132
17246,298.0132450331126
17247,22.337662337662337
17249,-12.686567164179104
17250,-16.129032258064516
17251,-77.41935483870968
17252,-6.93950177935943
17253,54.36241610738255
17254,10520.0
17255,-0.5390835579514826
17257,-3.014394580863675
17260,-9.090909090909092
17261,-83.33333333333334
17262,-50.0
17263,217.00680272108843
17264,-3.9525691699604746
17265,-37.852112676056336
17266,-18.813905930470348
17267,1.8544935805991443
17268,-1.6980875246716123
17271,56.271186440677965
17301,-0.40303461356092934
17302,-8.018504240555128
17303,
17304,1.5708675473045342
17306,46.93877551020408
17307,-0.4449190247374978
17309,-2.6706231454005933
17311,-26.81818181818182
17313,7.294455066921605
17314,5.1193415637860085
17315,3.908324223020459
17316,6.018116391611863
17317,-39.33774834437086
17318,-29.347826086956523
17319,-10.168516235100698
17320,5.774684196957979
17321,2.422145328719723
17322,0.0324728040266277
17323,
17324,-1.7083436494181727
17325,2.4819574018658686
17327,0.0
17329,32.14001591089897
17331,7.256222547584187
17339,3.7924757281553396
17340,6.898454746136866
17342,
17343,-47.72727272727273
17344,2.5402201524132093
17345,7.705279543390842
17347,-1.8464825270868304
17349,14.18166238217652
17350,3.4501473096604127
17352,15.41501976284585
17353,-21.734387782928824
17355,24.418604651162788
17356,2.398949893631467
17360,-7.162202828769185
17361,-3.5703100532414656
17362,4.941472810786783
17363,-4.9843564570072285
17364,-2.301587301587302
17365,7.38488271068636
17366,14.261900351917022
17368,-9.380704957168936
17370,24.111882400979994
17371,23.825503355704697
17372,-11.000693321007626
17401,-0.5017921146953405
17402,1.9959058341862845
17403,1.40652322664031
17404,11.8568425901932
17406,-3.5176494592940215
17407,25.42533081285444
17408,2.202983027601577
17501,9.384579108700779
17502,-10.586964350018006
17504,
17505,20.784313725490197
17506,
17507,351.42857142857144
17508,77.10437710437711
17509,3.091944670463792
17512,0.40621000500806853
17516,13.0851792646723
17517,-10.756003557663801
17518,-0.478796169630643
17519,-8.740395170142701
17520,12.208800690250216
17522,-1.198004293090445
17527,9.737638748738647
17529,5.038335158817087
17532,15.37173476222371
17534,
17535,-14.078325455773127
17536,15.52
17538,19.725283501038174
17540,0.6849957774232899
17543,4.397322968652975
17545,1.836559722034204
17547,19.141203392111994
17550,-80.09478672985783
17551,0.32204717555923057
17552,-1.7767249037607342
17554,-5.25999037072701
17555,-7.296826884455751
17557,7.013986013986013
17560,7.352634867735889
17562,-5.958663148636764
17563,5.709836491045938
17565,-18.141755416819684
17566,-4.187366926898509
17568,
17569,27.805379475758095
17570,10.416666666666668
17572,-10.61243571762506
17576,-45.77777777777778
17578,12.431955274385759
17579,1.5850372483753368
17581,-85.63283922462942
17582,-25.438596491228072
17584,17.922210849539404
17601,6.7472535826966205
17602,-3.1365206817348334
17603,8.459006965301297
17606,-29.082774049217004
17701,-1.406879595692854
17702,1.2546335899629313
17720,
17721,-0.7575757575757576
17723,75.67567567567568
17724,-4.64740351586179
17727,-57.57575757575758
17728,-7.842745958890442
17729,197.82608695652172
17730,-79.01785714285714
17731,-37.890625
17737,4.205681637835265
17739,-30.555555555555557
17740,-5.184066152500597
17742,300.0
17744,-4.507512520868113
17745,-7.673633101118852
17747,2.9260935143288083
17748,-31.69642857142857
17749,-27.89473684210526
17750,-15.950920245398773
17751,-3.5594358629952985
17752,5.140784982935154
17754,-2.0257826887661143
17756,0.49376720090658893
17758,38.309859154929576
17760,-25.64450474898236
17762,-14.312617702448211
17763,4.0
17764,10.829493087557603
17765,2.3443815683104283
17768,36.84210526315789
17769,
17771,-7.1985042069180425
17772,-1.6439454691259021
17774,-22.43542435424354
17776,-34.39716312056738
17777,-10.558592187708307
17778,54.761904761904766
17779,-57.556270096463024
17801,0.6010285643472334
17810,-1.3691596782474755
17812,10.743801652892563
17813,-2.1032504780114722
17814,-1.718494271685761
17815,-5.102473037698348
17820,-1.700868922166759
17821,3.6112934996717008
17822,
17823,7.9470198675496695
17824,-2.465897166841553
17827,8.560311284046692
17829,21.393034825870647
17830,-0.30349013657056145
17832,-19.951040391676866
17834,1.715615004361733
17835,-56.68449197860963
17836,3.225806451612903
17837,-5.53531673750253
17840,-16.551724137931036
17841,-0.22619782027555008
17842,-4.162269902684957
17844,-3.1075319753671247
17845,6.159420289855073
17846,-6.924437705332323
17847,-0.7350397786233137
17850,-17.292225201072387
17851,-5.42696482280633
17853,-7.510227936879018
17855,-31.69681309216193
17856,-3.7186241090796406
17857,3.8114478114478114
17858,
17859,0.7893792608539648
17860,-3.831269349845201
17861,-18.83116883116883
17862,1.5065913370998116
17864,7.375949932945909
17865,-64.8936170212766
17866,-4.978894858019954
17867,30.82191780821918
17868,-7.604895104895106
17870,-7.1692009058557105
17872,-0.09818895919703251
17876,10.113574905354247
17878,12.380952380952381
17880,-72.61904761904762
17881,-2.5727826675693977
17884,-1.7777777777777777
17885,48.322147651006716
17886,-49.92378048780488
17887,234.7107438016529
17888,86.23188405797102
17889,16.298020954598368
17901,-1.815606489827453
17920,-32.590529247910865
17921,-10.656391177252193
17922,5.007332914309658
17923,-41.04477611940299
17925,-7.291666666666667
17929,-13.219481340923467
17930,-44.26229508196721
17931,2.215299411561094
17933,7.878787878787878
17934,-39.61038961038961
17935,-0.6321112515802781
17936,29.28104575163399
17938,0.850546780072904
17941,-7.6923076923076925
17943,-74.76635514018692
17944,-10.857142857142858
17945,116.53543307086613
17946,127.27272727272727
17948,-15.587086160806088
17949,-66.26794258373205
17951,78.75647668393782
17952,13.930348258706468
17953,-31.05590062111801
17954,3.1510240828269183
17957,15.168539325842698
17959,2.828854314002829
17960,10.057172557172557
17961,4.466348375173264
17963,4.304561717352414
17964,6.422018348623854
17965,-6.319883325230919
17967,-9.24170616113744
17968,35.42600896860987
17970,2.6563006154842888
17972,0.9249377445748843
17974,49.80694980694981
17976,-11.049888309754282
17978,199.1902834008097
17979,-64.24581005586593
17980,-0.8159268929503918
17981,-7.911849710982659
17982,-20.6286836935167
17983,1.9539427773900906
17985,10.025488530161427
18011,-1.0007022471910112
18012,
18013,0.7120829828987945
18014,10.14402560455192
18015,0.5436904869183863
18017,5.278584768624196
18018,-1.9009629468042009
18020,2.020835342915019
18030,-14.577259475218659
18031,27.698995963150814
18032,1.0243277848911652
18034,4.271186440677966
18035,-75.49019607843137
18036,7.334367383115445
18037,-6.050548889456216
18038,22.995031937544358
18040,3.9095275734176447
18041,7.232824427480916
18042,6.3550071191267214
18045,11.558490566037735
18046,189.79591836734696
18049,8.28611078986932
18051,-5.571030640668524
18052,6.87151041856731
18053,16.43213799364503
18054,19.48927969164057
18055,0.7946680338374775
18056,143.05993690851736
18058,-2.279620389394384
18059,-34.29602888086642
18062,4.134679084992791
18063,-54.248366013071895
18064,5.158637809324334
18065,
18066,-12.857142857142856
18067,3.4043701106015645
18069,7.345409119300437
18070,-67.11798839458413
18071,10.41853066905259
18072,10.532186105799871
18073,10.727969348659004
18074,-9.752038608753537
18076,7.982185680027406
18077,3.9729119638826185
18078,3.3146144363785783
18079,7.632093933463796
18080,-0.994368180218233
18081,-41.17647058823529
18083,35.30751708428246
18085,-13.209393346379647
18086,-7.624113475177305
18087,39.56043956043956
18088,-2.8831199904294773
18091,9.646182495344506
18092,-1.0925449871465296
18101,29.461433135554543
18102,4.955083126702166
18103,3.3499369348183934
18104,3.7848873732388046
18106,-8.053326078084615
18109,0.9960159362549801
18195,
18201,16.417965575829207
18202,13.403203817314246
18210,-11.916342412451362
18211,-20.79353416605437
18212,-89.32584269662921
18214,6.600985221674876
18216,36.40973630831643
18218,4.800724637681159
18219,-26.278906797477227
18220,-7.90273556231003
18221,-17.105263157894736
18222,8.54589056027905
18223,-52.22929936305732
18224,1.0606060606060608
18225,-100.0
18229,2.8061804135423767
18230,35.833333333333336
18231,-3.5269709543568464
18232,8.11730819586279
18234,-3.080568720379147
18235,-0.8683895793250481
18237,10.975246048314942
18239,-61.45038167938931
18240,0.9053285049146406
18241,-48.222565687789796
18242,137.5796178343949
18244,-5.775075987841945
18245,-47.76470588235294
18246,12.834224598930483
18248,-20.25931928687196
18249,8.761492698756085
18250,5.517941773865945
18252,7.880460645284096
18254,-17.382999044890163
18255,-4.8522751779167566
18256,-53.141361256544506
18301,-3.2816742830651036
18302,5.60042760422853
18321,6.832657788071801
18322,23.12186978297162
18323,-55.11363636363637
18324,8.857523894198712
18325,15.28117359413203
18326,-26.362649294245383
18327,28.11244979919679
18328,5.830388692579505
18330,10.908404630095623
18331,19.101123595505616
18332,-19.383385669426207
18333,-100.0
18334,12.374307408167454
18335,37.88027477919529
18336,1.3541666666666667
18337,8.350687213660974
18340,-74.80314960629921
18342,75.3393665158371
18343,-6.575536177233089
18344,-4.868708971553611
18346,-5.982246236974141
18347,21.75925925925926
18349,26.845637583892618
18350,-64.20863309352518
18351,34.070796460176986
18353,-5.744383178339231
18354,-4.56540825285338
18355,27.763272410791995
18356,-100.0
18357,-57.84313725490197
18360,9.705035702269244
18370,16.647531572904708
18371,-34.33609958506224
18372,13.374805598755831
18403,-2.3775007248477817
18405,4.251905334937826
18407,9.540846750149075
18411,5.450598180054507
18413,-67.70186335403726
18414,6.547619047619048
18415,15.959409594095941
18417,-15.99625818521983
18419,-11.089030206677265
18420,547.3684210526316
18421,-19.49044585987261
18424,-2.292701566679404
18425,-7.242582897033159
18426,-16.34094655050624
18428,2.385275668537471
18430,1520.0
18431,5.799256505576208
18433,7.390971690895181
18434,-0.9090909090909091
18435,15.483870967741936
18436,-0.811186650185414
18437,-40.19607843137255
18438,18.67469879518072
18439,-21.267893660531698
18440,
18441,103.6697247706422
18443,-18.34862385321101
18444,3.2458059810357405
18445,-5.678353658536586
18446,-5.5491329479768785
18447,-1.7874211431848597
18451,-24.37673130193906
18452,3.2297379646556976
18453,20.500481231953803
18454,360.0
18455,88.0
18456,-20.954907161803714
18457,-84.68468468468468
18458,37.624140565317035
18460,16.233766233766232
18461,-34.9862258953168
18462,66.95156695156696
18463,-0.3875968992248062
18464,7.17628705148206
18465,-6.245297215951844
18466,1.8225447066217222
18469,61.33333333333333
18470,13.95713538944067
18471,-5.0359712230215825
18472,-7.20333288536487
18473,-46.382428940568474
18503,10.611205432937181
18504,-0.42710153368278003
18505,6.998413957176844
18507,0.6738544474393532
18508,-12.73530095282361
18509,1.4517443152359084
18510,2.1728429786934815
18512,3.3509256932227527
18517,-1.3901760889712698
18518,5.142150803461063
18519,10.399137001078747
18602,18.506493506493506
18603,-0.9159594286897123
18610,5.16010135913384
18612,-3.1213065434619103
18614,-17.555938037865747
18615,-17.384769539078157
18616,26.461038961038962
18617,-22.39142695995488
18618,-7.402528977871444
18619,-47.940074906367045
18621,-13.987905792488862
18622,-21.908127208480565
18623,-21.022727272727273
18624,30.74433656957929
18625,-76.53508771929825
18626,-10.314685314685315
18627,
18628,-17.75700934579439
18629,21.338383838383837
18630,-4.36909031626997
18631,-11.888111888111888
18632,-14.548802946593002
18634,2.2287257991895544
18635,-6.866840731070496
18636,4.097771387491013
18640,-7.833093525179856
18641,18.733089288556425
18642,-21.536077910579905
18643,1.790138256213538
18644,3.946821769837973
18651,1.729780271154745
18655,-4.661602209944752
18656,-0.40304523063143755
18657,-7.635878626208736
18660,-7.898370615851974
18661,-4.863603732950467
18701,1.366120218579235
18702,8.016366116078194
18704,0.7874784419641404
18705,6.891281695032997
18706,1.9736015084852294
18707,1.6016886019369256
18708,0.19217725525661314
18709,-2.1370420624151967
18801,-4.3275141381853945
18810,-2.1765627720703464
18812,-11.936936936936938
18814,-33.33333333333333
18816,-54.54545454545454
18817,-13.966480446927374
18818,10.59135039717564
18820,
18821,-20.54054054054054
18822,-7.2489601901366605
18823,-61.74242424242424
18824,-22.436750998668444
18825,43.47826086956522
18826,3.742613263296126
18828,-31.746031746031743
18829,-11.979823455233293
18830,-10.440456769983687
18831,-29.632299927901943
18832,-1.694017998941239
18833,-2.7092404450895016
18834,-0.5729794933655006
18837,-11.21192482177576
18840,5.469334330590875
18842,-37.16475095785441
18843,-5.706521739130435
18844,-19.211576846307384
18845,62.34567901234568
18846,-33.14231136580707
18847,-6.856839121190644
18848,3.1374385389838446
18850,-19.27456769295656
18851,-39.110604332953244
18853,10.524934383202101
18854,0.2643754130865829
18901,3.5326385079539224
18902,6.531977017990016
18912,-52.368421052631575
18913,143.24324324324326
18914,-0.29815428300993846
18915,98.09782608695652
18917,8.217203267659778
18920,10.739856801909307
18921,
18923,50.92693565976008
18925,-5.487804878048781
18927,
18929,2.634641836842662
18930,-25.638335082196573
18932,-33.191489361702125
18933,
18935,2006.6666666666667
18936,
18938,-5.414958292096706
18940,2.4026910139356077
18942,-6.926097822206355
18944,8.645227236986948
18946,
18947,3.396651641983258
18950,-30.76923076923077
18951,7.121225231461452
18954,12.503966994604887
18955,-23.8353196099675
18960,-4.520183708000967
18962,-10.218978102189782
18964,1.0224510224510224
18966,-3.734362523289859
18969,-0.7476038338658146
18970,-19.776119402985074
18972,-11.028571428571428
18974,5.246207930771689
18976,8.473260215471221
18977,18.203003625064735
18980,-78.77551020408163
19001,4.4339014818719615
19002,-4.348615524285066
19003,0.8529092880375857
19004,5.2348284960422165
19006,4.608460846084609
19007,7.1267565104791135
19008,-0.4614562588040997
19009,23.83654937570942
19010,3.2261175676327336
19012,-1.7543859649122806
19013,-3.270542657421184
19014,-1.1432890820616997
19015,0.26763990267639903
19017,19.421487603305785
19018,-1.1538135233732079
19020,1.9694519317160826
19021,-1.2265585402939685
19022,-10.898058252427184
19023,0.7074098947839714
19025,29.819388131220055
19026,2.203080470075891
19027,-1.4683268019246987
19029,-0.5486284289276808
19030,5.17009093971034
19031,9.185185185185185
19032,2.084592145015106
19033,-8.586154386786928
19034,22.772617819057448
19035,3.2346354814630502
19036,1.3065867343017445
19038,5.383349998387253
19040,7.953769628401443
19041,7.48573346760658
19043,15.349716446124765
19044,6.272625140431906
19046,9.14210193644774
19047,-5.109529945655219
19050,3.461235593099005
19052,
19053,9.825802939575395
19054,7.026695305308377
19055,-1.9161762595091145
19056,1.1939148854226844
19057,4.880268471645526
19060,0.18719914423248352
19061,2.698870828902729
19063,6.203362149072171
19064,1.9568205708741004
19066,-2.7468706536856744
19067,3.031825471971556
19070,-7.102478620089868
19072,11.114619513735397
19073,8.134044173648133
19074,0.508819538670285
19075,3.950323688730348
19076,-1.466768525592055
19078,3.493837013390086
19079,0.20733304233958968
19081,5.939503205128204
19082,5.024879280339241
19083,0.8334238245194917
19085,21.948184183731193
19086,7.972684592402903
19087,3.54442053489087
19090,3.635127360217585
19094,17.185903983656793
19095,4.364299747403874
19096,15.287769784172662
19102,11.761205870686235
19103,12.053182214472537
19104,-2.7642423693506024
19106,16.330427563304276
19107,10.121457489878543
19108,
19109,
19111,-4.10025706940874
19112,
19113,-100.0
19114,0.23190799923756272
19115,3.756798297469851
19116,-1.5967713633970875
19118,-1.861111111111111
19119,-0.2880362102664335
19120,-1.403780258649276
19121,19.634818994484245
19122,0.9167033935654474
19123,21.803916397441814
19124,5.825411798853494
19125,1.8717131144146755
19126,10.292829433112251
19127,-6.873136800264988
19128,2.2130492676431426
19129,2.821486706456864
19130,16.015325670498086
19131,-1.7789157297116776
19132,-2.987892591704627
19133,-6.405810855203124
19134,-4.187015796757927
19135,1.8213201595143145
19136,10.70430238210987
19137,2.0536726722943177
19138,-6.191136534350263
19139,3.0576385002797983
19140,9.525354969574035
19141,1.3257968098014263
19142,9.844889864721297
19143,-3.99015377134869
19144,15.154456550753476
19145,-4.75912850078815
19146,4.72119731850543
19147,-0.03579281075829627
19148,-5.830838323353293
19149,-1.8578851519556245
19150,-4.640718562874251
19151,-4.412853968434847
19152,-1.1648795823275135
19153,-10.210827885109822
19154,3.9120315111005013
19301,20.715802244464665
19310,-6.399502951227089
19311,19.339225589225588
19312,0.737450766781195
19316,-53.179190751445084
19317,6.966882067851373
19319,-8.010012515644556
19320,2.1059431524547803
19330,6.173977147069665
19333,21.772699197035205
19335,5.085094137959385
19341,20.22353560770086
19342,9.383322019737873
19343,3.613256915026165
19344,7.140462621521958
19345,-0.13908205841446453
19348,3.114262102561872
19350,-9.534745258144085
19352,3.762649494020239
19355,11.26994155741589
19358,-44.02332361516035
19362,3.513326410522672
19363,4.204753199268739
19365,2.891298304142341
19367,846.6666666666666
19369,
19372,9.777294948397609
19373,-62.56340226297308
19374,-7.936507936507936
19375,141.0958904109589
19380,-1.2747819966370781
19382,-2.1660250861068646
19383,66.43511209346384
19390,-9.849239084056322
19401,1.9095572867186015
19403,-4.519578345851642
19405,-3.201363894677022
19406,20.213520163476375
19422,6.631920438227942
19425,14.737328405491024
19426,4.829077683025731
19428,21.341135725801635
19435,-23.076923076923077
19436,-17.064846416382252
19437,-6.019417475728155
19438,0.8239760885370385
19440,5.080538684974914
19442,
19444,5.177111716621254
19446,7.7424511545293075
19453,31.431005110732542
19454,-2.4087997772208296
19456,-66.70776818742293
19457,228.88888888888889
19460,3.422216907808203
19462,3.099213826262101
19464,2.1533803807858773
19465,7.349819266739342
19468,7.936812975632254
19472,20.0
19473,8.38797476184585
19474,-29.174311926605505
19475,4.271246147071774
19477,-65.07936507936508
19490,
19492,85.16483516483517
19501,-0.09216589861751152
19503,-3.9861351819757362
19504,-0.32504780114722753
19505,-3.174104336895035
19506,-2.9195050743778674
19507,16.02402022756005
19508,0.2862533342007677
19510,-5.095390449105344
19511,185.24590163934425
19512,-5.5278132621066085
19516,
19518,7.276872964169382
19520,10.13192612137203
19522,-0.9776339850893234
19523,-100.0
19525,5.331278890600925
19526,-2.651876245775197
19529,-1.3811342932706436
19530,-9.386236825790453
19533,-2.664929527419164
19534,6.933333333333333
19535,342.85714285714283
19536,-17.147435897435898
19538,226.08695652173913
19539,-16.44723092998955
19540,4.10706450197455
19541,9.664979513135695
19543,-10.091600683123739
19544,22.58064516129032
19545,59.87261146496815
19547,6.729879740980574
19549,43.90243902439025
19550,10.424028268551238
19551,1.5839933305543976
19554,-22.811671087533156
19555,0.792021120563215
19559,-13.218390804597702
19560,18.15015479876161
19562,12.561297623538287
19564,-18.88888888888889
19565,-9.569271758436946
19567,7.354862796341235
19601,4.308146946343724
19602,8.905065210797696
19604,14.075896518303137
19605,3.869077684614607
19606,2.9631116975503415
19607,3.4207574842550255
19608,6.682017446751981
19609,6.521512657568497
19610,4.067258883248731
19611,4.267091812810653
19701,9.112950626959247
19702,3.481012658227848
19703,8.659014000398116
19706,-3.313840155945419
19707,5.396530359355638
19709,24.809423042602553
19710,62.5
19711,-4.622581820273405
19713,-1.9510278905329317
19716,-100.0
19717,44.21176470588235
19720,-1.043301936159079
19730,-51.89655172413793
19731,5.806451612903226
19732,2326.6666666666665
19733,-22.767857142857142
19734,19.45154147504684
19735,-100.0
19736,-73.01587301587301
19801,3.0006848035858806
19802,-0.9236734073285693
19803,-3.2800938458761952
19804,3.4867663981588035
19805,-0.21916013804569615
19806,7.841696409825739
19807,12.406876790830946
19808,-6.4307813190590775
19809,4.494986878406568
19810,-0.3740502630040912
19901,5.130549355992364
19902,-83.58974358974359
19904,6.819999999999999
19930,18.484973240016465
19931,55.371900826446286
19933,8.420192111179235
19934,7.347630628638808
19936,-8.641975308641975
19938,3.2171581769436997
19939,21.08005684509711
19940,23.44740177439797
19941,5.069280162216965
19943,2.7984009137635635
19944,-17.56373937677054
19945,36.28219484882419
19946,8.229966528844262
19947,-0.5707006369426751
19950,-4.807692307692308
19951,7.787698412698413
19952,2.922046403261819
19953,8.796498905908097
19954,8.135810377962844
19955,814.2857142857142
19956,7.347852635864034
19958,18.93065376504156
19960,6.139808227652336
19962,7.073085644514215
19963,3.2030873130728414
19964,58.31683168316831
19966,14.233012437636146
19967,66.93811074918567
19968,45.40472985964238
19970,-6.44213104715248
19971,14.919786096256685
19973,4.380204996796925
19975,4.394184168012924
19977,2.0166627734952893
19979,-24.965325936199722
19980,
20001,-4.069678824169842
20002,13.362034084839852
20003,14.296572920453418
20004,3.7856726849155504
20005,-1.6623847665105034
20006,-54.7841726618705
20007,-12.32407339179132
20008,0.060961154197852814
20009,-2.51251406619844
20010,-4.159980982944078
20011,-0.19328843094399095
20012,15.872807305696076
20015,-3.0482428517445523
20016,-6.686912674765069
20017,3.2511378982643926
20018,1.6330785267546908
20019,5.346286124105556
20020,-7.546536681855109
20024,22.610352492854872
20032,-4.711645407861419
20036,-18.88279643591501
20037,-20.112071293545775
20045,
20052,179.15451895043734
20057,-36.53275815583715
20059,
20064,-50.24853140533213
20105,86.75500329887839
20106,-25.602301330456672
20109,11.0805179342164
20110,2.7074018877297568
20111,5.684703492636687
20112,8.338652149427444
20115,22.709717287192955
20117,23.13064913722268
20119,-15.394883203559512
20120,4.975522272308662
20121,-8.184648344659056
20124,-4.219730089336628
20129,-18.501529051987767
20130,28.000000000000004
20132,8.88686339295887
20135,16.02763385146805
20136,3.692448452766069
20137,31.66894664842681
20141,31.230529595015575
20143,-57.585385226370136
20144,15.657439446366784
20147,5.442541323290737
20148,34.20725166273332
20151,-5.21279819890029
20152,9.085886180858248
20155,6.657085369359011
20158,13.469577333952623
20164,1.8021703038906667
20165,2.2284621818616324
20166,34.360047846889955
20169,18.315385257534018
20170,1.790096048234442
20171,0.9027338811630847
20175,-0.6763429597486159
20176,-3.0200892429668498
20180,3.6839222130923033
20181,17.180717386337673
20184,-44.26229508196721
20186,4.203093476798924
20187,9.769176964327349
20190,9.12425729785585
20191,0.7652715698225654
20194,-0.9061539673784572
20197,11.695075757575758
20198,-12.064777327935222
20204,
20220,
20230,
20240,
20245,
20250,
20260,
20317,-100.0
20319,-18.867924528301888
20373,126.05633802816902
20388,
20390,-38.7037037037037
20408,
20415,
20418,
20422,
20427,
20431,
20510,
20515,
20520,
20530,
20535,
20540,
20542,
20551,
20560,
20565,
20566,
20591,
20601,5.358932839848871
20602,10.032264186752704
20603,4.995314872855343
20606,-47.5583864118896
20607,12.434847356664184
20608,-22.093023255813954
20609,7.26643598615917
20611,-24.816544362908605
20612,-65.16587677725119
20613,4.845565315953528
20615,4.174950298210735
20616,9.178588651342228
20617,-15.775401069518717
20618,177.29591836734696
20619,10.568524694298873
20620,-10.59379217273954
20621,-25.69511025886865
20622,-13.282612141385322
20623,-21.651785714285715
20624,-22.535211267605636
20625,89.95433789954338
20626,-16.72473867595819
20628,271.1764705882353
20629,179.16666666666669
20630,-14.484679665738161
20632,110.49868766404201
20634,5.878387488202778
20636,-1.9019815994338287
20637,19.473785289033994
20639,2.8692444322994946
20640,0.16963528413910092
20645,-17.065217391304348
20646,4.407645815930421
20650,9.58768709404123
20653,15.261386391717439
20656,
20657,12.817490086807414
20658,1.3471502590673576
20659,-0.5876341338783853
20660,-100.0
20661,
20662,-10.535405872193436
20664,-20.321008885067354
20667,-78.48443843031123
20670,-13.234384662956092
20674,-8.607021517553793
20675,7.0686070686070686
20676,-35.97790055248618
20677,-19.221698113207548
20678,1.8029416416258104
20680,-33.105802047781566
20684,-62.36494597839136
20685,3.7663335895465027
20686,-37.14099216710183
20687,48.760330578512395
20688,-34.417040358744394
20689,-12.575406032482597
20690,-8.069792802617231
20692,-38.74256584536958
20693,20.278330019880716
20695,45.73791348600509
20701,
20705,2.5402504472271916
20706,9.034554869547899
20707,10.68416405322291
20708,7.214475048980063
20710,0.31794871794871793
20711,7.148004035163568
20712,3.34835801674179
20714,-0.6668055844967702
20715,-0.09516921085690358
20716,0.8987850593920781
20720,15.759072269500418
20721,2.1535704804884523
20722,4.6977605657518104
20723,3.835346600619913
20724,3.66749547920434
20732,6.515015464431808
20733,-9.18679823069071
20735,2.481467030823254
20736,-1.8935787580662222
20737,10.016656912618735
20740,14.784600420444919
20742,-35.53606532587328
20743,-3.330418488444722
20744,3.0592840130716543
20745,-1.0716813264583964
20746,0.43640005723279435
20747,2.015427369295899
20748,5.820201967757846
20751,-13.972715998346425
20754,7.117852975495915
20755,-0.4870775347912525
20758,12.681912681912683
20759,27.97743418303385
20762,4.62525320729237
20763,8.934707903780069
20764,-24.249422632794456
20765,39.1705069124424
20769,-3.6492220650636495
20770,8.523052282347557
20771,
20772,15.304176257809932
20774,10.720409802261727
20776,-9.01840490797546
20777,-6.747755574862438
20778,40.879120879120876
20779,-11.507582515611062
20781,16.883459307435402
20782,5.9711085266572805
20783,6.770215290727243
20784,5.488923843229781
20785,10.341601625147012
20794,-3.1819828523125224
20812,-17.302052785923756
20814,4.237200482675401
20815,1.9818873867961675
20816,7.028557360905957
20817,1.52850158491377
20818,-10.917248255234297
20832,-5.065554231227652
20833,5.634551495016611
20837,5.454257174567941
20838,54.621848739495796
20839,61.0
20841,-13.263785394932937
20842,9.11664779161948
20850,1.615598885793872
20851,-3.457586933614331
20852,3.911250483268182
20853,3.3413508418383935
20854,-0.4119214926096438
20855,14.098676957001102
20860,-20.702853166318718
20861,63.66090712742981
20862,-8.21917808219178
20866,7.28757959734997
20868,-10.128388017118402
20871,34.464495880737545
20872,-2.5030156815440288
20874,1.912442396313364
20876,-2.8375018282872606
20877,-0.7241334879525835
20878,1.7369038069969767
20879,3.345990450768826
20880,15.930902111324377
20882,4.835560895029284
20886,0.6498781478472786
20889,
20892,
20894,
20895,-2.2617779806278207
20896,-10.44776119402985
20899,-43.47826086956522
20901,1.2270105560996845
20902,0.9506495473999167
20903,-2.6149823104137826
20904,-1.8439420772997188
20905,-6.509161041465767
20906,2.107501105831657
20910,6.641429078433692
20912,-1.0195867990340757
21001,5.201607991229139
21005,3.010670731707317
21009,9.022430532306663
21010,7.462686567164178
21012,9.334845049130763
21013,9.168356997971602
21014,4.489761428611667
21015,5.5319001627029465
21017,-8.799645651852945
21023,
21028,2.7643400138217
21029,24.522350396539295
21030,0.7576972418216805
21031,
21032,-8.030199039121483
21034,-13.382137628111273
21035,4.174454828660436
21036,-9.41722972972973
21037,-4.989623748082649
21040,3.3503457359236086
21042,5.298603545607606
21043,-0.175135043889264
21044,3.5948087745492128
21045,3.1462371004278884
21046,-0.8793264733395697
21047,9.78483187433527
21048,-8.141942771084338
21050,-0.25383511753669574
21051,-70.87628865979381
21052,70.42801556420234
21053,-14.657342657342657
21054,51.25831645935782
21056,45.20547945205479
21057,14.480667172100075
21060,16.563002518280285
21061,2.9635712152881455
21071,2.3346303501945527
21074,1.2162523389468056
21075,15.001430524207649
21076,33.08978926393334
21077,-58.498023715415016
21078,9.587526263408161
21082,47.65957446808511
21084,-4.868913857677903
21085,2.0357955593824957
21087,0.8832011535688535
21090,-1.1182261301729906
21093,1.928107994976978
21102,12.827249695036128
21104,27.213732468076195
21105,60.0
21108,-3.9646639348624344
21111,1.5533165407220824
21113,9.453258555019046
21114,-6.246268656716418
21117,-1.3686623516720604
21120,0.8543475265261127
21122,0.09611468599820804
21128,15.11342291576362
21130,-93.39622641509435
21131,3.9859951521680577
21132,6.3247863247863245
21133,-3.2754252623959466
21136,4.1681531692234515
21140,33.05190744215135
21144,6.274746083663281
21146,6.537096137985442
21152,11.192629244156288
21153,81.72043010752688
21154,17.512901614782752
21155,10.338616714697405
21156,14.920634920634921
21157,7.058159232072275
21158,11.790711232024874
21160,-4.332511447692849
21161,1.5893082896875563
21162,5.49182328533073
21163,-0.8511806699615596
21201,10.30430852666466
21202,-7.678538645125757
21204,-5.19840338107537
21205,-0.5553298117296492
21206,-0.5205997621229552
21207,7.300541011131148
21208,1.4185939071119928
21209,9.096205666011215
21210,-1.6581465460741907
21211,-3.048186906789973
21212,-0.438106439282564
21213,-9.04736394289856
21214,3.463203463203463
21215,-9.645815096626489
21216,-5.499883477044977
21217,-13.48084128764051
21218,-4.644064324490423
21219,0.7975653268968412
21220,5.459400652754426
21221,4.09273379415188
21222,9.570758247977945
21223,-12.947797236571331
21224,-11.857055949133583
21225,5.669525165904064
21226,-24.041184041184042
21227,3.3189883864882392
21228,5.1499811739112245
21229,-8.072576464489373
21230,-5.11873503188389
21231,-11.650427401518321
21233,
21234,-5.10272940027854
21236,-1.7822184933770624
21237,2.9848761841449227
21239,-11.376890690784345
21240,
21244,9.085636961144404
21250,17.841497411389884
21251,-63.7911464245176
21252,71.05566218809982
21285,
21286,1.6149187734307413
21287,
21401,11.937778515873674
21402,-56.22090223149784
21403,4.25001618437237
21405,6.388888888888888
21409,0.6492238601972078
21502,-3.335986515591347
21520,-7.802690582959642
21521,27.549194991055455
21523,-28.10810810810811
21524,24.78920741989882
21529,12.524461839530332
21530,6.638755980861244
21531,-2.1379980563654035
21532,-14.075084437516239
21536,-3.118860510805501
21538,34.35294117647059
21539,-22.864506627393226
21540,10.588235294117647
21541,36.85923515052888
21542,-75.36873156342183
21543,52.197802197802204
21545,-11.73096976016684
21550,-5.9569773855488135
21555,-13.675213675213676
21557,6.578947368421052
21560,
21561,0.0
21562,-0.03077870113881194
21601,-1.6387290467850888
21607,-36.880290205562275
21610,-12.530120481927712
21612,64.79289940828401
21613,2.713067368782554
21617,-1.54297614539947
21619,-6.355382619974059
21620,8.359821996185634
21622,-67.41573033707866
21623,12.326656394453005
21624,11.666666666666666
21625,-15.154826958105646
21626,-45.16129032258064
21627,28.57142857142857
21628,-52.0
21629,4.09588327253778
21631,21.80944055944056
21632,11.084543125533731
21634,303.2967032967033
21635,-9.867452135493373
21636,-19.373776908023483
21638,-1.7462165308498252
21639,4.273127753303965
21640,-15.0278293135436
21641,67.41573033707866
21643,-15.157147685028727
21644,-80.48780487804879
21645,7.229965156794425
21647,179.50310559006212
21648,-38.013698630136986
21649,20.098039215686274
21650,113.88888888888889
21651,-21.64328657314629
21652,14.399999999999999
21653,15.384615384615385
21654,20.34383954154728
21655,-11.883574341861328
21657,59.312638580931264
21658,2.616279069767442
21659,-6.2021439509954055
21660,4.778941988244314
21661,3.1287605294825513
21662,39.490445859872615
21663,15.343245808288517
21664,3.5483870967741935
21665,-45.87458745874587
21666,18.541718867451767
21667,-18.045112781954884
21668,-7.7616424636955434
21669,-7.462686567164178
21671,5.6430446194225725
21672,-36.51685393258427
21673,-13.822894168466524
21675,-75.0
21676,-33.92857142857143
21677,56.54450261780105
21678,-16.995073891625616
21679,-27.142857142857142
21701,11.145325230945309
21702,12.902522352257032
21703,11.406148912829456
21704,14.91042547897487
21705,
21710,0.6050826946349335
21711,-20.951509606587372
21713,-1.7200707686259091
21714,38.775510204081634
21715,
21716,30.076515597410243
21717,198.57142857142858
21718,-6.535947712418301
21719,10.628019323671497
21722,17.454481792717086
21723,7.656250000000001
21727,-2.2696929238985315
21733,17.84313725490196
21734,21.09704641350211
21737,4.745319982585982
21738,5.049944506104328
21740,1.5994301625331866
21742,3.97556277837968
21746,-4.878048780487805
21750,-2.6932399676811203
21754,15.863389722310883
21755,1.2779552715654952
21756,-9.531635168447
21757,-19.25244734500148
21758,-4.830718414533443
21762,-33.07984790874524
21766,7.5098814229249005
21767,-24.02088772845953
21769,10.97173144876325
21770,55.068711412069305
21771,7.787918000408636
21773,-0.5907626208378088
21774,15.563040649161755
21776,21.05362182502352
21777,34.01476433844407
21778,-35.483870967741936
21779,49.611063094209165
21780,29.423328964613365
21781,-77.71739130434783
21782,10.945399393326593
21783,11.682137197192665
21784,-4.788826072497506
21787,6.406494522691705
21788,-2.810424118548799
21790,-100.0
21791,-12.126696832579185
21793,7.33872558690077
21794,-6.895161290322581
21795,8.001768346595933
21797,8.895853423336547
21798,44.79613733905579
21801,1.3239362402845476
21804,-4.855275443510738
21810,-80.79231692677071
21811,6.729510343021733
21813,0.20540910647038688
21814,-85.63829787234043
21817,-17.123973562988184
21821,-23.269809428284855
21822,15.626345243219975
21824,187.5
21826,4.996229260935143
21829,-10.045662100456621
21830,34.1747572815534
21835,-5.911330049261084
21837,2.0967741935483875
21838,37.059913526868435
21840,48.62637362637363
21841,-17.46031746031746
21842,2.374497522669907
21849,0.20839535576064305
21850,40.838509316770185
21851,0.12742460710746142
21853,-9.730691056910569
21856,16.666666666666664
21861,-10.4959630911188
21862,-100.0
21863,0.6762295081967213
21864,-13.842746400885936
21865,-12.86031042128603
21866,40.54054054054054
21867,300.0
21869,-15.426008968609867
21871,-9.105098855359001
21872,15.29175050301811
21874,8.443142996583699
21875,21.23086942364051
21890,13.11233885819521
21901,13.684570646595965
21902,10.087719298245613
21903,-16.216216216216218
21904,-17.312482701356213
21911,-5.10320597277119
21912,34.68468468468468
21913,-2.0089285714285716
21914,0.13531799729364005
21915,-7.6664173522812264
21917,-23.94025030278563
21918,19.4005887075194
21919,13.29612606697308
21920,209.375
21921,1.5406446381512264
21930,-86.82926829268293
22003,-3.849483088079178
22015,-0.7505684452195412
22025,11.832946635730858
22026,25.199372056514914
22027,-20.08097165991903
22030,3.537727929077538
22031,12.797937236651782
22032,-5.182662339748738
22033,-4.086448888336853
22035,
22039,-2.8713144116836595
22041,1.7320854867998323
22042,1.635616198722995
22043,1.7601197038903764
22044,3.6998744553578025
22046,-1.2232583653318705
22060,0.3772046080130492
22066,-6.294983944192227
22079,4.31915315162322
22101,3.3880627144875852
22102,15.913829047949966
22124,0.6821654660554465
22125,11.907810499359796
22134,-1.3566397078006782
22150,1.4374017043999854
22151,-8.304724538172307
22152,3.0130154066887576
22153,5.340497151734852
22172,21.93688118811881
22180,7.036552457273694
22181,1.6841559787537246
22182,1.1129493156865695
22191,5.673271093681407
22192,2.190863924924096
22193,1.2934264922757055
22201,1.2951710905020788
22202,19.460632098345314
22203,6.4701504878452125
22204,-5.451623388349164
22205,-1.5937948254794665
22206,1.0670731707317074
22207,3.6373425862223683
22209,6.793676530198622
22211,15.200764818355642
22213,25.113053964425685
22214,
22301,6.741399304213375
22302,-3.2428961310001605
22303,12.202667399972501
22304,3.1113231420215306
22305,-5.894365031182736
22306,-8.535940067396329
22307,1.310824230387289
22308,-2.096847186604314
22309,1.6139426714113594
22310,-5.040007650865505
22311,9.368350319184678
22312,-19.74085596061494
22314,7.838501409475311
22315,1.2519399896533885
22401,0.29500622001066285
22405,15.70662011895526
22406,8.544715447154472
22407,5.534098993800183
22408,7.112135705192168
22427,-10.076241500103029
22432,-7.0588235294117645
22433,-39.29471032745592
22435,8.38126540673788
22436,14.758620689655173
22437,-36.81229773462783
22438,26.699029126213592
22443,24.105098228275278
22448,21.105527638190953
22454,3.747323340471092
22460,28.844790928419563
22469,48.69565217391305
22472,
22473,-2.4173480270174195
22476,-67.69759450171821
22480,32.695139911634755
22482,7.024653833164471
22485,5.11106663998399
22488,-50.56818181818182
22503,5.603448275862069
22504,-70.76271186440678
22508,9.533641865432537
22509,70.45454545454545
22511,-15.472027972027972
22514,-5.729984301412873
22520,-24.15192338906022
22529,77.58620689655173
22534,2.3421286688407945
22535,-31.88854489164087
22538,-10.714285714285714
22539,-7.242757242757243
22542,-19.633180491871613
22546,11.54562383612663
22548,-88.29365079365078
22551,17.59526096701889
22553,13.694072917373889
22554,12.993212094812879
22556,8.529288994016975
22560,14.843481252149981
22567,11.619592420450482
22572,-9.105003523608175
22576,-27.007984969469234
22578,4.6014790468364835
22580,4.6267496111975115
22601,1.9800257507742631
22602,9.27947598253275
22603,8.083140877598153
22610,-14.965986394557824
22611,2.081718525080279
22620,3.00276570525484
22623,43.825301204819276
22624,29.903660886319845
22625,-9.669352597943872
22627,16.716867469879517
22630,8.633607958961605
22637,10.043457267020763
22639,92.91784702549575
22640,-21.340388007054674
22641,-46.63461538461539
22642,-5.042773525438991
22643,-54.32098765432099
22644,5.317394888705689
22645,4.28436911487759
22646,-61.76470588235294
22650,34.16536661466459
22652,26.362896663954434
22654,8.913412563667231
22655,8.324371883859614
22656,43.712212817412336
22657,12.601064878722145
22660,-21.371908539430702
22663,-24.38510189739986
22664,8.646701193424905
22701,5.407636738906088
22709,35.516093229744726
22711,62.5
22712,14.700630877276517
22713,14.509331727874775
22714,17.366628830874006
22715,50.03796507213364
22716,32.45192307692308
22718,21.792890262751158
22719,-63.17204301075269
22720,21.292775665399237
22722,6.6339066339066335
22723,-58.26086956521739
22724,10.131758291685596
22725,
22726,20.381231671554254
22727,15.547633194692018
22728,6.014271151885831
22729,-0.6711409395973155
22730,-12.244897959183673
22731,615.3846153846155
22732,-9.712230215827338
22733,-13.497989661114302
22734,2.072538860103627
22735,-32.21433182698515
22736,-2.7946537059538272
22737,0.8231707317073171
22738,-20.88698140200286
22740,-26.157804459691253
22741,35.5
22742,-22.792937399678973
22743,106.83229813664596
22746,
22747,25.354969574036513
22749,-12.5
22801,-1.7046167750357741
22802,-2.7307409142627668
22807,73.56678029129222
22810,-13.5258358662614
22811,-31.0126582278481
22812,14.679107874374148
22815,-0.13383894713361588
22820,2.8000000000000003
22821,-2.712912087912088
22824,-5.419892793329362
22827,6.497732202721357
22830,25.0
22831,-33.40163934426229
22832,3.588290840415486
22834,43.81663113006397
22835,0.04313691657320335
22840,12.101033295063147
22841,13.32367849384504
22842,6.567276844687677
22843,6.3331988705123035
22844,-0.31739314430808296
22845,533.3333333333333
22846,-25.522508038585208
22847,-45.95910418695229
22849,12.543103448275861
22850,9.251471825063078
22851,-7.365079365079365
22853,22.847358121330725
22901,3.74664957464165
22902,0.986718847579
22903,3.2037418900568326
22904,18.84003032600455
22908,
22911,9.76666281621809
22920,-7.4354291677537185
22922,12.068965517241379
22923,35.31771163183449
22931,-22.2972972972973
22932,6.560461615654792
22935,0.9291521486643438
22936,24.10043495452748
22937,-26.49450023912004
22938,-55.562870309414095
22939,5.147418146277896
22940,-30.23102310231023
22942,18.95847515316542
22943,195.51020408163265
22946,-33.46613545816733
22947,17.98192035182018
22948,-77.22222222222223
22949,-15.544041450777202
22952,-26.38888888888889
22957,
22958,-8.758465011286681
22959,24.283765347885403
22960,2.8184335443037978
22963,11.944738233738763
22964,66.09442060085837
22967,57.01805474665114
22968,5.794012208119368
22969,66.7814113597246
22971,83.66740905716406
22972,-49.234693877551024
22973,-2.4712734141350543
22974,-20.12133468149646
22976,-89.09313725490196
22980,2.628553177898435
22989,462.5
23002,12.134595162986331
23004,29.726368159203982
23005,17.793964620187307
23009,20.141451414514144
23011,-14.45993031358885
23015,-2.6125495684627946
23021,-100.0
23022,-19.028609447771125
23023,10.91703056768559
23024,9.150691038787338
23025,186.95652173913044
23027,57.48743718592964
23030,-10.566426364572605
23032,-46.42857142857143
23035,47.72727272727273
23038,-4.211187932118165
23039,31.676413255360625
23040,-6.601683650863979
23043,-5.594405594405594
23045,-1.6666666666666667
23047,-16.003879728419008
23050,-59.94647636039251
23055,-7.2727272727272725
23056,-58.19209039548022
23059,20.50483382798037
23060,-1.824456274577994
23061,9.924026590693257
23062,1.5419501133786848
23063,20.040304523063142
23065,-8.364813815434431
23066,363.04347826086956
23068,-12.334801762114537
23069,3.076424870466321
23070,88.19875776397515
23071,33.67697594501718
23072,3.1698614222886072
23075,-10.34812141795797
23076,-35.414301929625424
23079,-22.0949263502455
23081,
23083,-1.566894335074327
23084,-30.5
23085,-25.223880597014926
23086,10.861650485436893
23089,7.144286571943166
23091,280.55555555555554
23092,0.3676470588235294
23093,5.152416356877324
23102,-13.051984348798213
23103,27.42776886035313
23106,-5.3633217993079585
23108,-80.82191780821918
23109,22.007891275756247
23110,-0.7102272727272727
23111,0.2966565999412032
23112,7.512622654091645
23113,4.750942647350665
23114,16.527049667621466
23116,15.66971211860024
23117,23.38618346545866
23119,-71.27882599580713
23120,77.14573088958426
23123,-5.138746145940391
23124,18.71401151631478
23126,142.15686274509804
23128,-66.49797570850203
23129,-31.09540636042403
23130,-69.66824644549763
23138,89.13525498891353
23139,10.345254811266209
23140,2.1651716671821837
23141,23.20539585675285
23146,12.353138637126552
23147,
23148,-39.75621190811064
23149,-18.755920429428482
23150,2.583396037120642
23153,17.628705148205928
23156,-12.29404309252218
23160,-42.36322188449848
23161,-49.685534591194966
23163,-79.56204379562044
23168,27.66172021322576
23169,-25.018839487565934
23173,-0.362154821186057
23175,-0.2437538086532602
23176,-17.219917012448132
23177,96.07329842931938
23180,42.299349240780906
23181,-2.9697525206232815
23185,8.942276290006532
23188,5.687868416048678
23192,-2.643627233791168
23219,3.7699371677138718
23220,-2.1564125664797
23221,-3.406278494203465
23222,11.877667140825036
23223,6.136293555349984
23224,-1.3310807351661291
23225,-0.2761648491715054
23226,1.2468354430379747
23227,-0.2748848193890588
23228,-2.281525409768553
23229,-0.06200851207756701
23230,22.74322169059011
23231,-0.4077499133864563
23233,1.5775749674054758
23234,1.850222252307137
23235,2.307740480961924
23236,-2.8868621391422327
23237,25.556691408507042
23238,1.4847128152144797
23250,
23284,
23294,10.202823845809055
23298,
23301,31.602279924002534
23302,-100.0
23303,-52.46406570841889
23304,-100.0
23306,-12.804878048780488
23307,27.467811158798284
23308,4.071388733965422
23310,7.436947618021125
23314,20.67725130240635
23315,31.677953348382243
23316,-83.48017621145375
23320,13.151074935211884
23321,8.659288671115991
23322,2.636932585840076
23323,7.206077969917119
23324,-3.980664144598571
23325,1.5825253538392956
23336,14.605580434033758
23337,9.696092619392186
23347,-2.1406727828746175
23350,-2.2388059701492535
23354,58.57740585774059
23356,-11.811023622047244
23357,2.900378310214376
23358,136.0655737704918
23359,32.94392523364486
23389,-100.0
23395,-7.551020408163265
23398,-68.18181818181817
23401,-18.980169971671387
23405,48.96719319562576
23407,11.614730878186968
23408,-84.0
23409,75.96153846153845
23410,22.71794871794872
23413,-18.059071729957807
23414,24.242424242424242
23415,41.64634146341463
23416,-83.57664233576642
23417,32.04697986577181
23418,-20.040691759918616
23420,-18.7028235951915
23421,-12.04708054465728
23422,42.76315789473684
23423,-1.2345679012345678
23426,-64.0
23427,12.280701754385964
23430,3.814421338155515
23432,-18.550531914893618
23433,8.795900939368062
23434,3.3528816986855414
23435,15.826470486888805
23436,8.15677966101695
23437,11.572629051620648
23438,-2.0348837209302326
23440,-21.4123006833713
23441,-100.0
23442,18.852459016393443
23451,0.44652104863396785
23452,-5.873444393231053
23453,-3.023859494090357
23454,-1.8240270727580374
23455,0.25923140855661536
23456,11.889490025470838
23457,9.962928637627433
23459,1.888162672476398
23460,-23.028720626631856
23461,94.44444444444444
23462,9.426818748202818
23464,0.7596913588416693
23480,18.30065359477124
23486,-26.82926829268293
23487,2.065904046440157
23488,-24.736842105263158
23502,-5.223739097459234
23503,-1.983047631096211
23504,6.191040322934492
23505,-4.447263864311709
23507,-8.967804338814425
23508,-8.491778575544032
23509,-6.5
23510,13.079450054751184
23511,-21.152750071245368
23513,-0.24139413379187197
23517,-10.611205432937181
23518,-3.3026797191733412
23523,-13.209774524849486
23551,135.84070796460176
23601,2.8141132632069246
23602,10.539536075868256
23603,-5.452127659574469
23604,-24.659176029962545
23605,1.2889529153082113
23606,-2.211213542862767
23607,4.181746827715519
23608,0.3314293773358719
23651,-27.079303675048354
23661,4.852907982845535
23662,4.1913667863404855
23663,1.4292161877538738
23664,4.833005893909627
23665,-3.1254908119993714
23666,3.43930134371807
23667,
23668,
23669,-5.153289536322955
23681,
23690,31.477398015435504
23691,181.25
23692,0.3594460302357543
23693,-1.112136981702199
23696,17.88321167883212
23701,4.7153512283511025
23702,5.186794092093831
23703,5.230279750126101
23704,-0.7556261293325303
23707,-6.78176705251455
23708,-20.39911308203991
23709,9.864603481624759
23801,54.601101815955936
23803,8.45085000129376
23805,8.375904101967528
23821,-5.3431372549019605
23824,1.9280400789433734
23827,-28.37837837837838
23828,186.08695652173913
23829,0.11755485893416928
23830,62.95652173913043
23831,-0.20718608581865766
23832,15.395659150409594
23833,-8.078778135048232
23834,14.328852119958635
23836,6.282962623251548
23837,-10.979413599500935
23838,3.1718008036040426
23839,15.245478036175712
23840,-49.44859480611882
23841,-23.782467532467532
23842,1.1193487425497892
23843,-20.344827586206897
23844,1.6666666666666667
23845,-11.621621621621623
23846,-48.67256637168141
23847,-11.086167051832287
23850,-7.698541329011345
23851,-0.3530585616701205
23856,21.349862258953166
23857,-22.52427184466019
23860,1.8494012845754124
23866,-24.305267523849025
23867,159.19540229885058
23868,-14.056224899598394
23870,
23872,13.240418118466899
23874,-17.90193842645382
23875,12.413851067406286
23876,-39.25233644859813
23878,55.96421471172962
23879,-11.042944785276074
23881,21.90626645602949
23882,-3.6297640653357535
23883,-19.94949494949495
23884,-66.66666666666666
23885,-15.417488494411572
23887,72.36842105263158
23888,22.534516765285996
23889,-14.456035767511178
23890,52.09713024282561
23891,-70.35948451277415
23893,140.7766990291262
23894,-26.118067978533094
23897,42.80639431616341
23898,24.78713339640492
23899,37.58169934640523
23901,-11.315909609678156
23909,74.26160337552743
23915,39.96696944673823
23917,-4.362880886426593
23919,-4.767726161369193
23920,-18.43740751701687
23921,30.9662398137369
23922,2.252576084351785
23923,-9.098462816784378
23924,-3.5108153078202995
23927,12.67570281124498
23930,2.533060160178804
23934,29.132231404958674
23936,-12.697075460344204
23937,-12.587108013937282
23938,-48.4375
23942,-24.90092470277411
23943,1137.6470588235295
23944,3.8165842943437673
23947,-21.34075620505683
23950,-1.5180265654648957
23952,70.05988023952095
23954,24.155320221886033
23955,
23958,-21.804717498628634
23959,30.796460176991154
23960,11.471321695760599
23962,25.523012552301257
23963,311.2676056338028
23964,-4.208416833667335
23966,-9.699769053117784
23967,20.422535211267608
23968,-12.129032258064516
23970,-0.27879863135217337
23974,-6.377649325626204
23976,15.0
24011,63.94557823129252
24012,-2.6972730865498615
24013,-0.06305170239596469
24014,-12.579003299960847
24015,2.1998982706002037
24016,12.80093951849677
24017,-1.320927141314281
24018,4.488349618812413
24019,4.515124555160142
24020,-0.1697792869269949
24022,
24053,-20.21357742181541
24054,-2.6504188880426502
24055,-11.050862990682756
24058,47.783251231527096
24059,-12.656903765690378
24060,-11.913337699192317
24061,
24064,11.953041622198505
24065,2.406458624437199
24066,5.472125077144621
24067,-7.833333333333334
24069,-11.326291079812206
24070,0.3898635477582846
24072,10.571428571428571
24073,-4.402739195038439
24076,24.406457739791072
24077,86.68515950069347
24078,6.549963530269876
24079,-5.067064083457526
24082,47.84580498866213
24083,37.30906727331817
24084,3.782218901755697
24085,13.303878252331861
24086,-29.357798165137616
24087,-14.602704987320372
24088,-6.016597510373444
24089,-15.608740894901144
24090,-2.471821237888076
24091,6.800684345594525
24092,24.721523535752784
24093,-34.85714285714286
24095,-25.185972369819343
24101,5.846204949343963
24102,12.698412698412698
24104,-20.92814371257485
24105,-29.280397022332505
24112,-3.0424927369664463
24120,31.59379407616361
24121,0.018114301240829637
24122,-6.270200387847447
24124,5.2620039465029596
24127,12.208067940552016
24128,-25.436046511627907
24129,
24131,4.761904761904762
24132,-21.951219512195124
24133,-4.44620881302104
24134,13.653136531365314
24136,-10.16042780748663
24137,-1.2815948736205056
24138,-12.637045585689554
24139,44.5945945945946
24141,-1.4285714285714286
24142,-19.09636427815037
24147,-3.982930298719772
24148,7.179551434657311
24149,6.493126645217901
24150,-22.798552472858866
24151,-6.478673943804327
24153,1.1648745519713262
24161,-30.740037950664135
24162,13.677488025545504
24165,4.387291981845689
24167,-51.291512915129154
24168,-61.58940397350994
24171,-6.1927655677655675
24174,-11.971350613915416
24175,-0.7930513595166163
24176,-25.230566534914363
24179,2.222343562302064
24184,-1.5967588179218304
24185,-4.641350210970464
24201,-2.7624984720694292
24202,5.431993156544055
24210,3.1403277904055513
24211,1.2740141557128413
24216,-4.2231693142192945
24217,-31.103678929765888
24219,-8.213408213408213
24220,31.674208144796378
24221,4.2065009560229445
24224,1.0259085376456267
24225,-9.145427286356822
24226,15.389876880984952
24228,-8.469449485783425
24230,-24.19936605093453
24236,2.800390752197981
24237,-8.751139471285324
24239,-12.562814070351758
24243,-30.36750483558994
24244,-6.760472262655669
24245,0.7228915662650602
24246,-12.179487179487179
24248,4.178498985801217
24250,-30.252659574468083
24251,-7.890707808267577
24256,-8.811936936936938
24258,-19.964454976303315
24260,-12.353144436765723
24263,-13.106490233144296
24265,60.87613293051359
24266,-5.546020167346063
24269,10.29023746701847
24270,-21.153846153846153
24271,0.8116883116883116
24272,-37.84615384615385
24273,-7.730136775779929
24277,-1.475842783905546
24279,-13.328464487858316
24280,-8.896034297963558
24281,-7.479431563201197
24282,-6.377551020408164
24283,-2.052334530528476
24290,25.90811965811966
24292,-27.602905569007262
24293,3.2186341979883535
24301,-2.580045740423099
24311,-24.107604759441283
24312,10.702341137123746
24313,-44.49152542372881
24314,-6.786703601108034
24315,-0.6161264398607018
24316,
24317,3.9722740602505997
24318,2.054794520547945
24319,-8.09829656520525
24322,-94.11764705882352
24323,53.34281650071123
24324,22.06119162640902
24325,21.436343852013056
24326,-39.19022154316272
24327,
24328,1.841620626151013
24330,-8.388520971302428
24333,2.2559725070672356
24340,5.702054794520548
24343,-14.951718409303291
24347,-28.259620907524415
24348,21.705809641532756
24350,25.263157894736842
24351,-60.30075187969924
24352,29.88606485539001
24354,-4.50116646082064
24360,-1.717588769611891
24361,-20.074099023240148
24363,-24.841660802251937
24366,-53.5966149506347
24368,-7.570518653321201
24370,-12.639121817350205
24374,-28.072445019404917
24375,6.8633739576651696
24377,68.52459016393443
24378,-13.008849557522122
24380,-9.178263750828364
24381,-17.99638523108701
24382,5.773255394385509
24401,6.100607505819565
24411,-95.0
24412,430.0
24413,117.36111111111111
24415,6.0606060606060606
24416,10.774490156784157
24421,-18.014254116490537
24422,-8.911866075824717
24426,-1.741455307464412
24430,2.6881720430107525
24431,9.631602308033733
24432,49.00662251655629
24433,-13.186813186813188
24435,-27.02214188883868
24437,68.25902335456475
24439,-27.577937649880095
24440,-2.5492094223943207
24441,2.1201413427561837
24442,-28.31858407079646
24445,-7.950089126559715
24448,47.38805970149254
24450,2.9853425067304817
24457,141.61490683229815
24458,-24.864864864864867
24459,-28.87438825448613
24460,-19.202163624070316
24464,42.391304347826086
24465,-7.814761215629522
24467,26.749335695305582
24469,
24471,-9.257003654080389
24472,-1.5238095238095237
24473,-3.125
24474,1.5625
24476,34.463276836158194
24477,4.15206255055271
24479,51.899641577060926
24482,14.4169899938738
24483,69.27592954990214
24484,-18.83116883116883
24485,72.39583333333334
24486,-17.734109655507034
24487,64.13502109704642
24501,0.2620937546802456
24502,-10.714130670718472
24503,4.271500755326353
24504,0.795924864692773
24515,
24517,-8.376264071742035
24520,10.013844023996308
24521,-4.645593869731801
24522,6.868818606673188
24523,5.612474386526063
24526,13.056603773584904
24527,-6.738373932299906
24528,9.079792112503823
24529,-28.163704900376953
24530,-38.27751196172249
24531,5.6130664826317
24534,9.287709497206704
24536,-6.185567010309279
24538,-9.275196022183973
24539,168.46153846153845
24540,-0.6390989337804917
24541,2.8695494843495566
24549,12.24120082815735
24550,1.9011406844106464
24551,10.193955796120884
24553,32.29912490055688
24554,-8.59896219421794
24555,8.927727916863486
24556,-25.940533980582526
24557,3.2453541610557504
24558,-2.958860759493671
24562,17.906976744186046
24563,-12.524118575688476
24565,3.8223140495867765
24566,22.916666666666664
24569,-5.997818974918212
24570,-100.0
24571,5.653206650831353
24572,-5.566346970984581
24574,3.1471090509880457
24577,-12.204185409739878
24578,-34.72356935014549
24579,-27.857142857142858
24580,-0.17825311942959002
24581,-100.0
24586,-22.540281110730202
24588,-0.5047250859106529
24589,6.241758241758242
24590,-7.985257985257984
24592,-0.44578659764164513
24593,9.090909090909092
24594,28.213579433091628
24595,-2.6578073089700998
24597,-30.0877893056664
24598,-30.277306168647428
24599,-25.20138089758343
24601,-100.0
24602,-1.4752370916754478
24603,-43.51230425055929
24604,-41.46919431279621
24605,-2.133272164239018
24606,48.8
24607,-25.9946949602122
24609,-1.8842729970326408
24612,-11.811023622047244
24613,62.06896551724138
24614,3.647920409009258
24620,-9.480566654558663
24622,-41.43835616438356
24630,-18.788840407245804
24631,-24.40851735015773
24634,-49.53789279112754
24635,-46.42857142857143
24637,-10.406342913776017
24639,31.163434903047094
24641,-2.623594502944851
24646,22.786647314949203
24649,-38.83112226604518
24651,1.1193387291200274
24656,-12.483530961791832
24657,-23.25581395348837
24701,-7.8232505988481735
24712,29.880668257756565
24714,18.53448275862069
24715,-45.66115702479338
24716,-79.39914163090128
24719,8.527131782945736
24724,-21.367521367521366
24726,18.43817787418655
24729,-75.54347826086956
24731,-91.66666666666666
24733,-63.98852223816356
24736,44.70842332613391
24737,1225.2525252525252
24738,-100.0
24739,
24740,-46.716152977247056
24747,-3.485254691689008
24801,3.855890944498539
24808,4.081632653061225
24811,-13.430127041742287
24813,-100.0
24815,-59.63636363636363
24816,-92.0
24817,53.10262529832935
24818,-8.768472906403941
24822,84.7571189279732
24823,27.95031055900621
24826,-45.05494505494506
24827,-9.938837920489297
24828,-3.45252774352651
24830,-63.70370370370371
24831,536.2637362637362
24834,142.0704845814978
24836,59.49367088607595
24839,-59.828448892065765
24843,-73.46938775510205
24844,-15.569709837225762
24845,40.044742729306485
24846,350.0
24847,-70.0
24848,-16.39344262295082
24849,50.256410256410255
24850,-100.0
24851,-31.982942430703627
24853,6.41025641025641
24854,207.2100313479624
24855,
24857,-24.628450106157114
24860,-10.59322033898305
24861,32.86713286713287
24862,-17.290552584670234
24866,72.25806451612902
24867,-80.76923076923077
24868,31.992149165848872
24869,-41.37254901960784
24870,-50.58324496288441
24871,79.23875432525952
24872,-6.132075471698113
24873,-19.477911646586346
24874,-15.666666666666668
24878,-83.64888123924268
24879,10.4631217838765
24880,43.5960591133005
24881,-58.602150537634415
24882,189.03061224489795
24884,-54.77031802120141
24887,
24888,-72.72727272727273
24892,5.083514887436456
24894,-26.801152737752158
24895,
24898,187.71929824561403
24901,-3.336203185535945
24910,-20.38327526132404
24915,6.839186691312385
24916,-18.61111111111111
24918,-26.14345114345114
24920,97.38219895287958
24924,33.33333333333333
24925,3.732809430255403
24927,202.66666666666669
24931,-4.502973661852167
24934,-3.7142857142857144
24935,-22.866894197952217
24938,-5.109070034443168
24941,-3.7828947368421053
24943,
24944,-33.69565217391305
24945,-14.19141914191419
24946,-35.00954805856142
24951,-11.658653846153847
24954,-18.944658944658947
24957,121.48760330578511
24962,-50.0
24963,-10.387710314557424
24966,-39.31724543849323
24970,-12.082957619477007
24974,35.08064516129033
24976,-12.302839116719243
24977,-19.9288256227758
24981,23.542116630669547
24983,-14.944071588366892
24984,-64.06685236768801
24985,
24986,-5.69213313161876
24991,-46.99519230769231
24993,
25002,-100.0
25003,-49.119655048508804
25005,225.49019607843138
25007,-39.27789934354486
25008,100.0
25009,-26.160648489314664
25011,-40.5997693194925
25015,-17.880794701986755
25019,-9.532710280373832
25021,-0.3436426116838488
25022,-38.628158844765345
25024,13.85390428211587
25025,13.223140495867769
25028,-28.179551122194514
25030,-16.748768472906402
25031,-21.265822784810126
25033,-19.304666056724614
25035,-47.45196324143692
25036,-58.0568720379147
25039,-19.477693144722526
25040,47.72277227722772
25043,-18.790637191157348
25044,25.106382978723403
25045,-11.77875049741345
25047,-45.90163934426229
25048,192.1875
25049,2.294455066921606
25051,-22.962962962962962
25053,-16.670289067594002
25054,-39.6588486140725
25057,-46.43678160919541
25059,3.071017274472169
25060,-17.328519855595665
25061,-37.986270022883296
25062,-37.7906976744186
25063,-7.029339853300734
25064,-0.8197593952943681
25067,-20.510304219823354
25070,21.442885771543086
25071,-2.2541680843824428
25075,14.736842105263156
25076,-75.69060773480662
25081,4.324324324324325
25082,-9.06449738524114
25083,-55.104166666666664
25085,-35.75240128068303
25086,12.0
25088,29.92125984251969
25090,25.82781456953642
25093,16.097560975609756
25102,165.94594594594594
25103,61.25000000000001
25106,-10.995850622406639
25107,-19.078947368421055
25108,51.9280205655527
25109,57.6171875
25110,31.212121212121215
25111,-45.57823129251701
25112,-2.380952380952381
25113,-56.46551724137932
25114,-48.39924670433145
25115,-57.23270440251572
25118,-16.415662650602407
25119,30.293159609120522
25121,35.77863577863578
25123,-6.857855361596011
25124,-28.773072747014115
25125,32.69662921348315
25126,366.21621621621625
25130,-2.8759736369083284
25132,159.0909090909091
25133,-24.154135338345863
25134,35.58441558441559
25136,3.474232773595831
25139,9.821428571428571
25140,-11.756373937677052
25141,2.3696682464454977
25142,65.56016597510373
25143,7.684836712395289
25148,3.3932135728542914
25149,-41.63090128755365
25152,129.4930875576037
25154,65.80226904376013
25156,-77.04918032786885
25159,-13.804527885146328
25160,662.6865671641791
25161,16.41337386018237
25162,-4.72972972972973
25164,-24.225122349102772
25165,54.74060822898033
25168,28.623353021353932
25169,-12.144212523719165
25173,-43.49315068493151
25174,-31.818181818181817
25177,-2.9563035751620323
25180,301.53846153846155
25181,18.75
25183,186.04651162790697
25185,-0.11312217194570137
25186,-11.178247734138973
25187,13.410596026490065
25193,-43.24324324324324
25201,242.3076923076923
25202,0.3098373353989156
25203,400.0
25204,-44.97041420118343
25205,-66.60808435852373
25206,-51.344086021505376
25208,-23.976608187134502
25209,-71.39753801593048
25211,-12.422360248447205
25213,4.189167075765013
25214,117.51662971175165
25231,
25234,-54.51532725766363
25235,36.7112810707457
25239,9.832134292565947
25241,-5.963528831936915
25243,-14.243323442136498
25244,-37.41573033707865
25245,10.576923076923077
25247,-15.230769230769232
25248,17.779183802594115
25251,80.99415204678363
25252,-5.979202772963605
25253,12.637867647058822
25259,15.421303656597773
25260,14.492753623188406
25261,-46.44351464435147
25262,62.271540469973885
25264,57.971014492753625
25265,25.54307116104869
25266,2.7127003699136867
25267,15.270935960591133
25268,-51.48514851485149
25270,10.356731875719218
25271,-17.65860715023765
25275,-5.521783181357649
25276,-2.86697247706422
25285,92.02586206896551
25286,-6.442577030812324
25287,-19.80122324159021
25301,4.067796610169491
25302,-7.700363027087406
25303,-0.9642258244829514
25304,5.754183218971951
25305,
25306,-11.1765550926591
25309,-8.614259073303687
25311,-9.484193011647255
25312,-31.494176372712147
25313,-3.8829395896345953
25314,6.728408054444679
25315,1.3266509433962264
25320,-34.69750889679715
25387,
25401,6.560158348649795
25403,16.994761073186222
25404,2.1316363312714164
25405,12.570714862978475
25411,-5.146824130226619
25413,4.270639354438237
25414,15.066300868770005
25419,14.185720951936537
25420,20.871097683786505
25421,
25422,-16.03724780134506
25425,-1.3799177921315327
25427,17.917621829475706
25428,12.099451779785344
25430,-10.624928595909974
25431,17.48633879781421
25432,-7.462686567164178
25434,34.05648792468276
25437,-52.71084337349398
25438,10.996774688987866
25442,50.77098800685322
25443,-1.118273911327457
25444,97.5609756097561
25446,-24.96570644718793
25501,10.180623973727423
25502,-21.408711770157556
25503,-48.67788461538461
25504,2.9517133956386292
25505,-60.298102981029814
25506,-17.61029411764706
25507,7.469342251950947
25508,-1.8067643494546655
25510,7.159810126582279
25511,-34.59000942507069
25512,47.49694749694749
25514,29.409908488482174
25515,-8.236389018147976
25517,-35.751052877866165
25520,-11.782477341389729
25521,24.770642201834864
25523,-2.457337883959044
25524,-26.864274570982836
25526,2.0496368578175823
25529,23.397435897435898
25530,16.25
25534,-65.0
25535,-4.343182627269491
25537,4.551820728291316
25540,90.67357512953367
25541,9.937565036420395
25544,
25545,-10.848318999218138
25547,-50.160771704180064
25550,2.1620982986767485
25555,29.797979797979796
25557,-7.9201934703748496
25559,-18.484555984555982
25560,-5.233667143538388
25564,10.490921318090114
25565,24.553571428571427
25567,25.538461538461537
25570,-13.184552073440962
25571,22.036637931034484
25573,-41.57303370786517
25601,2.988929889298893
25606,-50.82872928176796
25607,-34.60076045627377
25608,-40.46728971962617
25611,-45.96231493943472
25612,
25617,-63.882063882063875
25621,1.40405616224649
25624,23.48993288590604
25625,-11.83673469387755
25628,-9.67741935483871
25630,-36.01147776183644
25632,113.18407960199004
25634,228.9002557544757
25635,13.913690476190476
25637,55.729166666666664
25638,-43.586956521739125
25639,35.91954022988506
25644,17.857142857142858
25646,30.136986301369863
25647,-69.8140200286123
25649,-12.143826322930801
25650,-57.327586206896555
25651,-12.817089452603472
25652,13.141314131413143
25653,-31.439393939393938
25654,6.048387096774194
25661,-24.094087730451367
25666,-72.42339832869081
25667,
25669,-10.800385728061716
25670,-40.89939566299324
25671,47.081122062168305
25672,-23.421588594704684
25674,-25.661080074487895
25676,-30.122214234363764
25678,0.6010518407212623
25685,
25688,-36.82795698924731
25690,230.56478405315613
25692,27.2140221402214
25696,612.3711340206185
25699,-75.0
25701,3.454476623130797
25702,-5.136757838559039
25703,-32.60146373918829
25704,-13.072164948453608
25705,-5.429947259802797
25755,
25801,-6.8841448788678345
25810,-100.0
25811,-100.0
25812,-18.418079096045197
25813,-1.9328585961342828
25817,-61.311053984575835
25818,12.36749116607774
25820,33.41772151898734
25823,-81.6872427983539
25825,18.875878220140514
25826,-1.9543973941368076
25827,-12.935089369708372
25831,-19.25739458779106
25832,-1.3016670472710665
25836,103.87722132471728
25837,2.4096385542168677
25839,-16.503267973856207
25840,-8.82882882882883
25841,68.86792452830188
25843,-1.9744483159117305
25844,-51.908396946564885
25845,-20.537124802527646
25846,-74.47552447552448
25848,-19.937694704049843
25849,-31.690140845070424
25851,
25853,
25854,15.542168674698795
25855,113.6094674556213
25857,-84.02366863905326
25862,95.65217391304348
25864,-58.95765472312704
25865,-8.897742363877823
25866,
25868,28.65853658536585
25870,28.57142857142857
25871,54.643962848297214
25873,1.1764705882352942
25875,56.81818181818182
25876,18.96551724137931
25878,29.98624484181568
25879,-59.463986599664985
25880,-13.576779026217228
25882,6.51685393258427
25901,-9.298013245033113
25902,167.08860759493672
25904,17.391304347826086
25907,156.79012345679013
25908,-100.0
25909,
25911,285.7142857142857
25913,21.29032258064516
25915,-34.5565749235474
25916,-8.26086956521739
25917,-40.98939929328622
25918,6.293706293706294
25920,236.91275167785233
25921,60.41041041041041
25922,-50.0
25928,-8.333333333333332
25932,103.17460317460319
25936,-91.11111111111111
25938,14.081325301204819
25942,-69.36170212765957
25943,
25951,-6.582006796637454
25958,-0.4761904761904762
25962,7.4409104172745835
25966,
25969,33.5387323943662
25971,47.124304267161406
25972,-61.165048543689316
25976,-11.902071563088512
25977,-100.0
25978,-28.68965517241379
25979,-12.43455497382199
25981,49.079754601226995
25984,7.603686635944701
25985,80.66914498141264
25986,
25989,-19.906323185011708
26003,-2.6027462800822927
26030,-6.973293768545995
26031,-2.9772329246935203
26032,12.229539040451552
26033,-44.56902592852137
26034,-4.787116699757335
26035,-29.468396818752616
26036,43.980343980343974
26037,-7.992536153008864
26038,15.39528432732316
26039,-57.09219858156028
26040,2.3293607800650054
26041,-2.545431914363953
26047,-10.141732283464568
26050,-23.676202069385273
26055,-25.03419972640219
26056,80.0
26058,
26059,-7.526881720430108
26060,6.64167113015533
26062,1.1627350590937364
26070,0.2317355775094524
26074,31.311475409836063
26075,76.69376693766937
26101,-4.214418976545843
26104,-3.3735666867833434
26105,4.313990864489934
26133,-14.198369565217392
26134,-39.81981981981982
26136,-58.168316831683164
26137,48.55305466237942
26138,-56.573705179282875
26141,45.3416149068323
26142,-0.8492569002123143
26143,-16.604189636163174
26146,-30.627306273062732
26147,-9.643047416089505
26148,-22.683706070287542
26149,-5.188470066518847
26150,-2.8277214776070614
26151,-34.66299862448418
26152,-90.9090909090909
26155,-2.489729864309722
26159,-9.203067689229744
26160,14.303030303030303
26161,36.62337662337662
26162,
26164,-8.91269937903324
26167,-50.85910652920962
26169,50.0
26170,11.580013504388926
26175,-10.592160133444537
26178,-55.70469798657718
26180,-9.77818017202354
26181,9.290873276428101
26184,10.906642728904847
26187,-10.764572293716881
26201,-1.314996988556515
26202,-37.85942492012779
26203,901.851851851852
26205,-9.423604757548034
26206,-12.569145666871542
26208,-8.495981630309988
26209,-31.07344632768362
26210,
26215,20.618556701030926
26217,42.06008583690987
26218,-11.086544535691726
26222,-68.72509960159363
26224,-41.83673469387755
26228,-100.0
26230,-32.28346456692913
26234,-5.48604427333975
26236,-90.15151515151516
26237,-36.337209302325576
26238,13.945945945945946
26241,-0.7086167800453516
26250,8.836329233680228
26253,-14.918835351713474
26254,-67.65799256505576
26257,-39.05109489051095
26259,-31.775700934579437
26260,4.326241134751773
26261,26.661197703035278
26263,-21.575342465753426
26264,24.620573355817875
26266,122.48520710059172
26267,77.22772277227723
26268,-100.0
26269,-12.822878228782288
26270,-9.75609756097561
26271,-8.033240997229916
26273,26.685082872928177
26275,-16.398243045387993
26276,244.57831325301208
26278,41.784989858012175
26280,-27.23449001051525
26282,1407.142857142857
26283,-8.38131797824696
26285,-44.73007712082262
26287,-2.480979159775058
26288,-11.578947368421053
26289,
26291,-68.02721088435374
26292,2.0114942528735633
26293,-14.005602240896359
26294,-57.73930753564155
26296,50.0
26298,36.76470588235294
26301,-3.544575725026853
26320,28.785357737104828
26321,-43.88297872340425
26323,2.262443438914027
26325,-12.340425531914894
26327,-27.631578947368425
26330,2.9497131285858926
26335,-16.788807461692205
26337,-20.10997643362137
26338,2.1052631578947367
26339,-46.04651162790698
26342,272.7272727272727
26343,188.18897637795274
26346,-26.850828729281766
26347,-7.045088566827697
26348,465.00000000000006
26349,160.49382716049382
26351,-39.702889702889706
26354,-3.395002860957467
26361,-91.11969111969111
26362,-17.95461074403907
26366,
26369,-5.211726384364821
26372,-0.7225433526011561
26374,64.82939632545933
26376,-23.18840579710145
26377,30.08298755186722
26378,-3.5474391267842154
26384,-41.06925880923451
26385,-29.751461988304094
26386,21.688888888888886
26404,-82.39095315024232
26405,10.707803992740473
26408,-3.760496531580869
26410,-44.25942156003506
26411,-7.264472190692395
26412,-25.77777777777778
26415,-6.683937823834196
26416,-15.809987819732035
26419,-55.788590604026844
26421,64.28571428571429
26422,-30.916844349680172
26424,-38.961038961038966
26425,-29.304635761589402
26426,0.8383547288446425
26430,248.3739837398374
26431,-2.5509300265721877
26435,-18.34862385321101
26436,-51.442307692307686
26437,30.538922155688624
26438,-53.25443786982249
26440,-11.401425178147269
26443,12.345679012345679
26444,-2.3430962343096233
26447,-22.09688122096881
26448,-8.21529745042493
26451,-36.34053367217281
26452,7.401091405184175
26456,-7.934655775962661
26463,
26501,-10.837392716307122
26505,-1.109580853883533
26506,
26508,15.27177825773938
26519,-12.652507907817443
26520,-55.23202911737943
26521,-51.93798449612403
26524,
26525,6.037537734610841
26534,-62.27858293075684
26537,8.744571654165021
26541,39.502967359050444
26542,-20.133176654915786
26543,-86.46153846153845
26544,
26546,
26547,7.957559681697612
26554,-0.25421715371822284
26559,23.974255832662912
26560,-37.238493723849366
26562,17.68172888015717
26563,-45.642201834862384
26568,11.092985318107667
26570,-22.63699449629098
26571,-40.70371851259496
26572,71.92429022082018
26574,-29.193548387096772
26575,-14.04639175257732
26576,67.12018140589569
26581,5.382131324004305
26582,-16.8504631671813
26585,112.67605633802818
26586,-73.23232323232324
26587,-11.55115511551155
26588,11.59366948840633
26590,-10.87719298245614
26591,79.98129092609916
26601,-25.90759075907591
26610,-53.84615384615385
26611,-25.837320574162682
26615,-59.07335907335908
26617,6.329113924050633
26619,45.56574923547401
26621,25.684485006518905
26623,-4.481605351170568
26624,-2.0218358269308534
26627,52.92096219931272
26629,25.730994152046783
26631,-58.605664488017425
26636,-43.4
26638,145.9016393442623
26651,2.6200873362445414
26656,13.090909090909092
26660,71.83673469387755
26662,-58.792184724689164
26667,
26671,
26676,-14.325842696629213
26678,4.03899721448468
26679,-26.237328562909955
26680,208.18713450292398
26681,-20.3781512605042
26684,64.4
26690,83.96039603960396
26691,66.19144602851324
26704,-12.2602023020579
26705,-7.04647676161919
26707,3.1372549019607843
26710,20.53614169459071
26711,19.96481970096746
26714,6.720430107526881
26716,7.77027027027027
26717,37.89778206364513
26719,-33.529796987557305
26720,37.096774193548384
26722,-64.03301886792453
26726,-5.940148503712593
26731,23.809523809523807
26739,-10.292397660818715
26743,28.002793296089383
26750,35.714285714285715
26753,3.1569506726457397
26755,-28.846153846153843
26757,8.059384941675503
26761,28.094302554027507
26763,-26.7612772427775
26764,20.95839915745129
26767,-13.870967741935484
26801,1.2879484820607177
26802,-25.150732127476317
26804,-39.503386004514674
26807,-13.338503295851107
26808,-24.910607866507746
26810,21.338912133891213
26812,47.0204081632653
26814,2.977667493796526
26815,-17.6158940397351
26817,391.0377358490566
26818,72.05128205128204
26823,-89.10505836575877
26833,-14.8711943793911
26836,-13.623107901680322
26838,
26845,31.781701444622794
26847,-6.739024785355581
26851,-29.06024096385542
26852,-10.479375696767
26855,-11.76470588235294
26865,54.73251028806584
26866,33.33333333333333
26884,-53.70967741935484
26886,
27006,10.178931977999026
27007,-2.0161290322580645
27009,31.25
27011,-8.76104530926866
27012,2.9113091759205143
27013,14.063293281435099
27014,-6.519208381839348
27016,14.294996751137102
27017,-1.925314714905321
27018,1.6902152383467581
27019,-9.573333333333334
27020,-5.971858638743456
27021,-8.448152824285009
27022,-9.841534612176813
27023,4.967320261437909
27024,-23.342447026657553
27025,2.7309305710127556
27027,-2.070730572359237
27028,-0.9703196347031963
27030,1.9798435951095934
27040,10.939399201250218
27041,-8.180813167915488
27042,-74.75035663338089
27043,8.811568007230004
27045,6.688206785137318
27046,23.920086393088553
27047,4.476418864908074
27048,-2.197156620843614
27050,-4.158266129032258
27051,-0.384519970230712
27052,9.98769483182937
27053,-1.5299479166666665
27054,-7.561869844179651
27055,7.0144141572712995
27101,11.383809218265425
27103,-2.296602592758158
27104,7.0743532575998875
27105,1.2882209224846377
27106,2.093178871649032
27107,7.257051623203832
27109,3.705211726384365
27110,2.1950189953566905
27127,7.686779765418474
27201,51.24999999999999
27202,
27203,-0.19070105339629495
27205,4.975167981302951
27207,18.13570069752695
27208,1.2539184952978055
27209,2.400906002265006
27212,15.64927857935627
27213,
27214,26.190920978890343
27215,14.722686559716575
27217,7.42151864770593
27229,-10.440180586907449
27231,24.775280898876403
27233,-13.528748590755354
27235,20.52318668252081
27239,-13.657823741007194
27242,-39.990557129367325
27243,16.62491459804145
27244,11.34020618556701
27247,
27248,-6.297285269247886
27249,0.039563222028802025
27252,-37.5
27253,5.09305919505476
27256,
27258,3.4926470588235294
27259,
27260,-0.42825695417250353
27262,5.772719775688603
27263,-2.698684447648225
27265,1.8318018377946463
27268,
27278,7.319686244499712
27281,16.654778887303852
27282,-11.45623235175474
27283,20.417888563049853
27284,5.341967565962816
27288,1.0012836970474968
27291,-38.29551743220808
27292,1.1991971901655796
27295,2.6713829422168254
27298,11.406312425089892
27299,-7.913165266106442
27301,19.19191919191919
27302,13.171662663288474
27305,4.908338261383797
27306,-13.055160423581476
27310,17.65271105010295
27311,8.342922899884925
27312,16.161003236245953
27313,-2.036101083032491
27314,-42.11000901713255
27315,-24.78713339640492
27316,-1.4905149051490514
27317,11.575701510946654
27320,-3.9019729366800955
27325,11.620420052123256
27326,15.862301721228484
27330,2.845795810988566
27332,7.850437549721559
27340,53.84615384615385
27341,-29.19382504288165
27342,
27343,7.320540156361052
27344,0.15372382719321495
27349,14.463480613165014
27350,-14.783269961977187
27351,
27355,9.676113360323885
27356,2.303523035230352
27357,20.710059171597635
27358,2.5722619994696365
27360,3.7445319335083114
27370,2.748951962064463
27371,-13.788426763110307
27374,
27376,-4.386529386529387
27377,14.011338655559413
27379,-21.179717143842705
27401,-1.8337182448036953
27403,-12.776018200472855
27405,7.047650439834367
27406,4.18952376328948
27407,9.204170356654053
27408,-10.270299846793609
27409,-1.3693881088576876
27410,-1.839909969453922
27411,
27412,
27455,2.6127516307778635
27501,6.487749070454763
27502,25.821436069703967
27503,-0.42932628797886396
27504,-2.4489795918367347
27505,24.315858885591823
27506,
27507,25.32383419689119
27508,67.99163179916317
27509,19.001157598809325
27510,-8.222380983308437
27511,-5.831137587352503
27513,6.077633678721539
27514,1.5477431378123125
27516,7.80752532561505
27517,14.895290124989652
27518,-6.84677655320394
27519,25.88822811832876
27520,14.814537840263236
27521,10.774410774410773
27522,2.660772374676787
27523,48.55879752431477
27524,0.28702640642939153
27525,2.633007600434311
27526,26.453191016233045
27527,50.54390736029476
27529,11.618396493509216
27530,-3.8044595150020553
27531,-19.75
27533,
27534,-6.065328322180463
27536,-7.185953903704598
27537,-3.924430390010541
27539,22.010491862081334
27540,24.945667316801337
27541,-13.37924249877029
27542,-2.0686843982472234
27544,-7.456610242125563
27545,24.06620103249317
27546,-1.4588732124004224
27549,3.640776699029126
27551,11.794871794871794
27553,-32.90349417637271
27555,-27.727272727272727
27556,44.230769230769226
27557,21.88755020080321
27559,-5.622317596566524
27560,25.136275146009083
27562,161.74698795180723
27563,9.256769733051662
27565,5.400463245154212
27568,141.05431309904154
27569,15.36877332990089
27570,
27571,38.64489795918367
27572,-3.012729844413013
27573,4.114969204677318
27574,1.723899196898366
27576,15.999072517535215
27577,9.966736478994703
27581,-23.618700667880997
27582,-6.036745406824147
27583,2.6646928201332347
27584,
27587,22.21290082028337
27589,-21.804878048780488
27591,29.488590872698158
27592,17.453354751019397
27593,
27594,
27596,0.07982544835293491
27597,16.88822004849093
27599,
27601,7.355133684524401
27603,-0.29426554671931165
27604,-6.361388249339132
27605,20.043401065298873
27606,-1.6731072299820817
27607,-10.46203598582585
27608,6.4004231684739485
27609,5.845391656345346
27610,6.879762077088077
27612,5.78322276909908
27613,2.5089688161162726
27614,1.1040250285783046
27615,7.743275085738283
27616,9.33958503388447
27617,4.472252448313384
27695,
27697,
27701,5.875711121726669
27703,21.412799100690542
27704,11.843718351900218
27705,-5.151135030146077
27707,-0.6389400650699698
27708,
27709,-100.0
27712,9.363189720332578
27713,8.434672079831534
27801,-4.551506484540658
27803,-1.0215249908792412
27804,-0.5301301838679372
27805,-18.060695780903036
27806,-15.678919729932483
27807,-9.56380783966991
27808,21.988950276243095
27809,-10.484900042535092
27810,-17.16186252771619
27812,-18.391224862888482
27813,-4.545454545454546
27814,-22.06290471785384
27815,
27816,34.80825958702065
27817,2.1882451956796185
27818,-11.532738095238097
27819,138.7900355871886
27820,-12.3941493456505
27821,-89.10081743869209
27822,-7.498824635637047
27823,-17.495440729483285
27824,-28.180914512922467
27825,32.8125
27826,-3.4602076124567476
27827,84.84848484848484
27828,2.664379645511721
27829,-12.547288776796975
27830,-17.459978655282818
27831,-27.674218525953542
27832,-9.206234142805364
27834,-4.367263929310285
27837,-3.842412451361868
27839,8.678275763631174
27840,-55.319148936170215
27841,4.0
27842,3.2280219780219785
27843,-9.082733812949641
27844,-2.4420401854714067
27845,-14.082552896288588
27846,-16.04558053587927
27847,62.62482168330956
27849,-24.49113591595535
27850,1.563631098885189
27851,-1.4824544942765998
27852,-28.12591938805531
27853,171.19341563786008
27855,-4.332992152848857
27856,1.6369676834793112
27857,15.856236786469344
27858,-3.055678228080307
27860,-25.511363636363637
27861,71.1864406779661
27862,-11.093990755007704
27863,4.401109912131957
27864,-7.748776508972267
27865,0.48642075395216866
27866,9.80891719745223
27869,-8.225556130367305
27870,-2.896323896592786
27871,-18.342391304347828
27872,24.274406332453825
27873,-38.58093126385809
27874,-20.621398145828113
27875,-72.2972972972973
27876,-23.665223665223664
27877,
27878,-49.63350785340314
27879,-13.780918727915195
27880,37.525987525987524
27881,-88.57142857142857
27882,8.030063291139241
27883,14.150943396226415
27884,29.60470984020185
27885,-29.693486590038315
27886,-11.069627618308767
27888,-26.290125965054855
27889,-9.25747705063666
27890,-4.876066639577408
27891,-8.027522935779817
27892,-1.0560635055638246
27893,-0.13339832225956236
27896,-6.165043863877374
27897,-37.14423540762181
27909,2.3068954190565227
27910,-8.689138576779026
27915,-56.367924528301884
27916,-7.045215562565721
27917,-20.792079207920793
27919,-28.179322964318388
27920,2.356202356202356
27921,-6.843880182503471
27922,-3.121387283236994
27923,-4.666666666666667
27924,-26.687022900763356
27925,-20.767666497203862
27926,28.944020356234095
27927,65.88845654993514
27928,2.3600439077936337
27929,142.2064056939502
27932,5.185366650334803
27935,1.1529126213592233
27936,-32.47950819672131
27937,-31.089019430637144
27938,22.414989590562108
27939,4.6521739130434785
27941,-19.575856443719413
27942,-17.291414752116083
27943,15.949367088607595
27944,-6.195579370395177
27946,6.158088235294118
27947,-26.521739130434785
27948,13.18157279107432
27949,7.8039430449069
27950,-15.630797773654917
27953,-28.663594470046082
27954,-3.1280547409579667
27956,-65.2
27957,-8.333333333333332
27958,21.245914247260142
27959,10.1115760111576
27960,76.98019801980197
27962,-8.3377239199157
27964,5.4858934169279
27965,-47.08520179372198
27966,21.60751565762004
27967,62.903225806451616
27968,53.333333333333336
27969,
27970,-4.405737704918033
27972,-21.933085501858738
27973,13.237924865831843
27974,-8.659450457951708
27976,16.711590296495956
27978,138.46153846153845
27979,-56.98041692987997
27980,-23.466407010710807
27981,24.088943792464484
27982,94.02985074626866
27983,-7.426578147856419
27985,-14.921465968586386
27986,-39.241736876215164
28001,-1.997885036634187
28006,3.9655172413793105
28007,32.31884057971015
28009,0.41288191577208916
28012,14.505059392872855
28016,-0.07550588945937783
28017,-30.20231213872832
28018,-8.767676767676766
28019,
28020,30.527437400106557
28021,-1.2824207492795388
28023,0.8088848943955833
28024,
28025,6.515202138322754
28027,28.41460840194216
28031,11.83065348871515
28032,-11.738080869040434
28033,-23.838664812239223
28034,9.715107913669065
28036,23.43211578221916
28037,24.49992480072191
28039,-76.40449438202246
28040,-12.329277377700523
28041,
28042,
28043,3.1031807602792862
28052,3.0637149338157177
28054,8.908084761776218
28056,5.473834358562896
28071,5.233579206181946
28072,-43.61158432708688
28073,17.684887459807076
28074,
28075,21.927335447615867
28076,-82.84424379232506
28077,-23.274161735700197
28078,16.351092502500297
28079,14.711375212224109
28080,2.152641878669276
28081,2.357490796861637
28083,1.9078530715642812
28086,12.391636919938808
28088,18.31739961759082
28089,-34.862385321100916
28090,-1.2592592592592593
28091,-10.44138585666825
28092,5.262887656602999
28097,23.82434301521438
28098,-0.4735376044568245
28101,49.075391180654336
28102,136.17021276595744
28103,-2.480029723202675
28104,16.417565739549307
28105,-1.0577579937856718
28107,28.175962724407288
28108,-65.82278481012658
28109,87.42690058479532
28110,1.5499404584697827
28112,4.578231803500338
28114,8.022724123597062
28115,14.683958212098538
28117,24.735186156266387
28119,-30.591497227356747
28120,14.676068752754517
28124,0.394508442480669
28125,17.623497997329775
28127,-8.509833585476551
28128,4.466126150886354
28129,4.059985369422092
28133,-5.764966740576496
28134,15.348416289592759
28135,-9.791840133222316
28136,
28137,-12.43827160493827
28138,2.4243044189852703
28139,-8.201892744479496
28144,9.973166368515205
28146,18.451855123674914
28147,-3.958496476115897
28150,-6.53601808980295
28152,3.932674540049811
28159,-1.6317016317016315
28160,6.859303267620848
28163,10.763386396526773
28164,7.604667124227865
28166,10.653138871274571
28167,-24.12327311370882
28168,1.228220508426164
28169,77.08333333333334
28170,-13.761549395877754
28173,14.363872573237451
28174,-12.040753318925594
28202,33.53729121878617
28203,21.350512682137072
28204,54.52628163530176
28205,9.384020012400846
28206,15.093719171325223
28207,-1.2318613633991022
28208,7.4950899729285
28209,6.09205170640068
28210,-4.33263166499765
28211,4.193758127438231
28212,-3.345982142857143
28213,10.112053825413708
28214,2.921151439299124
28215,8.320779351210204
28216,4.329655307098916
28217,9.901367018515314
28223,
28226,0.059814834078851555
28227,7.158956745733605
28244,
28262,2.6021798365122617
28269,2.435016237789052
28270,2.0640420574705773
28273,23.925744940776543
28274,
28277,0.6588081947238673
28278,40.938524262530976
28280,
28282,
28301,-10.931574608408903
28303,4.8595814977973575
28304,-2.451547001424693
28305,-5.385002516356316
28306,5.225676065826196
28307,-18.543046357615893
28308,-42.41935483870968
28310,38.379564331609465
28311,-4.35969556585043
28312,6.188288716405301
28314,1.6161580711390315
28315,-0.6036074421246982
28318,-14.543871108208142
28320,-15.508298755186722
28323,22.361219702892885
28325,-25.694444444444443
28326,16.022922118942333
28327,21.873785149669562
28328,-6.390990926370907
28330,52.42165242165242
28331,
28332,165.8783783783784
28333,-5.28362739518118
28334,-11.369159064653626
28337,-14.09033997881152
28338,-15.065053640721295
28339,-10.296347346657479
28340,0.8031301482701811
28341,-25.743473325766175
28342,-41.63265306122449
28343,41.00227790432802
28344,20.444781400050545
28345,-5.067372075721253
28347,-13.77245508982036
28348,8.235590515914117
28349,21.687136393018747
28350,55.24475524475524
28351,-2.099236641221374
28352,-5.498973783061611
28355,
28356,13.761097659402743
28357,-5.9620596205962055
28358,-12.812316190573615
28359,
28360,-6.214882828559682
28362,
28363,-36.721311475409834
28364,-14.1635663468442
28365,-14.226495480453682
28366,-6.8419090231170765
28367,476.6666666666667
28368,
28369,-24.451754385964914
28371,-17.185185185185183
28372,-14.814048161181258
28373,3.3268858800773695
28374,11.531531531531531
28375,37.3134328358209
28376,0.5692994839277036
28377,-12.779456193353475
28378,
28379,-1.1840038661350731
28382,0.8594692400482509
28383,-28.020821796433715
28384,-9.012644605864944
28385,-18.53677028051554
28386,-18.830128205128204
28387,4.34396557612185
28390,3.8015839933305546
28391,-2.3707999317755415
28392,9.165613147914033
28393,-9.887005649717514
28394,-3.037689855615976
28395,4.885430177258971
28396,-16.746060828142177
28398,-19.806763285024154
28399,2.1836506159014557
28401,-8.573339464114033
28403,-1.9206019206019207
28405,8.078520196300492
28409,2.2776604918081533
28411,2.4134548002803085
28412,11.469249497194877
28420,-27.752599306851504
28421,50.183418928833454
28422,0.47099652949925636
28423,6.191825171995144
28424,-25.53191489361702
28425,-8.401243384020834
28428,6.221339040048915
28429,10.23208103603026
28430,5.816226783968719
28431,-2.149729404690319
28432,-29.689018464528665
28433,-15.081967213114755
28434,-67.12211784799317
28435,-14.273243125272806
28436,-30.11417697431018
28438,-6.583072100313479
28439,-24.67866323907455
28441,-29.936305732484076
28442,-23.711340206185564
28443,22.155032854013903
28444,38.657792567942316
28445,44.144815256257445
28447,-15.147783251231528
28448,19.478737997256516
28449,8.774745853397539
28450,-20.01539645881447
28451,29.943171289146953
28452,-39.21348314606742
28453,-7.438231469440833
28454,17.879948914431672
28455,34.59232613908873
28456,9.676535087719298
28457,14.481428861376092
28458,-24.096385542168676
28460,11.327416738238382
28461,15.388603722714784
28462,-3.6393176279447603
28463,-28.741600488698836
28464,4.92091388400703
28465,16.991326603156548
28466,-13.27941025903553
28467,39.93844194438548
28468,-11.607992388201712
28469,53.90516039051604
28470,-11.6230801162308
28472,-6.864893062076161
28478,-7.019756200084069
28479,4.1954590325765055
28480,13.909626719056975
28501,0.46905326719861984
28504,-7.070014176613161
28508,-40.730624786616595
28509,
28510,-1.4295925661186561
28511,-10.914454277286136
28512,3.7374658158614404
28513,-4.3634946917307875
28515,12.859884836852206
28516,-5.663732550902463
28518,-15.946660789067666
28519,87.5
28520,-68.10506566604127
28521,-36.15023474178404
28523,5.2298608182201605
28524,-21.428571428571427
28525,-3.7267080745341614
28526,-7.780157030692362
28527,2.3278370514064015
28528,3.2367972742759794
28529,-15.30758226037196
28530,-3.523194362889019
28531,-23.704215618521076
28532,-7.91944482242482
28533,-18.488649940262842
28537,-84.46601941747572
28538,15.137376879212027
28539,16.530508041868778
28540,1.2033864140294295
28542,
28543,32.98989113530327
28544,-14.41084118327549
28546,6.716484496988624
28547,-26.01820250284414
28551,-16.335292951978335
28552,-0.9950248756218906
28553,34.13897280966767
28554,-50.810810810810814
28555,21.984036488027368
28556,-27.98887859128823
28557,2.677259981305915
28560,4.2516883305497055
28562,-2.144951391389332
28570,-0.30578206078576725
28571,14.716382387941293
28572,-18.62429605792438
28573,-19.490060501296455
28574,12.76799819453848
28575,-59.80582524271845
28577,-14.250614250614252
28578,-15.813883901855178
28579,35.92592592592593
28580,-3.3257510392972
28581,-37.295081967213115
28582,-28.774928774928775
28584,17.70021555297629
28585,3.737811484290358
28586,-2.6963657678780772
28587,-32.9153605015674
28589,-88.18181818181819
28590,6.390595126713583
28594,4.4534412955465585
28601,5.676126878130217
28602,2.2475047113841002
28604,4.481067828929447
28605,1.9283746556473829
28606,-4.581901489117984
28607,-0.38806557745845166
28609,-6.58520027155465
28610,8.477611940298507
28611,-87.97113071371291
28612,-11.665478736041814
28613,5.6780522292430735
28615,-11.494845360824742
28616,-47.34848484848485
28617,-14.474845542806708
28618,-2.616407982261641
28619,-69.84016678248783
28621,-8.809501543065556
28622,28.103170338527672
28623,16.589861751152075
28624,16.079105760963028
28625,-3.1426248666226306
28626,8.922742110990207
28627,49.672489082969435
28628,-91.23711340206185
28629,
28630,1.788609896319591
28631,24.146981627296586
28634,-0.1780767708745548
28635,-17.28059332509271
28636,-0.9849246231155779
28637,-8.982376350198978
28638,1.9370672276273118
28640,7.911527009783072
28641,
28642,-7.623626373626374
28643,7.397408207343413
28644,11.724137931034482
28645,-0.35416085342033526
28646,36.9928400954654
28649,22.032450896669513
28650,6.003296607963911
28651,-27.40076824583867
28652,
28653,
28654,-9.790410565604365
28655,4.330223228252268
28657,-11.798236179823618
28658,-7.077940962629054
28659,5.221868104927679
28660,6.550618415025195
28662,-100.0
28663,-36.58872077028886
28664,
28665,30.57773602630343
28666,-87.22826086956522
28667,-49.78632478632478
28668,-61.44859813084113
28669,-1.6623568526043593
28670,-32.011095700416085
28671,-21.86234817813765
28672,
28673,5.1390190565448295
28675,-5.179110919292188
28676,-20.771820771820774
28677,5.188720173535791
28678,-11.029041463824072
28679,20.568122041031035
28681,-0.03870718018192375
28682,24.550898203592812
28683,5.9236165237724085
28684,-27.836472209462563
28685,-0.14698677119059284
28689,49.54900781719784
28690,1.5544041450777202
28692,13.588941053729787
28693,-22.49040043883708
28694,-6.043880226300538
28697,2.177143706345668
28698,27.94846382556987
28701,69.68133535660091
28702,-18.666666666666668
28704,14.105960264900663
28705,-5.5078180025355685
28707,263.8709677419355
28708,-58.64661654135338
28709,-4.078235538909696
28710,
28711,-7.482893091016114
28712,4.419975186104218
28713,1.7433586337760911
28714,-1.2781460909036613
28715,9.659155678838774
28716,-3.577503118267377
28717,-21.844934917940012
28718,24.336283185840706
28719,-15.663836594069153
28720,63.63636363636363
28721,8.42505915029318
28722,-8.371273314730503
28723,1.8535854708856019
28725,132.5
28726,44.105765699596034
28729,2.320316921335597
28730,-18.60148644404899
28731,-3.8109238946059025
28732,0.9810072434837164
28733,522.2222222222223
28734,9.403254972875226
28735,-16.887417218543046
28736,2.520045819014891
28739,1.645933014354067
28740,58.73161764705882
28741,12.359850507207689
28742,3.021978021978022
28743,13.182488932611905
28745,-30.76923076923077
28746,20.437636761487965
28747,2.115211521152115
28748,4.6095879429212765
28749,203.57142857142856
28751,23.43844754396604
28752,0.062391225823399996
28753,-5.0228745711017915
28754,0.7776376628835646
28755,
28756,-1.4856081708449396
28757,213.47517730496452
28758,
28759,1.8571234919343906
28761,-4.2123849161306595
28762,-0.7946026986506747
28763,-5.236907730673317
28766,-33.43239227340267
28768,-9.201459262261857
28770,
28771,-5.856966707768187
28772,-19.497334348819496
28773,-8.130841121495328
28774,15.18987341772152
28775,89.86486486486487
28777,5.968969265737721
28778,10.749553277532211
28779,6.068981401508608
28781,-8.873379860418744
28782,0.7849293563579277
28783,-16.78281068524971
28785,3.9672382902482726
28786,5.907071097372488
28787,11.059003684739437
28788,
28789,8.542624690484612
28790,5.663939584644431
28791,3.3885794806414813
28792,6.664090598341408
28801,-5.017240166068539
28803,6.022138411063073
28804,14.581111780796514
28805,8.393350300536092
28806,7.021465830148315
28901,3.5381750465549344
28902,-32.36607142857143
28904,22.272564683438656
28905,24.091076019096587
28906,2.6089689857502094
28909,-72.00920245398773
29001,9.34761441090555
29003,-12.33653694658894
29006,-7.680798004987531
29009,14.20654911838791
29010,-4.337040889813555
29014,-36.21621621621622
29015,-16.30231105559026
29016,39.19977081741788
29018,12.604760308414347
29020,-0.6675988993639768
29030,10.106951871657754
29031,70.85242896425298
29032,4.590495449949444
29033,4.271153535026695
29036,22.085742962290304
29037,30.74829931972789
29038,26.575729068673564
29039,-14.842662211083264
29040,-2.7211588204862904
29042,-11.470533556423126
29044,-29.134388683058273
29045,17.92168674698795
29046,-61.81818181818181
29047,6.7604772101560116
29048,0.6473167675923992
29051,-82.99149574787393
29052,30.956154252509243
29053,11.141055354929122
29054,-6.497259591429995
29055,-13.967343336275375
29056,-0.4835164835164835
29058,16.49740932642487
29059,-10.836018314397151
29061,-14.093363406465723
29062,-90.38461538461539
29063,2.496693996297276
29065,-14.939024390243901
29067,-6.265773213819512
29069,-6.63596399413858
29070,8.576169930302024
29072,14.328918023923768
29073,11.751518819916157
29074,165.4320987654321
29075,6.612157838606469
29078,-4.092678180491364
29079,-44.0
29080,4.920977011494252
29081,-16.257883672039245
29082,1.6706443914081146
29101,-8.345120226308344
29102,-9.630094759675762
29104,3.4628975265017665
29105,-6.03921568627451
29107,-9.397993311036789
29108,-3.751635887741748
29111,-3.7080635668040025
29112,-6.4
29113,39.133165829145725
29114,-25.25614754098361
29115,-7.471067588851605
29117,-39.54248366013072
29118,-8.463073852295409
29122,92.3076923076923
29123,-8.791742562234365
29125,48.822055137844615
29126,14.29247515380975
29127,2.7149835283426107
29128,-29.421367676401232
29129,55.127743792731195
29130,6.2288422477995935
29133,-13.920454545454545
29135,-4.901610017889087
29137,18.89002036659878
29138,-11.68190783575399
29142,-1.0485985077636621
29145,0.10706638115631692
29146,-19.606598984771573
29148,-11.286748411877676
29150,-5.297640875198631
29152,31.13377324535093
29153,2.689075630252101
29154,-0.6070065903572668
29160,-12.222782258064516
29161,-1.192735158579561
29162,9.897172236503856
29163,-39.939288811795315
29164,-2.6782118405155058
29166,-21.789473684210524
29168,-5.975891254167736
29169,-6.177096636866752
29170,3.1459040232670867
29172,-5.254100020247013
29175,-28.211586901763226
29177,
29178,8.448
29180,-13.568345323741008
29201,9.77745872218234
29203,4.016256878881204
29204,-4.344136211743489
29205,-8.581597152797217
29206,-4.274115304090283
29207,-18.422991893883566
29208,199.7371879106439
29209,9.192110080907105
29210,-0.7325651910248636
29212,-7.4300047454409865
29223,1.3579126041132121
29225,-68.59827721221613
29229,1.8504304532724822
29301,1.224536507209888
29302,7.735372020226343
29303,10.14102615613323
29306,13.135646687697161
29307,3.4294536031317198
29316,17.736479919132226
29320,-69.21221864951768
29321,8.883674153536708
29322,29.397171917638303
29323,19.10575550975107
29324,-76.20578778135048
29325,-13.025951121189216
29329,-39.42857142857143
29330,-9.46215139442231
29331,-90.49429657794677
29332,11.822125813449023
29333,-50.22222222222222
29334,27.943283807225285
29335,-2.86934244235696
29338,203.84615384615384
29340,-7.338752903341075
29341,3.3011812038995205
29346,45.14285714285714
29349,16.292283298097253
29351,2.852962692026335
29353,-24.233195562323253
29355,21.890547263681594
29356,7.672634271099745
29360,6.92443399000294
29364,-18.328445747800586
29365,44.689320388349515
29368,163.46153846153845
29369,9.03268069000655
29370,-40.34378159757331
29372,0.1582695858612503
29373,-57.30337078651685
29374,-11.796087729697687
29375,74.11764705882354
29376,3.2521272875626526
29377,-58.498023715415016
29378,-34.73053892215569
29379,-2.310156820864482
29384,-12.914285714285715
29385,-0.7285749567794517
29388,5.277304313622657
29401,-10.260290556900726
29403,1.56689980924698
29404,34.50536352800954
29405,-7.348275163707554
29406,-0.9066569307533162
29407,2.0751606117459778
29409,-1.6195856873822974
29410,-4.748035136384651
29412,1.6698196493883215
29414,19.590864812209112
29418,1.7015597631161898
29420,0.210896309314587
29424,227.39018087855297
29425,
29426,9.795412275263486
29429,49.01250822909809
29431,-4.96702113339615
29432,-31.898517673888254
29434,21.29817444219067
29435,1.7095965352176885
29436,-8.314193844740467
29437,-44.910868315123636
29438,24.142599277978338
29439,-64.13590604026845
29440,-3.4753568938309662
29445,1.9403060621910273
29446,28.362573099415204
29448,20.13422818791946
29449,-9.407416239418147
29450,-10.920390648120746
29451,-0.8605072463768116
29452,-47.88135593220339
29453,-0.08051529790660225
29455,15.72987721691678
29456,15.671858372835445
29458,-23.33555259653795
29461,17.98060531537322
29464,1.278352959772386
29466,20.20519379413891
29468,12.105007292173067
29469,-42.802669208770254
29470,6.004756242568371
29471,-30.02680965147453
29472,19.314885070296807
29474,-36.85774946921443
29475,-1.6504443504020312
29477,7.148175725986597
29479,-5.783714651129743
29481,-10.387323943661972
29482,13.02439024390244
29483,-27.104364131411984
29485,8.137956338286553
29486,
29487,-26.524098308330675
29488,4.918802215338403
29492,52.5536463694671
29493,127.45098039215685
29501,5.285834850974992
29505,-0.2922789640334497
29506,0.04382547721075185
29510,0.9272536086416212
29511,19.657277920031515
29512,-5.724764790304577
29516,-9.032258064516128
29518,-37.83783783783784
29519,25.112107623318387
29520,-10.479105858902257
29525,2.031488065007618
29526,9.637671506593845
29527,10.81081081081081
29530,7.225433526011561
29532,0.17028949213663228
29536,-7.0442561763137626
29540,-18.61878453038674
29541,-8.63830577744752
29543,-9.454545454545455
29544,26.255872786411278
29545,4.9013367281986
29546,-9.858669424336435
29547,-20.61682869594368
29550,-9.119765596386276
29554,-2.2012923009527983
29555,-1.675886755613407
29556,-4.513281705387626
29560,-10.874058762734387
29563,-20.50460552663196
29564,55.527638190954775
29565,-2.847331520961511
29566,17.68005250909959
29567,-10.766721044045676
29568,19.065325167687373
29569,-1.4430273636309203
29570,21.437125748502993
29571,-0.5692999718864211
29572,30.144465931065863
29574,-17.217596097232736
29575,9.77270169911106
29576,12.9478575116159
29577,9.639360989764358
29579,24.431213579934127
29580,-15.860014892032762
29581,-11.844197138314785
29582,19.486899563318776
29583,-4.838709677419355
29584,0.38944180008654267
29585,8.20086464915198
29588,21.316851664984863
29589,
29590,-0.7285483000539665
29591,-9.586056644880173
29592,-33.5010060362173
29593,14.170969592656341
29594,58.108108108108105
29596,-19.210053859964095
29601,9.129850495548462
29605,7.963897728519697
29607,10.409469619995935
29609,0.3103180760279286
29611,9.742683821078595
29613,22.582331416623106
29614,-10.39671682626539
29615,7.782915015411714
29617,-3.8220008661758333
29620,-4.223592786322118
29621,8.302542393618323
29624,-4.047371160853722
29625,-2.5384994022923846
29626,9.534195357532326
29627,-9.332387913166794
29628,-5.3929121725731894
29630,4.135313311580209
29631,14.037049982523595
29634,16.072472238457042
29635,5.551086082059534
29638,21.380846325167038
29639,-10.902047592695075
29640,7.345924453280318
29642,2.59516634893303
29643,28.868258178603007
29644,8.064355943986493
29645,9.913258983890955
29646,-2.1618412321447282
29649,4.159188451033945
29650,9.149074100171934
29651,15.145419136687568
29653,-19.83315954118874
29654,1.3542333120068246
29655,12.130094919039642
29657,6.026597469996756
29658,-10.256410256410255
29659,102.77777777777777
29661,7.693634638606175
29662,-7.550399391403576
29664,-13.154301319981792
29665,148.90510948905109
29666,-1.3666718434539527
29667,-21.51394422310757
29669,10.126986662407155
29670,12.136862491930279
29671,8.772522522522523
29672,-0.7151564404713531
29673,5.522926326635755
29676,12.729336107433328
29678,6.259382249920393
29680,10.058014471025357
29681,18.332528569129245
29682,14.702517162471395
29683,149.67320261437908
29684,38.31200787401575
29685,17.328727691421992
29686,3.601440576230492
29687,4.6693357773382855
29689,-2.8728752693320563
29690,16.050360979045607
29691,10.35870829233384
29692,-3.4454966753979446
29693,-5.7187017001545595
29696,-0.8164852255054432
29697,12.511840858856962
29702,-0.19886958342055683
29704,-10.017934921854984
29706,4.318474067723961
29707,21.237286198621007
29708,30.879422022919776
29709,-10.530373111316681
29710,11.220807713403193
29712,-19.991095280498662
29714,17.371048252911812
29715,36.91471847217649
29717,22.762951334379906
29718,-4.639300461501093
29720,11.511895625479662
29724,-62.5
29726,42.7891156462585
29727,13.182096873083998
29728,-3.9536937113705486
29729,1.3799448022079117
29730,2.6324359531046464
29732,0.38974719101123595
29733,-7.154384077461
29741,-17.353874037154508
29742,-4.2287555376560615
29743,76.15101289134438
29745,12.762605042016805
29801,9.892833709994896
29803,1.3619641505987945
29805,-14.096102150537634
29809,-10.57285659361784
29810,-17.304643261608156
29812,-4.638399575108436
29816,-15.684575389948009
29817,-0.2271694684234439
29819,-20.526630760023938
29821,-32.694848084544255
29824,-7.081153424990874
29826,37.735849056603776
29827,-8.210931856489285
29828,3.3846153846153846
29829,-7.372185645777453
29831,6.075101650322889
29832,-3.8367631670735958
29834,-41.71952078928823
29835,-4.4295927883120925
29836,-51.06382978723404
29838,67.21311475409836
29840,27.181208053691275
29841,-0.6297575739048027
29842,8.268202385849445
29843,-14.618181818181819
29844,-33.72781065088758
29845,37.173396674584325
29847,2.077869679241477
29848,23.74631268436578
29849,-12.335958005249344
29851,15.845767859500858
29853,-5.756379100850547
29856,9.077963688145248
29860,9.844991032539072
29899,-25.798101811906815
29902,4.115881668402033
29904,84.17721518987342
29905,-66.31382316313822
29906,5.705262294409581
29907,3.382259093809828
29909,27.503663898387888
29910,22.088343183207662
29911,-9.675443968156767
29912,
29915,38.78048780487805
29916,28.683834048640914
29918,-24.202507538485953
29920,-5.601585014409221
29921,167.01570680628274
29922,100.73529411764706
29923,-58.72689938398358
29924,18.635778635778635
29926,-0.09052623292793324
29927,9.020645844362097
29928,-13.371887171013807
29929,-11.05072463768116
29932,-2.0761245674740483
29934,-39.47019867549669
29935,21.986192246415296
29936,-8.403713268653592
29939,-65.13157894736842
29940,-7.241621748300914
29941,-71.5909090909091
29943,64.01273885350318
29944,5.626352488578985
29945,-24.107142857142858
30002,3.2986417357558655
30004,5.1809614318523804
30005,-0.5631298162418494
30008,3.170453179468686
30009,36.5479627847289
30011,33.05848027400736
30012,24.243099669378505
30013,-5.637201140601009
30014,9.456891244412324
30016,9.325525114998799
30017,2.146227399891436
30018,
30019,-1.830412686362582
30021,11.2853448994912
30022,-3.9379822390449846
30024,14.221164643601947
30025,20.594548186306074
30028,41.37987478004665
30030,13.539226127085552
30032,-10.44973544973545
30033,-2.5517588572147756
30034,-5.797165535386588
30035,1.5594798805130907
30038,5.603185876623376
30039,11.256113877130261
30040,16.56858781426411
30041,15.216034939946965
30043,-0.6073057298956969
30044,12.242127817102858
30045,22.448287555103423
30046,8.06543193186427
30047,1.1947484897422094
30052,17.96048156175349
30054,7.693661971830985
30055,16.159633627739613
30056,-7.1033938437253346
30058,12.793294109307435
30060,-0.3311680040759139
30062,-6.365448109699873
30064,6.490008143832612
30066,12.321250415696708
30067,-0.6248933629073538
30068,5.811410360557395
30070,-92.22689075630252
30071,3.2634406446698474
30072,23.65079365079365
30075,7.203007518796993
30076,0.5278426069317512
30078,20.438186458661924
30079,71.66355140186916
30080,-3.124259059986503
30082,-8.58424760769743
30083,5.33439352820176
30084,5.153755491267545
30087,0.9403574397339983
30088,4.9520047128946185
30090,
30092,3.097942201731699
30093,-12.098305449073909
30094,0.4106531766106234
30096,1.7804545654372006
30097,-1.415803721050144
30101,6.773181561037492
30102,8.171417299536444
30103,-7.428932406822489
30104,25.47258979206049
30105,29.96151731720726
30106,7.159776536312849
30107,18.973582828838744
30108,-8.414872798434441
30110,6.59264399722415
30111,
30113,-8.953630262355095
30114,8.056616072259986
30115,34.81899871630295
30116,-1.6279464134305577
30117,2.212243098793322
30118,-52.16630196936543
30120,3.6775210601507466
30121,7.556209287665476
30122,-0.7345702385460052
30124,-10.029990003332223
30125,-3.75366807955657
30126,7.733487483663416
30127,8.789139611868679
30132,27.293321182137742
30134,3.788471270184478
30135,3.368353147175376
30137,6.7029972752043605
30139,16.654456654456652
30141,9.273829485360507
30143,11.443496896905836
30144,5.871556331311968
30145,26.900179980617473
30147,9.617612977983777
30148,93.43696027633851
30149,-2.931769722814499
30152,0.48564817996472176
30153,-3.884242957746479
30157,4.511046833651302
30161,-0.9296685529506872
30165,1.865906124619326
30168,-6.4925685178849735
30170,16.48590021691974
30171,-22.536469187258113
30173,14.509122502172026
30175,6.253418413855972
30176,13.309298482800061
30177,26.816239316239315
30178,29.329508784510576
30179,-0.8230923120891683
30180,15.365396627108058
30182,58.82096069868996
30183,16.63979939100842
30184,4.337385562059133
30185,-0.6152389966871746
30187,-4.979202348911182
30188,4.6408661226468455
30189,10.432062139273963
30204,4.837187352524776
30205,7.990792502466294
30206,-8.912556053811658
30213,51.717404526393295
30214,9.414749426565649
30215,7.138141607525994
30216,-14.950980392156863
30217,-5.597248280175109
30218,15.352407536636429
30220,-8.108621344473985
30222,30.282426778242677
30223,0.46274872744099954
30224,21.28831814415907
30228,25.982050904810944
30229,
30230,4.739387426114992
30233,13.00845045755068
30234,2.380952380952381
30236,11.320674747817241
30238,11.062793073638435
30240,0.37061548643282594
30241,4.44233232778214
30248,29.08179760750081
30250,-39.624853458382184
30251,-4.5982142857142865
30252,7.921212663208728
30253,12.846943911122711
30256,2.8346456692913384
30257,-17.637130801687764
30258,14.044059795436665
30259,50.54655107425556
30260,8.262928584959273
30263,3.907314856883235
30265,8.934015992636484
30268,1.8321342925659474
30269,10.013982102908276
30272,
30273,16.014935505770538
30274,-3.034478879577029
30275,
30276,24.778161620266882
30277,-0.6782858682957505
30281,1.605597230236584
30284,-93.33333333333333
30285,70.0554528650647
30286,6.231584502396763
30288,-18.26344142811873
30289,21.052631578947366
30290,3.715486876491308
30291,18.479238672411345
30292,-5.0063171193935565
30293,-39.26067558954748
30294,4.0603928466725305
30295,17.680473372781066
30296,-5.29384901816138
30297,2.6009606831524636
30303,-11.021745606196008
30305,11.421021726365238
30306,5.124683462809563
30307,7.507203882513523
30308,33.13400535338003
30309,26.18296529968454
30310,-15.386126297181393
30311,-9.289963644375895
30312,20.85499976991395
30313,6.5032076632393006
30314,-9.175880995943043
30315,-0.0914991564921511
30316,1.4630775701496124
30317,8.42422502870264
30318,19.625210894191373
30319,10.893552041771342
30322,-16.039395005276116
30324,10.47471814788281
30326,48.2484076433121
30327,-3.2057600822868895
30328,6.657556709483465
30329,-8.53220696937698
30331,-0.5521870939800779
30332,-13.333333333333334
30334,
30336,-9.923664122137405
30337,-16.04382845947319
30338,13.130787037037036
30339,54.72634571132067
30340,7.3212180065200805
30341,-0.29987760097919214
30342,13.471147922513518
30344,6.565641319769372
30345,-5.396616468584259
30346,-14.711914972962894
30349,6.985404446869459
30350,-5.635942327497425
30354,-11.157171621461567
30360,-2.2066637494530226
30363,3.53870458135861
30401,5.137216780079265
30410,-1.5812776723592663
30411,2.8007638446849143
30412,46.42857142857143
30413,-36.58296405711472
30414,
30415,-13.807982740021574
30417,3.9547502989055463
30420,95.65217391304348
30421,-20.723499719573752
30423,-84.66666666666667
30425,54.522184300341294
30426,26.41509433962264
30427,-11.561882166864374
30428,-1.3743218806509945
30429,-21.578947368421055
30434,-2.7521241226449944
30436,-3.983246431318916
30439,-3.265682656826568
30441,9.965635738831615
30442,5.737808739708676
30445,-7.322121604139715
30446,55.17529215358932
30448,-73.17073170731707
30449,-83.33333333333334
30450,8.092759110269759
30451,-45.0
30452,41.83583406884378
30453,-5.536332179930796
30454,-52.68571428571428
30455,20.97457627118644
30456,-8.631772268135904
30457,-10.02411298656562
30458,9.81010473011854
30460,-100.0
30461,19.12796880538816
30464,534.2105263157895
30467,-2.864433286690262
30470,257.64705882352945
30471,-23.59956631731117
30473,20.39268183846497
30474,-2.4199574639305625
30477,0.5317263381779511
30501,9.313742437337943
30504,11.285635749626953
30506,-0.12574877680735286
30507,3.005814526461023
30510,2.4027858386535113
30511,-21.046198973356148
30512,15.956451056702301
30513,1.4439507860560492
30516,8.968125337655321
30517,32.45548406404309
30518,11.148280844830657
30519,23.887091131712438
30520,0.8575611796695252
30521,3.5097704420413587
30522,-31.95402298850575
30523,5.2734375
30525,4.123856439127374
30527,-12.171415948751934
30528,-0.11187072715972653
30529,15.44677689020992
30530,19.481340923466163
30531,6.555661274976213
30533,2.1997576859003485
30534,10.966906877492479
30535,10.438863521055302
30536,22.07286432160804
30537,-15.793056501021102
30538,42.94871794871795
30539,
30540,1.2137902896776827
30541,0.7472826086956522
30542,5.315097434186751
30543,11.286772063237944
30545,32.959326788218796
30546,18.500749625187407
30547,3.9804241435562804
30548,24.195143390836172
30549,25.85363832255926
30552,-9.312890403180011
30553,4.274693309725559
30554,16.3371627037136
30555,1.7733564013840832
30557,15.23014440433213
30558,-10.796736677660128
30559,14.700890963088673
30560,-8.8139281828074
30562,-42.561654733492446
30563,6.502127659574468
30564,64.32241490044959
30565,9.173685408604598
30566,6.362293871523504
30567,42.0617925971245
30568,18.271733472149922
30571,-9.646041610375574
30572,-5.801376597836775
30573,-54.761904761904766
30575,51.258389261744966
30576,37.40883740883741
30577,-1.2578897891579748
30581,225.71428571428572
30582,1.4274385408406027
30597,
30598,
30601,-1.1347398503824495
30602,-46.30947920569501
30605,3.4280691473776734
30606,12.435637016391894
30607,-11.475409836065573
30609,60.77448747152619
30619,20.295489891135304
30620,19.269257621596463
30621,3.114725731095345
30622,8.625539096193512
30623,-37.93103448275862
30624,10.87667161961367
30625,2.206836867157075
30627,14.979423868312757
30628,-10.751224823081111
30629,8.078839072991121
30630,3.4054302807179013
30631,-9.303561935140882
30633,-9.154616240266963
30634,-3.004291845493562
30635,2.561141304347826
30639,
30641,-19.033232628398792
30642,26.281771333740938
30643,-0.3385865550357055
30646,31.272084805653712
30648,0.9674298613350532
30650,16.43422865013774
30655,12.5175301518612
30656,13.452229299363058
30660,9.617271835132483
30662,-4.780967631247855
30663,7.45466756212223
30664,-81.25
30665,48.41269841269841
30666,-1.2763055339049103
30667,-25.784966698382494
30668,80.99644128113879
30669,-8.452380952380953
30673,-22.571210579857578
30677,10.896412221867347
30678,-13.81668946648427
30680,10.434638354346383
30683,26.978193146417446
30701,5.762610387666517
30705,0.14015625931890022
30707,12.344310401043366
30708,68.4729064039409
30710,7.486314543571535
30711,3.387376954255935
30720,-6.84691011235955
30721,-1.1198479540880972
30724,
30725,14.709288858003244
30726,
30728,-11.221153390513198
30730,-10.44776119402985
30731,5.582206716092456
30733,13.47348303870043
30734,-21.959548200682953
30735,13.010204081632654
30736,0.7736541881249855
30738,-2.4508406953548016
30739,29.376395808280364
30740,-4.526897214217099
30741,-2.212114947281373
30742,-1.324247878632039
30746,16.50485436893204
30747,-7.984598876475416
30750,-5.839416058394161
30751,94.23076923076923
30752,7.654877759316402
30753,18.710870802504267
30755,28.003200365756086
30756,-87.77777777777777
30757,-26.635314236853358
30802,15.626629584564574
30803,-0.09699321047526674
30805,2.1459227467811157
30807,113.1578947368421
30808,-14.020270270270272
30809,14.813103645523947
30810,6.131834440470108
30812,13.836477987421384
30813,18.21370684858601
30814,29.32036382011117
30815,7.268958973206482
30816,7.558455682436106
30817,1.3343902761263047
30818,-26.947040498442366
30820,-33.569182389937104
30821,46.320346320346324
30822,-100.0
30823,-16.22210125204137
30824,4.2610410565947525
30828,-12.797548904077304
30830,2.0063807160581355
30833,18.700972701600254
30901,-0.8565700747220703
30904,-0.9330106183635228
30905,1.2767603817384576
30906,4.877266975959511
30907,-8.003168041416346
30909,1.5229958442643883
30912,-100.0
31001,-8.667941363926067
31002,-4.170837504170837
31003,14.14141414141414
31004,
31005,23.019858479799133
31006,-2.677787532923617
31007,-14.720314033366044
31008,15.942586889573251
31009,5.766526019690577
31011,-14.267015706806282
31012,-25.11013215859031
31014,-2.6628979470395717
31015,-12.107230194250912
31016,18.54885898186074
31017,-5.580215599239061
31018,11.080441640378549
31019,26.345243219974172
31020,-7.233572611816676
31021,-1.9523637675929266
31022,17.752948479205465
31023,1.4080540692762602
31024,4.086751254057244
31025,25.465230166503428
31027,19.619027120103315
31028,5.849763728205963
31029,2.6210758324894265
31030,-0.3223296654440369
31031,8.557181920540453
31032,2.458844133099825
31033,13.744292237442924
31034,
31035,-21.783625730994153
31036,-14.899253431805409
31037,-20.437133844073905
31038,39.737274220032845
31039,
31041,12.433155080213904
31042,-1.6961130742049468
31044,-29.090426942455583
31045,-49.25373134328358
31046,22.389033942558747
31047,35.56541019955654
31049,-14.091147197485595
31050,0.0
31051,-38.82978723404255
31052,3.2611200737497117
31054,-22.06320810971974
31055,-20.835857056329495
31057,-34.03796376186368
31058,41.51234567901235
31060,-21.117727897388914
31061,-6.2136669004048946
31062,-91.07142857142857
31063,-12.112896903175226
31064,4.454054054054054
31065,23.028105167724387
31066,-20.930232558139537
31067,26.72811059907834
31068,-9.326721342742704
31069,9.786053882725831
31070,-3.5555555555555554
31071,5.531547104580812
31072,-9.947643979057592
31075,-3.848870056497175
31076,-15.690505548705303
31077,-34.914089347079035
31078,-0.6635700066357001
31079,23.59090909090909
31081,-83.11688311688312
31082,7.826359177710529
31083,-26.869806094182824
31084,-100.0
31085,4.797353184449959
31087,-0.182648401826484
31088,12.124475901065509
31089,-19.179734620024124
31090,40.79718640093787
31091,-4.230852679540031
31092,-31.152303223129064
31093,-16.204523107177973
31094,-21.358428805237317
31096,9.330568720379146
31097,-16.4257555847569
31098,-2.423698384201077
31201,-7.586036758356976
31204,8.259003420293743
31206,-4.435513605191358
31207,52.03327171903882
31210,-2.5806640168342296
31211,-10.738419953311219
31213,
31216,4.874626319321579
31217,-3.536849299464632
31220,17.096774193548388
31301,-0.4979843490633152
31302,0.8262483534905999
31303,-20.99882029099489
31305,-26.750216076058773
31307,43.538038496791934
31308,16.27906976744186
31309,-4.619970193740686
31312,31.3265416711824
31313,3.401809733431157
31314,17.77777777777778
31315,-4.845761476803498
31316,1.539934572727998
31318,-30.29366306027821
31320,21.70069721115538
31321,7.650196518809657
31322,9.370022300095572
31323,22.8595178719867
31324,37.98644645538287
31326,13.45178914209775
31327,-87.192118226601
31328,-5.098591549295774
31329,-1.6506189821182942
31331,-13.307212305906255
31333,
31401,1.2343842950624628
31404,2.9182756219535357
31405,0.7606896919874019
31406,-4.6140071070819
31407,63.238109826146896
31408,4.731890015529369
31409,-1.8691588785046727
31410,-2.8198497721955427
31411,12.71613832853026
31415,-4.369085173501578
31419,0.09479816608638698
31421,
31501,-8.22449936373987
31503,7.933294775400039
31510,-11.738498789346247
31512,12.684666327050435
31513,-3.3531770137285872
31516,8.144891122278057
31518,8.433734939759036
31519,8.839257628184964
31520,-2.9891067538126364
31522,7.72791802975125
31523,2.832922764816693
31524,
31525,-0.38495306274059565
31527,60.611205432937176
31532,-12.62848751835536
31533,2.5257081003066935
31535,-0.1538336976763015
31537,-5.858904236581069
31539,-1.9148936170212765
31542,5.672727272727273
31543,5.556863668471863
31544,-42.91497975708502
31545,-8.18866092023795
31546,7.5935162094763085
31547,5.980528511821975
31548,14.204628147285694
31549,-31.341412452987882
31550,7.5098814229249005
31551,-21.877486077963404
31552,12.485811577752553
31553,-4.775337497481362
31554,-7.398051245037893
31555,17.52945376651196
31556,9.375
31557,23.51369405477622
31558,4.534100014139605
31560,9.132044426162073
31561,-21.641791044776117
31562,1.3894564773191664
31563,15.4095701540957
31564,
31565,14.652956298200515
31566,-8.12630601346645
31567,51.76010430247718
31568,-50.23640661938534
31569,-13.711583924349883
31599,
31601,-6.010652542625048
31602,2.4985060186107395
31605,9.464662205518378
31606,-11.251518833535846
31620,6.6930245693306984
31622,-9.930139720558882
31623,413.6842105263158
31624,15.472779369627506
31625,-37.5
31626,0.09445843828715365
31627,2.734375
31629,82.55451713395638
31630,-22.99651567944251
31631,26.51162790697674
31632,17.948512310530116
31634,-5.980945659844743
31635,16.934447300771208
31636,2.846868444710818
31637,-5.118483412322275
31638,-7.416462917685411
31639,-0.0973141300116777
31641,-13.47695390781563
31642,-9.643221202854232
31643,14.861224967794822
31645,-13.849213523775086
31647,-15.721649484536082
31648,-15.21511017838405
31649,-14.396887159533073
31650,-6.312569521690768
31698,10.646900269541778
31699,11.021069692058347
31701,-12.311253748618931
31704,
31705,-9.022283954345069
31707,-0.9385968371652799
31709,2.5381976925475525
31711,18.103448275862068
31712,13.989637305699482
31714,5.682967959527825
31716,4.151223128243143
31719,-15.241754723022735
31720,-0.8571428571428572
31721,-5.199805068226121
31722,86.5979381443299
31727,
31730,-7.560327651095861
31733,1.4393939393939394
31735,-16.56441717791411
31738,37.109375
31743,-5.426356589147287
31744,9.75699558173785
31747,88.6178861788618
31749,-1.7591868647380766
31750,-3.1393279033389074
31753,
31756,83.41708542713567
31757,9.943019943019943
31763,14.268297638883245
31764,18.45318860244233
31765,-10.460685833044684
31768,-8.35197934595525
31771,4.711246200607903
31772,-1.8329938900203666
31773,24.028478196380895
31774,-7.851363500149835
31775,-0.15337423312883436
31778,10.109983079526225
31779,-1.094815120842801
31780,-2.832131822863028
31781,32.8133704735376
31783,60.08188331627431
31784,23.62093352192362
31787,-13.003533568904594
31788,4.588966742327051
31789,30.847803881511748
31790,34.19096626643797
31791,-8.087333387848556
31792,-6.901573688255998
31793,-14.608584707919439
31794,9.203102961918194
31795,-15.351506456241031
31796,-5.893019038984588
31798,73.36561743341404
31801,0.6578947368421052
31803,-22.209066305818673
31804,7.060398193073449
31805,-22.151647479158395
31806,-14.198262243285939
31807,-28.068043742405834
31808,20.76348781518524
31810,-14.492753623188406
31811,-0.04981733643307871
31812,3.041144901610018
31814,-100.0
31815,-12.432123463846812
31816,-1.4141028090961207
31820,29.54771866905758
31821,-84.21052631578947
31822,-5.796353629170967
31823,-28.77059569074778
31824,-30.496054114994365
31825,21.529358215748747
31826,-20.106626047220104
31827,-18.041021347844286
31829,94.88966318234611
31830,-19.67383761276891
31831,-0.1405283867341203
31832,-30.851063829787233
31833,-2.7453271028037385
31836,-3.896103896103896
31901,-13.382177033492823
31903,2.8686664986135617
31904,-0.25009451246110453
31905,-14.821539738534966
31906,-7.117601138816182
31907,9.840383221678186
31909,3.6019056593895606
32003,2.2185646195521724
32008,31.821963394342763
32009,-1.782286811077598
32011,3.8765056070884674
32013,
32024,3.470404024847271
32025,3.4155259285682438
32026,33.86430678466077
32033,0.4484304932735426
32034,18.78913785428105
32038,3.2049337781821863
32040,9.029524692175295
32043,30.039785078544767
32044,-4.298535663675012
32046,21.742006615214997
32052,-14.801100296233601
32053,13.82063882063882
32054,7.463959737268618
32055,-4.011631357189485
32058,-2.5592216582064298
32059,-0.3020007550018875
32060,-5.050206733608978
32061,-86.68171557562077
32062,-28.99243329350856
32063,1.4771678147858818
32064,12.6658802713064
32065,6.097948799491175
32066,-8.186431623931623
32068,5.0499871827736476
32071,1.4817150063051703
32072,-87.5
32073,4.9727197986995195
32079,5.528846153846153
32080,-5.28882724059242
32081,109.4550455561286
32082,-3.4616160936553855
32083,-32.82785734344285
32084,5.680521835785533
32086,19.731624415805125
32087,-5.602594127184291
32091,12.812731809292602
32092,34.37220666229665
32094,51.138211382113816
32095,92.19243825354091
32096,24.83716891011724
32097,24.33913788181559
32102,2.1120293847566574
32110,20.774061258490324
32112,-0.5097600397861495
32113,0.39142590866728794
32114,10.895378190544456
32117,20.980216559472442
32118,7.642556221444254
32119,2.069425901201602
32124,37.03703703703704
32127,-7.368560807222517
32128,13.191599688877364
32129,9.126726615370353
32130,-4.728456398835018
32131,-9.032392026578073
32132,9.140444081187848
32133,1255.5555555555554
32134,-2.2921844794255732
32136,6.465187452180567
32137,13.191632928475034
32139,-19.120654396728014
32140,39.724919093851135
32141,1.8091657130401613
32145,-1.9251148004238785
32147,113.62275449101797
32148,1.6565844578873896
32157,358.6387434554974
32159,-2.0525665213714137
32162,-4.846768520355706
32163,
32164,10.89223638470452
32168,18.925972793419803
32169,1.4757623143080532
32174,4.194560460422454
32176,-6.0249119956674795
32177,-0.1557099996202195
32179,6.23208276205908
32180,30.718954248366014
32181,47.459207459207455
32182,
32187,-26.17896009673519
32189,-12.921922945789294
32190,40.23715415019763
32192,
32193,38.34771886559803
32195,-12.07182320441989
32202,2.451923076923077
32203,
32204,9.203750165060082
32205,7.0950978693919975
32206,-3.2238805970149254
32207,0.031090133122297282
32208,-3.3939020634431785
32209,1.4659126079738893
32210,10.34380703398609
32211,5.133090994371482
32212,-29.703342095381146
32214,
32216,7.581322140608604
32217,7.103506727407565
32218,15.202618089529313
32219,19.771380186282812
32220,-13.282596209075246
32221,1.8541944074567243
32222,73.72811534500515
32223,5.059291781215379
32224,3.878178123606086
32225,-0.36299981573613416
32226,15.980109276198661
32227,22.787921348314608
32228,-42.56410256410256
32233,-1.564099414486345
32234,40.7155577141007
32244,8.909063700304284
32246,13.920757866946207
32250,7.69549183412358
32254,10.530373111316681
32256,15.892003501133381
32257,11.037852320785941
32258,36.24750237479118
32259,38.61382012169709
32266,-4.082503556187767
32277,14.680256452408353
32301,13.937575839288122
32303,-0.05015145740135209
32304,1.6066945606694563
32305,-2.1912254452434965
32306,
32307,
32308,2.4998891893089845
32309,8.62552820876746
32310,-10.913925302992828
32311,-2.032013802357903
32312,-0.3738606519388228
32313,
32317,-2.2822135451730174
32320,-0.37624294544477294
32321,-4.126019510634895
32322,4.01076057715823
32323,-74.0
32324,10.199115044247788
32327,8.124618204031766
32328,16.70854271356784
32330,30.292598967297764
32331,13.59360301034807
32332,-27.447089947089946
32333,12.352206094395846
32334,-23.065902578796564
32336,5.303612605687932
32337,
32340,-8.641202254226675
32343,5.869957856712824
32344,-1.8851415844734332
32346,29.007210205213536
32347,-13.312845728334358
32348,1.7047256581033936
32350,54.44664031620553
32351,-14.070038910505836
32352,-20.876923076923077
32355,43.34975369458128
32356,-35.24590163934426
32358,-26.41509433962264
32359,-18.79032258064516
32360,
32361,41.42857142857143
32399,
32401,-22.814789572329186
32403,-79.02727017149283
32404,3.582625404530744
32405,-8.7718758650386
32407,51.104262968669744
32408,10.278156692960087
32409,4.802710243124751
32410,-62.16712580348944
32413,9.042748877933928
32420,53.82870107770845
32421,-26.478293413173652
32423,-15.667311411992262
32424,2.4815925824925005
32425,1.8370024784954075
32426,-13.144058885383805
32427,6.826923076923077
32428,4.203008839196863
32430,-18.5761957730812
32431,19.38127974616605
32432,-100.0
32433,4.004751399966061
32435,-14.25755584756899
32437,-30.180180180180184
32438,28.416600581549034
32439,63.162019930578886
32440,7.643062451006009
32442,13.758992805755396
32443,0.28149190710767064
32444,0.9361542782250515
32445,-9.346846846846848
32446,-7.1732892791931135
32448,-14.186811939620927
32449,74.28571428571429
32455,-6.4238410596026485
32456,-2.1150698728440136
32459,46.54975762760194
32460,-8.77659574468085
32461,11668.181818181818
32462,-1.2427745664739884
32463,-6.508875739644971
32464,-18.005212035062783
32465,-7.29055890346213
32466,2.13646902947996
32501,-8.088978766430738
32502,44.016302334197846
32503,-2.5488334627887577
32504,-5.563530384096742
32505,12.251430400512143
32506,-0.6719911870008262
32507,8.493096255090892
32508,-20.244910941475826
32509,-40.7202216066482
32511,7.511737089201878
32512,
32514,-0.5117058370692388
32526,13.469789303965241
32530,
32531,30.454381536242337
32533,10.466187580615442
32534,5.5479639245695545
32535,-0.2353793228317943
32536,10.832673876725577
32539,7.525261174858709
32541,7.190139237616982
32542,20.862177470106985
32544,25.270562770562773
32547,0.19378706911738797
32548,11.857088631618904
32550,5.211097708082026
32561,3.725147476513
32563,12.496054292929292
32564,-8.524717789022967
32565,12.45921696574225
32566,16.789235713896606
32567,55.33076429030186
32568,31.225009087604505
32569,4.677132222042402
32570,15.468952456892254
32571,18.88044973386759
32577,-0.1851423281647767
32578,5.5076598647894315
32579,3.5777126099706744
32580,-3.8571428571428568
32583,2.884291394298807
32601,23.99076009239908
32603,-7.5397895872673315
32605,10.842916719322632
32606,-2.8093868534033595
32607,-1.3733402759697997
32608,8.893111056631527
32609,3.0229024204927817
32610,
32612,13.396080453842188
32615,5.257724864083683
32616,-87.13389121338912
32617,-1.5876468029578077
32618,2.385761171421358
32619,11.82122905027933
32621,-2.540668981904588
32622,71.71514543630893
32625,4.092071611253197
32626,1.183151916706105
32628,3.704437400950872
32631,28.9198606271777
32634,
32639,214.4578313253012
32640,-6.93496227093065
32641,19.92051664182812
32643,0.31158040505452655
32648,-27.02078521939954
32653,14.289921225060736
32656,4.417613636363636
32658,14.935064935064934
32664,-53.883495145631066
32666,4.88453231433793
32667,7.83777058969893
32668,10.738255033557047
32669,27.312984342875218
32680,5.126682501979414
32681,200.0
32683,53.46534653465347
32686,6.654530744336569
32692,-64.22764227642277
32693,-5.406076661975329
32694,-19.48261924009701
32696,12.145390070921986
32697,-58.88888888888889
32701,11.661436303270115
32702,-10.59245960502693
32703,16.77072032423802
32707,9.799711856267127
32708,5.1888152205246465
32709,-11.308840413318025
32712,8.876387277543069
32713,10.913316520793156
32714,6.393734029552273
32720,9.489334195216548
32723,
32724,19.856147703460383
32725,7.214428857715431
32726,7.315856313497823
32730,13.652482269503546
32732,11.954375959640272
32735,21.802393804271297
32736,16.797257590597454
32738,6.382931486168466
32744,-6.932773109243698
32746,7.818000190276853
32750,4.434396648276434
32751,0.9066784608580274
32754,8.883369949374345
32757,21.543113016188908
32759,-2.6840768951759157
32763,8.254562878424881
32764,-24.81502561183836
32765,-1.1942351580329509
32766,-4.72737819025522
32767,-0.5561007523716062
32768,
32771,13.714857120879968
32773,2.157364414542468
32775,
32776,-7.616260677000949
32778,17.50749009374698
32779,-1.6520270270270272
32780,9.525838802238699
32784,-10.816982408660351
32789,3.3308860466014916
32792,2.463286610179488
32796,-0.07221259387637204
32798,0.7024793388429752
32801,19.341032060082373
32803,20.571522238006775
32804,15.094128193635143
32805,-20.2626389386877
32806,-1.4529351485873225
32807,6.511558090663465
32808,16.22146583299419
32809,2.21172353455818
32810,3.3392637197208157
32811,-0.11184014315538324
32812,1.5075092094077642
32814,17.588810496348557
32816,
32817,2.150806205422807
32818,16.20943925407233
32819,-1.678385922758913
32820,12.800660679260863
32821,15.843645194865271
32822,12.121112661032248
32824,26.736672051696285
32825,9.9609375
32826,-21.306574394463667
32827,81.5032414910859
32828,7.425140481872066
32829,-2.6753834548654765
32830,716.6666666666667
32831,-27.091513138024766
32832,45.39894486203838
32833,16.336895566606707
32835,16.399524042836145
32836,28.352552650100154
32837,-12.698952645242144
32839,-9.727740447113536
32899,
32901,11.351613294027379
32903,8.12972012438916
32904,21.577757083943062
32905,4.708990271720899
32907,11.488518475346778
32908,13.376
32909,20.536300380727322
32920,-1.151136250868314
32922,-1.2603950103950106
32925,11.373092926490985
32926,-4.252770290506139
32927,4.4278625809628425
32931,-2.4801587301587302
32934,1.2807549713515336
32935,-0.8680222520621523
32937,3.7851450909637654
32940,21.577954140061525
32948,-24.928438083385192
32949,4.027113237639553
32950,11.201143946615824
32951,3.4309322795042214
32952,0.3252585076945483
32953,5.708711510730342
32955,4.649938123699939
32958,4.701337512300011
32959,
32960,12.371617502227641
32962,10.131401203487659
32963,0.5186515060841812
32966,14.980164604180235
32967,20.854585699162737
32968,12.505459309943223
32970,-22.93577981651376
32976,4.606741573033708
33001,60.37735849056604
33004,-2.9271171437002064
33009,6.407272727272726
33010,-11.408421052631578
33012,-6.453310874828929
33013,-12.726740784084258
33014,0.12042270828213321
33015,3.276909395113275
33016,-12.47793722661346
33018,10.219677168339352
33019,-9.715164482481947
33020,0.5529809479033738
33021,5.981753439666252
33022,
33023,-0.0236880974277513
33024,-1.8387269323348487
33025,6.185536888239591
33026,-0.30359795878819196
33027,4.972960457770355
33028,-3.2107516316934523
33029,-6.836347028171645
33030,4.112448880372923
33031,15.218693828639903
33032,26.32657558395769
33033,17.604101926662523
33034,3.1812855344820106
33035,0.5992329817833174
33036,7.609988109393578
33037,19.45069788383611
33039,-100.0
33040,4.799354708610607
33042,5.764866091693146
33043,-15.561745589600742
33050,11.029023746701846
33051,-2.9850746268656714
33054,-3.594970703125
33055,-16.329947784705546
33056,6.330052774211953
33060,3.400573192239859
33062,12.688533527167001
33063,1.3974955408859386
33064,-1.7470037330538999
33065,8.382665927422961
33066,-4.790803524537551
33067,-15.681655228925534
33068,1.5660471738043018
33069,7.054428247014871
33070,10.430751400424956
33071,2.5616502093780693
33073,1.619714061651686
33076,24.306010306636676
33101,
33109,83.75870069605568
33122,365.92039800995025
33125,-10.097319614653646
33126,-13.27600904340091
33127,-11.684502823624848
33128,22.91809107069602
33129,20.901345648538896
33130,27.086869310291622
33131,35.840414632676435
33132,45.023696682464454
33133,0.2295110542982482
33134,-10.678652108433734
33135,-12.050022783656523
33136,20.981982628669872
33137,8.436266941156287
33138,-5.114258233557759
33139,-8.004403208051581
33140,-10.247686445291237
33141,-10.952935059790548
33142,4.698236169157753
33143,-1.4462103069698007
33144,-9.740039367406503
33145,-9.434429783807223
33146,14.312989244574556
33147,-0.21836838534599728
33149,11.970322778032736
33150,10.303093355527812
33154,-1.475465313028765
33155,-5.660132976426906
33156,-3.953070188367774
33157,0.03616531890578211
33158,0.5383787109675434
33160,2.4680229016932635
33161,-6.5723381676689066
33162,2.063401550191134
33165,-9.25780637062608
33166,8.0226173891666
33167,11.315417256011315
33168,-18.79110988021879
33169,5.111454645190245
33170,0.5417042850197931
33172,-6.515028432168968
33173,3.7770236299648063
33174,0.5064106316960365
33175,-7.223330378250591
33176,-0.206329976527599
33177,-3.224102380587223
33178,30.99534695529031
33179,6.878963941987848
33180,3.1463705376748856
33181,5.066283013051074
33182,-27.568370659769986
33183,-12.89769820971867
33184,-8.936058700209644
33185,-6.689417638322748
33186,-3.522312657872579
33187,3.938107774136356
33189,-9.7535896588447
33190,7.005442349069738
33193,-8.364937666530526
33194,9.533494343460022
33196,8.684838638506127
33301,20.68014705882353
33304,1.9668067679706864
33305,2.134368178510793
33306,-18.13609467455621
33308,4.660845215725287
33309,-5.8581987407610185
33311,5.907872014825839
33312,0.082451044692214
33313,-0.6275449101796406
33314,14.79618111951828
33315,-6.073706591070163
33316,16.668386830426257
33317,-3.5989171399755824
33319,11.748651494638214
33321,4.72552407519204
33322,4.295954941116231
33323,3.3618076605125378
33324,5.055896444481802
33325,7.255541955664355
33326,-5.829971612132078
33327,1.7622089782618016
33328,0.7983623336745137
33330,-10.324619740567591
33331,1.8839185505852174
33332,5.938817619090338
33334,4.605795148247979
33351,0.1799023387304035
33388,
33401,15.096262328492921
33403,9.243161336629715
33404,9.47509524481445
33405,-0.8659693505229872
33406,2.5627923430682755
33407,8.888741809517505
33408,5.22817404904206
33409,2.076897195118221
33410,1.0388814616755793
33411,4.937465396573018
33412,6.089108910891089
33413,10.135504648477852
33414,-2.663270032422418
33415,2.0278111047735186
33417,8.707616106643838
33418,9.61352164380768
33426,3.3552088313268724
33428,11.261535464705739
33430,-8.399231559665818
33431,14.036511156186613
33432,6.916658288931337
33433,10.008930079888012
33434,3.498072888715422
33435,6.434323956442831
33436,7.8449584305552404
33437,-0.11511694835435089
33438,66.84931506849315
33440,-1.0197960407918416
33441,8.679356213713529
33442,13.362784944336456
33444,-0.5023640661938534
33445,-0.669968882961834
33446,14.286889967903877
33449,-19.7082182320442
33455,-7.937205927619717
33458,3.3742833742833747
33460,12.143974001287672
33461,3.5935167413094478
33462,-2.9974720115565185
33463,7.929891357862605
33467,5.3697435603235615
33469,-6.418206226427156
33470,20.836725989686325
33471,-9.128798063995697
33472,-5.495770559087041
33473,3.062076644706319
33476,-15.307357212003872
33477,-19.146846277976568
33478,16.926591052299937
33480,8.443245403677057
33483,7.028537556101279
33484,4.487944616853665
33486,-6.8133916990920875
33487,12.70440251572327
33493,-8.304498269896193
33496,6.440969083348399
33498,20.877230703074606
33503,317.70833333333337
33510,7.8999247284848915
33511,1.0034074758993852
33513,7.394747811588162
33514,22.42769084874348
33521,97.98994974874373
33523,7.879238378409285
33525,-3.42779483565712
33527,8.017714323484698
33530,
33534,5.485817742908871
33538,26.245772266065387
33540,20.751614797416323
33541,18.338853503184712
33542,20.532692402020896
33543,37.87469143058658
33544,10.699844479004666
33545,46.13374240099994
33547,23.167523373942608
33548,14.527736131934033
33549,6.408363357155514
33550,
33556,34.83913911692922
33558,31.587753809976032
33559,9.988558352402746
33563,-2.460801393728223
33565,1.4619382102678316
33566,13.393566322478156
33567,-0.0399872040946897
33569,0.07260221627818113
33570,23.392343773642
33572,34.601490178369836
33573,33.547389144089244
33574,
33576,41.830065359477125
33578,16.736147480884046
33579,31.99030031710502
33584,7.558386411889597
33585,-2.312138728323699
33592,7.7606804931663955
33594,1.0920789005841351
33596,-4.129179535383376
33597,2.3486795980369246
33598,74.07914385266302
33602,26.577643764807235
33603,-4.125380162856863
33604,5.881117412308338
33605,-9.184877254086848
33606,19.127126704005075
33607,-0.4677690697960691
33609,-0.8722338879017929
33610,4.892628868349657
33611,8.340581510934394
33612,7.675806554382686
33613,8.272463768115943
33614,-1.899436661012335
33615,5.745210520619114
33616,-2.712925524977175
33617,5.8148828167188675
33618,6.610640054025662
33619,2.8251250229099574
33620,20.376935995521553
33621,-2.5327142254115658
33624,9.23464170534099
33625,10.91951810938763
33626,4.292355196633979
33629,4.040482982298464
33634,9.410641851586734
33635,10.2335620987381
33637,4.631843174754961
33647,8.952997890931002
33701,12.344805403666774
33702,1.6794641398464303
33703,4.502905100064558
33704,-0.11047689191677407
33705,0.9385006072650989
33706,-4.705155912318617
33707,1.3139807552357081
33708,-4.552294958615501
33709,-8.236636865132205
33710,0.17331022530329288
33711,-7.5705401654931395
33712,0.4227823867262285
33713,1.665786120520869
33714,0.9465285693047227
33715,8.157099697885197
33716,5.3195029953405815
33744,-57.48502994011976
33755,9.343434343434344
33756,-1.1427012609117362
33759,-2.5083056478405314
33760,18.886946386946388
33761,-7.473699955127885
33762,-33.433342029741716
33763,11.063540959640788
33764,6.305925726794424
33765,3.3314431528210946
33767,-5.535148828372387
33770,0.268044440991376
33771,-3.7044568717166584
33772,6.035757494286866
33773,-10.41127567031878
33774,4.077412513255568
33776,5.111795844196887
33777,5.077366594104842
33778,5.259264241038402
33781,3.823088455772114
33782,3.998071106045329
33785,-12.170934006491164
33786,-4.186893203883495
33801,-4.804610626932808
33803,5.136855284665947
33805,2.784131240634119
33809,4.149531450144947
33810,7.072662919008953
33811,18.54735299505404
33812,15.395458104933438
33813,4.082197850891769
33815,-6.1364887176664835
33823,20.6899918633035
33825,-0.12586037364798427
33827,-11.326746647847566
33830,9.927308234783553
33834,-18.706137552634935
33835,
33837,58.53358712031089
33838,30.291697830964846
33839,22.285522788203753
33840,
33841,-2.5179025179025176
33843,-10.44899991700556
33844,28.22201053457357
33847,121.30177514792899
33848,-60.81370449678801
33849,-36.39607493309545
33850,13.532872857508313
33851,-11.469534050179211
33852,3.683241252302026
33853,1.8640259632187735
33854,131.0880829015544
33855,
33856,-34.0
33857,-38.6892177589852
33858,
33859,5.603735823882588
33860,12.80944522026152
33865,92.87305122494432
33867,-81.73076923076923
33868,12.054840327704397
33870,15.315233236151604
33872,-20.560630709548242
33873,-5.349110788180749
33875,5.238770685579197
33876,35.31598513011153
33877,-42.025862068965516
33880,12.90630728319521
33881,18.304981773997568
33884,14.520739376230708
33890,0.5422314911366006
33896,109.29853181076672
33897,52.965847813061714
33898,1.7893355600620304
33901,19.045051228001373
33903,1.2184115523465704
33904,0.015460729746444033
33905,5.809878140838995
33907,12.41784548422198
33908,8.149344321630425
33909,25.771905424200277
33912,9.757479601087942
33913,24.987296161130875
33914,19.05993014109299
33916,15.008795074758135
33917,5.192029235330621
33919,-4.573170731707317
33920,27.978817299205648
33921,-27.472527472527474
33922,16.538249862410566
33924,-28.444444444444443
33928,27.340760268730335
33930,-0.6006006006006006
33931,-13.630356805739098
33935,10.85897120354418
33936,16.55393534785664
33944,-29.545454545454547
33946,27.90917691579943
33947,13.128205128205128
33948,14.890965732087228
33950,17.37704918032787
33952,4.661885245901639
33953,19.346978557504872
33954,20.91913903432228
33955,-10.052772731205122
33956,-4.821574502860257
33957,-9.932659932659933
33960,-21.27371273712737
33965,142.82970550576184
33966,19.30346145678488
33967,15.206973477650168
33971,10.694733595496954
33972,-6.79813816756492
33973,-2.604340567612688
33974,14.495084897229669
33976,-1.3576158940397351
33980,2.6303391959798996
33981,43.05680343416192
33982,-1.1963217569859834
33983,9.17383030382571
33990,5.031716360739129
33991,14.984357747515642
33993,27.79333695606738
34101,
34102,-3.3048944768747193
34103,-13.983278361586255
34104,1.9406057042046458
34105,-2.6435625997989236
34108,-2.036793692509855
34109,4.550970873786408
34110,2.042171675244895
34112,-0.8832078706119103
34113,22.919289058959773
34114,26.850774600453125
34116,-1.4624724061810155
34117,24.299851238600347
34119,6.558011941261902
34120,20.869069848403328
34134,14.109943876816807
34135,2.094019000044601
34137,-23.917525773195877
34138,1333.7837837837837
34139,-75.3448275862069
34140,-21.31979695431472
34141,-42.63565891472868
34142,16.80187366348732
34145,-9.21929275098229
34201,4.0979244278871745
34202,19.143442258035794
34203,8.890471364794172
34205,-3.721667754873612
34207,-4.487588406601026
34208,8.557310186153524
34209,-1.325730164703158
34210,-5.293136183188539
34211,140.22118742724098
34212,32.97878295918938
34215,35.51587301587302
34216,-9.05511811023622
34217,-26.603512926781132
34219,21.119039331709015
34221,19.87305905020968
34222,27.323250728862973
34223,11.457057897498688
34224,-3.5574371287754327
34228,4.178854993731718
34229,-1.1483753099308365
34231,12.054898707045565
34232,-0.6397452598060501
34233,11.726668996854245
34234,-1.65567432340232
34235,0.2785515320334262
34236,7.187600385480245
34237,2.753190021841591
34238,17.555171148503433
34239,-4.14806186501003
34240,27.87496669922742
34241,4.046396906872875
34242,-1.4646791963707064
34243,2.489720594424839
34250,
34251,40.22592379858319
34266,-10.00633312222926
34267,
34268,586.4864864864865
34269,29.83751846381093
34275,11.897036556348692
34285,-0.6292966684294025
34286,4.288973384030418
34287,-0.04862721627889579
34288,19.641374730200898
34289,70.30852994555354
34291,40.62120423390595
34292,3.1265695630336516
34293,30.06561387900356
34420,24.49918787222523
34428,-2.9613960867266
34429,27.451773910697426
34431,5.415522835038682
34432,-5.036443148688047
34433,39.22576224734498
34434,21.66016577279376
34436,-0.10185892538833714
34442,22.68412920314914
34445,
34446,15.73465592064476
34448,0.14161631419939577
34449,28.289473684210524
34450,-8.646822498173849
34452,21.639520315017005
34453,-11.161891369309194
34461,14.26469235721512
34465,3.1771337470819336
34470,6.452434304338969
34471,6.107965871940037
34472,3.866909346361401
34473,18.823285254747326
34474,21.603815021647737
34475,22.88391038696538
34476,12.346176220521771
34479,-5.712290502793296
34480,18.52540272614622
34481,30.71502141269583
34482,-5.600497822028625
34484,38.05261730404123
34487,
34488,19.670284661069015
34491,27.366622969054145
34498,10.73943661971831
34601,5.048756037546705
34602,34.305700253013846
34604,26.656180606957808
34606,6.788842784693407
34607,5.828077551973838
34608,8.054029983672258
34609,11.090122781726897
34610,20.59207662168045
34613,3.4994272623138603
34614,16.94148936170213
34637,31.432053625837902
34638,30.374823196605377
34639,8.592248848928689
34652,8.55220874930374
34653,0.6841700162490378
34654,2.359792924935289
34655,14.859007699760337
34661,38.88888888888889
34667,-12.066018272914825
34668,8.330768215997537
34669,18.86222657525302
34677,3.55018757434349
34679,125.0
34681,19.18465227817746
34683,4.159524975514202
34684,-4.507090971982013
34685,-6.980739198334201
34688,41.14170166433349
34689,-1.1752682677567705
34690,-1.1404311995338383
34691,-1.4679627058123388
34695,0.31465977411923357
34698,-1.0253727439183888
34705,15.837421163279608
34711,16.5365879210099
34714,18.32482993197279
34715,43.44973048980548
34729,
34731,-2.925835370823146
34734,7.037565382786496
34736,55.80685693771316
34737,58.213846784104874
34739,105.249343832021
34741,18.56495994427029
34743,1.2548781342742972
34744,18.097506195786863
34746,27.51146707227226
34747,50.202031863311014
34748,12.44974777865977
34753,20.099724896836314
34756,23.14450166616177
34758,13.311072322987021
34759,1.05069407163126
34760,22.09737827715356
34761,2.109192102124652
34762,-29.424778761061948
34769,29.515209125475284
34771,74.47253373883292
34772,6.162197729889785
34773,18.034036068072137
34785,-38.662906436629065
34786,11.322859082533217
34787,50.969254820218865
34788,30.67101964670903
34797,37.552742616033754
34945,3.5833025489471737
34946,-10.024714241581712
34947,-0.975609756097561
34949,14.316361556064072
34950,11.502689022461245
34951,9.79868395335201
34952,7.301725909184302
34953,13.623280637556226
34956,-2.933088909257562
34957,-2.683200829588662
34972,-5.014661299140202
34974,-1.1310795525951993
34981,12.52308208829948
34982,4.844657147340342
34983,8.810364019610164
34984,21.940240083507305
34986,21.112855254461333
34987,83.7026719007218
34990,5.218646864686469
34994,8.422387248686832
34996,-2.836751287379167
34997,5.6902270987496815
35004,5.104325244022567
35005,8.54417803682607
35006,17.09254143646409
35007,3.192828533282472
35010,-2.3449464012251147
35013,102.08333333333333
35014,-28.94173093401885
35016,6.428701511564378
35019,9.08646800195408
35020,-3.941273161984459
35022,14.818657970155153
35023,3.7087068647918455
35031,-13.394451720442909
35032,-37.096774193548384
35033,-4.573082489146165
35034,0.9475080538184575
35035,-41.02379235760634
35036,-68.75
35040,10.47026444896494
35042,7.340574632095305
35043,31.884451688852668
35044,11.52618984312683
35045,-2.6656818639629356
35046,5.94018844735764
35049,12.863187588152329
35051,7.8375723174325955
35052,10.300429184549357
35053,38.54824165915239
35054,18.114837398373986
35055,8.378248315688163
35057,12.047027308579507
35058,12.718923536950022
35060,2.0689655172413794
35061,-6.085192697768763
35062,9.442822693235183
35063,-14.948839530821061
35064,-12.347627817241078
35068,-1.7647058823529411
35070,-56.11510791366906
35071,11.288883222845488
35072,-7.566126717244208
35073,26.993865030674847
35074,
35077,10.32965274443911
35078,9.889531825355077
35079,2.955501439008191
35080,13.160939488603493
35082,
35083,12.057142857142857
35085,9.640697260761295
35087,84.53282828282829
35089,-8.517520215633423
35091,13.528823725424857
35094,10.532357583584446
35096,15.356711003627568
35097,0.2597402597402597
35098,6.221408966148216
35111,18.786321649232274
35112,-100.0
35114,0.8137752093407242
35115,10.275871172122491
35116,21.887409483765474
35117,20.425361155698234
35118,5.6420906888196605
35119,-100.0
35120,34.859075535512964
35121,9.093897948448184
35124,-0.558158484416378
35125,3.23354442525427
35126,-0.5292953468035164
35127,-6.602112676056338
35128,-8.16034359341446
35130,8.782161234991422
35131,-16.98252522766429
35133,-11.23936816524909
35135,-4.484304932735426
35136,4.526534859521332
35143,-5.106382978723404
35146,6.160046056419113
35147,9.353856562922868
35148,-7.4980872226472846
35149,-84.38133874239351
35150,-3.4199497066219617
35151,0.8858131487889274
35160,1.7253884032522808
35171,-6.1340206185567006
35172,-3.431872239211689
35173,13.576775607084171
35175,-14.871094416936998
35176,-12.307692307692308
35178,-36.147501213003395
35179,-5.285162950257289
35180,-1.603767146659387
35181,
35183,19.414316702819956
35184,17.0439414114514
35185,
35186,6.725627313862607
35188,-22.474167623421355
35203,0.1904157410345922
35204,-5.626262626262626
35205,-8.572937166994672
35206,3.291123370110331
35207,-23.705112428683297
35208,2.0865317515701327
35209,3.8901442725534503
35210,-2.4983418085341587
35211,-1.1954572624028692
35212,-18.918486521078314
35213,15.08177310737808
35214,-6.138751876474373
35215,-3.4697839646412496
35216,4.504209923976131
35217,-5.4852952181396395
35218,-1.9022122023390164
35221,-35.66581849024597
35222,-5.295844625112918
35223,3.009726555331253
35224,1.990327380952381
35226,8.428486004726786
35228,-0.2092258643020823
35229,108.45771144278606
35233,58.44229675952246
35234,-22.97098788101359
35235,2.1039225674987265
35242,6.232950162737757
35243,8.53687039850415
35244,9.34954515726262
35249,
35254,27.94012829650748
35401,6.152094964496721
35404,5.402480270574972
35405,11.540379993651657
35406,11.86619718309859
35441,-18.36183618361836
35442,-11.092985318107667
35443,-40.55118110236221
35444,-1.2552301255230125
35446,9.746192893401014
35447,-0.23087071240105542
35452,26.31248035209054
35453,8.84781048097631
35456,36.32089332941522
35457,
35458,14.86146095717884
35459,-36.951118475559234
35460,40.77181208053691
35461,5.246589716684155
35462,-0.39990590449306046
35463,23.192596876807404
35464,-17.205882352941178
35466,3.8034268499340986
35469,3.8314176245210727
35470,5.147978324301793
35473,19.75137288033311
35474,24.259121370067014
35475,20.87968290499936
35476,11.23110151187905
35477,-35.22727272727273
35480,26.41770401106501
35481,-15.077664702731655
35487,
35490,25.97402597402597
35491,
35501,6.983623877443213
35503,14.666363015258483
35504,-3.9982197166382316
35540,-12.38694455367676
35541,19.337175792507207
35542,-24.585635359116022
35543,-8.072727272727272
35544,46.81481481481482
35545,40.0
35546,-1.4067426631093864
35548,11.534090909090908
35549,-16.830630151555436
35550,1.848998459167951
35552,41.705069124423964
35553,10.650480989464041
35554,15.37037037037037
35555,3.4722944172990955
35559,1316.6666666666665
35563,-21.9201003974064
35564,3.876739562624255
35565,-15.496647915542884
35570,-6.629116117850953
35571,-10.957324106113035
35572,17.057396928051737
35573,
35574,-16.501240694789082
35575,1.7740429505135387
35576,21.569305219495334
35577,-90.69767441860465
35578,-14.034188034188034
35579,7.701637355973317
35580,-0.15982951518380392
35581,17.259185700099305
35582,7.46907706945766
35584,-48.28431372549019
35585,24.27315753887762
35586,-5.41507024265645
35587,-15.144508670520231
35592,-15.641334941696824
35593,0.18761726078799248
35594,0.7527339866496235
35601,6.078240204740723
35603,2.7813055626111254
35610,-5.28322440087146
35611,9.222833827322068
35613,-8.640557719909781
35614,-21.984750462107208
35615,-100.0
35616,-11.157738829918538
35618,8.49110728628801
35619,10.750175274596868
35620,41.599805494772674
35621,6.574621959237343
35622,-18.464933791074056
35630,0.8522641108853235
35632,
35633,-5.954974582425563
35634,8.012618296529968
35640,6.5449794108330694
35643,16.207596404755
35645,-0.6077024454532143
35646,-6.158494073901929
35647,-6.521739130434782
35648,-1.5765069551777435
35649,27.397260273972602
35650,-8.005055824731409
35651,-9.007232084155161
35652,9.434407840358956
35653,-5.224913494809689
35654,0.012029351617947793
35660,4.729654713000999
35661,10.553290623179965
35670,10.22256331542594
35671,-36.627906976744185
35672,-11.616078753076293
35673,3.121232417950435
35674,11.16366036075671
35677,18.856065367693276
35739,-5.272108843537415
35740,5.326189725811535
35741,51.34940626124506
35744,-13.295034878949528
35745,-56.38766519823789
35746,12.669683257918551
35747,21.163197821435517
35748,1.9334660221779927
35749,28.629585582288904
35750,20.98964522152436
35751,39.20454545454545
35752,-21.665490472829923
35754,1.3686131386861315
35755,-46.34794156706507
35756,76.15430891863438
35757,13.697657913413769
35758,6.278066585554695
35759,53.53228575201373
35760,0.9581337221412205
35761,5.045945510236982
35763,13.33884199964587
35764,-15.0974025974026
35765,22.87476535264146
35766,80.14705882352942
35768,6.800658407692974
35769,2.044628956927867
35771,-24.22796886768767
35772,9.6184240234816
35773,8.826780356860887
35774,-48.917748917748916
35775,59.94236311239193
35776,1.8694196428571428
35801,0.06253387251427857
35802,7.889301941346551
35803,8.100858369098713
35805,-2.0520028109627546
35806,29.240945768436855
35808,-25.268817204301076
35810,6.450636996201553
35811,2.2803035676289096
35816,17.351322831084644
35824,18.015949734171098
35896,-22.953216374269005
35901,-5.674185463659147
35903,2.523002141079799
35904,-5.123152709359606
35905,-0.4002561639449248
35906,4.404845329862849
35907,8.68541838295869
35950,0.38910505836575876
35951,4.002467802884245
35952,16.95203241406352
35953,-18.272466658357224
35954,11.028828352287755
35956,-11.524363949978438
35957,0.48795552810376774
35958,-9.166206515737162
35959,-8.730329812459582
35960,-7.735198702351987
35961,-10.783895290937544
35962,-11.515343245808289
35963,44.60431654676259
35966,-11.064055055584966
35967,5.8711656441717786
35968,10.380779691749774
35971,-11.943425877422735
35972,24.92753623188406
35973,13.199864268747879
35974,11.07470511140236
35975,438.4615384615385
35976,-1.561491047842677
35978,27.125243348475014
35979,-51.688311688311686
35980,17.26027397260274
35981,-12.921890067502412
35983,-12.423312883435583
35984,-10.731414868105515
35986,3.0239960822722822
35987,-2.804786836200449
35988,5.515088449531738
35989,-1.1019283746556474
35990,-100.0
36003,32.82107574094402
36005,-6.39853747714808
36006,41.40740740740741
36008,
36009,-8.539709649871904
36010,11.613456181701306
36013,-26.641651031894938
36016,-13.309845370914072
36017,8.626522327469553
36020,4.247104247104247
36022,31.29013901308837
36024,5.845969672785315
36025,-3.4838010031177986
36026,51.87793427230047
36027,-4.613314538348177
36028,4.620253164556963
36029,-41.38428262436914
36030,-31.749460043196542
36031,-87.95811518324608
36032,-4.406510520047638
36033,-19.574175824175825
36034,-24.578059071729957
36035,25.951341235184028
36036,5.193370165745857
36037,-1.3771424294588728
36038,289.1891891891892
36039,155.88235294117646
36040,5.280898876404494
36041,11.638250555967383
36042,-36.83492496589359
36043,17.9025752404592
36046,0.14749262536873156
36047,-28.117154811715483
36048,-16.834339369550637
36049,-7.546201232032853
36051,74.28872497365649
36052,151.49253731343285
36053,48.75296912114015
36054,-1.8934758807239005
36057,
36064,30.605482478160457
36066,12.249558808263261
36067,-2.82982114397025
36069,1.0167768174885612
36071,-8.431372549019608
36075,-21.47297943567671
36078,5.388185322111225
36079,-9.613259668508286
36080,-4.848936963819471
36081,-0.515816294823193
36082,-37.886792452830186
36083,17.88720010048989
36088,-26.527570789865873
36089,3.836866112154548
36091,11.952764976958525
36092,7.232720419701523
36093,7.1467589220684635
36101,
36104,26.019900497512438
36105,-5.760795399161712
36106,0.37939297124600635
36107,-4.283149525519364
36108,-21.54233456637896
36109,-0.46161523746153205
36110,-8.068999345977764
36111,3.362677452613213
36112,-32.29461756373937
36113,-22.532188841201716
36114,
36115,18.102508178844058
36116,2.5730730165895497
36117,0.7278266756939743
36130,
36201,-10.902435142447874
36203,3.176542455711668
36205,124.29149797570851
36206,-8.321941216678058
36207,0.6061840965819367
36250,-12.495049504950495
36251,1.3213328226733052
36255,19.81382978723404
36256,-20.46242774566474
36258,22.824427480916032
36260,14.820359281437126
36262,20.82758620689655
36263,37.56613756613756
36264,-3.65022525124177
36265,4.470746082706407
36266,15.410077234277308
36267,181.0126582278481
36268,7.857622565480188
36269,9.40032414910859
36271,-1.101392938127632
36272,3.007815583800426
36273,2.3255813953488373
36274,-9.373049139391778
36276,12.248123271434215
36277,7.50242954324587
36278,-13.48122866894198
36279,16.164817749603806
36280,18.829728230726566
36301,2.1693660838785798
36303,-1.8315728268243046
36305,9.0742957968366
36310,-2.8173523291179765
36311,14.043783560512185
36312,-3.545873747813643
36313,-70.74340527577938
36314,18.143459915611814
36316,14.518674381904262
36317,41.4486921529175
36318,-7.000000000000001
36319,27.397986221515637
36320,-17.615384615384617
36321,31.543624161073826
36322,-8.831718454170844
36323,-0.8614232209737828
36330,6.187189398122584
36340,-10.528114852162023
36343,-3.6703601108033244
36344,0.8241758241758242
36345,4.456597626250873
36346,-3.5372144436256447
36350,21.310975609756095
36351,2.3995535714285716
36352,8.746411483253588
36353,-7.792207792207792
36360,-0.9822263797942001
36362,5.302000388424937
36370,11.710677382319174
36371,-26.96078431372549
36373,-22.182468694096602
36374,-32.467532467532465
36375,8.771402823670773
36376,4.644681839294009
36401,-6.926194277293381
36420,-1.8077393842387723
36421,-0.7355194606190621
36425,-38.17712811693895
36426,4.5544034650216565
36432,-16.884373488147073
36435,14.550264550264549
36436,75.1219512195122
36439,-89.21052631578948
36441,-12.243365047571357
36442,10.274409700063817
36444,-22.81134401972873
36445,13.818424566088117
36446,-11.741682974559687
36451,-7.509040629653266
36453,15.055679287305123
36454,36.36363636363637
36455,6.293706293706294
36456,23.46125995655322
36460,-8.948631781084973
36467,4.250025914792163
36470,-100.0
36471,-16.565656565656568
36473,612.5
36474,-24.24886191198786
36475,2.403393025447691
36476,-29.82456140350877
36477,8.362899138367967
36480,25.724637681159418
36481,-29.411764705882355
36482,29.107981220657276
36483,100.6825938566553
36502,-14.432716278576354
36503,
36505,-39.35018050541516
36507,-4.879963065558633
36509,-27.28531855955679
36511,6.712564543889846
36512,
36513,-67.74447949526814
36518,1.4388489208633095
36521,7.421802702202481
36522,-0.5601456378658451
36523,32.27981458069954
36524,-2.4529844644317254
36525,14.777213761985337
36526,3.852732019083626
36527,43.71576823292015
36528,42.07606973058637
36529,27.81456953642384
36530,-21.999751274717074
36532,7.738113139454453
36535,30.945021359358176
36538,-11.73913043478261
36539,-43.34170854271357
36540,53.284671532846716
36541,-4.691795467041358
36542,25.258374257861178
36543,-95.93908629441624
36544,10.947109471094711
36545,-10.785107244030758
36547,
36548,35.85746102449889
36549,27.219183845183004
36550,-9.582309582309582
36551,36.99657949906212
36553,20.745598895409042
36555,91.44542772861357
36556,-92.70315091210614
36558,7.072847682119206
36559,298.936170212766
36560,-0.8338480543545399
36561,36.46341463414634
36562,-13.230035756853397
36564,-100.0
36567,0.357593605384939
36568,-55.026455026455025
36569,-24.248927038626608
36571,7.486317435496481
36572,9.884758967700048
36574,134.0486409155937
36575,7.199367088607595
36576,16.142781033564198
36578,-18.10228802153432
36579,75.79957356076758
36580,21.38109305760709
36581,112.8440366972477
36582,-1.8633031655677954
36583,-44.19889502762431
36584,-17.110266159695815
36585,-6.332992849846783
36587,29.38535222510477
36602,2.0902090209020905
36603,-25.651267801319904
36604,-7.03388962834033
36605,-4.452118376592031
36606,5.536480686695279
36607,-2.5312239800166525
36608,1.3152750628316112
36609,-0.7835537956019883
36610,-5.6209396478674325
36611,8.643233146544404
36612,-19.16180150125104
36613,-8.763878608438194
36615,
36617,-14.400337837837837
36618,-1.545953904524605
36619,-8.249874812218327
36652,
36663,
36688,768.2051282051282
36693,-1.745218936147978
36695,1.9194499017681728
36701,-2.4585426577157334
36703,-16.233066502463053
36720,-24.624624624624623
36722,-75.25252525252525
36723,84.21052631578947
36726,3.125
36727,1100.0
36728,113.42756183745584
36732,-1.431921984940131
36736,2.791696492483894
36738,-16.984732824427482
36740,-7.993966817496228
36741,
36742,52.97651556526488
36744,-13.851963746223564
36748,-0.037064492216456635
36749,-18.71657754010695
36750,-9.711375212224109
36751,-16.46586345381526
36752,-21.893063583815028
36753,-100.0
36754,-19.54674220963173
36756,-3.633217993079585
36758,61.016949152542374
36759,1.6304347826086956
36761,-18.398268398268396
36763,-12.264150943396226
36764,
36765,-4.325699745547073
36766,-13.636363636363635
36767,-8.135810377962844
36768,25.64102564102564
36769,-35.766666666666666
36773,-44.7265625
36775,40.32663316582914
36776,31.225296442687743
36782,-31.015490533562822
36783,13.793103448275861
36784,-14.839069248989828
36785,-38.42323651452283
36786,-31.178834561286
36790,212.28070175438597
36792,-42.89793004996431
36793,239.52569169960475
36801,-5.4524221801634924
36804,13.909064912782384
36830,21.26601201061883
36832,21.56640181611805
36849,33.489982686124165
36850,-0.4737609329446064
36851,
36852,-8.393574297188755
36853,5.109041901494732
36854,1.584518475225664
36855,-24.546485260770975
36856,25.07488232777065
36858,53.99239543726235
36860,5.166051660516605
36861,-9.477561955793703
36862,0.03342245989304812
36863,5.989204009939166
36865,58.620689655172406
36866,14.771170183611948
36867,-6.786941580756014
36869,8.756369126250235
36870,-12.514532855880574
36871,-19.640062597809077
36874,27.79351977331526
36875,-0.8890086206896552
36877,6.910804331652476
36879,49.85014985014985
36901,-87.6574307304786
36904,3.887100767516712
36907,-8.177570093457943
36908,-10.536307546274323
36910,-51.724137931034484
36912,-22.371699053313403
36913,-31.645569620253166
36915,-25.260416666666668
36916,-7.017543859649122
36919,-0.7315700619020821
36921,4.313280363223609
36922,113.52785145888593
36925,-16.42675698560542
37010,12.308647083160944
37012,0.7318123116659492
37013,4.265699927912491
37014,14.859715968133012
37015,9.472236548048823
37016,-22.599337748344368
37018,17.955676164631388
37019,57.46268656716418
37020,-12.141474573288756
37022,-5.850901313779407
37023,31.187290969899667
37025,13.482733284349743
37026,6.155890168290522
37027,15.02749949075017
37028,-38.89695210449927
37029,13.800904977375566
37030,9.485368314833503
37031,9.331550802139038
37032,28.549348642084343
37033,6.701639344262294
37034,0.8284339925173703
37035,3.077349598003881
37036,16.32105827672506
37037,19.65459466426086
37040,21.212182048141976
37042,9.56703360218585
37043,21.414412827063696
37046,41.159052453468696
37047,25.011933174224342
37048,0.44046172539489675
37049,18.910648714810282
37050,6.8589743589743595
37051,26.0938997125519
37052,-22.2024233784747
37055,2.2214962430578242
37057,-36.61504424778761
37058,-1.825047199496539
37059,16.422287390029325
37060,19.92929739284136
37061,7.430340557275541
37062,16.10348468848997
37064,13.85096292037942
37066,23.433095672359475
37067,11.0520279428631
37069,-1.9095829991980753
37072,0.5405405405405406
37073,3.5788270590756484
37074,33.45458954771432
37075,13.069251035001884
37076,-2.385589094449854
37078,17.322834645669293
37079,20.542463317029792
37080,1.8051575931232091
37082,-13.965623081645182
37083,6.775764133080877
37085,13.236549957301452
37086,7.470189385083002
37087,17.194470208913035
37090,20.218037661050545
37091,7.382855067199419
37095,-2.5235243798118048
37096,6.808961016052213
37097,-13.073394495412844
37098,-4.40987812700449
37101,-1.0093513433278907
37110,1.139117789626757
37115,2.815243513659326
37118,41.24168514412417
37122,17.628713585232187
37127,16.463517384710443
37128,53.14579174983367
37129,10.745103786893354
37130,1.8970142188404018
37132,10.945674044265594
37134,1.0465901417960837
37135,100.46819787985865
37137,-21.984251968503937
37138,-3.352001659406762
37140,18.188976377952756
37141,-0.3939592908732764
37142,-27.4988043998087
37143,0.22167487684729065
37144,2.513522112631244
37145,35.52492046659597
37146,5.649004765909728
37148,4.684428457902881
37149,-22.319474835886215
37150,-15.851941259303965
37151,-1.991150442477876
37153,-7.894736842105263
37160,5.934718100890208
37165,-33.33333333333333
37166,-0.1634219127469092
37167,8.11129818958185
37171,199.6146435452794
37172,7.131074300639219
37174,39.75470871660096
37175,4.422604422604422
37178,-8.806173399909214
37179,24.0247282029418
37180,13.677069199457259
37181,-14.045269878119559
37183,11.293706293706293
37184,18.992511912865893
37185,8.026518290517345
37186,22.363195057369815
37187,5.737265415549598
37188,10.734090308951677
37189,4.388398486759142
37190,3.409224961660965
37191,10.437452033768228
37201,0.7722007722007722
37203,44.286695672086104
37204,21.110330288123684
37205,3.8366786478736725
37206,15.111041478986332
37207,6.879659211927583
37208,17.251680358476477
37209,1.7235859124866595
37210,-6.108172666780413
37211,-4.699130122858937
37212,-0.6841450578891972
37213,-71.9298245614035
37214,2.52171386135417
37215,2.568453882493235
37216,1.3700079344088865
37217,-1.7076083798702346
37218,-4.456384323640961
37219,51.79245283018869
37220,10.28858218318695
37221,9.292369680181315
37228,109.68036529680364
37232,
37238,
37301,-17.256970610399396
37302,17.44003586639767
37303,2.2652271338358116
37305,-21.8
37306,-16.228399699474082
37307,1.6022431403965551
37308,-13.398373983739836
37309,-8.253968253968253
37310,-14.447289799402476
37311,3.2769367764915405
37312,10.546356149827327
37313,3.1273268801191363
37315,16.732804232804234
37316,
37317,11.786001609010459
37318,46.5615141955836
37321,8.897434546699678
37322,11.600928074245939
37323,0.9712509712509712
37324,-15.177182368193604
37325,-2.4319629415170816
37326,2.6373626373626373
37327,5.361164039494197
37328,51.72109443954104
37329,13.055652782639132
37330,-2.8309859154929575
37331,0.02669157880688643
37332,-22.226593233674272
37333,-21.12436115843271
37334,7.610738255033557
37335,-13.800832532821005
37336,-3.4386801828662295
37337,-54.65498357064622
37338,-10.480225988700564
37339,-26.722246599385695
37340,-68.15384615384616
37341,24.663677130044842
37342,8.563611491108071
37343,4.992251758254858
37345,3.2087733549959383
37347,10.13812874641647
37348,-12.319644839067703
37350,7.312153303076148
37351,27.102803738317753
37352,10.252315554136059
37353,-6.739871260886028
37354,1.2307331653284885
37355,12.699578613677659
37356,-11.62191982346451
37357,-9.073042908614477
37359,69.826224328594
37360,22.17543859649123
37361,56.77830940988836
37362,9.669596847529554
37363,2.629899144644453
37365,54.759967453213996
37366,37.903225806451616
37367,-2.372108728684788
37369,-55.47877591312932
37370,9.396678578936305
37373,26.403641881638844
37374,-5.285920230658337
37375,-6.298076923076923
37376,-6.666666666666667
37377,4.085750315258512
37379,6.238388942557776
37380,-5.287009063444108
37381,6.908517350157729
37383,
37385,0.771055753262159
37387,34.57694870086609
37388,7.289971824278742
37391,34.73684210526316
37394,11.267605633802818
37396,45.45454545454545
37397,1.0622456070684005
37398,8.629187799128509
37402,-0.38250059765718386
37403,-11.429350791052919
37404,16.79176857552501
37405,14.954842728122081
37406,-11.406740346568427
37407,-8.072965388213284
37408,71.9419924337957
37409,41.80194805194805
37410,-7.0772555375472725
37411,11.342537491073553
37412,3.0918102430965306
37415,-5.677143327299654
37416,-10.922799329810543
37419,-5.241872764037954
37421,6.315299262978861
37450,
37601,6.827836780324203
37604,5.201951440889494
37614,36.16140713916192
37615,1.7593565781656995
37616,10.550268928423666
37617,6.639735585751009
37618,-4.962852897473997
37620,-0.044430505462338614
37640,-2.9525386313465787
37641,-4.403765690376569
37642,2.8117359413202934
37643,-0.6442692398211344
37645,6.7315175097276265
37650,9.342094179091905
37656,-14.931283484742606
37657,16.666666666666664
37658,-8.836524300441827
37659,0.8524259971945473
37660,-0.07339913945836497
37663,-6.246567819879187
37664,7.94483585669315
37665,-4.4992242716772965
37680,-23.440134907251263
37681,8.835555555555556
37682,-23.641703377386197
37683,4.970087436723423
37686,7.639902676399027
37687,-14.476660497635205
37688,5.823068309070549
37690,31.09820485744456
37691,-31.650246305418715
37692,-4.390537289494787
37694,22.42603550295858
37701,21.31300976066319
37705,33.46181642977596
37708,5.468102734051367
37709,-3.0538302277432714
37710,6.116207951070336
37711,-1.044689495066744
37713,-12.784810126582277
37714,-11.215342922659996
37715,14.11042944785276
37716,1.6484997881600738
37719,-94.53551912568307
37721,13.470854821065792
37722,30.42025672586601
37723,42.71300448430493
37724,14.084507042253522
37725,2.543240782885753
37726,27.28297632468997
37727,-16.39412997903564
37729,-2.3974763406940065
37730,93.33333333333333
37731,-14.051841746248295
37732,-80.0
37733,-100.0
37737,16.9292051421329
37738,-7.146685724495265
37742,8.499095840867993
37743,-7.602203087425336
37745,21.628558096126923
37748,-3.929126157740321
37752,-5.10108864696734
37753,0.0
37754,-34.77534348310434
37755,-29.58765372558476
37756,5.532926001357773
37757,9.005390550681746
37760,6.63441603317208
37762,-18.14814814814815
37763,6.739229616111582
37764,8.112664881483687
37765,51.028806584362144
37766,-1.5988934993084372
37769,-2.6348584653729747
37770,15.213882163034706
37771,6.172839506172839
37772,10.760834147930924
37774,10.005580357142858
37777,12.62961074281829
37779,5.368289637952559
37801,5.335829627896092
37803,0.6852235351443537
37804,8.233610304933805
37806,1.9801980198019802
37807,7.196416398870387
37809,0.08748906386701663
37810,32.83678756476684
37811,13.234100135317997
37813,-0.6646246315667803
37814,2.5178482239915385
37818,-8.149973596197853
37819,-25.43352601156069
37820,-4.893366479131231
37821,-0.6849002328660792
37825,6.332737030411449
37826,-25.339366515837103
37828,2.9893238434163703
37829,-11.782178217821782
37830,9.197080291970803
37840,-3.8281034324100487
37841,5.1726015463356205
37843,25.59359469906129
37845,2.3923444976076556
37846,-11.743341404358354
37847,16.21297037630104
37848,-27.027027027027028
37849,6.6122988759091905
37851,-100.0
37852,25.267050123253902
37853,-14.094468300075777
37854,-3.2981006119367398
37857,3.717212090931801
37860,0.6343567622430855
37861,-9.284693989671466
37862,-4.054756541327326
37863,-2.7280858676207513
37865,16.32053017221263
37866,22.58064516129032
37869,1.943979933110368
37870,-25.030953363598847
37871,1.000745235813904
37872,37.88174139051332
37873,-7.720991445492433
37874,5.877280265339967
37876,0.28707247808371406
37877,-5.404250774324469
37878,76.9607843137255
37879,5.30233412975556
37880,19.134615384615383
37881,-8.458458458458457
37882,0.9992598075499629
37885,7.352401906857351
37886,-2.069425901201602
37887,-12.511285953824325
37888,13.609281906553777
37890,10.603127326880118
37891,24.783188792528353
37892,2.5906735751295336
37902,6.381079875055779
37909,8.024335574767852
37912,-3.741051161166405
37914,1.4993834771886558
37915,-13.710855103034236
37916,14.21546027355156
37917,4.291810274085016
37918,2.8442305962766437
37919,11.168569992099405
37920,6.4809252027635935
37921,2.0720946018363042
37922,11.424609463436722
37923,6.484687988049162
37924,21.598067132625765
37929,
37931,7.498764909309055
37932,22.240231548480462
37934,7.4006519714374415
37938,1.4902694173338786
38001,-12.634408602150538
38002,5.297214841058951
38004,11.298676385958181
38006,9.998031883487503
38007,-100.0
38008,-6.728361458900381
38011,3.7330657300551935
38012,-5.389783975146305
38015,-5.699916177703269
38016,0.23549746138057684
38017,3.716008137516565
38018,2.837982832618026
38019,-2.262386248736097
38021,-56.52173913043478
38023,-25.548154315847903
38024,-4.978426817125788
38028,4.424534803583735
38029,
38030,-69.32773109243698
38034,18.54609929078014
38036,-62.38698010849909
38037,-1.7391304347826086
38039,-14.163090128755366
38040,-0.43130006161429446
38041,-3.2085561497326207
38042,-18.53233830845771
38044,-34.895191122071516
38046,-76.19047619047619
38047,73.10924369747899
38049,-0.6506024096385542
38050,1.5594541910331383
38052,-2.166709151159827
38053,-3.827193015466827
38054,-39.77272727272727
38057,-13.855272906890589
38058,3.7728069271209157
38059,12.089201877934272
38060,21.37823834196891
38061,35.92896174863388
38063,-8.659430918157817
38066,32.86192780052103
38067,34.3042071197411
38068,7.099652949925632
38069,18.715440238196514
38070,-75.98566308243727
38075,6.7638659251465505
38076,-23.326771653543307
38077,-100.0
38079,-10.889362526642124
38080,-8.73547023599859
38103,-0.40604074654509187
38104,-0.7883360176316013
38105,-19.719827586206897
38106,-7.001044932079415
38107,-13.130164052209317
38108,-0.09067724567866252
38109,2.5987879888331555
38111,-3.833306823604263
38112,-3.1427893738140416
38113,
38114,-16.545893719806763
38115,-11.693266050172635
38116,-0.5785491766800178
38117,0.6627056672760512
38118,1.0263515767326097
38119,-2.1327316844749054
38120,-9.204180064308682
38122,-5.901253918495298
38125,16.983629585607
38126,2.8464291801602184
38127,-9.74122777740694
38128,-1.9975720119192142
38131,
38132,
38133,0.3519804768162193
38134,-2.9683885890516577
38135,4.456382187985675
38138,2.5326139474955713
38139,3.7890137328339577
38141,4.110760918505178
38152,-30.732177263969174
38201,-5.893675527039413
38220,9.93858179787828
38221,-5.878712871287128
38222,-21.786781800066425
38224,-17.46641074856046
38225,-6.084525571452064
38226,-8.294930875576037
38229,-9.97854077253219
38230,10.836177474402731
38231,17.491961414790996
38232,26.86046511627907
38233,8.048289738430583
38235,-37.34939759036144
38236,12.5
38237,-2.6109332831230776
38240,-26.803708182184604
38241,0.0
38242,-4.03000441241359
38251,40.024479804161565
38253,8.306010928961749
38254,-100.0
38255,6.617326948193296
38256,11.781924624954263
38257,-2.029769959404601
38258,8.982925018559762
38259,0.6963788300835655
38260,1.9933554817275747
38261,0.38740622309679007
38301,0.4563605248146035
38305,-0.40953301859962454
38310,12.709376618891383
38311,23.484848484848484
38313,30.12977902490354
38315,15.532335498446766
38316,-7.047500776156474
38317,-10.41044776119403
38318,29.2225201072386
38320,4.217858179355712
38321,44.33040078201368
38326,6.077348066298343
38327,43.87755102040816
38328,80.17094017094017
38329,-11.454849498327759
38330,-5.012883579292574
38332,-18.774243599689683
38333,-53.191489361702125
38334,-8.542199488491049
38337,0.076103500761035
38338,
38339,-30.963665086887836
38340,-6.663620440179728
38341,-3.7806398005816364
38342,-13.202614379084968
38343,4.211291815417162
38344,4.8109113453192816
38345,-33.52575488454707
38347,62.38805970149254
38348,-48.31029185867896
38351,3.7488605287146766
38352,2.8901734104046244
38355,27.76973789998392
38356,9.011406844106464
38357,36.12334801762114
38358,8.174245053800764
38359,9.342560553633218
38361,9.418282548476455
38362,-23.394495412844037
38363,-6.181880108991825
38365,-100.0
38366,35.55185801442041
38367,-16.346749226006192
38368,6.607700312174818
38369,-2.4110218140068884
38370,19.42714819427148
38371,-19.01172529313233
38372,0.5931471350417507
38374,-11.096136567834682
38375,-6.877113866967305
38376,-7.664233576642336
38379,6.187624750499002
38380,-31.48148148148148
38381,35.49712407559573
38382,-16.24053998772755
38387,82.32323232323232
38388,-40.509786071916245
38389,
38390,49.4061757719715
38391,34.779050736497545
38392,18.81638846737481
38401,14.231562030534883
38425,-3.247816593886463
38449,29.685634699562275
38450,-6.783587028457975
38451,9.31174089068826
38452,-37.30769230769231
38453,-11.928934010152284
38454,-29.40740740740741
38455,50.96153846153846
38456,-18.93095768374165
38457,-26.840855106888363
38459,8.49056603773585
38460,24.36548223350254
38461,2.4328859060402683
38462,1.2272999401317102
38463,9.925460965084348
38464,6.8652312232007
38468,13.149606299212598
38469,8.026838966202783
38471,-42.31678486997636
38472,-17.73547094188377
38473,-11.73044925124792
38474,3.631933163146902
38475,9.705882352941178
38476,20.125786163522015
38477,5.371753824261829
38478,7.1655590869690835
38481,-11.964107676969093
38482,2.2919179734620023
38483,19.421780773323874
38485,0.04718464926077383
38486,47.53086419753087
38487,-49.05166775670373
38488,-32.77520484503028
38501,10.653682738236615
38503,
38504,-30.424528301886795
38505,-56.60469667318983
38506,2.116143450780459
38541,5.933250927070458
38542,-100.0
38543,-32.56955810147299
38544,10.281647486371897
38545,-12.844611528822055
38547,-9.863588667366212
38548,61.452513966480446
38549,8.061974789915967
38550,
38551,2.7288514016373107
38552,-1.6260162601626018
38553,15.424164524421593
38554,-24.12109375
38555,11.112823674475955
38556,-5.515122109008572
38558,15.741872402835492
38559,9.98439937597504
38560,36.69642857142857
38562,-1.851035698545615
38563,-18.91891891891892
38564,11.320754716981133
38565,-26.614620298083747
38567,99.05838041431262
38568,-19.871244635193133
38569,67.02702702702703
38570,9.258859118409681
38571,1.3039760581445061
38572,1.9389110225763613
38573,-8.590102707749766
38574,6.990049751243781
38575,-20.48611111111111
38577,52.707930367504844
38578,15.853658536585366
38579,92.38709677419354
38580,13.455882352941176
38581,-2.528735632183908
38582,31.16531165311653
38583,4.837572086462266
38585,26.374523679912905
38587,-23.34710743801653
38588,22.135706340378196
38589,-15.358361774744028
38601,-6.420154408776919
38603,-8.171466845277964
38606,2.6474286848898005
38610,-17.40119419960193
38611,13.102119460500964
38614,-12.488750066176081
38617,18.786982248520708
38618,-8.504566210045663
38619,6.247800070397747
38620,11.37742718446602
38621,4.41340782122905
38622,10.344827586206897
38623,-39.61538461538461
38625,61.03074141048824
38626,-4.356435643564356
38627,46.68705402650357
38629,-14.402544298046344
38631,22.126436781609197
38632,9.864769213575233
38633,30.807577268195413
38635,0.0
38637,-1.2852327863994963
38639,-51.31474103585657
38641,-15.062761506276152
38642,-15.026982150269822
38643,-33.33333333333333
38644,-67.82608695652173
38645,-32.9553508150248
38646,-14.920237722865187
38647,-19.00739176346357
38650,24.528795811518325
38651,14.592562760102027
38652,-12.717901198818558
38654,10.70602078838988
38655,8.468649710207405
38658,-3.303445021236432
38659,-39.57957957957958
38661,-25.771144278606968
38663,-4.682354830937275
38664,3.9141414141414144
38665,8.631057658295012
38666,-18.31951986281795
38668,-0.4526166902404526
38670,17.494089834515368
38671,1.8102389078498295
38672,15.467732386027237
38673,56.86813186813187
38674,108.92857142857142
38676,-10.558213716108453
38677,-0.6279774794283239
38680,2.9155927835051547
38683,-34.316255068190195
38685,-33.4916864608076
38701,-2.52892117298897
38703,-12.000892259647559
38720,24.952380952380953
38721,-17.93635486981678
38722,-54.188948306595364
38723,127.77777777777777
38725,25.70194384449244
38726,-32.84132841328413
38730,-35.73770491803279
38731,-89.69072164948454
38732,-6.474860335195531
38733,
38736,4.525862068965517
38737,4.454419889502762
38738,-12.281205164992826
38740,4.891304347826087
38744,-46.352413019079684
38745,160.22727272727272
38746,7.901234567901234
38748,-18.77507354907729
38751,-3.9415656008820283
38753,4.439252336448598
38754,-18.473609129814548
38756,2.3493195074530138
38759,35.83934088568486
38760,1.132852729145211
38761,-22.321428571428573
38762,-8.110367892976589
38764,31.70731707317073
38765,-10.38961038961039
38767,56.9620253164557
38768,-10.606060606060606
38769,7.8431372549019605
38771,-18.61589604110003
38772,-11.504424778761061
38773,5.304944063514976
38774,-25.95169873106836
38776,
38778,-8.18937939859245
38781,-53.44827586206896
38801,0.5283836878471752
38804,-4.825479436555977
38821,-5.461014851485149
38824,8.738631870304468
38826,12.063892391761243
38827,3.303127740426776
38828,8.305647840531561
38829,-6.431546206969266
38833,-9.295886075949367
38834,-1.5207900951835682
38838,1.9983347210657785
38839,
38841,29.751511081262592
38843,-6.493188677706176
38844,20.398009950248756
38846,-27.48240813135262
38847,45.87591240875912
38848,63.58885017421603
38849,-18.99267113675347
38850,-6.385824139083919
38851,21.318822023047375
38852,-9.451937486619567
38855,19.545245751033534
38856,-15.93816631130064
38857,17.848791893998442
38858,-7.944606413994169
38859,-13.970588235294118
38860,-7.002457002457002
38862,36.30786391522588
38863,-10.943378026430018
38864,4.476885644768856
38865,3.3075033075033073
38866,-1.4988058964012188
38868,-11.480092840564184
38869,-37.367303609341825
38870,-11.841180604356992
38871,21.320062860136197
38873,-4.777070063694268
38876,-19.675324675324678
38878,-3.100189035916824
38879,-91.22257053291536
38901,-0.3328967474350578
38913,45.0
38914,-12.724935732647817
38915,-4.508541024922991
38916,-15.138309965896173
38917,34.96296296296296
38920,5.736137667304015
38921,24.885844748858446
38922,-8.898055391868002
38923,-35.092724679029956
38924,-51.39442231075697
38925,-35.56187766714082
38927,-6.04515659140568
38928,15.447154471544716
38929,38.43187660668381
38930,-0.21909496924243702
38940,9.05511811023622
38941,-22.104799647732275
38943,1400.0
38944,-52.83757338551859
38946,-35.19163763066202
38947,-93.43283582089552
38948,-13.314895298301066
38949,26.27118644067797
38950,29.00505902192243
38951,-41.180461329715065
38952,6.005221932114883
38953,-39.949748743718594
38954,-35.61253561253561
38957,-20.803443328550934
38961,12.676056338028168
38962,-100.0
38963,-35.33747090768038
38964,-73.86363636363636
38965,0.7781210664835794
38966,-28.57142857142857
38967,-6.1817685589519655
39038,-11.908593498551658
39039,28.329694323144107
39040,0.15060240963855423
39041,0.5117998294000569
39042,2.1206960779096375
39044,-38.41463414634146
39045,0.07215007215007214
39046,3.145839373731516
39047,5.533401099903563
39051,-11.107222027768055
39054,22.8486646884273
39056,5.978468351530885
39057,21.01411395713539
39058,
39059,1.0113570421951423
39061,
39062,-3.429602888086643
39063,-19.918144611186904
39066,15.468968735417638
39067,-24.49122807017544
39069,-9.705501018707167
39071,13.472032742155527
39073,8.008349455248956
39074,-11.160163604492631
39078,0.7543103448275862
39079,-22.02020202020202
39082,-34.04726735598228
39083,-9.928931918838192
39086,11.989630589760207
39088,-67.24137931034483
39090,-4.496526452400946
39092,46.57802111849824
39094,6.742532005689901
39095,-17.864450127877237
39096,21.257026060296372
39097,-45.48736462093863
39108,-11.257309941520468
39110,11.642491263344343
39111,-6.549621530698066
39113,-65.12968299711815
39114,1.5335198425033674
39115,258.06451612903226
39116,46.799116997792495
39117,-10.300155095338017
39119,10.704483074107959
39120,-7.325800376647834
39140,6.0920016576875256
39144,16.343490304709142
39145,12.02441505595117
39146,60.47227926078029
39148,
39149,-19.377835385612443
39150,-7.009760425909494
39152,-5.961376994122586
39153,-36.04857070579307
39154,-3.956761166632674
39156,74.21875
39157,0.6170064969558289
39159,-5.275779376498801
39160,12.915439629785444
39162,241.07142857142856
39166,92.47311827956989
39167,
39168,-26.217891939769704
39169,24.859437751004016
39170,-15.36041454612751
39173,
39174,1.9230769230769231
39175,-11.27554615926709
39176,4.802604802604803
39177,-39.23076923076923
39179,-23.047177107501934
39180,-9.351400730816078
39183,-2.6809463810723786
39189,11.352112676056338
39191,-6.914893617021277
39192,39.163498098859314
39193,-11.602209944751381
39194,-2.6559165283376807
39201,26.459854014598537
39202,-18.323776991582285
39203,-20.448
39204,-25.812709731543627
39206,-7.346922069417158
39208,3.6849464036041635
39209,-5.096230087219779
39210,
39211,-6.909441697817437
39212,-13.823333043049146
39213,-6.66572849235388
39216,-15.948051948051948
39217,90.10458567980692
39218,-3.1658927817644575
39232,27.384490678195085
39269,
39272,7.4076971214017515
39301,-9.867180132033953
39305,4.956039098187534
39307,-10.584831811220148
39309,-29.78723404255319
39320,-10.679048171793383
39322,-7.1800208116545265
39323,-3.5961272475795294
39324,
39325,-19.479048697621746
39326,-61.94444444444444
39327,3.930530164533821
39328,-8.150470219435736
39330,16.418466120625467
39332,32.26022803487592
39335,-32.78739184177997
39336,-20.600500417014178
39337,-32.34653896386591
39338,-21.7855409995148
39339,-2.2559978189749184
39341,-4.461124486616627
39342,60.526315789473685
39345,-11.814073595868301
39346,-4.726598702502317
39347,-26.745718050065875
39348,-56.41361256544503
39350,-7.240277453043411
39352,38.43843843843844
39354,-2.43024302430243
39355,-15.366027007818053
39356,-28.501628664495115
39358,-32.4733595064498
39359,-32.114882506527415
39360,21.455696202531644
39361,3.5532994923857872
39362,6.587783818356252
39363,-8.862526168876483
39364,-2.8839471855455177
39365,30.33132530120482
39366,-15.797317436661698
39367,-5.3055830855632635
39401,-1.3909880974872473
39402,7.567871368179263
39406,9.315491507977354
39421,-1.9019751280175567
39422,-2.3196382936897972
39423,-7.022677395757132
39425,32.44653103808034
39426,-1.6399932138211841
39427,-21.772639691714836
39428,-4.870910421239678
39429,-6.0866983372921615
39437,-5.137844611528822
39439,7.754519505233111
39440,-1.8517630127128808
39443,3.426372403560831
39451,16.123215627347857
39452,4.8569527611443775
39455,-12.690405539070227
39456,-40.26465028355388
39459,8.702928870292887
39461,-13.846153846153847
39462,8.19081908190819
39464,33.014354066985646
39465,6.6518333101562135
39466,6.327362477095097
39470,5.746147952668766
39474,16.422287390029325
39475,11.265744052246928
39476,-19.811086254039274
39477,-17.261904761904763
39478,34.99725726823917
39479,5.052748473070516
39480,-27.03538302988664
39481,0.9358288770053476
39482,2.478568766306373
39483,-6.722140642845488
39501,7.156836580375411
39503,-1.6682422287716177
39507,11.691588209956311
39520,-12.37456276162624
39525,14.146341463414632
39529,
39530,0.07349338559529642
39531,7.615552242229613
39532,-2.1736767742636673
39534,-28.512241054613934
39540,33.24396782841823
39553,5.329302270436896
39556,2.0784921249677253
39560,3.147030624330269
39561,-29.34131736526946
39562,-7.958016326983951
39563,-10.477247502774695
39564,5.018489170628632
39565,9.764274489261393
39567,-6.9230066672755495
39571,4.489856801909308
39572,-28.88135593220339
39573,18.428847392144238
39574,14.10676273129196
39576,6.534382483749572
39577,4.545027702131656
39581,6.341595802424462
39595,
39601,2.6446713799423933
39629,-3.804116394606104
39630,42.163661581137305
39631,34.94525547445255
39633,-47.046263345195726
39635,-54.7085201793722
39638,6.618342262842736
39641,66.96781479390175
39643,15.907274180655476
39645,-18.9811320754717
39647,-48.139880952380956
39648,-3.6900191938579656
39652,7.670277674013199
39653,-1.518602885345482
39654,2.735143644234553
39656,-5.952380952380952
39657,-2.9177718832891246
39661,-3.132530120481928
39662,26.738934056007224
39663,-32.236643525505585
39664,-10.969162995594713
39665,-31.03448275862069
39666,7.184318203444666
39667,-19.45816610064835
39668,148.1865284974093
39669,-10.009930486593843
39701,-3.6200826572784326
39702,2.264921966699996
39705,-11.745689655172415
39730,0.993437841779074
39735,8.670686190066036
39736,48.728813559322035
39737,23.828125
39739,-10.203217612193056
39740,10.944042634183479
39741,-17.809867629362213
39743,21.60210111621799
39744,3.566229985443959
39745,-17.68844221105528
39746,-14.643488509133764
39747,-5.933250927070458
39750,36.29600626468285
39751,-7.662337662337662
39752,-18.74791874791875
39753,
39755,-10.130246020260492
39756,-0.8247422680412372
39759,-1.8476065097487344
39762,48.35570469798658
39766,4.901960784313726
39767,-0.3021148036253776
39769,-2.4226110363391657
39771,45.65217391304348
39772,19.195612431444243
39773,-7.4889041695317875
39776,-18.048780487804876
39813,-10.65537226928221
39815,-20.05856515373353
39817,2.99543552681628
39819,14.596743657705414
39823,8.708254568367991
39824,11.153119092627598
39825,85.0228310502283
39826,79.82708933717579
39827,10.214205186020294
39828,1.0970406988555563
39832,
39834,-7.972199509403106
39836,134.34782608695653
39837,0.5539263603779733
39840,-16.41214351425943
39841,26.676829268292686
39842,-5.450323842111695
39845,4.862257204519487
39846,-3.545301069217783
39851,-2.8541774779449924
39854,8.113035551504103
39859,-13.326653306613226
39861,-9.528130671506352
39862,-39.03133903133903
39866,-16.174582798459564
39867,-46.30541871921182
39870,-12.44131455399061
39877,38.81578947368421
39885,-77.10843373493977
39886,-23.708920187793428
39897,-9.536637931034484
40003,-1.1175898931000972
40004,1.7396520695860829
40006,9.788702026735661
40007,-90.86294416243655
40008,7.1302298173246905
40009,79.4928335170893
40010,-35.59950556242274
40011,-3.0036043251902282
40012,73.83966244725738
40013,21.44687561600631
40014,8.975087619588898
40019,9.05587668593449
40020,18.6046511627907
40022,-17.36111111111111
40023,29.53890489913545
40025,1172.7272727272727
40026,3.086921202274574
40031,0.678115721049675
40033,-5.258627435636591
40036,7.655502392344498
40037,2.59163272861903
40040,106.7448680351906
40041,35.989010989010985
40045,-6.235224586288416
40046,-12.24105461393597
40047,12.16722539932952
40049,2.7027027027027026
40050,12.665066026410566
40051,4.203389830508475
40052,19.3359375
40055,3.913630229419703
40056,-0.6707494896471274
40057,19.68408262454435
40058,-52.94117647058824
40059,10.44403084286094
40060,33.13953488372093
40061,
40062,-57.786885245901644
40063,98.34983498349835
40065,2.7854971066139207
40067,16.221131114748136
40068,3.5510204081632657
40069,-11.91618869249678
40070,-27.29044834307992
40071,4.8613797549967765
40075,-2.987697715289982
40076,29.59895379250218
40077,62.797619047619044
40078,26.932773109243698
40104,1.5717092337917484
40107,-11.274934952298352
40108,1.2753003126542701
40109,11.563932755985736
40110,2762.5
40111,30.825082508250823
40115,54.15860735009671
40117,-7.977207977207977
40118,11.956281739898431
40119,-3.1811185223191383
40121,-4.806423229212495
40140,20.72538860103627
40142,5.649466192170818
40143,8.732876712328768
40144,-44.23179160021265
40145,4.07673860911271
40146,-10.548112058465286
40150,9.953703703703704
40152,-5.246913580246913
40155,10.099188458070333
40157,35.15312916111851
40160,0.7533279116551813
40161,8.176100628930817
40162,-12.548232751967896
40165,7.27790143980164
40170,124.29245283018868
40171,-26.07003891050584
40175,11.407386282617995
40176,-21.34020618556701
40177,9.420289855072465
40178,-7.282415630550622
40202,7.514281529222205
40203,-4.166444385169378
40204,-0.6433759944655828
40205,2.242852448241867
40206,2.1624339954739753
40207,-5.660868151520078
40208,-13.679164526622154
40209,127.87610619469028
40210,11.591179976162097
40211,-8.431177158701962
40212,-14.210965766768716
40213,-3.3504838907264487
40214,1.07812568617979
40215,-7.990749044225233
40216,1.7921569552196572
40217,-2.178357974205725
40218,-0.5465941835249384
40219,-1.655995268584947
40220,4.427365883062086
40221,
40222,0.39011092310584694
40223,0.3076265755180517
40228,8.605232664511801
40229,4.909047581221702
40231,
40241,3.3452289630790784
40242,-0.22471910112359553
40243,11.335881420714086
40245,13.2544516655495
40258,1.6568660083582973
40272,1.5506767558350207
40280,-70.81659973226239
40291,10.466310044847896
40299,1.1925127060865253
40310,44.27083333333333
40311,3.5719099609111735
40312,18.111571805503203
40313,-23.306713989943802
40316,20.221606648199447
40322,11.021505376344086
40324,10.118803768947153
40328,-8.887043189368772
40330,5.508518327310274
40334,31.57894736842105
40336,-0.5369127516778524
40337,11.20515920999597
40339,
40342,8.311760355029586
40346,-15.280665280665282
40347,40.63188831741367
40348,3.068592057761733
40350,-16.842105263157894
40351,7.947208507406001
40353,-0.6336405529953917
40355,
40356,2.30007158857354
40357,
40358,3.9673278879813303
40359,11.659614480488951
40360,7.126645483431685
40361,-0.4843537414965986
40363,
40370,3.2835820895522385
40371,-9.768160741885627
40372,0.9883970777825527
40374,33.423765599565925
40376,141.1764705882353
40379,8.162100456621005
40380,0.5413313825896122
40383,3.648948897624338
40385,-16.480238627889634
40387,-10.282651072124755
40390,7.078925956061839
40391,3.4001300132839662
40402,3.8195855343356357
40403,6.2217700915564595
40404,10.324129651860744
40409,-12.440305635148043
40419,18.78224974200206
40422,2.5453235682554927
40434,-100.0
40437,-11.653514406313086
40440,5.194805194805195
40442,-57.51022793687902
40444,-1.4795776604612392
40445,32.474964234620884
40447,3.052041215599322
40448,-100.0
40456,-11.86266447368421
40460,0.1724137931034483
40461,-30.28554946639746
40464,-25.096525096525095
40468,3.525804803270312
40472,-18.365061590145576
40475,7.267480429879263
40481,-15.267175572519085
40484,11.222353690725402
40486,-18.92251413368806
40489,-0.5614035087719298
40502,1.5693471665605454
40503,-4.564231055732376
40504,-1.7851829812555786
40505,0.8504854368932039
40507,8.720930232558139
40508,-4.376826800569587
40509,16.445876288659793
40510,-2.0456707897240722
40511,5.996960486322188
40513,-4.847891834193204
40514,9.922203800535646
40515,0.9040430815591953
40516,-11.997447351627313
40517,-0.4993826313623268
40526,
40536,
40601,1.9892037253079708
40701,-2.2172949002217295
40729,16.50559029751753
40734,-16.047120418848166
40737,68.61598440545808
40740,26.759230041022402
40741,6.870296201751684
40744,-0.4383151592901433
40759,1.87624750499002
40763,5.797101449275362
40769,0.9333851880660037
40771,34.83575248281131
40801,-100.0
40803,
40806,-24.087591240875913
40807,26.634382566585955
40808,-32.5
40810,13.805309734513274
40813,-48.167539267015705
40815,-49.38450398262128
40816,-100.0
40818,171.9298245614035
40819,73.94495412844037
40820,-61.547911547911546
40823,5.139420448332422
40824,115.40469973890339
40826,-38.598726114649686
40827,-7.389749702026221
40828,18.653948065712772
40829,-92.56965944272446
40830,76.19047619047619
40831,-2.2801302931596092
40840,86.1788617886179
40843,-75.84905660377359
40844,11.39240506329114
40845,1.3254786450662739
40847,-80.26666666666667
40849,-96.56565656565657
40854,0.7042253521126761
40855,5.2781740370898715
40856,31.23123123123123
40858,-47.38461538461539
40862,48.529411764705884
40863,-21.581548599670512
40865,-30.066815144766146
40868,-11.703958691910499
40870,52.926829268292686
40873,0.04164931278633903
40874,-75.53191489361703
40902,-58.07192042846213
40903,64.42105263157895
40906,0.12016135953995366
40913,-10.06036217303823
40914,339.375
40915,34.472511144130756
40921,-51.86335403726709
40923,3.9933444259567388
40927,222.2689075630252
40935,-22.976878612716764
40939,-30.456852791878177
40940,-37.86764705882353
40941,-54.54545454545454
40943,23.355263157894736
40946,-67.83625730994152
40949,-43.44262295081967
40953,-56.510416666666664
40958,83.07210031347962
40962,-4.961147638971906
40964,-14.814814814814813
40965,-9.037604565710264
40972,24.386252045826513
40977,-11.740566509858873
40979,-100.0
40981,
40982,-0.24449877750611246
40983,-27.669902912621357
40988,-20.718816067653275
40995,-77.14285714285715
40997,-9.635416666666668
41001,12.243095224073965
41002,5.667202572347267
41003,14.881200500208418
41004,-8.13896987366375
41005,1.223718791064389
41006,-15.871121718377088
41007,11.252094804883887
41008,9.998561358077975
41010,-11.571389119027893
41011,3.752014118008133
41014,3.796915915042188
41015,2.6590786439680127
41016,-3.5042180402336145
41017,4.337214623480958
41018,3.136999203071796
41030,9.175113596644529
41031,2.857142857142857
41033,9.862735129639045
41034,5.445544554455446
41035,6.262104583602324
41039,14.72179289026275
41040,0.9944751381215469
41041,2.8490413178503915
41042,7.376079154137162
41043,-17.028380634390654
41044,77.3892773892774
41045,-24.654505251520177
41046,34.78915662650602
41048,4.0792540792540795
41049,-12.731092436974789
41051,4.94026796911095
41052,153.33333333333334
41055,-5.989304812834225
41056,-1.9027181688125894
41059,19.392348087021755
41063,-12.4384640630128
41064,8.372579801151229
41071,-5.965214891476211
41073,-3.433994823123382
41074,4.6670356022874016
41075,5.81049048805689
41076,-1.729388106865843
41080,-37.145174371451745
41083,31.65137614678899
41085,13.630731102850064
41086,-28.909612625538024
41091,28.223392175080004
41092,-19.338550870992176
41093,6.986729117876658
41094,-5.219261093373298
41095,19.455370650529503
41097,-10.514994305959762
41098,-44.33745988078863
41101,-2.7732972579218482
41102,5.0669598241055365
41121,48.201438848920866
41124,3.4423407917383817
41129,-15.381683026779758
41132,53.153153153153156
41135,167.9245283018868
41139,0.9373458312777503
41141,19.45837512537613
41142,80.88235294117648
41143,-3.398850493152629
41144,-5.158968206358728
41146,-8.61244019138756
41149,-17.59259259259259
41159,25.925925925925924
41164,-10.1132626963829
41166,-20.434131736526943
41168,64.8728813559322
41169,-2.7081061432206472
41171,1.1191709844559585
41174,-23.641304347826086
41175,-1.658345221112696
41179,-10.248769111168697
41180,-31.05022831050228
41181,
41183,17.703349282296653
41189,-6.992706992706993
41201,52.09580838323353
41203,-25.84514721919302
41204,26.632302405498283
41214,415.2380952380953
41216,8.365310821181888
41219,0.15641293013555788
41222,39.94097393015249
41224,-48.03695150115473
41226,17.51824817518248
41230,2.1512493794472944
41231,13.340448239060832
41232,3.889789303079417
41234,-8.43585237258348
41238,19.969278033794165
41240,-6.321839080459771
41250,-28.264331210191084
41254,72.66009852216749
41255,-50.12028869286287
41256,-23.112047769582016
41257,17.024793388429753
41260,-1.740139211136891
41262,23.432055749128917
41263,-19.306930693069308
41264,50.641025641025635
41265,-36.1993769470405
41267,126.85560053981106
41268,93.41864716636198
41271,-16.730038022813687
41274,-28.774928774928775
41301,-13.540879552667374
41310,
41311,-0.6932676012940995
41314,-5.705894692678834
41317,1315.1515151515152
41332,24.528301886792452
41339,-2.4826579043446513
41348,6.454545454545454
41351,
41352,-28.989751098096633
41360,29.651162790697676
41364,
41365,65.67164179104478
41366,0.0
41367,90.2439024390244
41385,36.489607390300236
41386,
41390,347.3684210526316
41397,595.2380952380953
41408,-2.433628318584071
41421,-25.38860103626943
41425,10.587188612099645
41464,-38.88888888888889
41465,-7.082760989010989
41472,1.781072494464234
41501,-0.0345990831242972
41503,-36.50519031141869
41512,-38.2716049382716
41513,9.221902017291066
41514,-11.732605729877218
41517,-55.10204081632652
41519,-46.32991318074191
41522,-6.011838697743248
41524,104.62427745664739
41526,85.18518518518519
41527,-37.51187084520418
41528,-63.343403826787515
41531,4.322429906542056
41534,-39.20863309352518
41535,77.40384615384616
41537,-31.53566647542551
41538,690.6976744186046
41539,-7.962840079628402
41540,24.363636363636363
41543,37.04663212435233
41544,-40.931372549019606
41547,96.58703071672356
41548,10.78838174273859
41553,28.492849284928496
41554,17.191283292978206
41555,79.97118155619597
41557,39.350649350649356
41558,13.411458333333334
41559,11.87214611872146
41560,-19.463087248322147
41562,-26.616915422885572
41563,-15.121951219512194
41564,-34.90073145245559
41566,-50.480256136606194
41567,-69.95515695067265
41568,-14.268867924528303
41571,-11.587301587301587
41572,-15.269220466113046
41601,-19.825072886297377
41602,0.44198895027624313
41603,32.972136222910216
41604,-11.59090909090909
41605,-18.863636363636363
41606,-39.71902937420179
41607,-39.26701570680628
41612,66.96428571428571
41615,-22.26666666666667
41616,16.071428571428573
41619,44.957983193277315
41621,-19.902912621359224
41622,-63.38582677165354
41630,-31.69912693082606
41631,-41.245674740484425
41632,-21.811460258780038
41635,12.433202707516921
41636,-29.388942774005823
41640,-2.9945553539019962
41642,99.58419958419958
41643,84.28571428571429
41645,-23.75085557837098
41647,-19.15680473372781
41649,-3.2492518170158182
41650,-4.2283298097251585
41651,
41653,1.8188567186340014
41655,24.655963302752294
41659,120.61855670103093
41660,-44.424778761061944
41663,-41.01010101010101
41666,-27.06766917293233
41667,-33.66477272727273
41669,6.028368794326241
41701,-4.61021661067995
41712,85.25179856115108
41713,-100.0
41714,156.2992125984252
41719,74.36224489795919
41721,33.093525179856115
41722,5.835331734612311
41723,-6.3944530046224966
41725,105.10638297872342
41727,115.21739130434783
41729,-70.94017094017094
41731,-20.058422590068158
41735,-35.8974358974359
41739,-82.35294117647058
41740,-14.350590372388739
41745,60.115606936416185
41746,49.76851851851852
41749,-40.88735387885228
41751,-37.81725888324873
41754,27.27272727272727
41759,94.05204460966543
41760,11533.333333333332
41762,109.52380952380953
41763,-24.393358876117496
41764,-45.026881720430104
41766,147.25274725274727
41772,144.28571428571428
41773,-13.675783855903937
41774,1.1479028697571745
41775,1446.6666666666667
41776,77.98165137614679
41777,7.493309545049064
41778,
41804,91.0394265232975
41810,-15.105740181268882
41812,-17.959183673469386
41815,-12.117780294450736
41817,23.306233062330623
41819,-6.870229007633588
41821,-76.89345314505776
41822,-4.4598612487611495
41824,0.4405286343612335
41825,-64.45497630331754
41826,11.446740858505565
41828,-17.018469656992085
41831,11.396648044692737
41832,5.921052631578947
41833,-75.65217391304347
41834,-3.591160220994475
41835,-22.962962962962962
41836,-15.748709122203097
41837,-23.471698113207548
41838,129.11111111111111
41839,-64.73915776241358
41840,30.726872246696036
41843,-45.64831261101243
41844,-9.79247730220493
41845,277.08333333333337
41847,-62.52545824847251
41848,
41849,29.347826086956523
41855,40.78014184397163
41858,-5.297173995691294
41859,-43.52078239608802
41861,293.47826086956525
41862,21.879021879021877
42001,8.006910411451539
42003,2.604221358815499
42020,-1.0933940774487472
42021,-22.501461133839857
42022,-8.522727272727272
42023,1.8259023354564756
42024,-18.141592920353983
42025,-4.283754255805681
42027,-2.916038210155857
42028,-8.774193548387096
42029,-3.1478537360890306
42031,21.48045658941543
42032,-9.01639344262295
42035,-22.437137330754354
42036,-34.91161616161616
42037,-77.04918032786885
42038,7.824393697999646
42039,-23.449830890642616
42040,4.449938195302843
42041,7.749725576289792
42044,27.187902187902186
42045,-18.515283842794762
42047,-54.845814977973575
42048,28.91364902506964
42049,4.6992481203007515
42050,2.0166898470097356
42051,-35.024223425477345
42053,-7.760406856281786
42054,45.55403556771546
42055,-2.075391783142736
42056,-16.70667306769083
42058,3.0967127203430205
42060,-20.0
42061,14.285714285714285
42064,-1.73249333656409
42066,0.9758776562037937
42069,74.1472172351885
42071,-2.569882777276826
42076,-23.26007326007326
42078,7.038834951456311
42079,2.122186495176849
42081,-1.1753183153770812
42082,6.93348365276212
42083,151.5695067264574
42085,-29.550321199143468
42086,-3.7812288993923024
42087,11.834862385321102
42088,2.9184549356223175
42101,0.9272665159180751
42103,9.684773988897701
42104,24.96510221174427
42120,3.8577912254160367
42122,10.529556650246304
42123,40.39517014270033
42124,
42127,5.491990846681922
42129,4.318084651560496
42130,-39.38223938223938
42131,
42133,-19.233401779603014
42134,12.094653812445223
42140,6.875000000000001
42141,3.4019812304483836
42151,-22.127659574468083
42153,-82.11382113821138
42154,-0.823045267489712
42156,8.870967741935484
42157,20.910973084886127
42159,23.57142857142857
42160,13.164687661331955
42163,-26.229508196721312
42164,0.4832358907051665
42166,-22.798271851113327
42167,6.148623161071294
42170,-16.026812918951858
42171,-3.0165912518853695
42202,-15.61749159058145
42204,47.75413711583924
42206,-10.385612443292286
42207,-9.146341463414634
42210,10.362694300518134
42211,-0.06875477463712758
42214,5.859375
42215,29.95983935742972
42217,3.228754188242461
42220,-12.06253585771658
42223,-4.138975762314308
42232,8.11554332874828
42234,-6.159014557670773
42236,-16.62971175166297
42240,-1.6590967924128681
42252,
42254,4.81283422459893
42256,2.878179384203481
42259,-0.9243697478991597
42261,-9.416957881184477
42262,9.182375390308778
42265,-1.2072434607645874
42266,48.99175068744272
42273,3.888888888888889
42274,21.39513108614232
42275,33.8006230529595
42276,12.307150405072209
42280,5.023923444976076
42285,108.17120622568093
42286,44.36781609195402
42301,7.146028556072255
42303,1.0393394851869842
42320,1.8628571428571428
42321,66.66666666666666
42322,-100.0
42323,-22.413793103448278
42324,7.676969092721834
42325,-35.86065573770492
42326,-43.83057090239411
42327,26.221148684916802
42328,-16.214285714285715
42330,12.617494194404511
42332,131.8181818181818
42333,-47.441217150760714
42337,-22.429906542056074
42338,28.57142857142857
42339,18.36998706338939
42343,8.507853403141361
42344,-22.561863173216885
42345,2.9518240044555832
42347,-12.849790929559344
42348,-3.5403366221706327
42349,51.015625
42350,-18.96551724137931
42351,18.37203368206175
42352,-22.22222222222222
42354,-27.816901408450708
42355,-23.723568849922643
42356,140.625
42361,49.67741935483871
42366,-7.96240468168115
42367,36.098310291858674
42368,0.7413509060955519
42369,4.680851063829787
42370,
42371,-24.429223744292237
42372,4.350781781101292
42374,-75.6152125279642
42376,4.487179487179487
42378,21.602787456445995
42404,-3.3030553261767133
42406,-31.121867881548976
42408,-3.92993145468393
42409,-11.057513914656772
42410,-8.0
42411,53.20088300220751
42413,-28.774422735346363
42420,1.3441355183207513
42431,0.732849803566032
42436,20.847457627118644
42437,-16.311336717428087
42440,-6.118355065195587
42441,22.959522229595223
42442,6.317567567567567
42444,
42445,-8.389982110912344
42450,-5.448154657293498
42451,-32.79445727482679
42452,-8.225806451612904
42453,6.4646464646464645
42455,8.356719675709385
42456,-4.151223128243143
42458,-24.75728155339806
42459,-7.215279415232256
42461,4.685942173479561
42462,29.120409906063195
42463,87.67123287671232
42464,0.9422850412249705
42501,-5.4368287011405165
42503,8.289956480928407
42516,-0.19801980198019803
42518,20.125293657008612
42519,-10.170470962149668
42528,32.84041897720271
42533,16.518424396442185
42539,3.557974047718711
42541,-51.89655172413793
42544,-3.956582633053221
42553,35.40628385698808
42565,148.43304843304844
42566,-38.775510204081634
42567,-13.643104300543746
42602,-10.223924572775486
42603,12460.0
42629,10.306677018633541
42631,-100.0
42633,-8.49547007277588
42634,18.665018541409147
42635,6.861250272271836
42638,151.28205128205127
42642,-1.6521048451151705
42647,13.451481696687972
42649,-46.215722120658135
42653,-12.37750319556881
42701,4.9003189792663475
42712,16.011042097998622
42713,15.02659574468085
42715,23.357664233576642
42716,-17.636684303350968
42717,-12.173396674584323
42718,1.986027160687652
42721,10.663308144416456
42722,-30.737704918032787
42724,6.0207883898803685
42726,-9.057572423909058
42728,-6.557377049180328
42729,-1.364522417153996
42732,23.64102564102564
42733,31.83673469387755
42740,29.93975903614458
42741,0.1953125
42742,
42743,-2.96169116858032
42746,48.375664500886
42748,7.556791840519239
42749,-7.042510490786352
42753,10.178817056396149
42754,3.55864940472318
42757,3.1691353771960045
42758,-9.836065573770492
42759,
42762,-8.540925266903916
42764,8.312342569269521
42765,4.219929154474049
42776,-34.38107582631238
42782,-5.47112462006079
42784,36.0392506690455
42788,-6.967213114754098
43001,-12.214532871972319
43002,-76.03458925262507
43003,8.42832469775475
43004,20.312014902204282
43005,122.50000000000001
43006,-22.660098522167488
43007,
43008,-9.6983581519664
43009,-3.5601622352410995
43010,-11.458333333333332
43011,-13.74496981891348
43013,47.78947368421053
43014,11.08876759551853
43015,7.229072272153308
43016,23.600482157373925
43017,3.8834951456310676
43018,
43019,5.204460966542751
43021,16.770135598758372
43022,-20.184696569920842
43023,14.844926227040048
43025,0.7513003274898863
43026,4.8233023565091875
43027,
43028,-7.13665135906665
43029,-21.301775147928996
43030,83.9622641509434
43031,9.473273507608273
43032,-100.0
43033,29.518072289156628
43035,29.06240691093238
43036,9.285714285714286
43037,-55.852842809364546
43040,7.873297844181054
43044,4.891195847474545
43045,-2.203856749311295
43046,-18.00518134715026
43047,
43050,12.408178035100416
43054,13.12651055905543
43055,1.0467053855984987
43056,-5.235233609441828
43060,-1.3308687615526802
43061,22.779265027987343
43062,8.481682589868718
43064,26.65242060275588
43065,7.111111111111111
43066,-5.47945205479452
43067,-11.458333333333332
43068,6.277509199797965
43070,-66.875
43071,25.013774104683193
43072,-6.41850756653331
43074,21.975443810119653
43076,5.083746166548715
43077,-17.313432835820898
43078,-2.0111191684795746
43080,-6.0344827586206895
43081,8.592321755027422
43082,0.8292327319117915
43084,-0.7343941248470013
43085,4.007648482010459
43101,30.357142857142854
43102,-11.4667836000877
43103,13.39124140427072
43105,16.99346405228758
43106,0.48632218844984804
43107,-9.945504087193461
43109,70.93023255813954
43110,-0.10189684903589905
43111,-60.738255033557046
43112,6.203744013931215
43113,0.3170289855072464
43115,39.08375089477452
43116,66.62576687116565
43117,-96.62447257383965
43119,5.814413701291692
43123,3.153755284755036
43125,3.775100401606426
43126,-14.587737843551796
43127,38.578680203045685
43128,-14.77791614777916
43130,3.040495758218452
43135,7.085987261146497
43136,258.5139318885449
43137,8.158396946564887
43138,5.238879736408567
43140,-2.645243059814383
43142,-41.42857142857143
43143,15.749414519906324
43144,11.2565445026178
43145,-4.083665338645418
43146,3.860785107244031
43147,14.87217857588228
43148,-28.423871461361898
43149,-17.578125
43150,21.258341277407055
43151,-8.214285714285714
43152,1.0882708585247884
43153,41.783439490445865
43154,6.06152908924764
43155,-9.603024574669188
43156,18.562874251497004
43157,-12.110726643598616
43158,67.5
43160,-1.8773860318886144
43162,-1.809564842740198
43164,-3.3952014486192845
43201,8.753373925051786
43202,-3.5420825402720393
43203,6.892765645968037
43204,4.207135073672241
43205,-2.423913885231937
43206,2.361813583815029
43207,-2.829989440337909
43209,0.4425089555383859
43210,-4.916687187063942
43211,-5.394119419690903
43212,11.303021356165733
43213,10.159882412934577
43214,-1.1805529362954024
43215,9.998603546990644
43217,-22.332695984703633
43218,
43219,6.031410848620826
43220,7.859347442680777
43221,8.420435975703759
43222,14.858882125069176
43223,8.341296384774646
43224,-1.1572017585822
43227,3.2121062180438726
43228,5.150749166575082
43229,6.705866424247113
43230,3.1030871101169875
43231,9.184541245393556
43232,6.053613844587717
43235,8.229972622306867
43240,61.858304297328694
43302,1.84688765228966
43310,-10.857515487447017
43311,6.404859593968136
43314,-16.009204470742933
43315,4.437825763216678
43316,2.746979976832699
43317,46.72131147540984
43318,-4.05777166437414
43319,27.40560292326431
43320,-28.682977615825088
43321,52.03252032520326
43322,29.941860465116278
43323,-9.011627906976743
43324,-8.384458077709612
43325,
43326,-5.092423467523928
43330,-65.46762589928058
43331,-4.861111111111112
43332,-6.21301775147929
43333,71.6504854368932
43334,-5.863684449146138
43336,
43337,-22.16599190283401
43338,-1.4923907707412862
43340,2.248339294839039
43341,-33.35993615323225
43342,22.524014574362372
43343,-21.72701949860724
43344,6.324934839270199
43345,16.735253772290807
43346,
43347,-19.546364242828552
43348,9.198813056379821
43350,
43351,3.286522332748196
43356,-10.763052208835342
43357,10.81081081081081
43358,10.228233305156383
43359,-22.16624685138539
43360,1.6467915956842702
43402,-2.3821339950372207
43403,-21.218715995647443
43406,-15.492957746478872
43407,-29.68960863697706
43408,11.635220125786164
43410,-4.57807953443259
43412,-8.560140474100088
43413,-39.58068614993647
43414,
43416,-3.074866310160428
43420,-3.2679738562091507
43430,7.091891891891892
43431,8.679161088799644
43432,-13.404417364813403
43433,22.857142857142858
43434,125.45454545454547
43435,-21.335268505079828
43436,
43437,-4.464285714285714
43438,11.055276381909549
43439,44.44444444444444
43440,-15.675786875128574
43442,-36.38426626323752
43443,-17.950025497195305
43445,-10.798548094373865
43446,-28.04878048780488
43447,-5.56390977443609
43449,-0.5643611911623438
43450,4.991443240159726
43451,-1.918047079337402
43452,3.294117647058824
43456,28.27102803738318
43457,-9.788732394366196
43458,-31.13006396588486
43460,-3.9944478716841454
43462,-23.286604361370717
43463,840.3508771929826
43464,73.4069668649108
43465,4.712041884816754
43466,40.18452075858534
43467,5.769230769230769
43468,67.73333333333333
43469,-4.4161927065908335
43501,19.416243654822335
43502,3.8716480867731247
43504,-14.399363564041368
43505,71.42857142857143
43506,2.1646234676007006
43510,
43511,21.086956521739133
43512,2.6867935430284207
43515,-10.391225689733153
43516,8.721804511278195
43517,-13.420860685630926
43518,20.6841046277666
43519,22.727272727272727
43520,
43521,-6.969486823855756
43522,32.16180371352785
43523,
43524,-18.475750577367204
43525,-11.043872919818456
43526,-3.0181437543614793
43527,10.739979445015416
43528,2.6772525849335302
43529,1.9390581717451523
43530,
43531,-33.10104529616725
43532,-16.83931582751144
43533,-4.23728813559322
43534,-19.144267690619856
43535,-10.323383084577115
43536,-43.75
43537,10.806397743719153
43540,10.703592814371257
43541,1.0752688172043012
43542,29.52120383036936
43543,-4.989344365049518
43545,2.568975225225225
43547,69.12280701754386
43548,48.92205638474295
43549,-1.3848396501457727
43551,11.5605584007071
43553,264.84375
43554,-13.91023048928427
43555,14.979757085020243
43556,-2.4927536231884058
43557,-0.7946210268948656
43558,6.500879577802656
43560,2.2981677193421297
43565,-16.849015317286653
43566,2.502257190764865
43567,-0.55895865237366
43569,-7.503276539973788
43570,0.4911591355599214
43571,-5.7082730501117975
43604,5.0873362445414845
43605,-6.124830597801536
43606,-3.587567291445636
43607,-2.0779220779220777
43608,-3.1980071366054
43609,-9.083013347961236
43610,-11.18347181675275
43611,1.3685550604710375
43612,-1.377572158541638
43613,-0.5921722234216452
43614,-7.815791153379716
43615,-2.706106022073529
43616,-1.5679018357111556
43617,22.540688463200347
43619,-2.3622047244094486
43620,-10.023584905660378
43623,0.598712014489837
43701,0.21656349822237464
43711,-43.11926605504588
43713,-7.86991412079403
43716,-1.2133468149646107
43717,-29.239766081871345
43718,-18.308157099697887
43719,1.0522213561964147
43720,-17.912552891396334
43721,
43722,313.7566137566138
43723,-14.496124031007751
43724,-1.4170692431561998
43725,-1.6998300169983
43727,11.11111111111111
43728,-9.009628610729022
43730,23.582864560796192
43731,-3.8021338506304554
43732,21.06761565836299
43733,
43734,1.7571884984025559
43735,-17.05263157894737
43736,-82.08955223880598
43738,7.954545454545454
43739,12.478777589134125
43740,-25.732899022801302
43746,-38.54838709677419
43747,40.093896713615024
43748,13.263394529786437
43749,-15.236220472440944
43750,0.7142857142857143
43754,-3.7124337065409545
43755,-28.107559614408927
43756,5.834811748472305
43758,0.48493245583650846
43759,627.027027027027
43760,-49.4710114261532
43761,4.545454545454546
43762,-11.95266272189349
43764,-7.2818295596768685
43766,-27.83375314861461
43767,8.537693006357856
43768,40.41916167664671
43771,40.28377544725478
43772,5.875227135069655
43773,-21.49532710280374
43777,1.2978986402966626
43778,27.295703454085928
43779,-44.28121720881427
43780,22.109419063733785
43782,-42.75
43783,4.7199496538703585
43786,86.11111111111111
43787,6.629055007052186
43788,-23.52941176470588
43791,
43793,-3.5491905354919058
43802,0.8950366151342555
43804,-1.6008537886872998
43805,92.47311827956989
43811,-29.297820823244553
43812,1.3561511139812723
43821,5.0217286335103815
43822,17.461055568472446
43824,-8.321645628798503
43830,13.750212983472482
43832,-5.8170280274986785
43836,3.571428571428571
43837,-8.66840731070496
43840,0.6394884092725819
43842,-15.708812260536398
43843,-48.351001177856304
43844,8.225352112676056
43845,1.2053200332502079
43901,-8.096385542168674
43902,-7.086614173228346
43903,-2.654462242562929
43905,333.5714285714286
43906,-6.046347488530761
43907,-14.26110919738202
43908,-40.41331802525832
43909,
43910,7.886953664147223
43912,-5.66541117388575
43913,-42.145178764897075
43914,-89.03225806451613
43915,-4.838709677419355
43917,-6.984334203655353
43920,-5.387056956445072
43925,-86.76923076923076
43926,-8.494208494208493
43928,
43930,42.69406392694064
43931,-49.696969696969695
43932,20.893561103810775
43933,-0.3883495145631068
43934,-85.97122302158273
43935,-10.38655462184874
43938,16.428571428571427
43939,-53.66242038216561
43940,78.80184331797236
43942,-18.825622775800714
43943,7.1067699562142135
43944,24.53385672227674
43945,-4.179566563467492
43946,-7.261410788381744
43947,-7.345385347288297
43948,10.177705977382875
43950,0.3839356450728259
43951,-53.38983050847458
43952,-5.906511753580113
43953,2.807646356033453
43961,-32.10227272727273
43962,-5.747126436781609
43963,2.4256651017214397
43964,2.759159964253798
43967,
43968,-4.836369498629695
43971,-18.896321070234116
43972,-43.86792452830189
43973,15.494978479196556
43974,12.82051282051282
43976,-5.812641083521445
43977,1.4595103578154425
43981,
43983,-10.1010101010101
43985,75.59055118110236
43986,-22.54561251086012
43988,2.196836555360281
44001,0.5752085130859937
44003,12.316176470588236
44004,-1.3407188267136652
44010,-5.532421177870315
44011,10.133995918005146
44012,7.369406956447699
44017,-2.2102936532996527
44021,-4.192597445135932
44022,0.1749095295536791
44023,6.557843248777158
44024,4.090196244648837
44026,-6.406710091906843
44028,2.379898162497233
44030,2.9916410030796303
44032,-25.95785440613027
44035,-2.394135783049141
44039,9.585037989479837
44040,-4.051915163026274
44041,-2.1008695652173914
44044,-1.8319688632398337
44045,78.4366576819407
44046,-10.934744268077601
44047,-1.7322834645669292
44048,-1.5181781861765882
44049,-17.391304347826086
44050,7.909779082342036
44052,-1.243885394828791
44053,12.667203867848508
44054,0.5085419149781486
44055,-2.710813736101545
44056,3.349526975198159
44057,-1.9085912052117266
44060,-1.1789536168318302
44062,9.033001287524565
44064,-19.471153846153847
44065,-11.54611811546118
44067,-2.283171995697663
44068,
44070,0.8475901541926
44072,17.30682331676457
44074,2.5984251968503935
44076,-2.1228359439406432
44077,4.262008109604701
44080,12.5
44081,-1.615622365833099
44082,-33.9300582847627
44084,9.773806199385646
44085,-4.661138118387189
44086,-11.067961165048544
44087,8.992051494611596
44089,0.32407701594967275
44090,-5.3731343283582085
44092,3.6029500664974003
44093,-18.92109500805153
44094,3.3848047443213605
44095,-2.2260171370363713
44099,16.184677828513443
44101,-1.0221465076660987
44102,-7.0633448184468595
44103,-11.973795948077157
44104,-7.984031936127744
44105,-11.444578883686676
44106,-4.698869794085772
44107,-0.5455901401263885
44108,-6.154753265602323
44109,-6.821857387895124
44110,-8.198225757112267
44111,-1.242310939573031
44112,-14.269322562878648
44113,-0.3681290973272819
44114,3.559725945784927
44115,18.367346938775512
44116,6.228458887247661
44117,-3.0092118730808597
44118,3.9253425177906656
44119,10.957567875142253
44120,-1.464289848362079
44121,0.5788490398456403
44122,8.5510477039679
44123,13.915266617969321
44124,6.573367260390162
44125,5.524861878453039
44126,4.3854833790789876
44127,-15.771543086172347
44128,-1.2424724856371565
44129,2.0804585500477657
44130,1.9297856465890988
44131,1.0444119082479257
44132,-4.725398189148106
44133,2.9111456233684696
44134,-0.4463816825963659
44135,-1.6351613598792496
44136,-1.8723536495357962
44137,4.2016064966016415
44138,3.5795785046310797
44139,2.810449424291197
44140,4.025670945157526
44141,-0.6277962187905902
44142,-1.3484703123334398
44143,0.6897411393194
44144,-3.178329571106095
44145,5.063760150677741
44146,1.0779096738982126
44147,2.429568363918325
44149,10.607338675664277
44201,-0.08618213157138753
44202,9.690864883640153
44203,-5.568700148791375
44212,3.6302437481645464
44214,-1.5873015873015872
44215,16.24007060900265
44216,-3.8481757964462204
44217,-10.633998484465774
44221,0.8290014609451976
44223,3.6995262801714417
44224,-1.1565563725490198
44230,-4.732007906057436
44231,-0.9088868940754039
44232,
44233,1.9558039116078234
44234,-9.71536109150788
44235,-30.722278738555442
44236,4.262750545743203
44240,-2.978593738097052
44241,8.449779051713842
44243,8.869034648071475
44250,38.12445223488169
44251,20.46242774566474
44253,18.88779203685423
44254,1.9431376559623645
44255,-16.43852065321806
44256,2.441905005107252
44260,-3.7362475079376805
44262,-1.7994858611825193
44264,11.598639455782314
44266,-2.985297187677075
44270,-5.3386911595866815
44272,10.286405808793868
44273,-5.47683923705722
44274,-5.523255813953488
44275,-10.241657077100115
44276,-12.318087318087318
44278,3.948987582503636
44280,18.290258449304176
44281,7.176183070428793
44285,513.3333333333334
44286,5.747694334650856
44287,3.9903588644884844
44288,-12.823938017632916
44301,-7.389257850280482
44302,-4.795167075703229
44303,0.9371339320577898
44304,-33.20937151357382
44305,-6.109979633401222
44306,0.5855409170326297
44307,-22.508038585209004
44308,54.807692307692314
44310,0.21740880908285692
44311,-16.77572202166065
44312,-1.8214584540130012
44313,13.554475264512439
44314,-8.256212956223354
44319,-0.4306477660147138
44320,-8.597564109152579
44321,5.909725453699395
44325,
44333,2.6192753161194346
44401,3.7433155080213902
44402,-13.835877862595419
44403,-3.9453717754172986
44404,-9.146341463414634
44405,-1.8771117507195596
44406,2.0218806259520843
44408,1.8751803057986345
44410,0.9885885152865075
44411,-6.857142857142858
44412,5.991124260355029
44413,-1.013420980553273
44415,
44417,-22.123401889938854
44418,-4.11522633744856
44420,1.4989581232775426
44423,-8.904109589041095
44424,
44425,-8.922719825232113
44427,10.10928961748634
44428,10.02307945928124
44429,-11.006051437216339
44430,-10.18898931799507
44431,6.340252707581227
44432,-7.966330978505937
44436,-10.481283422459892
44437,-7.017543859649122
44438,18.738003838771593
44439,306.60377358490564
44440,-5.713167677558208
44441,-3.6269430051813467
44442,-0.2581311306143521
44443,30.754597336715285
44444,0.8636124275934702
44445,-7.96133067955644
44446,1.6506948973960163
44449,52.44755244755245
44450,2.206896551724138
44451,3.492392807745505
44452,-15.106685633001424
44454,-42.63913824057451
44455,28.892005610098177
44460,-1.8107476635514017
44470,-3.370245546461242
44471,-3.6022653421223656
44473,14.661134163208853
44481,-6.5435760068879745
44483,3.5297409657818997
44484,-4.858969201197979
44485,0.8756345177664975
44490,-16.40449438202247
44491,-3.1719059756442936
44493,265.38461538461536
44502,-7.24176838650118
44503,-10.69767441860465
44504,11.027515047291487
44505,-9.003852504127682
44506,-12.911126662001399
44507,-6.518751227174553
44509,-6.659905341446924
44510,-25.541125541125542
44511,0.608202942246712
44512,-2.480984074162111
44514,8.151470316256704
44515,2.3294694605439146
44555,
44601,-6.990760483297796
44606,-1.9302241937417575
44607,-38.607594936708864
44608,10.828025477707007
44609,-25.05161734342739
44610,77.14285714285715
44611,-0.3714020427112349
44612,-1.6245487364620936
44613,-0.7602635580334516
44614,3.696452345524317
44615,-11.15345292313412
44618,15.966003945970558
44619,
44620,-5.085714285714285
44621,11.800541516245486
44622,2.254685777287762
44624,27.4031007751938
44625,-42.50138350857775
44626,-9.974009096816113
44627,-3.2045899804086204
44628,18.67469879518072
44629,12.134052388289676
44630,
44632,14.191769198133219
44633,-10.30188679245283
44634,-10.700757575757576
44637,-29.483736198149806
44638,-33.205128205128204
44639,
44640,-6.358381502890173
44641,-1.9220343994874576
44643,4.154727793696275
44644,-5.229826353421859
44645,31.74825174825175
44646,4.716981132075472
44647,-6.420765027322404
44651,80.31634446397187
44652,1631.25
44653,8.985507246376812
44654,-3.4893739230327396
44656,-8.692528735632184
44657,1.1491851232762222
44659,23.958333333333336
44660,
44661,115.67567567567568
44662,4.056490384615385
44663,-0.18821833326658924
44665,
44666,-12.591119946984758
44667,-3.5588467898482996
44669,52.05371248025277
44670,-50.65359477124183
44671,-88.28828828828829
44672,-0.0418147606104955
44675,15.483539094650206
44676,25.190507293707814
44677,5.843137254901961
44678,-50.90909090909091
44680,-5.804195804195804
44681,22.049115394771587
44682,18.26258637709773
44683,-11.051502145922747
44685,3.5428694373722522
44687,44.027303754266214
44688,3.7979094076655056
44689,-31.49931224209078
44690,-49.494949494949495
44691,1.1178861788617886
44693,-6.666666666666667
44695,-12.507977026164646
44697,31.683168316831683
44699,-9.62772785622593
44702,8.032955715756952
44703,14.078947368421051
44704,5.352283035984276
44705,-9.394936204146731
44706,-5.611477496239732
44707,-7.438190426091531
44708,-2.7388684560607244
44709,-6.12589559877175
44710,-7.155043719343143
44714,21.433787731256086
44718,4.5643858903527414
44720,3.166649447256948
44721,0.583321330836814
44730,-0.2136752136752137
44802,-4.016064257028113
44804,54.12322274881517
44805,-3.675682298526664
44807,-6.052269601100413
44809,-67.48466257668711
44811,3.0428769017980635
44813,-7.715909090909092
44814,-20.749381406857548
44815,37.22504230118444
44817,-17.239185750636132
44818,-6.0593569661995055
44820,-2.7709815078236133
44822,15.954514128187459
44824,5.6404849762783345
44825,147.36842105263156
44826,-22.79184681902409
44827,3.9203950321711805
44828,141.55844155844156
44830,-2.869662801261155
44833,-2.9518779342723005
44836,-1.0038610038610039
44837,1.531492666091458
44838,-5.7251908396946565
44839,4.828379044178026
44840,7.4125874125874125
44841,21.59709618874773
44842,1.0792705619650167
44843,28.88675623800384
44844,20.27027027027027
44846,0.9158050221565732
44847,4.829381145170618
44849,-3.3780857514075358
44850,468.8888888888889
44851,5.266444629475437
44853,9.857035364936042
44854,-10.280932456664674
44855,13.138075313807532
44856,-12.82051282051282
44857,-0.7651534581516628
44859,20.045558086560362
44861,86.95652173913044
44864,-16.38644248732319
44865,2.9301745635910224
44866,6.144742831133364
44867,16.19718309859155
44870,0.4663875028208922
44874,-16.86390532544379
44875,5.009487666034156
44878,3.282994090610637
44880,7.224848075624577
44881,1463.6363636363637
44882,-21.367239101717306
44883,0.933032885008098
44887,18.1510710259301
44889,-9.109311740890687
44890,-8.983929041889875
44901,-100.0
44902,21.52869031975471
44903,6.546907832392568
44904,3.0372962108240897
44905,17.446778008744893
44906,-1.493059605738948
44907,1.8129322500503593
45001,48.34437086092716
45002,0.24226877583012682
45003,10.638297872340425
45005,2.2124178796856886
45011,3.9197966676080207
45013,-1.4406164498296947
45014,5.714942000689101
45015,-6.1174947402492315
45030,12.499336553261504
45032,64.44444444444444
45033,124.56140350877195
45034,-20.77104642014162
45036,8.276867217264568
45039,20.586529699279264
45040,6.250928539592929
45041,43.15789473684211
45042,8.116627265563437
45044,1.2375586854460094
45050,28.326645700032532
45051,112.02185792349727
45052,15.63364692861096
45053,11.09514228226502
45054,-12.054507337526205
45055,
45056,-0.9510378245461778
45062,20.190779014308426
45064,10.29461564510667
45065,45.75148973736482
45066,5.313192346424975
45067,2.312805208898535
45068,9.615561060647766
45069,9.626493629817205
45070,-30.414746543778804
45101,-8.893805309734514
45102,7.852122074917697
45103,7.676622286194075
45105,
45106,-13.164757013038326
45107,-0.4598405885959534
45111,45.78313253012048
45112,-80.26315789473685
45113,11.18860796280151
45115,182.27848101265823
45118,-0.5430355688297583
45119,
45120,-2.59601706970128
45121,0.2635046113306983
45122,6.032396201824613
45123,1.1974694984184364
45130,17.970765262252794
45131,18.106995884773664
45132,-71.28712871287128
45133,-3.620561825521048
45135,16.953059513830677
45140,-0.7493456670610591
45142,4.554973821989529
45144,-11.361153594057242
45146,-32.03324808184143
45147,-67.69911504424779
45148,35.16320474777448
45150,4.6913656605640774
45152,12.947909754479097
45153,26.92101020956475
45154,-4.164820558263181
45155,43.613707165109034
45156,-3.278688524590164
45157,-4.0027269185820025
45158,101.2853470437018
45159,0.5238649592549476
45160,-18.766404199475065
45162,-5.58982266769468
45164,10.526315789473683
45166,92.3076923076923
45167,-10.323997803404723
45168,-32.73360417875798
45169,-5.997033269760543
45171,-3.3221476510067114
45172,70.3225806451613
45174,-7.754580315296122
45176,7.952966328166755
45177,2.056150454422748
45202,19.97491145218418
45203,6.980728051391863
45204,22.65519568151147
45205,2.4860395189003435
45206,-0.18675880100849754
45207,-9.0532227868414
45208,-3.42391890434595
45209,-0.6206435596295236
45211,-2.4018209884618407
45212,-3.9353415282092845
45213,-4.068047337278107
45214,7.15993306239541
45215,0.47310434219053793
45216,-0.32478441034830324
45217,-14.860335195530727
45218,-0.9548387096774194
45219,8.306957632294964
45220,5.160780935974735
45223,-0.44402156676181415
45224,1.8405804158348347
45225,-1.5271966527196652
45226,6.8393215393033016
45227,3.2681533560364713
45229,5.406252448483899
45230,0.8639070656569371
45231,0.4603159220854734
45232,33.10657596371882
45233,-7.623982235381199
45236,-0.5761584029862858
45237,9.42133187881192
45238,3.2674871884718146
45239,7.259442364317133
45240,8.290712326736342
45241,-1.4086262777362253
45242,-1.5137943389466142
45243,6.8505930960948955
45244,-0.5956916256840064
45245,2.4721816625547555
45246,-8.072862761333058
45247,7.9558704816575485
45248,-2.2952551186220345
45249,6.042341595720636
45251,-7.720246268326172
45252,16.095740008783487
45255,1.7143385240977773
45267,
45301,403.125
45302,18.179493735617488
45303,-11.778563015312132
45304,6.680672268907563
45305,4.385406241470294
45306,-15.052508751458577
45307,-2.803738317757009
45308,17.16695609030017
45309,-4.858364942296829
45310,17.741935483870968
45311,-1.4483319772172498
45312,-29.486224869694716
45314,7.810911555404948
45315,7.313505607020964
45316,78.2051282051282
45317,-7.892107892107893
45318,-8.274647887323944
45319,-9.04645476772616
45320,3.0534351145038165
45321,53.2258064516129
45322,1.9838075848681407
45323,-1.486280487804878
45324,-0.502106397570295
45325,5.099872503187421
45326,4.995904995904995
45327,-5.3101104502973655
45328,-7.717041800643088
45330,-38.35341365461847
45331,0.3005327626246528
45332,-45.79646017699115
45333,19.302152932442464
45334,-8.141176470588235
45335,1.0760506034608115
45336,-44.0251572327044
45337,-7.511987213638785
45338,-6.7537688442211055
45339,-22.41014799154334
45340,-46.14305750350631
45341,1.744036932546807
45342,-0.9513626144650985
45344,4.12858297581297
45345,8.799601527478002
45346,1.9102196752626552
45347,-12.104242946370881
45348,-15.023923444976075
45349,-24.92581602373887
45350,-49.074074074074076
45351,43.17180616740088
45352,-8.81057268722467
45353,-24.5
45354,33.61522198731501
45356,-1.279258584498396
45358,0.0
45359,11.11111111111111
45360,-22.016460905349795
45361,12.721893491124261
45362,-15.341365461847388
45363,11.418481459682166
45365,-2.7836691410392365
45368,-18.478260869565215
45369,16.91134952004517
45370,12.847630238934588
45371,15.304338885461648
45372,-17.801047120418847
45373,5.8193041526374865
45377,-7.7201603517393
45378,59.05044510385756
45380,11.724674314602373
45381,4.441997063142438
45382,-14.39873417721519
45383,-8.95880361173815
45384,8.090452261306533
45385,3.8832919010859612
45387,-1.5730337078651686
45388,-4.9826187717265356
45389,15.339805825242719
45390,-2.5379229871645275
45402,9.092809364548495
45403,-14.673841711510697
45404,-2.7816802472604665
45405,10.589532319832887
45406,1.2122749175754501
45409,3.4329140461215935
45410,13.440156965336822
45414,-1.1614963945216086
45415,-5.191482958392898
45416,-6.867024848891874
45417,-7.42172017439556
45419,16.68743941282371
45420,-7.780078934000234
45423,
45424,-1.0111562265936058
45426,-12.564333504889348
45428,-8.038585209003216
45429,2.2908712252690036
45430,-1.538248337028825
45431,-5.054929274071947
45432,-0.33169696165583124
45433,-42.99339691856199
45434,8.623759857542609
45435,
45439,24.478497281265447
45440,4.906905491397596
45449,6.753421584025129
45458,17.52342365155736
45459,6.194591373016464
45469,
45501,
45502,14.556389032591827
45503,0.8228803895583567
45504,-9.699353751053668
45505,2.4250000000000003
45506,-3.8334918428560973
45601,-0.5476064299593711
45612,-12.212725546058879
45613,-21.623222748815166
45614,1.8864138069436085
45616,8.130081300813007
45617,-100.0
45618,-100.0
45619,-1.301261829652997
45620,-34.887737478411054
45621,14.715719063545151
45622,266.66666666666663
45623,4.0981154651510625
45624,
45628,7.47626582278481
45629,9.045760908123448
45630,484.8101265822785
45631,-10.270678757900523
45634,-22.865853658536587
45636,57.04225352112676
45638,-6.1776765375854215
45640,0.7705213446840241
45642,
45644,-6.081361560813615
45645,-0.9687836383207751
45646,291.7073170731707
45647,27.67857142857143
45648,-11.619107677755006
45650,34.3042071197411
45651,-13.741830065359478
45652,-21.352635150418457
45653,-4.195446405730366
45654,-23.800195886385897
45656,-2.8209383014029266
45657,-23.450413223140494
45658,-9.314775160599572
45659,30.39538714991763
45660,0.7013897908819327
45661,-3.583617747440273
45662,-8.718908799144156
45663,4.737704918032787
45669,3.8656655844155847
45671,42.30769230769231
45672,-3.7254901960784315
45673,2.669902912621359
45674,-2.621231979030144
45677,
45678,-10.618066561014263
45679,35.0609756097561
45680,-7.839211458493763
45681,-7.557776389756403
45682,-9.274563820018365
45684,-28.636363636363637
45685,62.117903930131
45686,0.027005130974885227
45688,-72.24080267558529
45690,-5.484028116083235
45692,-5.585752284029144
45693,-0.2675040707141195
45694,4.792171949485657
45695,99.0272373540856
45696,-64.0133779264214
45697,12.018275725069527
45698,44.57831325301205
45699,
45701,-5.839354256039738
45710,-7.112894400875433
45711,-29.917726252804787
45714,-1.673281132682613
45715,-11.088628085795223
45716,-20.606060606060606
45719,-23.801220575414124
45720,
45721,-17.857142857142858
45723,1.813110181311018
45724,18.76355748373102
45727,62.97872340425532
45729,34.458598726114644
45732,0.35374751271280125
45734,-47.58064516129033
45735,4.788557213930348
45739,
45740,-2.9154518950437316
45741,-24.383561643835616
45742,19.277539341917024
45743,-23.569794050343248
45744,-18.674918092464505
45745,-28.199863107460644
45746,-23.25102880658436
45750,-3.432292241474451
45760,0.7827260458839407
45761,-31.211267605633804
45764,-18.204064262155548
45766,23.44900105152471
45767,8.657465495608532
45768,1.096774193548387
45769,-13.228997490033958
45770,80.16877637130801
45771,-8.366746859128575
45772,-8.804283164782866
45773,371.6814159292035
45775,109.78260869565217
45776,-13.003901170351106
45778,6.046511627906977
45779,-6.531204644412192
45780,-9.219858156028367
45782,-14.634146341463413
45783,
45784,-12.93865523707474
45786,-19.71870604781997
45788,-17.998317914213622
45789,14.960629921259844
45801,-9.975847494177522
45804,-4.753498103831568
45805,3.1213438074544544
45806,3.296099615455045
45807,0.752897386007952
45808,-28.8265306122449
45809,-23.387096774193548
45810,-7.0100838294253425
45812,5.14253773057574
45813,-4.5054945054945055
45814,-4.971500949968334
45815,
45816,24.853801169590643
45817,-11.481481481481481
45819,-1.1494252873563218
45820,21.69811320754717
45821,-45.36231884057971
45822,3.0531964778825613
45826,-40.1980198019802
45827,0.14705882352941177
45828,7.107843137254902
45830,-2.8581326866447254
45831,8.138138138138139
45832,10.208975676601575
45833,0.8837209302325582
45835,-23.978685612788635
45836,13.88888888888889
45838,73.68421052631578
45840,-1.2471491148680447
45841,8.352402745995423
45843,-8.028306490971206
45844,-9.096651926721416
45845,8.909574468085106
45846,12.269791915809614
45848,
45849,-3.5422343324250685
45850,1.8202502844141069
45851,-11.994002998500749
45853,28.879668049792528
45854,-17.090069284064665
45855,-3.9735099337748347
45856,0.05723006486074017
45858,-16.591928251121075
45859,-31.03448275862069
45860,24.548049476688867
45861,121.71428571428571
45862,-13.381674357284112
45863,10.265486725663717
45864,4.0
45865,11.322686322686323
45866,-29.25170068027211
45867,0.6030150753768844
45868,15.155807365439095
45869,-2.4545255314486085
45870,142.7027027027027
45871,2.1640664318067437
45872,8.16969696969697
45873,-16.023489932885905
45874,-9.61153384060873
45875,-3.518114360541248
45876,22.448979591836736
45877,12.290769966523195
45879,3.436254980079681
45880,12.933753943217665
45881,15.358361774744028
45882,4.753199268738574
45883,-2.383971595232057
45884,2.8901734104046244
45885,2.66878474980143
45886,-14.13427561837456
45887,3.283302063789869
45888,84.39306358381504
45889,14.418316831683168
45890,61.29666011787819
45891,2.6826637907791855
45893,
45894,12.603648424543948
45895,-1.9820119920053298
45896,-20.227380388441496
45897,182.85714285714286
45898,-32.142857142857146
45899,47.794117647058826
46001,-1.7083946980854197
46011,3.6249339051759586
46012,2.2687247487827618
46013,-2.446624350836699
46016,3.4098360655737707
46017,3.0334728033472804
46030,-0.5142269454919438
46031,-4.279475982532751
46032,8.79256177294727
46033,4.13847158719791
46034,7.158509861212564
46035,52.27963525835866
46036,-3.0962912555290916
46037,14.853669297514585
46038,2.6402875985048686
46039,1.981981981981982
46040,44.72885032537961
46041,1.799982439195715
46044,-9.956419711699631
46045,168.65671641791045
46047,-39.726027397260275
46048,-9.2094196804037
46049,56.32022471910112
46050,-24.818763326226012
46051,-1.8854748603351956
46052,6.709454230961811
46055,23.46002621231979
46056,-6.032986111111112
46057,-18.910505836575876
46058,2.922374429223744
46060,18.391437002951033
46062,8.05055200464846
46063,-8.354430379746836
46064,2.0704793545325106
46065,-2.869198312236287
46068,1.1136712749615976
46069,-9.197368421052632
46070,-1.059322033898305
46071,-7.261938400678157
46072,-5.416116248348745
46074,39.566181127295756
46075,40.76367389060888
46076,14.87758945386064
46077,23.09694209499024
46102,
46103,25.418060200668897
46104,7.288629737609329
46105,-14.109521460286137
46106,60.05326231691078
46107,2.5150268902246125
46110,73.47740667976424
46111,110.95238095238096
46112,14.425758705437275
46113,3.5369980208133818
46115,-8.764044943820224
46117,-28.125
46118,-14.549653579676674
46120,10.565895845083663
46121,-10.659610659610658
46122,1.6914113888366846
46123,22.155444042478702
46124,-6.315663801337154
46125,-7.5
46126,-19.948031181291228
46127,41.76706827309237
46128,28.49887133182844
46130,-14.19753086419753
46131,8.454874096235352
46133,54.32300163132137
46135,-6.102212051868802
46140,6.798765715451509
46142,15.332934211401582
46143,4.825510130506886
46144,118.82352941176471
46146,212.32876712328766
46147,-20.06201550387597
46148,-8.090209414712726
46149,0.5121638924455826
46150,17.562254259501966
46151,3.0473719186101706
46154,
46155,-96.31147540983606
46156,-27.36156351791531
46157,-14.15207483809067
46158,10.25847419729899
46160,-6.324838808719681
46161,-22.218259629101283
46162,-51.45454545454545
46163,14.642100114136639
46164,-1.9869154349406348
46165,45.13399153737659
46166,52.15444879686626
46167,16.29948914431673
46168,12.848931466470153
46170,
46171,17.693236714975846
46172,-1.4499121265377855
46173,-0.7974935915693534
46175,-13.365539452495975
46176,4.518828451882846
46180,-14.241486068111456
46181,11.598880998493652
46182,14.786264891380519
46183,129.41176470588235
46184,-3.8400722837135755
46186,0.9724473257698543
46201,6.12354281120193
46202,7.0973753688460945
46203,-6.894267515923567
46204,39.5816785808843
46205,-0.18675123326286117
46206,
46208,-2.4506437768240343
46214,-4.4729226953286485
46216,7.463391591875296
46217,15.378029699170431
46218,8.199723436857646
46219,3.746915566999249
46220,1.6409610169027204
46221,1.650437986390466
46222,1.6434754026514737
46224,7.654347767142973
46225,-25.624828343861576
46226,0.545438550189144
46227,-0.4015923399330095
46228,5.399498617985473
46229,-1.2793103448275862
46231,9.281466315686849
46234,-4.688152582486426
46235,5.252010559273129
46236,-4.820169252468265
46237,6.8963771234714795
46239,18.036304791388165
46240,7.0771031767147345
46241,7.738057576716228
46250,-9.832096426127691
46254,2.48391663975757
46256,-2.0232099846726515
46259,29.08352768420143
46260,6.771754375266785
46268,-1.2452370664257375
46278,6.409152417271496
46280,-2.4701195219123506
46290,-59.154929577464785
46301,-8.253968253968253
46302,
46303,19.54194143090123
46304,9.20915295062224
46307,15.738337766820218
46310,-3.3824370709382148
46311,5.274203850716306
46312,-8.232386521860207
46319,-1.18293434994674
46320,-3.4102026554856746
46321,3.155835687893936
46322,3.7317987618798503
46323,5.831640713157301
46324,-3.589356314690596
46327,-6.217661262504312
46340,46.47577092511013
46341,-3.2932971716388995
46342,5.761805761805762
46345,-55.49132947976878
46346,2.054292002934703
46347,-1.4419171405361495
46348,-1.2962962962962963
46349,-7.309184993531695
46350,5.803245483878565
46356,4.267346486366659
46360,0.9615163434775608
46365,10.11826544021025
46366,8.19312362838332
46368,2.8819408674152673
46371,-5.924739791833467
46373,15.373609936918776
46374,24.890350877192983
46375,1.8359643102264926
46376,-27.915194346289752
46377,-78.98089171974523
46379,221.0526315789474
46381,467.5438596491228
46382,5.057096247960848
46383,2.127503663898388
46385,3.3581902807667285
46390,9.833795013850416
46391,-7.857985837922896
46392,5.739486130640419
46393,-53.459119496855344
46394,0.033022372657475436
46402,-4.161227154046998
46403,-18.545427308815817
46404,-3.382833553121954
46405,-1.172543649435125
46406,-7.736207989854154
46407,-21.720854422235565
46408,-3.811729360956375
46409,-7.540983606557377
46410,2.146270137601504
46501,13.858312164832062
46502,-100.0
46504,-13.648293963254593
46506,7.039899728431168
46507,2.157293957482459
46508,20.481927710843372
46510,-30.019029495718364
46511,-3.744963261436359
46513,
46514,-1.8255384981554206
46516,-6.379700951517897
46517,9.073461554167176
46524,27.181208053691275
46526,3.028523749188788
46528,-0.25223487518083015
46530,2.1830259254482134
46531,18.959842001316655
46532,-23.79603399433428
46534,-5.0366537300560585
46536,-15.271527152715272
46537,-16.52754590984975
46538,18.96323723882571
46539,2.1641486320947325
46540,14.591151060301947
46542,22.86972286972287
46543,22.64374629519858
46544,-2.4562403063969867
46545,10.145637008934035
46550,-6.499429874572406
46552,0.42010502625656415
46553,8.120785693345061
46554,-22.82793867120954
46555,-12.842028456767604
46556,6.045883940620782
46561,10.276858260607884
46562,-6.745426829268293
46563,-0.6671142065956197
46565,-1.270313572899977
46567,5.419658886894076
46570,6.634146341463415
46571,21.827123132211085
46572,
46573,1.7331932773109244
46574,-17.519685039370078
46580,5.416276894293732
46582,3.9086744495345056
46590,-1.2256809338521402
46595,-62.96296296296296
46601,-22.662147588969344
46613,9.104285451535773
46614,-3.143849986886966
46615,4.098837209302326
46616,-1.0150507525376269
46617,14.90374215877136
46619,-2.9285330467490596
46624,
46628,8.499325450361082
46635,-2.9131985731272296
46637,6.259421904699482
46701,0.48435171385991055
46702,-2.093244529019981
46703,6.117290192113246
46704,25.0
46705,20.62305295950156
46706,8.61891055232716
46710,3.0141432877347554
46711,7.048177415243437
46714,6.3386616843125045
46721,-4.164199723702388
46723,-0.6448216870640874
46725,2.7366669585778087
46730,-11.277533039647578
46731,77.7992277992278
46732,-26.22298065984073
46733,0.12642225031605564
46737,-7.8382622350170115
46738,-0.3941710463449594
46740,6.132839620458228
46741,-15.556925606247432
46742,-7.883939038686987
46743,31.309751434034418
46745,-7.5037518759379696
46746,-4.114605773373546
46747,-21.777777777777775
46748,29.730747505177934
46750,1.3466371581829777
46755,3.147221490650513
46759,11.083123425692696
46760,-11.439114391143912
46761,-2.8989037758830696
46763,-25.24123920771966
46764,9.75609756097561
46765,8.362242103341245
46766,-49.1566265060241
46767,7.957462412907958
46770,-7.662082514734774
46771,
46772,6.191950464396285
46773,-4.418394950405771
46774,1.8048838032322756
46776,10.16597510373444
46777,-6.090433712703783
46778,
46779,12.617702448210924
46781,-4.4685990338164245
46783,13.318250377073907
46784,-3.11601150527325
46785,20.110957004160888
46786,-77.84431137724552
46787,12.005494505494505
46788,13.420033204205867
46789,
46791,0.7944389275074478
46792,-5.409006128430589
46793,-1.222888786340563
46794,-34.54022988505747
46795,6.843639711523706
46796,
46797,10.603674540682414
46798,-32.58499037844772
46799,95.69377990430623
46802,-0.7871064467766117
46803,10.973063269993736
46804,0.3212213318596297
46805,6.4488309697202
46806,-3.964517760572696
46807,-5.997537667819664
46808,3.1645569620253164
46809,0.4247990815154994
46814,34.17700714931383
46815,-4.055934077694146
46816,6.767040788393102
46818,4.386217487282849
46819,-3.573251659009699
46825,0.39562405394247974
46835,4.139129443938012
46845,26.24960562491549
46901,-3.4607425137756507
46902,3.4834682860998654
46910,-4.152773567747802
46911,23.726346433770015
46913,-4.983388704318937
46914,132.95530353569046
46915,24.1852487135506
46917,3.160149973219068
46919,-38.968824940047966
46920,14.260717410323709
46922,-100.0
46923,-3.7536800785083417
46926,-8.065532451165721
46928,3.3574720210664912
46929,7.682030728122912
46930,188.1578947368421
46931,31.5
46932,-10.023937761819269
46933,3.3333333333333335
46936,-2.5452109845947755
46937,
46938,-20.473491163721242
46939,-8.072916666666668
46940,5.972952667167543
46941,-19.68864468864469
46943,-38.55421686746988
46945,
46946,-9.482758620689655
46947,2.0342612419700217
46950,-40.49586776859504
46951,11.596463858554342
46952,-5.126054824676346
46953,-2.4539107896827055
46957,-30.664395229982965
46958,8.9126559714795
46959,-41.66666666666667
46960,16.32850241545894
46961,-64.96350364963503
46962,-11.237716914070667
46965,
46967,27.82608695652174
46968,157.89473684210526
46970,0.1715045234318055
46971,
46974,4.899135446685879
46975,-4.009385135601408
46978,6.894934333958725
46979,6.900124326564443
46980,
46982,17.875647668393782
46984,-90.9090909090909
46985,-27.347195967233773
46986,6.027918781725888
46987,15.081967213114755
46988,-10.700389105058365
46989,14.808006535947712
46990,-44.31960049937578
46991,17.879548306148056
46992,2.5659959387114637
46994,-20.154766092156173
46996,-4.073729863692689
46998,54.88721804511278
47001,-3.676890836349781
47003,10.602910602910603
47006,11.44113424264178
47010,-13.73134328358209
47011,71.25
47012,7.679919476597886
47016,5.795148247978436
47017,28.98936170212766
47018,6.907593778591034
47020,24.46808510638298
47021,
47022,-8.665033680342928
47023,50.453593859036985
47024,-10.796139927623644
47025,2.7290362401904593
47030,-14.409638554216867
47031,1.8024784078107396
47032,1.7942966997757128
47033,
47034,79.7979797979798
47035,-41.55844155844156
47036,24.23954372623574
47037,-3.439094741513202
47038,-44.18879056047197
47040,3.1916939050182656
47041,-3.6888532477947074
47042,-19.029685423128047
47043,-19.087207329487615
47060,8.70772749550727
47102,-5.944827586206896
47104,-80.48780487804879
47106,-4.881127708815485
47108,-12.885738115095913
47110,8.7018544935806
47111,13.734093900833699
47112,1.3829022988505748
47114,31.515151515151512
47115,20.917573872472783
47116,-28.027681660899656
47117,6.694756554307116
47118,7.47800586510264
47119,0.8676599474145487
47120,-37.28971962616822
47122,9.940850982636901
47123,89.1891891891892
47124,24.55295735900963
47125,-1.9765287214329834
47126,-7.125252072596908
47129,-0.28972247636474535
47130,6.106720230557618
47135,-37.14773697694279
47136,0.9478672985781991
47137,-6.610499027867791
47138,-1.1575436531292917
47140,-6.808343171979536
47141,5.03030303030303
47142,-29.939516129032256
47143,19.880517756388983
47145,-2.3232822540781015
47147,11.158072696534235
47150,3.3227354903060906
47160,83.33333333333334
47161,-8.577633007600435
47162,-18.194254445964432
47163,-60.36168132942327
47164,3.949185307925987
47165,8.32140015910899
47166,-2.565982404692082
47167,7.146783947223749
47170,-1.3578108763422236
47172,12.877355788508908
47174,
47175,0.35211267605633806
47177,110.45364891518739
47201,8.64295244340924
47203,-6.9001220278815225
47220,5.132743362831858
47223,-45.1063829787234
47224,6.530612244897959
47225,
47226,47.647058823529406
47227,-37.76844070961718
47229,-2.5913621262458473
47230,27.42044685172647
47231,-37.56613756613756
47232,-16.22162883845127
47234,-8.6685552407932
47235,-14.139590854392297
47236,
47240,1.1014034761594944
47243,-3.3376123234916557
47244,-43.044619422572175
47246,-9.092925260589931
47247,20.245398773006134
47250,6.513340302713513
47260,17.541834968263128
47263,-8.444444444444445
47264,-8.541666666666666
47265,4.771178188899708
47270,-20.733944954128443
47272,-24.42882249560633
47273,22.48062015503876
47274,8.207737978730345
47280,-36.17224880382775
47281,10.069177555726364
47282,-33.86666666666667
47283,17.92305286205818
47302,-6.171454219030521
47303,-4.5619938182245
47304,0.10717775746303944
47305,-12.256114317120089
47306,-19.239952248308796
47320,16.78832116788321
47324,66.91176470588235
47325,7.0476190476190474
47326,-13.200379867046532
47327,-4.39121756487026
47330,-3.6392405063291138
47331,0.18083182640144665
47334,-0.9017412935323383
47335,-2.8400597907324365
47336,-15.637860082304528
47337,35.099337748344375
47338,-7.1563088512241055
47339,-10.09009009009009
47340,6.516464471403813
47341,7.038391224862889
47342,-9.247648902821316
47344,48.30508474576271
47345,4.585152838427948
47346,1.030662200463798
47348,-2.1692439862542954
47351,-14.072847682119205
47352,-29.547553093259467
47353,-6.353443673251469
47354,-9.36270653029111
47355,16.329532916513422
47356,-0.9809264305177112
47357,-7.766990291262135
47358,5.805038335158817
47359,13.520661157024794
47360,4.386617100371748
47361,6.222222222222222
47362,-1.6340197555667169
47366,
47367,226.9230769230769
47368,-37.87128712871287
47369,6.761006289308176
47370,
47371,-1.1971775152620312
47373,-2.988306626245128
47374,-0.878320946755879
47380,-15.753424657534246
47381,-14.925373134328357
47382,1.1428571428571428
47383,-5.196954650777888
47384,29.585462805224306
47385,31.689630166787524
47386,-15.422885572139302
47387,-23.57247437774524
47388,20.414201183431953
47390,2.038756560355268
47392,
47393,-1.894150417827298
47394,2.3029121481661994
47396,8.124911685742546
47401,-6.04446718452021
47403,3.3674210335229335
47404,1.5916598738684629
47405,-66.12445132971857
47406,130.96066363393095
47408,-15.439087973230613
47420,-88.51351351351352
47421,0.8752416031508697
47424,-2.1724216784815913
47427,19.972260748959776
47429,-15.727862772369031
47431,33.30702446724546
47432,-2.150313152400835
47433,-13.339445335778136
47434,
47435,
47436,0.5218525766470972
47437,-1.1363636363636365
47438,-10.625844214317876
47441,-7.242427418509591
47443,13.343923749007146
47445,
47446,-12.19419324131366
47448,13.078382717851408
47449,51.64835164835166
47451,35.37234042553192
47452,3.7428803905614325
47453,-62.7906976744186
47454,0.7375214012906625
47455,-59.77011494252874
47456,-28.05023923444976
47457,-100.0
47458,-100.0
47459,-11.105651105651106
47460,5.866025166543301
47462,12.212547443625809
47464,67.46411483253588
47465,-31.862745098039213
47467,-100.0
47468,-21.313766596785463
47469,11.097708082026537
47470,-16.798539257455875
47471,25.19201228878648
47501,2.0903573836817264
47512,3.5489554492826576
47513,-22.59983007646559
47514,-16.391576550939103
47515,17.346938775510203
47516,-21.183053557154278
47519,-3.2710280373831773
47520,-3.45170925987388
47521,17.71978021978022
47522,-12.760416666666666
47523,-1.0788133053640994
47524,-4.121475054229935
47525,-45.93175853018373
47527,38.938580799045916
47528,14.039408866995073
47529,2.6655202063628547
47531,9.523809523809524
47532,-3.1520532741398446
47535,-9.382716049382717
47537,-35.64954682779456
47541,-6.021155410903174
47542,-2.4680255795363713
47546,5.3166239437956895
47550,-15.135135135135137
47551,-31.786542923433874
47552,-25.483870967741932
47553,5.776916555649752
47557,-27.894156560088202
47558,-17.535375246283362
47561,-10.966904607397794
47562,28.421804332301832
47564,6.623931623931624
47567,5.649810574864108
47568,-11.477572559366754
47573,
47574,-51.369863013698634
47575,-0.3593890386343217
47576,69.64285714285714
47577,8.677337826453243
47578,-41.527446300715994
47579,0.881057268722467
47580,-28.065395095367844
47581,-25.334987593052112
47584,11.11111111111111
47585,-1.7266187050359711
47586,1.7379182156133828
47588,90.92741935483872
47590,11.219512195121952
47591,-2.1476768845189897
47596,140.81632653061226
47597,-8.459869848156181
47598,-17.511933174224346
47601,-4.2152086422368145
47610,4.120289006053506
47611,-19.770114942528735
47612,19.51588502269289
47613,0.0
47615,-10.260770975056689
47616,31.60377358490566
47619,-8.530259365994237
47620,-0.289628180039139
47630,7.939866369710467
47631,1.5004840271055178
47633,-17.876489707475624
47634,-5.136702568351284
47635,1.7108167770419427
47637,9.91857883049593
47638,-5.817987723512143
47639,8.765695332859512
47640,-3.057199211045365
47648,2.7823240589198037
47649,-17.94871794871795
47654,-52.38095238095239
47660,2.423363711681856
47665,10.998632010943913
47666,-13.466889259877574
47670,-4.127984084880636
47683,-76.12903225806451
47708,108.89570552147238
47710,-2.679356540630011
47711,-3.2498139419498884
47712,-7.472113466794711
47713,-7.823161941374339
47714,-2.9375198774105877
47715,4.764569808223267
47720,-1.177957823363788
47725,12.502933583665806
47802,-6.890304317055909
47803,1.2433734939759036
47804,-3.7503301346949556
47805,2.461562972994503
47807,11.761790699595275
47809,-41.29319192610332
47831,
47832,13.38506304558681
47833,-12.839059674502712
47834,-0.4094537161811962
47836,-100.0
47837,-17.271157167530223
47838,8.027586206896551
47840,13.050570962479608
47841,9.275496077526535
47842,1.0384215991692627
47845,
47846,76.8018018018018
47847,-24.800637958532697
47848,-30.495689655172413
47849,91.33574007220217
47850,-5.321782178217822
47851,
47853,41.23711340206185
47854,-11.242603550295858
47855,98.33333333333333
47857,-18.793503480278424
47858,68.96551724137932
47859,4.782146652497343
47860,49.52153110047847
47861,-32.98245614035088
47862,3.59501100513573
47863,20.967741935483872
47865,-98.84057971014492
47866,-1.3861386138613863
47868,-15.774647887323944
47869,-39.285714285714285
47870,
47871,215.43209876543207
47872,-5.293440736478711
47874,-25.313632562029554
47875,
47876,-4.166666666666666
47879,8.456117873158233
47880,-74.21875
47881,-52.078774617067836
47882,-1.2736490664028688
47884,90.78014184397163
47885,3.9649556329327194
47901,27.791986359761296
47904,-9.089883202618067
47905,1.081395630773707
47906,0.6851647528366911
47907,
47909,3.540162617225913
47916,19.148936170212767
47917,-18.03607214428858
47918,-12.306634582330696
47920,15.119145439605589
47921,0.0
47922,-4.722792607802875
47923,5.286605286605287
47924,-45.78313253012048
47925,-100.0
47926,-17.138707334785767
47928,-9.077001529831719
47929,-0.14903129657228018
47930,-18.440233236151606
47932,7.118508121114899
47933,1.2694893434415677
47940,-19.41638608305275
47941,-25.03419972640219
47942,14.053254437869821
47943,5.079681274900398
47944,-3.5072951739618405
47946,-3.4712950600801067
47948,-7.28476821192053
47949,22.82934131736527
47950,-4.848484848484849
47951,0.21551724137931033
47952,-10.381781647689216
47954,-2.1431633090441493
47955,-14.048672566371682
47957,30.833333333333336
47958,-23.4375
47959,-10.66292528937215
47960,6.603121978173782
47963,22.76671771311894
47964,-29.166666666666668
47965,-8.214285714285714
47966,-21.31979695431472
47967,33.33333333333333
47968,20.409982174688057
47969,73.79310344827587
47970,11.704834605597965
47971,9.560021727322107
47974,7.089859851607584
47975,17.194570135746606
47977,16.801437556154536
47978,-15.306730196545562
47980,13.346613545816732
47981,-3.691639522258415
47982,-18.128654970760234
47983,-58.25
47986,
47987,-9.83125458547322
47989,-11.725168035847648
47990,-14.027694160144492
47991,19.025735294117645
47992,-2.4096385542168677
47993,-4.656141289804657
47994,35.54216867469879
47995,1.680672268907563
47997,47.863247863247864
48001,-1.6405855628470472
48002,-3.1647533354017994
48003,-4.66894420042297
48005,-2.9035792549306065
48006,-0.8046266029670606
48009,4.329045882127088
48014,3.8332534738859607
48015,2.3376310398843234
48017,-5.392320534223706
48021,4.821796488206894
48022,-3.512791141657121
48023,-1.886421693849479
48025,0.37267922482721233
48026,0.35577449370552816
48027,-0.18791105543376135
48028,-6.608357628765791
48030,-9.175860613733647
48032,-8.984375
48033,5.288665414672563
48034,9.420603958965469
48035,-1.3286271808999082
48036,-0.9308326805216349
48038,2.4611039081311357
48039,-2.0797907128842383
48040,2.1823770491803276
48041,-3.4972677595628414
48042,8.17176842176002
48043,-4.2971372764450955
48044,3.996558324114559
48045,-2.730553327987169
48047,-0.7621080852965271
48048,46.4426608624677
48049,0.7129798903107861
48050,-27.37913486005089
48051,-3.232568402471315
48054,0.12508686587908271
48059,2.1750733920469707
48060,-0.12344745924974176
48062,-2.7457098283931356
48063,1.8412540432943518
48064,-1.2586377097729518
48065,0.14163052137735682
48066,-0.46751504224407214
48067,-3.6271280606373266
48069,10.317124735729386
48070,0.28359855049629745
48071,-5.475093626752395
48072,-0.7793568668544109
48073,0.0650887573964497
48074,4.875382597289025
48075,8.047249907715024
48076,-4.628209665369038
48079,3.8750722961249275
48080,-1.4378851478074484
48081,-1.3918990511968405
48082,-3.8535299053098404
48083,2.2189413348386817
48084,-0.5810241348486783
48085,8.246124793453458
48088,6.633409734393959
48089,4.413039987152722
48091,-3.094478290300745
48092,3.659035920342453
48093,2.379256901101663
48094,7.024292564683564
48095,4.4497344808643104
48096,-4.953482524515967
48097,-0.07494847292486416
48098,6.854943568939512
48101,3.6086988250748013
48103,-1.2791749592907544
48104,6.900061544288216
48105,6.041290613718411
48108,3.0507435229189026
48109,3.7935994246673856
48111,6.680675313383089
48114,4.13187237534392
48116,-1.109808805215735
48117,2.9816283505672123
48118,2.6529806553493884
48120,18.06989674344718
48122,21.15605828220859
48124,16.868048880955648
48125,9.762401829207674
48126,10.72054771645654
48127,11.94191170357232
48128,15.923745444350995
48130,8.501945525291829
48131,16.24653941425033
48133,21.42210964356794
48134,11.91868560289613
48135,1.0888145670754368
48137,-16.311648436000766
48138,5.131229725744618
48139,-46.3855421686747
48140,1.1855364552459988
48141,4.738548844750709
48143,
48144,0.509196716200769
48145,-19.994319795512638
48146,7.505131252025494
48150,1.6480170510771104
48152,-0.6897879303153774
48154,0.005366966322286328
48157,-6.773211567732115
48158,4.424427076433965
48159,0.0
48160,6.753599155800105
48161,0.5898264332406642
48162,2.6318608720494234
48164,4.858808734423231
48165,28.98120672601385
48166,17.204206061677123
48167,3.4248437075292197
48168,15.058334087003708
48169,0.4832291074474133
48170,2.87571450250392
48173,3.2435404068169325
48174,3.468803295041349
48176,1.2945124874689449
48177,73.70892018779342
48178,10.328511963585182
48179,-3.498931623931624
48180,2.0909031923176746
48182,-0.7101745265503157
48183,0.6422409707081239
48184,4.505558806319486
48185,1.5857760691975011
48186,5.529631357909473
48187,7.545979817708333
48188,10.188624280824412
48189,-2.833262501770789
48190,49.6
48191,0.945038547624969
48192,-1.263157894736842
48193,7.9554955302591805
48195,2.243009798231539
48197,-1.9963113242345998
48198,3.588317829860209
48201,-5.888940122521573
48202,-12.283965434469515
48203,-11.10343338371842
48204,-16.921633419002163
48205,-8.099364529173888
48206,-5.288376220053239
48207,-4.333069877725603
48208,-13.331856937216255
48209,-18.4454264786004
48210,-11.964848283866688
48211,-17.743376004763324
48212,14.812157925500824
48213,-6.2646240784071345
48214,-7.695239910420737
48215,-8.259783513738551
48216,-5.431602048280907
48217,-6.513194834362718
48218,-4.696388411165498
48219,-8.868907734750179
48220,-4.819647642897939
48221,2.5508190250641403
48223,7.122945704181402
48224,-10.605280404456511
48225,13.768928771733036
48226,5.9507419305491815
48227,-7.884052497403456
48228,1.9791452927680055
48229,-0.3540392661731574
48230,6.188944845579758
48233,
48234,-6.208932758271341
48235,1.3534872331426282
48236,3.9086751894255487
48237,-1.1031384120171674
48238,-13.6464302035364
48239,4.580943053029244
48240,-5.392102024834992
48242,
48243,
48301,0.37966101694915255
48302,10.763575390171546
48304,6.451218767181868
48306,-0.36542964592350813
48307,1.3513826217748466
48309,3.9332134251874975
48310,-1.5507936146471433
48312,2.3086162950810065
48313,1.6288592008129352
48314,5.348689668635011
48315,4.777448071216617
48316,4.041965764770845
48317,-1.0810620466230016
48320,-8.574445617740233
48322,1.3008427995602785
48323,-4.161657793806171
48324,-0.9694343065693432
48326,12.824713316171307
48327,-6.069195123048544
48328,-0.9627604266954212
48329,-3.9531243729180883
48331,3.1957514208515794
48334,-0.010629251700680272
48335,7.117909721915204
48336,4.110313562523612
48340,2.609005020358145
48341,9.638073525220861
48342,-2.751658494375541
48346,0.6286036328954784
48348,4.408733330528795
48350,3.629353895240627
48353,9.183359013867488
48356,-6.733737281353607
48357,-0.7967653704364372
48359,5.345650820012455
48360,0.3981750311074243
48362,-4.461792333079462
48363,29.76005523908165
48367,-2.8398005636245394
48370,-11.082474226804123
48371,7.227084103701878
48374,16.2827997690383
48375,5.084522502744237
48377,17.253456221198157
48380,9.773371104815865
48381,0.8769973987365293
48382,3.537663921927417
48383,-3.3298877731836978
48386,2.7154730729818968
48390,0.5691639613811712
48393,19.984382508409418
48401,-10.236768802228411
48410,
48411,-71.42857142857143
48412,4.80029314767314
48413,2.435332966428178
48414,5.190952910641453
48415,-2.8457475476986094
48416,5.4404145077720205
48417,-11.019798281658574
48418,10.753768844221105
48419,-8.078694014231896
48420,-2.8247803975959314
48421,4.2708003796267
48422,-9.097789887980625
48423,5.37523128547684
48426,34.17190775681342
48427,5.303305484925536
48428,11.008991008991009
48429,-2.7463651050080773
48430,5.590213735488771
48432,-18.29268292682927
48433,0.4629449523439019
48434,109.52380952380953
48435,31.288032454361055
48436,11.413189771197848
48437,-49.63820549927641
48438,2.357590624148269
48439,8.265856247788347
48440,-51.072961373390555
48441,0.5559767500631791
48442,9.538702111024238
48444,0.3053917438921651
48445,-12.039127163280662
48446,0.41877964992638633
48449,5.802776788892845
48450,-0.06657789613848203
48451,6.640841173215274
48453,-1.8871633575781404
48454,-1.441899915182358
48455,-5.703106473796538
48456,-2.6737967914438503
48457,10.687118094525502
48458,0.8603399134381927
48460,15.805340223944874
48461,-4.445251937984496
48462,-8.123430211697166
48463,-1.2016021361815754
48464,-7.6674364896073905
48465,-14.660493827160495
48466,-3.843689942344651
48467,0.5719313682358117
48468,12.733748886910062
48469,4.18342719227675
48470,-23.81578947368421
48471,6.629939209726443
48472,-25.093432995194874
48473,2.7523770529093308
48475,7.046292503072511
48476,36.3431151241535
48502,21.153846153846153
48503,-11.340485688833803
48504,-15.450628619861561
48505,-15.541117329033483
48506,-14.587846899824616
48507,-5.7681196636065994
48509,1.3324666883327916
48519,22.563589597027722
48529,-17.77621109880149
48532,2.5524475524475525
48601,-10.211827746923055
48602,-9.122367597139373
48603,7.078012581459299
48604,-6.412189508769145
48607,18.949609652235626
48609,2.07643944407677
48610,13.305613305613306
48611,-5.702428527513065
48612,-7.5548693062755055
48613,7.223942208462332
48614,-35.74244415243101
48615,-4.991568296795953
48616,1.5188500135611607
48617,9.97460170861233
48618,-7.250755287009064
48619,-18.345323741007196
48620,
48621,-11.618257261410788
48622,-4.0332906530089625
48623,9.516901204120122
48624,6.274585670987295
48625,-0.5524014116924966
48626,-0.5227655986509274
48627,13.157894736842104
48628,-18.889809444904724
48629,1.9756032882524528
48630,133.33333333333331
48631,-5.171580473658772
48632,-0.6520450503852994
48633,-23.668639053254438
48634,4.721906923950057
48635,2.48565965583174
48636,16.71232876712329
48637,-6.4214651793789574
48638,-0.6781045751633987
48640,-1.8417974022857486
48642,4.670355434680672
48647,-3.0303030303030303
48649,-5.555555555555555
48650,-12.033759869316635
48651,-9.954657873042045
48652,24.4640605296343
48653,-1.15
48654,10.081008100810081
48655,-1.5182531559194814
48656,-3.172166794576618
48657,-4.588788610652092
48658,-4.9099188279548605
48659,-6.5417256011315414
48661,0.43842927945101035
48662,-19.73929236499069
48701,-17.501626545217956
48703,0.10131712259371835
48705,-20.637898686679172
48706,-0.5230019295216817
48708,-3.3166317678731674
48710,
48720,14.227226202661209
48721,-12.133891213389122
48722,4.716073147256978
48723,1.027481040528419
48724,73.7991266375546
48725,-12.984054669703873
48726,-2.682057375657783
48727,-18.0
48728,8.24372759856631
48729,-4.583602324080052
48730,2.6410026857654434
48731,-6.931316950220542
48732,0.7101123595505618
48733,-2.4193548387096775
48734,-1.3026718064601888
48735,-7.277882797731569
48737,5.1993067590987865
48738,-18.681318681318682
48739,-8.297166198621394
48740,5.996548748921484
48741,2.5602409638554215
48742,-3.3593281343731256
48743,-56.32183908045977
48744,4.240963855421686
48745,15.686274509803921
48746,-5.1582649472450175
48747,20.02791346824843
48748,-20.771349862258955
48749,40.51446945337621
48750,5.952800281789362
48754,5.189189189189189
48755,-5.360134003350084
48756,-12.844238819123156
48757,1.1992368492777323
48759,9.940420194418314
48760,-8.395904436860068
48761,0.9313154831199069
48762,-0.2798507462686567
48763,-0.583266291230893
48765,-24.932249322493224
48766,0.6102212051868803
48767,6.793618116314977
48768,-3.0847782150835017
48770,-7.6378351036924625
48801,6.680764411027569
48806,16.493506493506494
48807,0.0
48808,17.926917510853833
48809,3.9476145930776427
48811,39.96229971724788
48813,-4.3632914394119044
48815,1.9448213478064227
48816,250.50505050505052
48817,-7.928135816713368
48818,-5.930871956009427
48819,-10.972477064220183
48820,3.1376807452706177
48821,1.8620116375727347
48822,-21.294230156200193
48823,-1.8615761212886925
48824,
48825,-14.815977399356509
48827,-0.012499218798825073
48829,7.078266292485188
48831,-10.209068693999457
48832,-13.491525423728815
48834,10.661199384930804
48835,-14.907651715039577
48836,5.413694721825963
48837,2.086537475648518
48838,-0.4798676227247656
48840,-1.159965514538757
48841,-9.40279542566709
48842,-1.5194461223920823
48843,4.144939162989704
48845,-3.729146221786065
48846,10.0304558390334
48847,-5.149923767575809
48848,2.296866702071163
48849,-3.1129707112970713
48850,6.009560664693831
48851,0.6544502617801047
48852,20.28985507246377
48853,11.44578313253012
48854,0.43776072513776587
48855,11.188858695652174
48856,-14.494163424124515
48857,20.559778852798893
48858,-14.238456786433112
48859,
48860,10.87257617728532
48861,26.21825669183253
48862,
48864,3.1211372064276883
48865,-4.861111111111112
48866,-9.699481865284975
48867,-1.002588501221335
48870,3.3816425120772946
48871,11.321695760598503
48872,-11.937350077606885
48873,-9.489993544222079
48874,110.22727272727273
48875,2.07923574037651
48876,18.8840092999225
48877,-19.28600738613049
48878,7.626514611546685
48879,4.422245917279309
48880,0.9362730292962852
48881,-7.798931195724783
48883,-5.440158259149357
48884,11.857972309066547
48885,26.48401826484018
48886,-17.840851495185
48888,-2.7861698556562606
48889,20.97959183673469
48890,-3.3740831295843523
48891,-0.17427675148135238
48892,-0.7745446933221687
48893,-2.351416404369561
48894,31.0989010989011
48895,0.541259982253771
48896,-7.903780068728522
48897,-0.4857737682165163
48906,-0.5632183908045977
48910,-6.708789665824207
48911,3.494248203357119
48912,-6.640825400444622
48915,1.5297335629622126
48917,0.6528023873915881
48933,29.60135708227311
49001,-9.619797525309336
49002,-1.9439399145844583
49004,11.042067979867024
49006,-4.7805642633228835
49007,-1.2155212716222534
49008,-2.910164487557992
49009,4.979622742355745
49010,4.270945144342128
49011,13.502304147465438
49012,14.281307834669956
49013,-9.937332139659803
49014,-1.1051793574974245
49015,9.892207500561419
49017,-9.531495180452813
49021,1.3753398368782983
49022,-3.961949907116777
49024,5.558051916629221
49026,-26.250553342186812
49027,85.62091503267973
49028,-11.772853185595569
49029,-18.031784841075797
49030,1.9270192701927018
49031,13.793103448275861
49032,-3.579952267303103
49033,9.681372549019608
49034,-19.05667554203119
49036,6.4219402095221865
49037,-0.5862847806237687
49038,-7.833655705996131
49040,5.593116164720344
49042,-0.752665690988919
49043,-2.8699551569506725
49045,3.2687191182060054
49046,-6.721927211501101
49047,-0.09051033906565481
49048,-5.902501194838298
49050,-2.1247429746401645
49051,14.716106604866743
49052,13.990825688073393
49053,6.8107955348311435
49055,-1.5259895088221267
49056,6.77483632223171
49057,-7.562174667437825
49058,0.9540375289900908
49060,52.459016393442624
49061,11.67076167076167
49063,
49064,0.10695187165775401
49065,14.02572952620019
49066,-2.12443095599393
49067,-14.447099717575496
49068,4.4044665012406945
49070,-12.369057211925865
49071,20.16542770390535
49072,-16.42380085003036
49073,1.6966269440517066
49074,63.970588235294116
49075,14.482758620689657
49076,-11.81642719279434
49078,16.124736433248252
49079,0.8234149262669361
49080,-5.268941937847243
49082,2.8500414250207124
49083,-2.175279768640764
49084,-66.66666666666666
49085,2.0821706091958956
49087,-4.297905352986811
49088,4.517906336088155
49089,37.34466971877044
49090,-1.748101447198739
49091,1.5204259240298965
49092,-3.426017874875869
49093,2.0865618773522248
49094,-13.931743805516597
49095,11.022138483278379
49096,-11.11111111111111
49097,4.509768121234252
49098,-1.8702416418404502
49099,4.681784930504755
49101,-2.1614319486659914
49102,-5.788177339901478
49103,1.5502462155754149
49104,-38.35263835263835
49106,8.493555884217198
49107,4.680512769551823
49111,-4.952434247341913
49112,2.876835480970932
49113,-2.367531003382187
49115,-76.54584221748401
49116,-53.941908713692946
49117,-12.039439543331603
49119,-27.56756756756757
49120,-0.09232607396947809
49125,3.8332534738859607
49126,34.77851083883129
49127,0.7541071909507137
49128,-4.3332401453732174
49129,1.8612521150592216
49130,-26.406429391504016
49201,10.365812880358456
49202,-7.39461655662773
49203,-2.4053170165629285
49220,25.392552714221623
49221,0.6644355961599531
49224,-5.708605509798352
49227,5.291005291005291
49228,-0.7561785319070454
49229,-6.633499170812604
49230,-4.178934371735207
49232,11.14714227807053
49233,36.91943127962085
49234,-5.042326094957674
49235,-3.6048689138576777
49236,9.122426868905741
49237,2.564102564102564
49238,8.659217877094973
49240,-2.403746097814776
49241,-30.322338830584705
49242,-2.1344504288848993
49245,-8.74563744610963
49246,18.091079226450404
49247,-3.0373414329104875
49248,3.5169988276670576
49249,-16.375436844732903
49250,-7.99241825935871
49251,0.1554001554001554
49252,0.8968609865470852
49253,-7.62858129099068
49254,34.38162544169611
49255,-12.772073921971252
49256,-7.511266900350526
49258,
49259,27.44539411206078
49261,-32.850241545893724
49262,-0.8012820512820512
49263,-100.0
49264,-22.40289069557362
49265,0.39146604032100213
49266,4.541183839649233
49267,2.7054619703930576
49268,11.753554502369669
49269,-12.307692307692308
49270,-2.3570190641247835
49271,-2.797202797202797
49272,7.705553164012054
49274,7.220943613348677
49276,8.7173100871731
49277,-10.726325467361324
49279,16.057441253263708
49282,-73.30827067669173
49283,3.5067074605789594
49284,-6.368563685636857
49285,6.580555070692966
49286,2.0302797739482314
49287,6.117290192113246
49288,4.473503097040606
49289,-51.49700598802395
49301,0.47004700470047006
49302,10.290055248618785
49303,-14.232902033271719
49304,14.576607896697293
49305,18.37037037037037
49306,5.382298649567668
49307,-12.027308381348957
49309,-4.433497536945813
49310,-18.24979230130158
49312,-48.05194805194805
49315,12.291639032586108
49316,13.255116206170795
49318,-17.48599875544493
49319,11.191895113230036
49320,195.06172839506172
49321,-7.607419582061517
49322,-30.060975609756095
49323,8.53085308530853
49325,27.426810477657938
49326,-7.0106146630461605
49327,3.2227488151658767
49328,-2.124505928853755
49329,7.374911074223381
49330,2.1578852724330155
49331,0.4586629973626878
49332,19.8943661971831
49333,15.25363287866631
49335,-68.8195991091314
49336,1.8929656461790136
49337,13.738544008300192
49338,-1.6738995660260385
49339,-0.26785714285714285
49340,-19.22685656154629
49341,7.946763861276784
49342,-31.360946745562128
49343,3.4824172072379653
49344,8.012198502911007
49345,-6.029002071576541
49346,-10.391945343401654
49347,14.349112426035504
49348,5.656774604184899
49349,-3.460425317729961
49401,23.877337060982
49402,18.146417445482864
49403,5.0
49404,0.1910112359550562
49405,22.573687994248743
49406,13.682678311499272
49408,10.586268157592226
49409,
49410,-5.8913934426229515
49411,1.1583011583011582
49412,8.276291225886744
49415,-7.899562702778954
49417,6.78365214025354
49418,6.680928666619907
49419,5.32654581574373
49420,-5.895865237366003
49421,0.9010570091838502
49423,2.3614935565590924
49424,0.9892123786913241
49425,-8.760072783987523
49426,13.75087966220971
49428,0.5135438139669452
49430,
49431,-0.16909620991253643
49434,-17.647058823529413
49435,-5.279429250891796
49436,7.870967741935483
49437,-7.823995472552349
49440,50.63879210220673
49441,1.8338936897385312
49442,9.095083869096534
49443,
49444,-10.967851099830796
49445,5.610125592532865
49446,-8.098591549295776
49448,15.586460246654422
49449,8.816425120772948
49450,-13.355970571590268
49451,8.292352043411904
49452,11.271820448877804
49453,3.078078078078078
49454,-1.8469115534578289
49455,9.297389089365316
49456,2.724552469945929
49457,4.945729117508259
49458,41.05263157894737
49459,32.076984763432236
49460,9.55747897110813
49461,0.3644939965694683
49464,-0.3330586457904134
49503,2.7531741026133214
49504,5.592899224001453
49505,1.440406703069102
49506,-0.3295183735914561
49507,3.825236149782716
49508,3.1541914351571028
49509,4.231471339905075
49512,12.75329877474081
49519,-1.415375970217399
49525,3.6029611518609075
49534,6.140148544540296
49544,0.1706827309236948
49546,1.6925037792334827
49548,5.87569584633266
49601,5.547141234380916
49611,104.56852791878173
49612,26.126126126126124
49613,-16.544655929721817
49614,13.615903975993998
49615,-2.759980285855101
49616,-0.6696428571428571
49617,1.4093529788597052
49618,5.867665418227216
49619,-1.9029495718363463
49620,5.791650996615269
49621,14.263943919536725
49622,-2.9446876243533624
49623,6.899641577060931
49625,-2.037489812550937
49626,-37.84615384615385
49627,42.02127659574468
49628,21.62162162162162
49629,-0.6727534839019702
49630,4.175513092710545
49631,-8.578999668764492
49632,-10.611205432937181
49633,-16.89119170984456
49634,91.11111111111111
49635,-6.909090909090909
49636,39.37947494033413
49637,12.58588382261087
49638,14.801444043321299
49639,13.212795549374132
49640,-21.46433041301627
49642,43.28147100424328
49643,17.03159211761026
49644,-9.476661951909476
49645,16.183107672469372
49646,2.6621897109965222
49648,23.59442575684767
49649,-8.495733027639792
49650,8.229036295369212
49651,-2.199769791533444
49653,-5.536723163841808
49654,17.391304347826086
49655,0.938824954572986
49656,2.7909738717339665
49657,-0.3991484832357637
49659,5.769801245921092
49660,2.546441243999165
49663,-1.6913319238900635
49664,15.055555555555555
49665,-0.7009910563210056
49667,33.46693386773547
49668,-4.80225988700565
49670,-16.48987463837994
49674,176.81159420289856
49675,-31.39427516158818
49676,-3.3258803801006147
49677,2.0263705759888966
49679,7.307386814932486
49680,16.541353383458645
49682,7.196790939122227
49683,-6.009389671361502
49684,-47.27154989913078
49685,
49686,-23.427325317260806
49688,-13.152011922503725
49689,17.51824817518248
49690,-5.23121387283237
49696,
49701,-24.36028659160696
49705,2.937853107344633
49706,10.941068981269986
49707,0.5482205674082873
49709,-2.77697425513451
49710,-40.86021505376344
49712,3.2928508826843625
49713,9.00900900900901
49715,3.412866203563878
49716,6.147091108671789
49717,-66.16915422885572
49718,-3.3012379642365883
49719,4.43609022556391
49720,3.393870601589103
49721,-1.612450925406618
49722,-85.57692307692307
49724,-4.401993355481728
49725,-5.88235294117647
49726,-11.728395061728394
49727,-8.657891165694124
49728,30.96085409252669
49729,-3.6231884057971016
49730,-5.15695067264574
49733,-29.278702518139138
49735,4.93291843085242
49736,-2.208835341365462
49738,-0.16696232912449127
49740,8.110853163087638
49743,14.838709677419354
49744,-7.120743034055728
49745,9.826589595375722
49746,2.221581073283324
49747,6.707946336429309
49748,-7.82122905027933
49749,12.5
49751,-2.08827717133365
49752,31.35483870967742
49753,-6.01383714741884
49755,-11.105476673427992
49756,6.018389523544163
49757,-1.5312131919905771
49759,-0.616860863605209
49760,-2.1156558533145273
49762,-9.276729559748427
49764,-100.0
49765,21.658115041857954
49766,4.383680555555555
49768,50.51194539249146
49769,0.9445100354191263
49770,2.889461962255304
49774,-4.54054054054054
49775,-47.61904761904761
49776,-18.03814713896458
49777,6.805399325084364
49779,1.7374092808445127
49780,-12.779552715654951
49781,-6.180501680889579
49782,10.606060606060606
49783,-3.0711648892534864
49784,
49788,-29.614505063704673
49791,-14.342629482071715
49793,-52.63157894736842
49795,-0.05068423720223011
49796,-0.5305039787798408
49799,-7.363834422657953
49801,0.01738828029907842
49802,-2.9591508523641044
49805,303.125
49806,20.58252427184466
49807,-9.912023460410557
49808,75.42372881355932
49812,-8.90642615558061
49814,-12.10564930300807
49815,-46.61458333333333
49816,11.46589259796807
49817,2.955665024630542
49818,24.36548223350254
49820,-5.660377358490567
49821,4.870129870129871
49822,-25.742574257425744
49825,58.857142857142854
49826,4.918032786885246
49827,34.41340782122905
49829,-1.5293911622205358
49831,-28.427672955974842
49833,-54.58015267175572
49834,156.8281938325991
49835,-13.683010262257698
49836,21.502890173410407
49837,3.9046919282040515
49838,-22.727272727272727
49839,-4.037267080745342
49840,6.475903614457831
49841,-2.915411990145086
49847,2.490421455938697
49848,3.296703296703297
49849,-4.206683070084927
49852,26.666666666666668
49853,-9.390444810543658
49854,-0.7078507078507079
49855,-0.38250707788687427
49858,0.33695560609889647
49861,3.888888888888889
49862,-12.579710144927535
49863,3.3333333333333335
49864,-50.0
49866,2.3114204051199203
49868,-16.773827534039334
49870,6.042296072507553
49871,-9.107468123861565
49872,41.25
49873,19.27710843373494
49874,-2.3506366307541624
49876,49.70344009489917
49877,-74.35897435897436
49878,-8.430980280080023
49879,20.6401766004415
49880,6.773283160865475
49881,-1.9230769230769231
49883,46.61016949152542
49884,28.863636363636363
49885,-18.786256135653726
49886,0.36968576709796674
49887,8.19929384072185
49891,0.487012987012987
49892,4.78858889454916
49893,-11.680726800778714
49894,49.01960784313725
49895,43.82207578253707
49896,3.151515151515152
49901,3.018867924528302
49902,24.2603550295858
49903,79.62962962962963
49905,12.82420749279539
49908,-10.185185185185185
49910,-33.42618384401114
49911,1.7266715650257163
49912,-12.257405515832483
49913,5.371960984131606
49915,65.51724137931035
49916,-2.582543314808761
49917,22.35294117647059
49918,-8.256880733944955
49919,-61.59695817490495
49920,0.45367717287488063
49921,69.95305164319248
49922,34.749620637329286
49925,43.141592920353986
49927,-28.308823529411764
49929,45.033112582781456
49930,0.2206896551724138
49931,4.385786802030458
49934,-19.753086419753085
49935,1.1058183055461042
49938,2.5379347388210016
49942,-69.60352422907489
49945,12.594962015193921
49946,-0.7696254489481785
49947,-52.97142857142857
49948,33.111111111111114
49950,-28.75816993464052
49952,33.0
49953,-8.78459687123947
49955,5.39906103286385
49958,3.965303593556382
49959,-11.253196930946292
49960,15.897435897435896
49961,78.48101265822784
49962,19.021739130434785
49963,-41.037204058624575
49965,-1.3779527559055118
49967,-30.19607843137255
49968,2.5096525096525095
49969,-20.13835511145273
49970,-1.0714285714285714
49971,-10.367170626349893
50001,-22.92225201072386
50002,4.296604296604296
50003,30.336288166596315
50005,-15.369458128078817
50006,-2.1591610117211597
50007,-6.679389312977099
50008,-22.977022977022976
50009,11.526836894215737
50010,2.000488668987844
50012,-57.053552823504894
50013,
50014,4.159612256415364
50020,7.919123841617523
50021,2.7628664739667403
50022,6.007585953750153
50023,32.76246989013571
50025,-4.580896686159844
50026,-29.581993569131832
50027,7.063197026022305
50028,28.41648590021692
50029,-2.9982363315696645
50031,
50032,188.88888888888889
50033,-55.55555555555556
50034,21.052631578947366
50035,33.26324642556771
50036,0.9655002767357481
50038,263.2352941176471
50039,117.06349206349206
50040,
50041,108.51063829787233
50042,-32.20338983050847
50044,-16.94756554307116
50046,3.8340666247642994
50047,11.96422544718191
50048,-2.8785982478097623
50049,-0.5397902529302899
50050,4.795486600846263
50051,-12.063492063492063
50052,-41.42857142857143
50054,2.3109937273027406
50055,31.25
50056,-15.722379603399434
50057,-19.736842105263158
50058,-10.014443909484834
50060,-2.512963701635421
50061,60.97560975609756
50062,21.843971631205676
50063,-4.022556390977443
50064,41.75824175824176
50065,2.013422818791946
50066,-13.147410358565736
50067,14.71861471861472
50068,25.675675675675674
50069,-3.7213740458015265
50070,-16.888297872340424
50071,-8.539094650205762
50072,24.924406047516197
50073,-24.547600314712824
50074,-57.048458149779734
50075,-15.271493212669684
50076,-6.278026905829597
50078,-31.08108108108108
50101,54.54545454545454
50102,39.56043956043956
50103,-2.4390243902439024
50104,17.72151898734177
50105,3.1746031746031744
50106,20.121951219512198
50107,-39.90461049284579
50108,6.829268292682928
50109,10.401814646791964
50110,
50111,20.485154576063668
50112,3.3647963642719803
50115,3.689899366380917
50116,-45.11494252873563
50117,55.91397849462365
50118,-23.18271119842829
50119,-20.3579418344519
50120,86.45833333333334
50122,16.320246343341033
50123,28.635682158920538
50124,12.129446640316205
50125,1.6776512881965249
50126,-7.632376280479007
50127,-100.0
50128,20.50561797752809
50129,5.681818181818182
50130,-3.9239730226854688
50131,16.957837204762836
50132,82.62910798122066
50133,14.75
50134,53.266331658291456
50135,2.5355596784168215
50136,-5.116279069767442
50137,
50138,8.287787832631485
50139,-28.459343794579173
50140,-6.125670982001894
50141,-18.0623973727422
50142,-17.793964620187307
50143,-25.0
50144,-2.789295137580098
50145,
50146,27.247956403269757
50147,-11.518324607329843
50148,-10.26252983293556
50149,-13.449691991786446
50150,-5.144694533762058
50151,10.22530329289428
50152,
50153,5.838509316770186
50154,76.36887608069163
50155,-54.794520547945204
50156,2.6071586389748123
50157,-24.2749731471536
50158,-0.5573171903526473
50160,29.53020134228188
50161,8.855291576673865
50162,3.579952267303103
50163,-18.046971569839307
50164,20.390070921985814
50165,-73.38709677419355
50166,29.896907216494846
50167,57.330827067669176
50168,14.305364511691884
50169,-2.5978191148171907
50170,5.778432094221568
50171,-7.189045264359072
50173,-7.012987012987012
50174,2.9496402877697845
50201,0.35100459937061246
50206,0.8064516129032258
50207,2.708703374777975
50208,-1.8198493917744738
50210,5.227882037533512
50211,22.538293216630198
50212,-2.73972602739726
50213,9.048316251830162
50214,-32.656826568265686
50216,16.700861715223635
50217,-16.943521594684384
50218,74.28571428571429
50219,1.7815420560747661
50220,1.8024107243438097
50222,-25.992063492063494
50223,-27.200000000000003
50225,16.467174464998184
50226,14.322291566650664
50227,221.875
50228,-3.0303030303030303
50229,58.54214123006833
50230,-12.761904761904763
50231,-16.48936170212766
50232,45.73991031390135
50233,-0.0675219446320054
50234,-17.03958691910499
50235,-3.45679012345679
50236,9.813664596273291
50237,-7.41296518607443
50238,-12.640239341810023
50239,80.51948051948052
50240,-18.754349338900486
50241,
50242,-13.405797101449277
50243,75.22935779816514
50244,-0.5235602094240838
50246,11.526479750778815
50247,1.430374421539756
50248,-8.519774011299434
50249,16.51452282157676
50250,6.804478897502153
50251,10.380881254667662
50252,15.639810426540285
50254,8.270676691729323
50255,-18.84057971014493
50256,-2.8089887640449436
50257,4.722222222222222
50258,-22.769516728624538
50261,9.13937547600914
50262,-59.44055944055944
50263,17.532437760762917
50264,27.72020725388601
50265,5.136238488559765
50266,23.355914538822304
50268,16.139240506329113
50269,
50271,2.975206611570248
50272,2.9629629629629632
50273,6.948130277442702
50274,-52.34657039711191
50275,-30.733229329173167
50276,-27.13128038897893
50277,1.680672268907563
50278,10.807291666666668
50309,51.087662337662344
50310,0.18485446627189273
50311,1.2570188871873405
50312,-4.404145077720207
50313,-3.0066815144766146
50314,-16.416673572553243
50315,3.720293286924767
50316,-3.2601115760111576
50317,-6.577456997602929
50319,
50320,7.460454154013507
50321,-14.796137339055793
50322,2.9049522826928036
50323,21.101657620654247
50324,4.208416833667335
50325,9.988750074012671
50327,12.330467157166918
50401,-0.4511019283746556
50420,4.675324675324675
50421,-11.155015197568389
50423,-8.354803091645197
50424,6.536856745479833
50426,57.99999999999999
50427,
50428,-3.9903137502632138
50430,-27.450980392156865
50431,-3.286384976525822
50432,11.063829787234042
50433,-12.980769230769232
50434,11.442786069651742
50435,2.998500749625187
50436,-1.0102710894089915
50438,-4.202689721421709
50439,98.83040935672514
50440,-43.427620632279535
50441,-1.8265682656826567
50444,-15.48223350253807
50446,0.19193857965451055
50447,9.93897122929381
50448,-19.02313624678663
50449,25.141242937853107
50450,6.28977910894796
50451,-12.842105263157894
50452,22.138364779874216
50453,4.6966731898238745
50454,24.242424242424242
50455,-45.10703363914373
50456,-1.218836565096953
50457,28.254847645429365
50458,7.3866292660121555
50459,7.329105003523609
50460,69.76190476190476
50461,-10.459363957597173
50464,-8.571428571428571
50465,9.35672514619883
50466,25.352977286678946
50467,13.186813186813188
50468,9.830268741159829
50469,7.156798959011061
50470,-17.40740740740741
50471,7.086614173228346
50472,14.954128440366974
50473,-57.5682382133995
50475,-2.5561097256857854
50476,-6.524633821571238
50477,-17.624521072796934
50478,3.1413612565445024
50479,29.349736379613354
50480,1.2304250559284116
50482,-17.912218268090154
50483,16.972477064220186
50484,-21.94513715710723
50501,1.1307645953706
50510,-3.3073929961089497
50511,-2.775476387738194
50514,-25.563909774436087
50515,15.81196581196581
50516,8.422664624808576
50517,-7.433808553971486
50518,-20.993227990970656
50519,-7.755102040816326
50520,121.24999999999999
50521,-93.2806324110672
50522,9.761904761904763
50523,2.457757296466974
50524,-14.262295081967213
50525,-0.29291154071470415
50527,-63.06620209059234
50528,1.4749262536873156
50529,28.62849533954727
50530,4.149026248941575
50531,-1.276595744680851
50532,-1.7917133258678613
50533,1.7339544513457557
50535,-2.6548672566371683
50536,-4.904993371630579
50538,13.306451612903224
50539,-25.493421052631575
50540,37.98185941043084
50541,25.51282051282051
50542,14.337349397590362
50543,-12.833099579242639
50544,28.162291169451077
50545,-36.440677966101696
50546,14.527027027027026
50548,-0.10720028586742897
50551,-62.5
50552,
50554,-0.05970149253731343
50556,-63.33333333333333
50557,4.377564979480164
50558,3.1988873435326846
50559,-6.291390728476822
50560,34.28030303030303
50561,55.38057742782152
50562,3.1413612565445024
50563,-5.331799002685079
50565,-11.395348837209303
50566,2.2522522522522523
50567,-28.719723183391004
50568,0.18987341772151897
50569,-0.9146341463414633
50570,-27.61904761904762
50571,-35.36895674300254
50573,74.35897435897436
50574,7.196029776674938
50575,-45.13947590870668
50576,-29.69187675070028
50577,-10.930232558139535
50578,9.744408945686901
50579,21.45608628659476
50581,-19.15343915343915
50582,-37.102473498233216
50583,-17.0316301703163
50585,-3.7480063795853265
50586,-18.685121107266436
50588,4.048011296775711
50590,-1.805869074492099
50591,-26.60332541567696
50592,
50593,-52.23880597014925
50594,-1.4705882352941175
50595,-3.404860959054084
50597,8.609271523178808
50598,11.557788944723619
50599,18.387909319899247
50601,-1.1613936724068883
50602,-19.837587006960558
50603,-49.705882352941174
50604,-7.331042382588775
50605,-48.708487084870846
50606,13.110539845758353
50607,-18.71345029239766
50608,
50609,-16.812227074235807
50611,-7.848101265822785
50612,11.28048780487805
50613,-0.9781722670048003
50616,-8.722264728385616
50619,-12.212463404433292
50620,10.0
50621,7.184846505551927
50622,-8.963344788087056
50623,
50624,-4.13129598189021
50625,-0.2976190476190476
50626,-16.353887399463808
50627,-0.27506112469437655
50628,-2.9532403609515994
50629,5.887600356824264
50630,-22.606120434353404
50631,
50632,34.30051813471503
50633,-3.3707865168539324
50634,7.5418994413407825
50635,-22.714203565267397
50636,23.74013357619915
50638,-2.6884862653419055
50641,-18.535211267605632
50642,-2.3529411764705883
50643,17.35632183908046
50644,-2.1690267475837266
50645,40.080563947633436
50647,14.350028137310073
50648,-11.818578281726994
50649,
50650,-15.487804878048781
50651,0.5293953747561995
50652,63.888888888888886
50653,-20.0
50654,-27.75330396475771
50655,9.352517985611511
50657,
50658,2.103491796381994
50659,12.73069679849341
50660,-6.72713529856387
50662,-5.248578509986879
50664,95.52238805970148
50665,-10.047043010752688
50666,-38.82752761257434
50667,5.194805194805195
50668,-5.618892508143322
50669,-1.6680567139282736
50670,14.05275779376499
50671,-1.6483516483516485
50672,-26.956521739130434
50673,50.306748466257666
50674,0.9124607927003138
50675,-0.5154639175257731
50676,-0.42775665399239543
50677,4.85357025337282
50680,-10.651828298887123
50681,1.8223234624145785
50682,-6.941309255079006
50701,-2.2738330792435693
50702,6.387980376124284
50703,-2.8486305665900065
50707,-15.769452449567723
50801,-6.2192440582138
50830,8.664459161147903
50831,
50833,-6.101843722563652
50835,-26.506024096385545
50836,5.1194539249146755
50837,-1.1560693641618496
50839,84.375
50840,8.24561403508772
50841,-11.065420560747663
50842,-27.722772277227726
50843,-7.41444866920152
50845,-8.333333333333332
50846,15.709969788519636
50847,-31.182795698924732
50848,-22.933333333333334
50849,-1.440329218106996
50851,16.018662519440124
50853,-6.477732793522267
50854,-4.998032270759543
50857,-26.48401826484018
50858,3.780964797913951
50859,41.1663807890223
50860,-35.0
50861,45.75471698113208
50862,-53.52112676056338
50863,-35.333333333333336
50864,-13.485374318294497
51001,3.7653239929947455
51002,-3.4919548099965767
51003,0.0
51004,-11.8488253319714
51005,4.061624649859944
51006,17.976424361493123
51007,2.8933092224231465
51008,75.0
51009,1.2195121951219512
51010,25.304878048780488
51011,4.054054054054054
51012,2.5649095200629426
51014,20.54176072234763
51015,
51016,-16.19190404797601
51018,63.03191489361703
51019,-34.49074074074074
51020,-6.36215334420881
51022,25.696202531645568
51023,13.737704918032787
51024,19.785794813979706
51025,-1.4594866633115249
51026,34.13705583756345
51027,21.34927412467976
51028,-7.2735590118938696
51029,-7.28476821192053
51030,-5.651397977394408
51031,3.4666885730715515
51033,81.10236220472441
51034,-7.291082445316882
51035,19.923954372623573
51036,-23.094425483503983
51037,-39.08523908523909
51038,6.332931242460796
51039,3.599374021909233
51040,-2.3958927552766687
51041,-5.36822228216887
51044,-4.845814977973569
51045,
51046,-13.578756789378394
51047,-1.849217638691323
51048,-13.793103448275861
51049,8.423326133909287
51050,15.13431706394249
51051,-44.642857142857146
51052,20.893719806763286
51053,19.21858500527983
51054,-2.273547455792133
51055,-23.663663663663666
51056,44.54828660436137
51058,7.793633369923161
51060,-4.130808950086059
51061,-52.65423242467718
51062,-31.931166347992352
51063,-4.507512520868113
51101,23.27188940092166
51103,-3.08884709636975
51104,0.9313051576566589
51105,16.1831744716121
51106,2.822295764697133
51108,-2.543859649122807
51109,19.557317476048894
51111,-15.646258503401361
51201,5.54808338937458
51230,122.30769230769232
51231,62.56544502617801
51232,16.216216216216218
51234,-4.842615012106537
51235,-25.313653136531368
51237,2.471368294153104
51238,35.10125361620058
51239,-1.4864010120177102
51240,-30.29525032092426
51241,30.361305361305362
51242,42.32365145228216
51243,-25.589225589225588
51244,110.00000000000001
51245,-11.612903225806452
51246,20.838359469240046
51247,-5.692782709378618
51248,-8.839190628328009
51249,3.640256959314775
51250,13.302859821847163
51301,-1.3683283988157158
51331,-6.697247706422019
51333,-19.427402862985684
51334,-0.1142857142857143
51338,-8.88671875
51340,
51341,14.705882352941178
51342,7.875307629204266
51343,-13.149847094801222
51345,-7.929515418502203
51346,-4.7186147186147185
51347,13.19832402234637
51350,-39.231824417009605
51351,5.480052608505042
51354,17.45689655172414
51355,-5.800214822771213
51357,18.660287081339714
51358,11.911111111111111
51360,4.9182343538669615
51363,-27.77777777777778
51364,-4.710632570659488
51365,8.184143222506394
51366,-19.628647214854112
51401,1.6957647648483836
51430,51.00830367734282
51431,5.466970387243736
51432,
51433,34.66666666666667
51436,29.629629629629626
51439,-30.47790802524797
51440,-18.69688385269122
51441,16.28498727735369
51442,-2.761540012094336
51443,-23.58490566037736
51444,23.357664233576642
51445,-9.397417503586802
51446,-17.576791808873722
51447,-33.91304347826087
51448,34.1991341991342
51449,-6.2645011600928076
51450,0.8356545961002786
51451,-53.2258064516129
51452,
51453,-17.51152073732719
51454,-8.565866320571057
51455,-7.358412567176519
51458,-22.355289421157686
51459,-1.5151515151515151
51460,
51461,11.56015037593985
51462,-9.099616858237548
51463,-3.2
51465,-10.960591133004927
51466,22.476190476190478
51467,-17.03125
51501,0.8259755055539733
51503,-0.3038124428671291
51510,-0.026448029621793177
51520,11.224489795918368
51521,-5.061349693251533
51523,-1.3333333333333335
51525,-12.554489973844813
51526,1.8276762402088773
51527,-21.936758893280633
51528,-13.941018766756033
51529,15.746658919233003
51530,-19.974554707379134
51531,12.968299711815561
51532,-4.329608938547486
51533,-4.853273137697517
51534,2.3540898242568886
51535,-17.105893627216098
51536,4.5
51537,7.246830489904524
51540,-18.933333333333334
51541,47.89156626506024
51542,-12.603495860165593
51543,-26.55367231638418
51544,6.618705035971223
51545,-13.968253968253968
51546,7.463209530483532
51548,32.89817232375979
51549,-18.25726141078838
51550,-0.7246376811594203
51551,-10.995052226498075
51552,-30.612244897959183
51553,13.285272914521112
51554,-50.56179775280899
51555,-0.4508196721311476
51556,-16.121495327102803
51557,13.161465400271371
51558,94.6236559139785
51559,14.678899082568808
51560,-12.095032397408207
51561,-45.206391478029296
51562,2.748414376321353
51563,12.006079027355623
51564,16.54501216545012
51565,0.5692599620493358
51566,3.8857318384272768
51570,-7.852412488174078
51571,41.77693761814745
51572,-8.661417322834646
51573,1.0110294117647058
51575,14.927436074637178
51576,-7.937999060591827
51577,21.98712051517939
51578,144.82758620689654
51579,-12.089738263398422
51601,-3.5726673603884844
51630,-37.130801687763714
51631,27.547169811320753
51632,-4.226350872216707
51636,4.3478260869565215
51637,-6.521739130434782
51638,6.048703849175176
51639,3.6568213783403656
51640,-0.5952380952380952
51645,-13.333333333333334
51646,9.243697478991598
51647,153.26086956521738
51648,36.868686868686865
51649,52.18978102189781
51650,-19.318181818181817
51651,
51652,-8.118081180811808
51653,-3.34835801674179
51654,-37.278106508875744
51656,-41.66666666666667
52001,-1.4474439977024698
52002,8.62509117432531
52003,2.3931243980143737
52030,-12.958963282937367
52031,3.775743707093822
52032,0.1423487544483986
52033,11.049723756906078
52035,11.953612845673506
52036,
52037,-13.486238532110093
52038,-5.871886120996441
52039,-15.37744641192917
52040,0.6778451658936854
52041,0.582010582010582
52042,8.977719528178243
52043,-15.60798548094374
52044,149.57983193277312
52045,21.90082644628099
52046,10.49792531120332
52047,24.186046511627907
52048,-36.570247933884296
52049,-24.331550802139038
52050,-31.811023622047248
52052,0.3472222222222222
52053,25.908221797323133
52054,-18.586956521739133
52056,
52057,5.042890564075903
52060,-5.822605409235857
52064,-15.491452991452991
52065,-21.523809523809522
52066,27.77777777777778
52068,0.6511001347103726
52069,-2.295918367346939
52070,57.21716514954487
52071,
52072,158.8235294117647
52073,11.39240506329114
52074,-10.30640668523677
52075,
52076,-11.449752883031302
52077,-18.926553672316384
52078,18.31610044313146
52079,-31.086519114688127
52101,-3.7499071805153337
52132,-2.7411702688455457
52133,-2.336448598130841
52134,-18.882978723404257
52135,-7.920792079207921
52136,0.526673462453279
52140,-24.875621890547265
52141,-23.47266881028939
52142,7.314148681055157
52144,-25.987078248384783
52146,-6.580366774541532
52147,-18.83817427385892
52151,7.16743119266055
52154,-22.96983758700696
52155,6.25
52156,5.745341614906832
52157,-19.680264608599778
52158,27.350427350427353
52159,7.057256990679095
52160,-3.3073929961089497
52161,-12.146003775959722
52162,0.5383961462170587
52163,31.538461538461537
52164,16.22641509433962
52165,57.86435786435786
52166,20.0
52168,31.57894736842105
52169,13.586956521739129
52170,7.234042553191489
52171,18.848758465011286
52172,1.3726487036095576
52175,-2.108768035516093
52201,1.6172506738544474
52202,28.498985801217035
52203,17.52682677567706
52205,-4.100202201752415
52206,6.72
52207,-33.33333333333333
52208,-4.5004787743376955
52209,-13.520197856553997
52210,36.70520231213873
52211,11.261071277941797
52212,178.75
52213,-5.031909671084929
52214,-27.381572097865696
52215,42.48554913294797
52216,6.458635703918723
52217,8.058608058608058
52218,2.519496100779844
52219,5.263157894736842
52220,-59.38566552901023
52221,49.583333333333336
52222,44.18145956607495
52223,-11.836115326251896
52224,5.054715997915581
52225,34.6031746031746
52227,-10.995589161940769
52228,9.987966305655837
52229,1.1918951132300357
52231,132.27513227513228
52232,51.48514851485149
52233,-1.4864675361099426
52235,35.51829268292683
52236,-36.711990111248454
52237,9.810554803788904
52240,6.3783247783481105
52241,10.906222266048713
52242,150.30229746070134
52245,-10.553170810723254
52246,-2.449674686694904
52247,-10.932969469554836
52248,-14.646725116039194
52249,-4.477611940298507
52251,-9.523809523809524
52252,
52253,-15.16267648864334
52254,10.757946210268948
52255,-18.29011913104415
52257,-13.620071684587815
52301,12.951226233122073
52302,7.677794269326557
52305,60.332103321033216
52306,-24.985574148874782
52307,-70.1863354037267
52308,-6.0606060606060606
52309,45.16971279373368
52310,-3.4260255031494853
52312,-47.31182795698925
52313,14.730878186968837
52314,-1.0534979423868314
52315,3.346613545816733
52316,-28.207964601769913
52317,14.903896103896102
52318,24.553039332538738
52320,11.591695501730104
52321,5.287356321839081
52322,-31.11271155923659
52323,19.58195819581958
52324,15.0
52325,-49.00221729490023
52326,48.97540983606557
52327,19.954501137471564
52328,5.7479471617279545
52329,-15.98224195338513
52330,22.946544980443285
52332,-12.21042471042471
52333,9.585099939430648
52334,61.875
52335,-6.211180124223603
52336,3.1685678073510775
52337,29.93527508090615
52338,8.30546265328874
52339,-6.363636363636363
52340,80.46576294751478
52341,19.33815925542916
52342,-11.565672100892034
52344,
52345,6.621621621621622
52346,-7.673267326732673
52347,-5.853994490358127
52348,19.696969696969695
52349,2.8720977050060394
52351,4.139433551198257
52352,1.602747567258157
52353,-3.8130116329168464
52354,-27.67857142857143
52355,-3.3444816053511706
52356,-2.2382397572078907
52358,16.396703608979823
52359,98.12206572769952
52361,7.747747747747748
52362,-2.2172949002217295
52401,1.211556383970177
52402,1.378720167348103
52403,7.334279882864496
52404,6.797092483761212
52405,4.726011007418043
52411,7.794925451216322
52501,2.943159598139033
52530,-12.782694198623402
52531,-2.13903743315508
52533,-35.917625681405205
52534,45.83333333333333
52535,-20.53654024051804
52536,-33.742911153119096
52537,-7.0732042301881615
52540,2.5
52542,-2.0224719101123596
52543,12.600536193029491
52544,8.818244644091223
52548,-33.663366336633665
52549,-26.35933806146572
52550,59.20398009950249
52551,45.94594594594595
52552,17.40139211136891
52553,-10.033931168201649
52554,-18.252126836813613
52555,-45.027624309392266
52556,-13.700355660936575
52557,738.5714285714287
52560,-39.82494529540481
52561,13.455328310010763
52562,
52563,21.232876712328768
52565,4.746317512274959
52566,48.0225988700565
52567,-40.053404539385845
52568,
52569,1.9417475728155338
52570,3.9014373716632447
52571,-10.28858218318695
52572,-11.082910321489003
52573,16.86046511627907
52574,-32.313341493268055
52576,-21.330724070450096
52577,-5.855885229866319
52580,29.874776386404296
52581,-0.7220216606498195
52583,83.19672131147541
52584,99.05882352941177
52585,-21.052631578947366
52586,67.75067750677508
52588,
52590,11.538461538461538
52591,-16.541822721598002
52593,-7.051282051282051
52594,97.31543624161074
52595,22.22222222222222
52601,-5.425878320479863
52619,-6.065573770491803
52620,-1.4590347923681257
52621,45.46925566343042
52623,-6.657156443176415
52624,130.55555555555557
52625,-17.080511662904442
52626,-10.597014925373134
52627,-0.7103825136612022
52630,-46.26168224299065
52631,
52632,-5.5703125
52635,23.49869451697128
52637,17.827626918536012
52638,-11.187607573149743
52639,-24.124513618677042
52640,-11.067708333333332
52641,6.695536309127248
52644,28.532608695652172
52645,17.13405238828968
52646,-16.28571428571429
52647,-10.714285714285714
52649,-18.71657754010695
52650,15.968992248062017
52651,-44.22827496757458
52652,
52653,-6.129227053140097
52654,-13.76770538243626
52655,-6.1389700921969865
52656,-3.327716933445661
52657,-1.5151515151515151
52658,19.716494845360824
52659,-7.415107415107415
52660,85.33333333333334
52701,30.107526881720432
52720,1.9607843137254901
52721,10.878112712975097
52722,10.956697428056572
52726,0.45186640471512773
52727,6.232294617563739
52728,-17.3953488372093
52729,10.120481927710843
52730,3.574363188167625
52731,6.438356164383562
52732,-4.565321188526095
52737,-41.94915254237288
52738,-10.225165562913908
52739,22.17391304347826
52742,-3.081053439018154
52745,-1.7057569296375266
52746,30.93220338983051
52747,5.330599692465402
52748,-4.707379134860051
52749,-7.698607698607699
52750,-5.871559633027523
52751,-1.0050251256281406
52752,-24.948453608247423
52753,10.832879695155144
52754,8.453757225433527
52755,7.377049180327869
52756,-30.388529139685478
52757,9.1324200913242
52758,23.72093023255814
52759,
52760,68.4863523573201
52761,-0.1447320811815401
52765,-8.629441624365482
52766,-11.791907514450866
52767,60.16260162601627
52768,-17.329910141206675
52769,-23.348017621145374
52771,
52772,6.226149829282988
52773,15.246832678025338
52774,23.684210526315788
52776,3.5781152485957977
52777,-6.661732050333087
52778,-18.263005135074796
52801,54.09836065573771
52802,-9.617930773595612
52803,-5.786207499344463
52804,-2.0494648010813576
52806,-1.0172032264972517
52807,13.370210469508907
53001,-9.211873080859775
53002,0.20973154362416108
53003,-39.24050632911392
53004,10.442260442260443
53005,8.674238616946427
53006,10.33081834010447
53007,3.1943692474282623
53010,0.4526694181866596
53011,-10.038445108927808
53012,0.4399377649015505
53013,11.490125673249551
53014,-0.2875
53015,12.432640492686682
53016,2.6525198938992043
53017,-4.483188044831881
53018,-2.1295252411374173
53019,-6.029882604055496
53020,-3.521505376344086
53021,-11.757672379434037
53022,3.5751457119067442
53023,-48.67363344051447
53024,11.539376635736378
53027,3.6141376561254317
53029,1.901849285611889
53031,
53032,3.1385504852364234
53033,17.506371299745147
53034,-0.8839127872716559
53035,1.0351966873706004
53036,2.014294996751137
53037,4.995277573722321
53038,0.9574964969640354
53039,5.614798694232862
53040,1.7613991255465336
53042,-2.2333235380546577
53044,-4.787904241915162
53045,9.39319932368965
53046,19.346289752650176
53047,226.8292682926829
53048,11.551778407302486
53049,-21.239837398373986
53050,3.8484136310223267
53051,6.060772419093629
53057,13.880320789636027
53058,-9.718670076726342
53059,5.421363392377885
53061,-5.947812739831159
53063,5.108173076923077
53065,3.6537625054371463
53066,6.621103324970441
53069,-10.533515731874145
53070,-4.464285714285714
53072,6.178790534618756
53073,10.770920573899911
53074,2.5280467189180884
53075,6.943105110896817
53076,-5.6731583403895005
53078,6.466784244562023
53079,-7.746478873239436
53080,-10.992968616017835
53081,1.2848268072289157
53083,8.248132127408573
53085,2.9289443412087426
53086,8.449529257537838
53088,-47.004608294930875
53089,2.4610930148389434
53090,-0.9466593846714
53091,19.026790595954076
53092,-0.24042994531397321
53093,-0.741839762611276
53094,-3.302157897486807
53095,1.6175875886915922
53097,25.412541254125415
53098,-0.8896492728828057
53099,
53103,-4.003181336161187
53104,8.484381025838797
53105,0.006845798391237378
53108,-11.974209395148911
53110,-3.190065835251298
53114,-24.72862957937585
53115,-0.5067985166872682
53118,-2.891271888149858
53119,1.3113592060960482
53120,14.260230849947533
53121,1.4572242834865838
53122,5.451281214297373
53125,-5.389221556886228
53126,-4.129067541700848
53127,
53128,2.3626434860135963
53129,3.053060078607524
53130,-0.7093113231880319
53132,0.8353121944405644
53137,-8.979841172877215
53139,-19.859207113745832
53140,2.4629535002554928
53142,6.312302839116719
53143,-10.266957344411995
53144,-3.102537773214024
53146,-2.320302648171501
53147,6.221349050425671
53149,-0.4789320833545626
53150,2.97699059065391
53151,2.4843153945584664
53153,13.645790128577353
53154,1.9613352815555805
53156,15.240013427324605
53157,
53158,5.774681152574398
53167,-59.154929577464785
53168,9.576340805069828
53170,-16.014234875444842
53172,-2.3932027377861695
53176,
53177,0.668417283361184
53178,-2.170818505338078
53179,-1.7027417027417027
53181,5.973154362416108
53182,-1.1242973141786383
53183,10.153736145870576
53184,-5.02663886958536
53185,-1.8853974121996304
53186,-0.3580623205989406
53188,-4.070487557707465
53189,2.0963476794542597
53190,5.664656461007164
53191,16.79771265189421
53192,158.0
53195,9.25925925925926
53202,4.906456718477335
53203,44.3335709194583
53204,0.7996503136891906
53205,-9.983412813601493
53206,-14.042892516892602
53207,-6.560417114599011
53208,-8.875271792844435
53209,1.8822806748129786
53210,-10.343928158885122
53211,-2.7191092958849694
53212,-6.73713703515028
53213,-1.0626172004265177
53214,-1.0099863822060826
53215,-4.400167380178324
53216,-7.9419705105764375
53217,2.427085457882929
53218,-1.543719066698091
53219,2.297281598513011
53220,3.1127957730300944
53221,-4.589082916106973
53222,-7.068520206624126
53223,-1.820961440462035
53224,-0.6386819086407183
53225,-0.44879171461449946
53226,-2.8322098552542196
53227,-2.104111433741531
53228,0.0
53233,-10.13267429760666
53235,1.264718709114697
53295,-19.072164948453608
53402,7.816843327122217
53403,2.556373764737304
53404,-16.171384654796977
53405,9.997169086423748
53406,-2.2120231735761045
53501,-5.681818181818182
53502,2.3255813953488373
53503,-1.5120967741935485
53504,10.5106593951413
53505,-16.55328798185941
53506,-5.588235294117648
53507,7.095343680709535
53508,8.341039393378953
53510,-0.411240575736806
53511,0.057470084768375035
53515,22.293577981651378
53516,-8.408023900981647
53517,1.675041876046901
53518,9.593023255813954
53520,3.6299042323138706
53521,-4.6771193196917356
53522,-19.038984587488667
53523,5.688187668673448
53525,-0.740009866798224
53526,-2.4432809773123907
53527,2.165372316126085
53528,4.667893592103062
53529,23.557925351429958
53530,3.5785288270377733
53531,-11.518093556928509
53532,11.249745710992066
53533,2.579392594647067
53534,3.048065650644783
53536,2.265554553651939
53537,16.288384512683578
53538,-1.5980038224676152
53540,-56.15942028985508
53541,-7.444444444444444
53543,0.4025301897642324
53544,18.19484240687679
53545,5.217771941343839
53546,-5.705474171164225
53548,8.440683447420902
53549,-3.892070270794914
53550,-0.2572898799313894
53551,11.404235182775347
53553,14.606741573033707
53554,-20.7258064516129
53555,4.188606988989947
53556,-8.784313725490197
53557,18.71345029239766
53558,10.242309675201925
53559,0.5873715124816447
53560,-3.902170926078593
53561,5.348189415041783
53562,14.320997334169672
53563,5.740098558131046
53565,-5.189662359316382
53566,-0.5620949609839968
53569,-34.55988455988456
53570,1.6858237547892718
53571,-77.48344370860927
53572,-3.1624251497005993
53573,-1.0423452768729642
53574,7.316442605997932
53575,10.591573622848681
53576,3.60122968818621
53577,-9.533750869867779
53578,-0.40511062636335304
53579,-3.016759776536313
53580,-11.454545454545455
53581,-0.2354557048955165
53582,8.241758241758241
53583,3.9911684782608696
53584,
53585,-1.4886164623467601
53586,-2.8751123090745736
53587,2.680067001675042
53588,-5.957767722473605
53589,-1.3380909901873328
53590,10.696713998011575
53593,23.897788958029924
53594,-0.19727756954034328
53597,9.581797788815894
53598,50.84473049074819
53599,90.38461538461539
53703,20.956327701625757
53704,3.4066947812335266
53705,-0.5186308146493258
53706,-41.19712689545092
53711,4.269366197183098
53713,1.164653418192839
53714,-5.06088506088506
53715,12.81763301979503
53716,1.9750013527406525
53717,3.037084398976982
53718,40.06299212598425
53719,4.103453713925248
53726,-7.019935253024364
53792,
53801,14.507198228128459
53802,396.2962962962963
53803,5.425709515859766
53804,-1.1747430249632893
53805,8.863460046547711
53806,-8.08022922636103
53807,-9.746914871365824
53808,-22.06494587843464
53809,10.175029171528587
53810,-16.842105263157894
53811,-2.0226785167024213
53812,
53813,6.920296092270614
53816,9.16767189384801
53817,58.45070422535211
53818,-2.567282649138038
53820,-3.0176026823134956
53821,-6.914444310365633
53825,-18.890814558058924
53826,18.744769874476987
53827,34.20074349442379
53901,2.3996718397484105
53910,19.87075928917609
53911,7.906626506024097
53913,5.054382597568778
53916,1.7574071620965248
53919,-16.485167104769058
53920,24.21875
53922,18.28193832599119
53923,-0.7585899152164213
53924,-10.853242320819112
53925,11.293582617483578
53926,13.946406820950061
53928,-16.39344262295082
53929,10.654784967067028
53930,-7.783543365455893
53931,44.25531914893617
53932,-0.8906882591093117
53933,-14.078536367692996
53934,-5.948121645796064
53935,-15.53398058252427
53936,-49.18940292605773
53937,-1.5653775322283612
53939,15.708812260536398
53940,
53941,3.4550839091806513
53942,
53943,19.776119402985074
53944,23.591022443890274
53946,-8.162816281628164
53947,143.05555555555557
53948,3.419330946796692
53949,7.2642967542503865
53950,-2.710951526032316
53951,5.474764756201882
53952,13.233036536690207
53953,-21.338912133891213
53954,-0.8624470106709546
53955,3.567606136282554
53956,-8.418829209414605
53959,2.8123426598575847
53960,-8.421052631578947
53961,10.95066185318893
53962,
53963,-0.07903434401494468
53964,-3.6482439422815136
53965,10.030335649280751
53968,5.19197207678883
53969,-10.743801652892563
54001,2.017178552837064
54002,5.433938829374321
54003,28.57142857142857
54004,-8.95460224906289
54005,-0.8127438231469442
54006,17.011834319526628
54007,-13.741721854304636
54009,5.601577909270217
54011,3.9321626894792137
54013,1.0017678255745435
54014,-2.1082894106372785
54015,9.216850438224485
54016,6.268457654567971
54017,14.063497591270533
54020,15.070093457943926
54021,8.503913305237809
54022,4.655428421696218
54023,15.252994377902713
54024,3.377814845704754
54025,-3.3557046979865772
54026,10.649350649350648
54027,10.589410589410589
54028,17.27312582200789
54082,23.799725651577504
54101,16.46661665416354
54102,-7.914572864321608
54103,4.831932773109244
54104,-4.943625325238508
54106,-4.380361379813834
54107,-0.3021148036253776
54110,2.832912306026705
54111,-10.422049956933678
54112,16.28106255355613
54113,2.4624964619303706
54114,12.128190366532335
54115,7.915164650463321
54119,-17.91767554479419
54120,-21.21212121212121
54121,1.3773222293401666
54123,-12.236286919831224
54124,-2.5752314814814814
54125,-12.204724409448819
54126,6.493171862921927
54127,0.0
54128,29.054054054054053
54129,7.3571203031259875
54130,9.261792176325764
54135,-5.450603902136884
54136,8.476988771152934
54137,2.941176470588235
54138,2.127659574468085
54139,3.1575623618566464
54140,-12.198447661002728
54141,13.530927835051546
54143,1.4685977260422307
54149,-5.411764705882352
54150,-6.174819566960705
54151,3.9689644882124737
54152,
54153,1.4606902477445223
54154,1.1081322609472744
54155,20.891912320483748
54156,-6.797966963151207
54157,10.584518167456556
54159,5.0834597875569045
54160,-23.411371237458194
54161,-10.8983286908078
54162,5.206703910614525
54165,-0.2421616110119806
54166,-0.5314702018392452
54169,14.582586886420637
54170,8.977035490605429
54171,4.135538954108858
54173,-16.87116564417178
54174,2.7796383121232418
54175,19.25133689839572
54177,-7.810894141829394
54180,-5.431591309453905
54201,1.7307692307692308
54202,23.965651834504293
54204,17.301875378100423
54205,8.118811881188119
54207,-3.5502958579881656
54208,-2.345758354755784
54209,18.778625954198475
54210,-12.219730941704036
54211,6.785714285714286
54212,-24.22360248447205
54213,11.085626911314984
54214,99.16666666666667
54215,
54216,-3.2482966249405796
54217,4.904519851627971
54220,3.4349101109269413
54227,7.440667094291212
54228,4.351032448377581
54229,6.462070456019019
54230,-3.077945084145261
54232,1.3002364066193852
54234,34.67690339091491
54235,8.44273154281585
54241,-1.4917088739332547
54245,-10.697887970615243
54246,3.1026252983293556
54247,12.581244196843084
54301,-0.23907257882628896
54302,-0.43087061208972244
54303,-2.2293676312968915
54304,2.212356912239507
54307,4.532839962997224
54311,6.227325963378752
54313,7.807154790633536
54401,1.9183793114679346
54403,-0.7461793224532142
54405,-3.002388263391334
54406,12.355212355212355
54407,-12.851662404092071
54408,20.136186770428015
54409,0.9772496286451412
54410,-2.310498581272801
54411,-9.71689497716895
54412,2.2310361923648983
54413,53.383458646616546
54414,7.792998477929985
54416,-11.813186813186812
54417,-82.85714285714286
54418,10.178384050367262
54420,11.076684740511231
54421,10.722543352601157
54422,3.435114503816794
54423,-6.6724814653292635
54424,-6.943620178041543
54425,-6.8460812086874405
54426,-5.762040906091928
54427,-1.0628875110717448
54428,6.047516198704104
54430,-19.696969696969695
54433,1.7964071856287425
54435,-7.296925195043598
54436,0.09078529278256922
54437,-2.7918781725888326
54440,-8.415337631489649
54441,-5.245535714285714
54442,46.53098982423682
54443,-4.719501335707925
54446,7.052273430250541
54447,6.208425720620843
54448,-0.16540642722117202
54449,0.56920887658167
54450,6.026785714285714
54451,-4.83284254287199
54452,0.850494784701792
54454,-2.138275124732716
54455,8.293785310734464
54456,-2.9954306989338297
54457,-2.1232710507158457
54458,13.402061855670103
54459,11.053984575835475
54460,5.196304849884527
54462,16.408668730650156
54463,25.04145936981758
54464,
54465,31.62705667276051
54466,-3.8628158844765346
54467,5.7241230901656985
54469,17.160883280757098
54470,2.363724071394115
54471,-11.808910359634996
54473,-6.516105146242132
54474,13.05398871877518
54475,-17.650676506765066
54476,4.245332770804768
54479,-7.107906258047901
54480,1.070663811563169
54481,-5.428326180257511
54482,4.799566630552546
54484,11.720948934459189
54485,13.690476190476192
54486,-9.238891333040035
54487,0.8017492711370262
54488,-10.823529411764705
54489,-6.578947368421052
54490,24.53066332916145
54491,1.2129380053908356
54493,-14.61187214611872
54494,4.183860614397066
54495,5.24073835032916
54498,-6.578947368421052
54499,-4.763525008506295
54501,5.600718168669892
54511,13.064133016627078
54512,87.98988621997471
54513,0.4618937644341801
54514,6.280720917531403
54515,40.61032863849765
54517,125.92592592592592
54519,-1.550387596899225
54520,-9.851645804357904
54521,8.92164468580295
54524,-3.988995873452544
54525,15.289256198347106
54526,-20.539906103286384
54527,-7.588357588357589
54529,-0.8568980291345331
54530,-13.438256658595641
54531,-7.234042553191489
54534,15.419501133786847
54536,1.5706806282722512
54537,20.75098814229249
54538,-2.559894978667542
54539,5.263157894736842
54540,4.4520547945205475
54541,18.248772504091654
54542,65.72890025575447
54545,-4.161979752530934
54546,-9.520000000000001
54547,-6.505700871898055
54548,17.21619365609349
54550,-2.65625
54552,7.473658417054644
54554,9.533267130089374
54555,-0.125997480050399
54556,-9.685430463576159
54557,13.246471226927254
54558,8.955223880597014
54559,10.869565217391305
54560,7.570422535211267
54561,416.6666666666667
54562,7.122507122507122
54563,12.466124661246612
54564,3.4739454094292808
54565,-32.25806451612903
54566,7.257448433919023
54568,-0.12150668286755771
54601,1.1617091175364642
54603,-3.66331096196868
54610,-0.5144694533762058
54611,8.43471208434712
54612,10.33017957134582
54613,13.671184443134942
54614,-9.352256186317321
54615,1.9596916504132997
54616,-3.159126365054602
54618,2.489814395654142
54619,1.1168831168831168
54621,1.3303769401330376
54622,-3.7127503663898387
54623,-1.909892262487757
54624,8.2537517053206
54625,25.581395348837212
54626,-1.1527377521613833
54627,15.148063781321182
54628,-2.1739130434782608
54629,-4.7784200385356455
54630,7.29559748427673
54631,7.964601769911504
54632,2.0890099909173476
54634,-5.467372134038801
54635,-1.8109790605546123
54636,10.310103367789262
54637,-13.186813186813188
54638,1.056338028169014
54639,-6.643757159221077
54642,14.105671352399419
54643,
54644,-13.934426229508196
54645,108.92857142857142
54646,-9.950366343653982
54648,6.790123456790123
54650,3.9482583699695635
54651,-12.508884150675195
54652,19.341126461211477
54653,34.146341463414636
54654,54.21686746987952
54655,-6.570155902004454
54656,2.7736559753452803
54657,-1.912568306010929
54658,1.7973856209150325
54659,-8.102189781021899
54660,-1.4470443349753694
54661,5.986878075451066
54664,0.5454545454545455
54665,8.91735435398448
54666,4.155746911269188
54667,1.9864837190251894
54669,6.820794482053902
54670,-0.6166495375128468
54701,3.1087183049670024
54703,0.6972019577061594
54720,17.686894170760855
54721,1.337295690936107
54722,-6.073272682567002
54723,-14.07849829351536
54724,3.2901023890784984
54725,13.757009345794394
54726,1.4730878186968839
54727,0.22587268993839835
54728,-3.7772712471507655
54729,4.68113767871904
54730,8.931097191351789
54731,-3.953147877013177
54732,-5.14018691588785
54733,0.9295120061967467
54734,-14.695752009184845
54736,4.61916461916462
54737,-6.722689075630252
54738,11.03181683021112
54739,-2.547169811320755
54740,-1.683673469387755
54741,5.617352614015573
54742,8.327953518398967
54745,21.314102564102562
54746,-14.526588845654995
54747,-9.100957995578481
54748,-0.9715994020926756
54749,18.046875
54750,14.480587618048268
54751,0.7916796026078858
54754,-6.216377764494919
54755,3.027357311484516
54756,7.005649717514125
54757,7.190533980582524
54758,2.8754700287547
54759,0.6206896551724138
54760,-36.46616541353384
54761,2.1204410517387617
54762,-2.185792349726776
54763,-11.962931760741364
54766,9.607498535442296
54767,-13.04116865869854
54768,7.84218217243059
54769,-23.49397590361446
54770,4.584120982986768
54771,1.6961130742049468
54772,8.217821782178218
54773,3.7339556592765457
54801,-8.616031221855298
54805,16.070124178232287
54806,-0.6915031549831446
54810,30.576208178438662
54812,6.666666666666667
54813,12.357723577235772
54814,7.910906298003072
54817,6.190926275992439
54819,-3.2820097244732573
54820,4.993429697766097
54821,16.653449643140362
54822,4.061352343918773
54824,-6.194314806957998
54826,-5.722070844686648
54827,26.82926829268293
54828,18.473282442748094
54829,11.119766309639727
54830,12.84758887715593
54832,16.666666666666664
54835,-3.9361702127659575
54836,7.157464212678937
54837,-1.7934782608695652
54838,2.6006711409395975
54839,38.559322033898304
54840,9.616273693943597
54841,-20.28985507246377
54842,91.91176470588235
54843,11.007045884172538
54844,-3.4090909090909087
54845,-3.007518796992481
54846,36.075949367088604
54847,-0.9433962264150944
54848,4.517025712300208
54849,-5.524581855043081
54850,99.38271604938271
54853,-12.929007992477667
54854,-9.89010989010989
54855,3.063457330415755
54856,1.9851116625310175
54857,-16.666666666666664
54858,-12.357630979498861
54859,39.33415536374846
54861,53.14685314685315
54862,16.25
54864,11.390532544378699
54865,21.670428893905193
54867,46.049046321525886
54868,3.1065184896341065
54870,16.75531914893617
54871,7.5016307893020215
54872,6.6893424036281175
54873,19.497999272462714
54874,-2.617115938236064
54875,13.920704845814976
54876,20.673076923076923
54880,0.27209078541327936
54888,1.647058823529412
54889,13.924558587479934
54891,2.581438229870928
54893,9.423076923076923
54895,-8.856502242152468
54896,5.344585091420535
54901,-4.038768060054501
54902,-1.9469666169761035
54904,4.621868414891126
54909,-6.4030131826742
54911,-2.775682606728013
54913,19.52998379254457
54914,-0.025502885013867195
54915,2.400205665139759
54921,23.580034423407916
54922,-23.75613174491941
54923,2.721010332950631
54926,
54927,-19.646365422396855
54928,7.575757575757576
54929,2.306633004360799
54930,15.825545171339565
54931,34.45945945945946
54932,-5.971223021582734
54933,10.038610038610038
54935,0.8304071367561925
54937,9.474725389140506
54940,16.791333505287593
54941,6.977758395115568
54942,18.179853004755728
54943,17.582417582417584
54944,2.0433092726263187
54945,-1.5914351851851853
54946,370.5882352941177
54947,-12.956555171088043
54948,-20.087336244541483
54949,-2.8779069767441863
54950,-10.396207246867592
54952,3.1782975313823494
54956,7.70174261183495
54960,3.3214709371292996
54961,3.205221174764322
54962,-5.172413793103448
54963,3.8811138363872457
54964,0.5257623554153523
54965,-17.43869209809264
54966,-5.683419445749178
54967,19.63350785340314
54968,-2.6883622214361513
54970,5.046728971962617
54971,0.3076923076923077
54974,13.89090909090909
54977,2.1846370683579983
54978,
54979,33.482810164424514
54980,109.01639344262296
54981,-2.880604796663191
54982,1.2809564474807857
54983,-1.1947700631199278
54984,1.7396907216494846
54985,25.783132530120483
54986,9.204683084376262
55001,-0.6680026720106881
55003,5.802603036876356
55005,5.569857243154693
55006,-7.871794871794872
55007,5.066666666666666
55008,2.3504694373317574
55009,5.06198347107438
55011,3.6259182520248636
55012,2.9611650485436893
55013,0.41019630823322595
55014,2.9996774540372004
55016,9.214115000702938
55017,15.309842041312272
55018,-4.695304695304695
55019,6.8540433925049316
55020,12.79707495429616
55021,4.058457920376281
55024,6.860603942808888
55025,6.08509234828496
55026,21.095890410958905
55027,-7.833065810593901
55029,-19.753086419753085
55030,-4.306864064602961
55031,-7.297830374753452
55032,-6.361542890040299
55033,-1.6889185580774366
55036,-58.76288659793815
55037,4.175321977565434
55038,9.044188500894784
55040,10.687912942090945
55041,-2.89054470709147
55042,37.64693077927731
55043,-2.047592695074709
55044,17.732927627777993
55045,5.134441291717335
55046,10.723514211886306
55047,-0.13049151805132667
55049,2.7048216385731085
55051,-0.4566683964711988
55052,-3.6979166666666665
55053,-12.267343485617598
55054,2.849336455893833
55055,19.45480631276901
55056,1.8789443488238669
55057,0.8006054329642317
55060,2.2584649334528653
55063,-1.8325165139569572
55065,8.013355592654424
55066,4.2176273789283165
55068,7.921971811806359
55069,8.112613446934617
55070,8.7339639756382
55071,4.576902607770091
55072,-2.2120017520805955
55073,11.842467639768659
55074,-7.220822837951301
55075,1.7143701660180304
55076,2.379496825770045
55077,2.0243508874871643
55079,0.8566797869877286
55080,30.492730210016155
55082,-1.1213215184334318
55084,23.863636363636363
55085,-10.973084886128365
55087,5.0761421319796955
55088,-10.080862533692722
55089,-3.309431880860452
55090,-3.0927835051546393
55092,1.3920480393048857
55101,5.751779980455116
55102,9.066562517435697
55103,3.097569822270584
55104,-1.135328489857584
55105,0.8198840344203567
55106,-0.017339436815092247
55107,-1.2640542878052026
55108,-3.30218461927011
55109,0.5671966379639698
55110,-4.60572576594676
55111,669.2307692307693
55112,0.9703846490843774
55113,0.1282796011230516
55114,8.760230372840255
55115,-2.207676946971378
55116,7.912355447352404
55117,1.114366897531522
55118,2.4712278472075124
55119,6.964997154240182
55120,18.747142203932327
55121,8.486322188449847
55122,-3.241267012811454
55123,9.406583035117386
55124,8.775362460623374
55125,6.916258455796595
55126,3.3157894736842106
55127,2.7509252610064627
55128,-0.020821043134261027
55129,19.920897570425378
55130,9.698529000503383
55150,-45.3125
55155,
55301,9.465329991645781
55302,1.5275813295615277
55303,6.712179920864342
55304,1.1560693641618496
55305,6.232195512019591
55306,0.1406297768266585
55307,3.6922122246354325
55308,-0.20753346477119433
55309,11.085118826093892
55310,16.627450980392155
55311,0.9346543114268165
55312,-5.078125
55313,5.007688151934505
55314,-16.56298600311042
55315,24.175022789425707
55316,-2.2429674914288076
55317,2.6169447170428524
55318,9.451028168494112
55319,4.997234003319196
55320,7.339626276247352
55321,1.2393636699963004
55322,6.737904422677353
55324,1.1996572407883461
55325,0.7797270955165692
55327,52.2238586156112
55328,4.50005369992482
55329,10.08616320324379
55330,15.301645338208408
55331,6.203391703032646
55332,7.550644567219153
55333,-6.60024906600249
55334,0.47427946005107624
55335,-8.592425098925947
55336,3.3692384769539077
55337,6.118317129063119
55338,-1.3876040703052728
55339,-6.122448979591836
55340,22.673964034401877
55341,7.854225573358467
55342,0.8314855875831485
55343,5.219165718322018
55344,-11.907604154231825
55345,-2.2789425706472195
55346,7.865168539325842
55347,2.127659574468085
55349,-10.41297187737522
55350,5.3833974213978735
55352,10.995670995670997
55353,-3.797083839611179
55354,13.390313390313391
55355,0.07333682556312204
55356,18.072050673000792
55357,-2.223473121305939
55358,10.182767624020887
55359,13.116032439176545
55360,12.46051246051246
55362,3.6811095469002555
55363,16.006739679865206
55364,-4.430847845088415
55366,-11.877394636015326
55367,6.790123456790123
55368,-1.1976047904191618
55369,6.970260223048327
55370,-10.597826086956522
55371,8.2050330798244
55372,4.273556416435348
55373,-4.030006978367062
55374,7.319229984354806
55375,-17.84321372854914
55376,8.789279653578324
55378,7.159113729165272
55379,9.609364366408057
55381,-4.67047223663726
55382,-10.712468193384224
55384,8.173618940248026
55385,0.0794912559618442
55386,26.68506109578242
55387,8.845747091705695
55388,2.2157831941366966
55389,6.024573919936584
55390,19.91375931007448
55391,-3.776232308443143
55395,-11.69811320754717
55396,4.862475442043222
55397,8.53031860226105
55398,7.500154961879378
55401,30.825187542623322
55402,89.06666666666668
55403,5.159629879281819
55404,0.7150007150007149
55405,7.0292939409113675
55406,7.291729232986967
55407,-9.593627055689954
55408,3.190368217673171
55409,-4.4480353801666945
55410,3.2211562360192874
55411,-0.9444642106284568
55412,10.561778464443586
55413,0.9176942930886148
55414,0.33402545815654056
55415,41.83082271147161
55416,10.508053734003948
55417,-0.38461538461538464
55418,-0.14914243102162564
55419,9.028898342379346
55420,2.9072065346273765
55421,10.645103324348607
55422,-2.6287792992209753
55423,1.6099241902136456
55424,2.2447138991882953
55425,10.638297872340425
55426,-4.388432541915157
55427,13.482260183968462
55428,6.468802480299702
55429,1.5051303135390226
55430,2.9343084989205623
55431,6.193773512894608
55432,7.644151565074135
55433,-1.9452346062121082
55434,8.261560885119914
55435,2.4420469456188947
55436,13.569391634980988
55437,7.526464556891869
55438,-2.6157308838737148
55439,2.3444444444444446
55441,-1.7565535023635583
55442,-0.07616146230007616
55443,1.3425298682103708
55444,11.330358826117012
55445,16.38706329989623
55446,16.258956204689024
55447,0.9766175227720914
55448,5.849481094419043
55449,18.277890761185358
55450,-100.0
55454,-8.064516129032258
55455,351.9492293744334
55601,145.16129032258064
55602,81.35593220338984
55603,-31.05263157894737
55604,17.428924598269468
55605,-15.459610027855152
55606,-41.6
55607,99.1869918699187
55609,-49.814126394052046
55612,-16.614420062695924
55613,0.5376344086021506
55614,3.5080121264616717
55615,40.082644628099175
55616,6.135504507124164
55702,-15.341959334565619
55703,31.28654970760234
55704,5.714285714285714
55705,-3.317393903167962
55706,2.877697841726619
55707,0.48382219534321136
55708,-9.759036144578314
55709,17.612576605382362
55710,27.38301559792028
55711,-13.713405238828969
55712,6.878306878306878
55713,4.343629343629344
55716,-21.994134897360702
55717,-31.891891891891895
55718,-6.855439642324888
55719,-3.7627118644067794
55720,4.139161462979483
55721,3.959062752491247
55722,-15.822222222222221
55723,-17.735042735042736
55724,-2.3661270236612704
55725,-13.157894736842104
55726,4.25531914893617
55731,-11.317595847982588
55732,7.618343195266272
55733,10.698644421272158
55734,7.894736842105263
55735,-1.2316715542521994
55736,-14.78201634877384
55738,21.084337349397593
55741,-8.631826189078097
55742,-51.64556962025316
55744,0.8484304037530569
55746,0.19492025989367986
55748,0.43859649122807015
55749,18.181818181818183
55750,0.4784688995215311
55751,-18.358662613981764
55752,39.549839228295816
55753,24.731182795698924
55756,-46.22222222222222
55757,-5.027932960893855
55758,5.714285714285714
55760,-5.209656925031767
55763,-10.76923076923077
55764,7.495069033530571
55765,-9.25925925925926
55767,2.290562036055143
55768,-12.197547232350017
55769,0.3799071338117349
55771,-10.708310094813163
55772,-22.55639097744361
55775,-7.8114478114478105
55779,0.5882352941176471
55780,1.639344262295082
55781,19.65065502183406
55782,1.650943396226415
55783,8.926961226330027
55784,-0.8333333333333334
55785,65.75342465753424
55786,-49.307479224376735
55787,13.186813186813188
55790,-8.194308145240432
55792,1.919346605410924
55793,-2.3006134969325154
55795,13.917216556688663
55796,
55797,-13.600000000000001
55798,-4.272151898734177
55802,16.38564634673584
55803,0.7957258156189609
55804,8.780454882904772
55805,3.808835672997523
55806,1.946766388033436
55807,-3.876910618483652
55808,-8.994346410827479
55810,-7.117231801874784
55811,3.40702210663199
55812,-1.8101887768295837
55814,-44.927536231884055
55901,5.806934033667086
55902,7.966839378238342
55903,
55904,6.678513253368873
55905,
55906,9.4631532910562
55909,3.4850640113798006
55910,-7.164179104477612
55912,1.400850887205562
55917,1.480086114101184
55918,20.382882882882882
55919,-11.836379460400348
55920,10.933229207340881
55921,-1.2218649517684887
55922,21.241050119331742
55923,-8.477071939419437
55924,-12.941176470588237
55925,-1.6433853738701727
55926,-9.293680297397769
55927,-3.632577510411846
55929,2.5841816758026623
55931,35.44668587896253
55932,-5.917706888580675
55933,6.4655172413793105
55934,18.78707976268952
55935,15.413533834586465
55936,-3.9291643608190374
55939,-10.54421768707483
55940,3.602941176470588
55941,20.964360587002094
55943,-3.3118971061093245
55944,7.91944482242482
55945,7.398373983739838
55946,-0.5103572500750525
55947,0.830949461926168
55949,11.502890173410405
55950,-31.976744186046513
55951,-9.510869565217392
55952,11.20515920999597
55953,2.813599062133646
55954,-5.042016806722689
55955,1.55420773313116
55956,5.912076806467914
55957,22.188449848024316
55959,-18.629807692307693
55960,-0.6105006105006106
55961,50.70821529745042
55962,5.405405405405405
55963,12.09992193598751
55964,-0.585321927059883
55965,-12.664092664092664
55967,-3.317972350230415
55968,35.1063829787234
55969,8.604206500956023
55970,9.989909182643794
55971,-5.450391644908616
55972,1.293267402054013
55973,-15.0
55974,4.937655860349127
55975,9.338705854467884
55976,8.55614973262032
55977,-5.1020408163265305
55979,-13.769941225860622
55981,-4.256372185102697
55982,19.187358916478555
55983,8.743523316062177
55985,-5.319720580333154
55987,-2.482888971620035
55990,5.0732807215332585
55991,13.93188854489164
55992,12.112618999392344
56001,5.858196446530338
56003,6.246109151276198
56007,2.217284417549168
56009,4.2172980700500355
56010,-21.10365398956003
56011,4.080966372837088
56013,4.391497313711749
56014,1.5965166908563133
56016,3.1904287138584246
56017,13.003663003663005
56019,2.6119402985074625
56020,-32.231404958677686
56021,4.401913875598086
56022,15.625
56023,-6.83453237410072
56024,12.44865718799368
56025,4.731182795698925
56026,-10.826771653543307
56027,-16.342412451361866
56028,-19.660755589822667
56029,-16.453900709219855
56030,
56031,-0.3025972934353198
56032,7.951070336391437
56033,14.824797843665769
56034,-30.05464480874317
56035,7.01219512195122
56036,-6.063947078280044
56037,-8.323207776427703
56039,-7.263681592039801
56041,-5.078485687903971
56042,41.84027777777778
56043,-26.119402985074625
56044,-4.555808656036446
56045,-2.2774327122153206
56046,34.862385321100916
56048,2.6461390425787825
56050,-1.3067400275103165
56051,15.698587127158556
56052,-26.84478371501272
56054,18.374558303886925
56055,-1.3093709884467266
56056,-21.951219512195124
56057,-0.07655014034192395
56058,5.42085209560097
56060,7.334963325183375
56062,-5.622146118721461
56063,10.421925712225027
56065,1.890909090909091
56068,1.5479876160990713
56069,6.830661102569733
56071,8.073723699233405
56072,-2.2518382352941178
56073,5.44221805194019
56074,-14.54183266932271
56075,0.7352941176470588
56078,1.8711018711018712
56080,-2.806122448979592
56081,4.609563123495012
56082,1.4721272587734597
56083,-6.61345496009122
56085,-1.6171993911719937
56087,-0.16345210853220007
56088,14.048672566371682
56089,44.047619047619044
56090,-11.594202898550725
56091,-18.6046511627907
56093,1.2316058861164427
56096,-10.898050495365931
56097,-1.7400761283306143
56098,-4.24183325207216
56101,2.9989833954591663
56110,-12.361331220285262
56111,-25.21186440677966
56113,-7.421875
56114,15.98639455782313
56115,-6.25
56116,-22.774869109947645
56117,-2.604166666666667
56118,13.071895424836603
56119,2.465483234714004
56120,7.019438444924406
56121,-4.92845786963434
56122,8.26580226904376
56123,-17.8494623655914
56125,-29.6875
56127,33.7468982630273
56128,1.725838264299803
56129,10.638297872340425
56131,0.6941431670281996
56132,-0.4291845493562232
56134,-18.722466960352424
56136,6.58008658008658
56137,-3.327495621716287
56138,18.335208098987625
56139,13.333333333333334
56140,32.608695652173914
56141,10.299003322259136
56142,12.514092446448705
56143,6.473634651600753
56144,-5.913043478260869
56145,-22.613065326633166
56146,-28.35820895522388
56147,-41.86046511627907
56149,-4.701931150293871
56150,6.3869992441421015
56151,-25.087108013937282
56152,-3.8596491228070176
56153,-34.90566037735849
56155,36.1323155216285
56156,8.488471391972672
56157,-0.24509803921568626
56158,-19.26605504587156
56159,-3.63906424062384
56160,21.354166666666664
56161,-13.461538461538462
56162,6.896551724137931
56164,5.4579439252336455
56165,-23.79862700228833
56166,-6.8493150684931505
56167,-15.686274509803921
56168,-8.24372759856631
56169,-2.5677603423680457
56170,-25.7396449704142
56171,-12.864864864864863
56172,-1.5692821368948247
56173,-30.327868852459016
56174,-2.26628895184136
56175,-1.984126984126984
56176,-9.01639344262295
56178,-5.507088331515813
56180,-2.8708133971291865
56181,12.405303030303031
56183,0.46911649726348714
56185,-19.5
56186,19.37321937321937
56187,5.64155486756106
56201,6.5938336643924345
56207,-22.06896551724138
56208,1.407766990291262
56209,15.022421524663676
56210,275.0
56211,31.08433734939759
56212,3.024193548387097
56214,-12.585499316005471
56215,7.435369480668038
56216,-4.415954415954416
56218,-3.45489443378119
56219,4.695837780149413
56220,-7.841068917018284
56221,15.064562410329984
56222,10.913705583756345
56223,11.651917404129794
56224,-17.63157894736842
56225,-6.6115702479338845
56226,4.27807486631016
56227,24.102564102564102
56228,-5.687693898655636
56229,-3.861003861003861
56230,-20.44943820224719
56231,-17.633410672853827
56232,-6.709781729991916
56235,-9.25589836660617
56236,5.159705159705159
56237,6.336633663366337
56239,-0.9771986970684038
56240,-16.379310344827587
56241,-4.520795660036167
56243,8.942139099941555
56244,22.25392296718973
56245,-12.887438825448614
56248,10.641200545702592
56249,-6.907894736842106
56251,2.502844141069397
56252,9.011373578302711
56253,-26.92982456140351
56255,17.59259259259259
56256,-1.8318068276436303
56257,-6.5979381443298974
56258,0.8798602574885165
56260,-3.854389721627409
56262,-4.676753782668501
56263,0.6211180124223602
56264,-1.449932034435886
56265,4.412966494143285
56266,0.5215123859191656
56267,-2.655122655122655
56270,13.905325443786982
56271,12.798634812286688
56273,2.2685469037400368
56274,116.66666666666667
56276,-27.483443708609272
56277,-0.2583144979011947
56278,5.182341650671785
56279,-15.683345780433159
56280,13.66742596810934
56281,-5.3097345132743365
56282,-3.60592401802962
56283,0.6437431307897629
56284,-7.299912049252419
56285,8.943862987630828
56287,33.33333333333333
56288,-1.3149655604257984
56289,-9.010339734121123
56291,-7.081545064377683
56292,-3.114754098360656
56293,-1.2520868113522539
56294,18.84057971014493
56295,0.9375
56296,-7.1
56297,-10.874200426439232
56301,3.157832951810765
56303,-0.17755681818181818
56304,3.869578591202707
56307,0.6367041198501873
56308,5.967690081980389
56309,9.8145285935085
56310,-5.273686124749954
56311,-2.8089887640449436
56312,-11.181601903251389
56313,-58.333333333333336
56314,19.52920662598082
56315,22.466107165913492
56316,4.771929824561403
56318,-4.270462633451958
56319,-4.704097116843703
56320,4.3354743083003955
56321,2.716688227684347
56323,7.130124777183601
56324,-8.532423208191126
56325,17.46987951807229
56326,17.79935275080906
56327,2.67515923566879
56328,7.643312101910828
56329,9.083344889751768
56330,7.304347826086957
56331,7.467687888942078
56332,6.844850065189048
56334,6.354091238233164
56335,3.1818181818181817
56336,10.263522884882107
56338,-4.350453172205438
56339,-13.092161929371231
56340,-2.755404832556168
56342,-0.3700962250185048
56343,-14.473684210526317
56345,4.390749050742147
56347,14.050632911392405
56349,-10.163551401869158
56350,-29.80251346499102
56352,-1.7287234042553192
56353,2.2384005215690537
56354,-0.1463057790782736
56355,26.209677419354836
56356,-17.59259259259259
56357,6.887052341597796
56358,0.5055292259083728
56359,-2.4195765740995325
56360,-3.5263835263835266
56361,14.322691975841243
56362,-5.129924559932942
56363,40.340909090909086
56364,3.4818690239942267
56367,3.907978174310574
56368,-10.900370612600828
56369,-43.263288009888754
56371,-2.8846153846153846
56373,7.001321003963012
56374,-2.861285645239246
56375,-16.45299145299145
56376,-13.005780346820808
56377,13.289144844072585
56378,9.981921487603305
56379,2.4162906672999287
56381,-4.338842975206612
56382,-10.99476439790576
56384,-21.73913043478261
56385,6.699147381242387
56386,10.472972972972974
56387,8.60002819681376
56389,-42.53731343283582
56401,5.265455522347963
56425,6.969246031746032
56431,1.9692657939669893
56433,-8.227114716106605
56434,-28.703703703703702
56435,11.711356466876971
56437,-11.40983606557377
56438,-1.2363122571529495
56440,-4.564032697547684
56441,-3.8194444444444446
56442,22.237380627557982
56443,1.4011799410029497
56444,10.129956681106297
56446,11.777003484320558
56447,-5.05050505050505
56448,35.61643835616438
56449,4.32230522945571
56450,19.9764982373678
56452,2.57558790593505
56453,-9.713024282560706
56455,-12.168141592920353
56458,12.658227848101266
56461,-2.303206997084548
56464,7.859680284191829
56465,13.987792472024415
56466,-2.3166023166023164
56467,7.343071456770628
56468,3.5256410256410255
56469,-14.568345323741008
56470,1.1488796050132928
56472,7.819815260027838
56473,-4.281524926686217
56474,11.4063675106543
56475,1.773049645390071
56477,-4.047093451066961
56479,-3.8529585217220363
56481,19.8889449772842
56482,13.347522043174218
56484,-9.277761918355695
56501,4.404803140514952
56510,-3.232666950233943
56511,6.311745334796927
56514,6.62520281233099
56515,-5.852674066599395
56516,44.14414414414414
56517,13.877551020408163
56518,16.184971098265898
56519,25.6198347107438
56520,-1.0684304248282879
56521,2.053915275994865
56522,25.621890547263682
56523,-26.02996254681648
56524,10.3125
56525,-34.78260869565217
56527,7.83132530120482
56528,3.4254807692307696
56529,7.640344747262986
56531,-0.4677754677754678
56533,-1.0526315789473684
56534,3.799514955537591
56535,-7.174887892376682
56536,-4.906542056074766
56537,5.110029623360136
56540,-6.990291262135923
56541,213.33333333333334
56542,-15.836791147994466
56543,-0.8583690987124464
56544,8.64079525903269
56545,-5.0359712230215825
56546,-4.508196721311475
56547,10.648148148148149
56548,-6.102117061021171
56549,5.127091027590701
56550,-39.59276018099548
56551,9.71457185778668
56552,27.659574468085108
56553,-15.81196581196581
56554,-1.604668125455872
56556,22.118088097469542
56557,2.286530903894248
56560,0.8902077151335311
56562,
56563,
56565,236.11111111111111
56566,5.872193436960276
56567,-6.861012956419317
56568,-31.0
56569,1.1102299762093577
56570,-1.274426508071368
56571,-6.075533661740558
56572,7.491737054719059
56573,7.779734272450776
56574,50.0
56575,-15.294117647058824
56576,11.254851228978008
56578,-1.6551724137931034
56579,-9.722222222222223
56580,-12.682926829268293
56581,10.548523206751055
56583,75.53191489361703
56584,-0.28776978417266186
56585,-2.0276497695852536
56586,-6.659783169850283
56587,-9.752438109527382
56588,-9.072978303747535
56589,-15.27713088029809
56590,10.843373493975903
56591,252.06185567010309
56592,6.4646464646464645
56594,11.304347826086957
56601,1.0848531050255086
56621,-7.281754240794373
56623,3.2245532245532247
56626,12.142857142857142
56627,-28.47222222222222
56628,-9.818819403857393
56629,-11.981566820276496
56630,-0.04791566842357451
56633,2.8693790149892937
56634,18.463524854744996
56636,-1.2794882047181129
56637,-28.8135593220339
56639,-14.814814814814813
56641,49.815498154981555
56644,-21.85354691075515
56646,-27.111111111111114
56647,14.738292011019283
56649,-3.9533376539209333
56650,35.119887165021154
56651,10.75268817204301
56652,-25.64102564102564
56653,-6.117824773413897
56654,-56.55172413793104
56655,-4.491413474240423
56657,-42.08955223880597
56658,
56659,166.15384615384616
56660,-11.046511627906977
56661,-5.517909002904163
56662,16.666666666666664
56663,-8.383233532934131
56666,16.135265700483092
56667,22.274143302180686
56668,54.347826086956516
56669,-16.61341853035144
56670,-16.689280868385346
56671,-11.957168352171326
56672,-0.910010111223458
56673,-17.472698907956318
56676,10.975609756097562
56678,57.117278424350935
56680,-29.81366459627329
56681,-24.34017595307918
56683,-14.144271570014144
56684,27.388535031847134
56685,3.260869565217391
56686,-2.746212121212121
56688,5.607476635514018
56701,-1.3461832644944165
56710,-37.791601866251945
56711,282.3529411764706
56713,-2.5691699604743086
56714,5.065502183406114
56715,-13.675213675213676
56716,-2.120294244915621
56720,-25.0
56721,8.788906624102156
56722,2.586206896551724
56723,-15.869786368260428
56724,-31.446540880503143
56725,3.1880977683315623
56726,-16.105901820187533
56727,42.003231017770595
56728,-21.07093184979138
56729,-0.78125
56731,75.75757575757575
56732,-11.831726555652935
56733,-5.154639175257731
56734,25.210084033613445
56735,2.2346368715083798
56736,-42.22222222222222
56737,-14.404761904761903
56738,-4.2695130086724475
56742,-0.5959475566150179
56744,22.448979591836736
56748,-22.05128205128205
56750,0.5231037489102005
56751,3.7759710930442636
56754,-11.376146788990827
56755,-26.96629213483146
56756,-11.246612466124661
56757,-10.033444816053512
56758,-16.41025641025641
56759,45.63492063492063
56760,28.57142857142857
56761,-16.559139784946236
56762,-4.484126984126984
56763,-1.027592768791627
57001,-14.285714285714285
57002,64.7
57003,-4.301075268817205
57004,19.083969465648856
57005,7.215859030837005
57006,-9.536510881750356
57007,
57010,23.310023310023308
57012,-2.4347826086956523
57013,-13.860252004581902
57014,30.689399555226093
57015,12.8
57016,-2.7624309392265194
57017,-1.4637391882900865
57018,9.552691432903714
57020,18.25595984943538
57021,113.17073170731706
57022,14.40363186132893
57024,4.185022026431718
57025,6.133056133056133
57026,17.905675459632295
57027,-9.30232558139535
57028,-12.411847672778562
57029,14.047968673519334
57030,-5.76721426074799
57031,3.5135135135135136
57032,20.058957523784002
57033,11.45910095799558
57034,-8.42358604091456
57035,10.790774299835256
57036,-2.4390243902439024
57037,-6.753006475485661
57038,1.1545862732520846
57039,12.679856115107913
57040,-3.5483870967741935
57041,-17.901234567901234
57042,-12.38482965502464
57043,10.814708002883922
57045,12.478336221837088
57046,-23.695652173913043
57047,11.406844106463879
57048,12.467532467532468
57049,22.969502407704656
57050,-33.77483443708609
57051,0.8928571428571428
57052,-19.672131147540984
57053,6.451612903225806
57054,25.321888412017167
57055,17.76251226692836
57057,-2.8708133971291865
57058,-2.6759167492566895
57059,-4.827586206896552
57061,81.25
57062,12.800687285223367
57063,12.67427122940431
57064,15.67343026042499
57065,8.732394366197182
57066,-18.667504714016342
57067,-42.30769230769231
57068,17.40662438336857
57069,7.481629926519706
57070,-12.156593406593407
57071,-3.8232528987778123
57072,-2.578268876611418
57073,-29.05759162303665
57075,0.2697841726618705
57076,89.59276018099548
57077,-18.16598955310505
57078,6.696851637359166
57103,0.9934242090706403
57104,1.2780038796546347
57105,2.935987333182538
57106,10.061048992363405
57107,11.354198318646814
57108,46.037753480983085
57110,31.447049312853682
57117,-55.00000000000001
57197,-21.536796536796537
57201,2.5883739198743125
57212,12.224017232094777
57213,-37.63020833333333
57214,208.7719298245614
57216,63.1307929969104
57217,-12.546125461254611
57218,-11.662531017369728
57219,2.357563850687623
57220,32.42835595776772
57221,36.91275167785235
57223,1.6203703703703702
57224,16.666666666666664
57225,-4.226125137211855
57226,-4.160084254870985
57227,66.99346405228758
57231,-7.226980728051393
57232,57.89473684210527
57233,107.25806451612902
57234,1.855976243504083
57235,-4.204545454545454
57236,23.711340206185564
57237,24.95479204339964
57238,-44.86486486486487
57239,68.26086956521739
57241,-5.849056603773585
57242,1.715686274509804
57243,-19.176136363636363
57245,60.65573770491803
57246,-22.043010752688172
57247,-33.460076045627375
57248,10.736196319018406
57249,22.422680412371136
57251,29.931972789115648
57252,-5.695819026459302
57255,24.056603773584907
57256,112.38095238095238
57257,-18.0
57258,76.35135135135135
57259,61.76470588235294
57260,0.0
57261,-27.80487804878049
57262,1.7368321691523505
57263,14.93975903614458
57264,5.88235294117647
57265,20.710059171597635
57266,-9.936908517350158
57268,22.93144208037825
57269,-45.9214501510574
57270,-21.775025799793603
57271,-24.579124579124578
57272,-20.610687022900763
57273,-2.0050125313283207
57274,3.3089649865332817
57276,-17.57085020242915
57278,14.084507042253522
57279,-19.010416666666664
57301,2.165364934015621
57311,15.10840108401084
57312,12.919463087248323
57313,-8.722264728385616
57314,-10.620689655172413
57315,-8.275862068965518
57317,-1.2326656394453006
57319,6.605922551252847
57321,-20.46511627906977
57322,-35.318275154004105
57323,-0.4694835680751174
57324,48.31460674157304
57325,-0.7446478436239529
57328,7.123287671232877
57329,30.597014925373134
57330,-2.142857142857143
57331,-47.216035634743875
57332,-15.15486725663717
57334,-9.304932735426009
57335,-24.333333333333336
57337,-67.5531914893617
57339,-14.911167512690355
57340,-38.81578947368421
57341,33.94495412844037
57342,-51.227495908346974
57344,-26.95035460992908
57345,-8.833333333333334
57346,7.5
57348,77.13717693836978
57349,0.6044325050369375
57350,3.833594566353187
57353,-3.357314148681055
57354,
57355,14.943527367506515
57356,13.319566339700566
57358,-66.66666666666666
57359,-22.137404580152673
57361,-7.729468599033816
57362,-12.719891745602165
57363,-8.121827411167512
57364,-73.33333333333333
57365,-15.259740259740258
57366,13.33610303282094
57367,66.0919540229885
57368,-2.540834845735027
57369,3.8895371450797356
57370,-5.134788189987163
57371,21.656050955414013
57373,9.428571428571429
57374,-6.752411575562702
57375,-9.971509971509972
57376,-13.5
57379,4.285714285714286
57380,-10.709609845509295
57381,-32.80757097791798
57382,-19.306930693069308
57383,1.8703241895261846
57384,32.56880733944954
57385,17.724867724867725
57386,22.58064516129032
57401,-0.4480563624003461
57420,161.9718309859155
57421,-23.943661971830984
57422,-41.417910447761194
57424,13.333333333333334
57426,29.72972972972973
57427,-40.65040650406504
57428,-29.059829059829063
57429,-22.82608695652174
57430,-19.865035849852383
57432,-49.78991596638656
57433,42.570281124497996
57434,6.12691466083151
57435,1.8050541516245486
57436,18.38235294117647
57437,5.106048703849176
57438,-31.432360742705573
57439,-46.34146341463415
57440,-21.060842433697346
57441,10.766423357664232
57442,19.405496354458776
57445,-16.301489921121824
57446,75.91036414565826
57448,9.852216748768473
57449,103.04878048780488
57450,-8.695652173913043
57451,15.433499773036768
57452,-9.328358208955224
57454,16.53290529695024
57455,63.74999999999999
57456,-16.995073891625616
57457,6.024096385542169
57460,-19.143576826196472
57461,-5.88235294117647
57465,19.82248520710059
57466,-1.0416666666666665
57467,39.35018050541516
57468,-10.64516129032258
57469,-11.525327262379054
57470,18.181818181818183
57471,-15.126050420168067
57472,-4.521276595744681
57473,50.0
57474,48.10126582278481
57475,8.181818181818182
57476,-1.3856812933025404
57477,2.4
57479,-0.9917355371900827
57481,-34.44055944055944
57501,3.662173446260289
57520,-9.937888198757763
57521,62.096774193548384
57522,-19.480519480519483
57523,-3.8728897715988087
57528,1.4000000000000001
57529,-18.61861861861862
57531,-43.97590361445783
57532,1.5911449325492908
57533,-8.41878035617917
57534,-18.23204419889503
57536,-16.976127320954905
57537,68.83116883116884
57538,-10.104529616724738
57540,24.615384615384617
57541,-20.16460905349794
57543,-18.579766536964982
57544,6.872037914691943
57547,-16.541353383458645
57548,8.618421052631579
57551,-6.460296096904441
57552,13.20754716981132
57553,-36.075949367088604
57555,-16.32555925749643
57559,52.53549695740365
57560,2.4742268041237114
57562,100.0
57563,-82.77777777777777
57564,-20.22022022022022
57566,-32.79022403258656
57567,-25.471698113207548
57568,-4.078549848942599
57569,-35.54987212276215
57570,33.679833679833685
57571,158.33333333333331
57572,-8.787128712871286
57574,6.0
57576,-53.96825396825397
57577,-23.948220064724918
57579,-4.131054131054131
57580,5.652724968314322
57584,73.91304347826086
57585,-41.48936170212766
57601,-8.298538622129437
57620,20.0
57621,-38.42364532019704
57622,-32.367149758454104
57623,-12.138728323699421
57625,-13.257828114590273
57626,-25.60296846011132
57630,-27.906976744186046
57631,-9.844559585492227
57632,14.241001564945227
57633,-8.009153318077804
57634,22.65625
57636,-58.37837837837838
57638,2.798708288482239
57639,-6.084656084656085
57640,-62.71186440677966
57641,-34.72222222222222
57642,2.2391857506361323
57644,1.5686274509803921
57645,-35.45454545454545
57646,-3.260869565217391
57648,21.802325581395348
57649,11.842105263157894
57650,-62.857142857142854
57651,-48.59154929577465
57652,12.362637362637363
57656,12.566844919786096
57657,-4.8034934497816595
57658,15.492957746478872
57659,
57660,-12.844036697247708
57661,77.66990291262135
57701,0.13114899859959545
57702,0.6530870590943092
57703,6.7779527559055115
57706,-21.641541038525965
57714,30.94170403587444
57716,-31.568998109640834
57717,5.127250155183116
57718,-1.119599578503688
57719,47.27272727272727
57720,0.7246376811594203
57722,-67.42596810933941
57724,23.958333333333336
57725,36.11111111111111
57730,5.9263311451495255
57732,-15.220235499345836
57735,22.64437689969605
57737,
57738,219.2982456140351
57741,55.81395348837209
57744,4.911131898971001
57745,-22.292191435768263
57747,-4.165952340133722
57748,-37.10021321961621
57750,-21.51394422310757
57751,12.470308788598574
57752,46.13541042540443
57754,-2.262693156732892
57755,-3.7037037037037033
57756,-44.679122664500404
57758,-32.58426966292135
57759,-27.62312633832976
57760,-26.620370370370374
57761,-12.51840942562592
57762,-24.415204678362574
57763,67.68558951965066
57764,-1.6
57766,-35.9375
57767,136.8421052631579
57769,13.871235147830893
57770,1.2713340299547196
57772,-43.58660130718954
57773,-0.8968609865470852
57775,15.112540192926044
57776,
57779,151.88679245283018
57780,-20.98765432098765
57782,-1.5625
57783,8.249852681202121
57785,12.149632313758927
57787,77.69028871391076
57788,150.0
57790,3.4615384615384617
57791,-43.986254295532646
57792,-55.670103092783506
57793,0.8133971291866028
57794,18.20689655172414
57799,-18.115942028985508
58001,800.0
58002,-100.0
58004,64.88888888888889
58005,10.669975186104217
58006,3.885480572597137
58007,100.0
58008,9.230769230769232
58009,-6.25
58011,8.88888888888889
58012,-9.163346613545817
58013,14.583333333333334
58015,-6.227106227106227
58016,56.060606060606055
58017,5.161290322580645
58018,21.614583333333336
58021,46.19164619164619
58027,-1.561439239646979
58029,-29.357798165137616
58030,-5.157593123209169
58031,-19.066937119675455
58032,-3.11284046692607
58033,-6.277056277056277
58035,1.153846153846154
58036,9.415584415584416
58038,-35.07853403141361
58040,-7.911683532658693
58041,-2.9993618379068283
58042,-17.243589743589745
58043,-25.423728813559322
58045,-5.013550135501355
58046,25.254237288135595
58047,16.59204635238346
58048,-9.411764705882353
58049,-28.953771289537713
58051,8.048639258830342
58052,-0.3546099290780142
58053,15.345699831365936
58054,4.669516606379481
58056,-39.224137931034484
58057,127.84810126582278
58058,37.234042553191486
58059,10.00752445447705
58060,11.824953445065177
58061,-13.746630727762804
58062,23.577235772357724
58063,16.231884057971012
58064,-19.896193771626297
58065,-75.67567567567568
58067,6.147540983606557
58068,-25.059665871121716
58069,22.641509433962266
58071,0.4889975550122249
58072,1.9678456591639872
58074,
58075,-3.052939265995453
58076,45.45454545454545
58077,17.31066460587326
58078,16.759892889021124
58079,-9.780439121756487
58081,-11.995515695067265
58102,8.190782853692896
58103,-1.3204135941658033
58104,19.75046042904205
58105,2.426202992317024
58201,8.700562071709058
58202,60.517799352750814
58203,-7.326236693800876
58204,-24.390243902439025
58205,-45.23809523809524
58210,-25.895316804407713
58212,-28.709055876685934
58214,34.83870967741935
58216,20.0
58218,-20.18537590113285
58219,91.66666666666666
58220,0.9157509157509158
58222,-38.70967741935484
58223,-42.97520661157025
58224,-16.666666666666664
58225,11.904761904761903
58227,19.686800894854585
58228,-10.163111668757843
58229,-54.074074074074076
58230,-9.409888357256778
58231,27.85515320334262
58233,29.439252336448597
58235,46.81933842239186
58236,
58237,-3.9135296310100633
58238,-45.54973821989529
58239,-28.57142857142857
58240,11.736641221374047
58241,65.15151515151516
58243,-1.9748653500897666
58244,-69.06474820143885
58249,-11.7810392701309
58250,-7.894736842105263
58251,-8.701787394167452
58254,21.12676056338028
58255,
58256,-1.6706443914081146
58257,9.29472209248015
58258,6.477732793522267
58259,24.33862433862434
58260,41.875
58261,6.321839080459771
58262,34.883720930232556
58265,34.855769230769226
58266,18.939393939393938
58267,7.298720842738901
58269,22.3463687150838
58270,-0.2617801047120419
58271,-9.37019969278034
58272,-1.293103448275862
58273,-41.66666666666667
58274,-0.10799136069114472
58275,15.028901734104046
58276,-20.6581352833638
58277,-22.95918367346939
58278,-0.6860158311345647
58281,-47.74774774774775
58282,-14.050719671007538
58301,0.34465780403741997
58310,
58311,165.3846153846154
58313,
58316,-15.283342873497425
58317,-6.9306930693069315
58318,-3.1984007996001997
58321,-32.6530612244898
58323,263.6363636363636
58324,2.359882005899705
58325,-7.246376811594203
58327,-15.311004784688995
58329,-10.283796155019836
58330,64.21725239616613
58331,149.27536231884056
58332,-25.32894736842105
58335,-35.556695741405846
58338,-11.864406779661017
58339,-8.0
58341,-5.393258426966292
58343,-19.11764705882353
58344,14.221218961625281
58345,60.204081632653065
58346,-15.085536547433904
58348,-2.9372496662216285
58351,-31.818181818181817
58352,-8.396946564885496
58353,-16.363636363636363
58355,-15.517241379310345
58356,-1.9484240687679084
58357,55.58659217877096
58361,-10.204081632653061
58362,11.11111111111111
58363,-35.08771929824561
58365,-37.9182156133829
58366,-33.0521472392638
58367,-12.90137614678899
58368,-9.289326590364652
58369,-18.86035313001605
58370,-0.554675118858954
58372,-15.441176470588236
58374,-13.592233009708737
58377,-30.50314465408805
58379,-28.499999999999996
58380,2.863961813842482
58381,60.0
58382,-34.831460674157306
58384,-52.04460966542751
58385,-2.4875621890547266
58386,-49.18032786885246
58401,1.9440215481906546
58402,-52.69709543568465
58405,59.624413145539904
58413,-3.125
58415,16.574585635359114
58416,3.8560411311053984
58418,38.79598662207358
58420,9.480122324159021
58421,10.16260162601626
58422,43.262411347517734
58423,46.34146341463415
58424,42.17252396166134
58425,-8.420320111343075
58426,-11.363636363636363
58428,-7.905138339920949
58429,-29.61038961038961
58430,38.88888888888889
58431,84.93150684931507
58433,21.203155818540434
58436,-3.434684684684685
58438,12.480739599383666
58439,121.42857142857142
58440,-26.82926829268293
58441,-16.709511568123396
58442,8.061002178649238
58443,-28.57142857142857
58444,-30.90128755364807
58445,0.4830917874396135
58448,30.384615384615383
58451,-64.13043478260869
58452,372.7272727272727
58454,-31.941544885177453
58455,-5.88235294117647
58456,13.182674199623351
58458,-11.535337124289196
58460,-28.272251308900525
58461,-2.4282560706401766
58463,-6.158833063209076
58464,-16.727272727272727
58466,26.027397260273972
58467,-20.62588904694168
58472,-29.307282415630553
58474,3.123851525174568
58475,-27.10843373493976
58476,57.8544061302682
58477,-2.6490066225165565
58478,-0.7874015748031495
58479,9.523809523809524
58480,-40.963855421686745
58481,-29.568106312292358
58482,-2.876984126984127
58483,33.58490566037736
58484,371.42857142857144
58486,-33.06122448979592
58487,44.835680751173705
58488,-35.21739130434783
58490,62.295081967213115
58492,-16.594827586206897
58494,69.47791164658635
58495,-13.31893448524118
58496,-37.185929648241206
58497,-34.798534798534796
58501,-5.539580234671955
58503,15.453607925247665
58504,9.971711456859971
58505,
58520,3.2653061224489797
58521,29.357798165137616
58523,-12.255296326092786
58524,-41.509433962264154
58528,-2.0460358056265986
58529,17.15686274509804
58530,4.11599625818522
58531,-18.028846153846153
58532,9.126984126984127
58533,-3.4308779011099895
58535,-30.8411214953271
58538,-17.906137184115522
58540,27.0237615787354
58541,11.38211382113821
58542,-12.587412587412588
58544,8.237547892720306
58545,-10.575599008537592
58549,48.01980198019802
58552,-21.774193548387096
58554,13.098088471955096
58558,-15.22748375116063
58559,50.413223140495866
58560,72.45508982035929
58561,-1.3295346628679963
58562,-30.484988452655887
58563,-5.245264691597863
58564,-2.9702970297029703
58565,-21.551724137931032
58566,162.88659793814432
58568,-14.886731391585762
58569,52.112676056338024
58570,11.264367816091953
58571,59.34959349593496
58572,24.354243542435423
58573,22.275641025641026
58575,14.093959731543624
58576,7.1928071928071935
58577,-2.4261603375527425
58579,-30.0
58580,90.87591240875912
58581,23.829787234042556
58601,11.402941959025428
58620,52.5
58621,-4.292168674698795
58622,-0.8351893095768375
58623,-12.348877374784111
58625,-12.462006079027356
58626,104.5016077170418
58627,18.30065359477124
58630,-36.048064085447265
58631,-8.51063829787234
58632,44.97354497354497
58634,24.705882352941178
58636,-5.94159113796576
58638,-8.436018957345972
58639,-2.8634361233480177
58640,-24.08668730650155
58641,-15.476190476190476
58642,-0.6191950464396285
58643,-31.46067415730337
58644,
58645,-11.956521739130435
58646,-16.85303514376997
58647,14.42392260334213
58649,-16.397849462365592
58650,8.142493638676845
58651,0.0
58652,-11.390532544378699
58653,1.2875536480686696
58654,-40.10416666666667
58655,0.8532423208191127
58656,-28.125
58701,-1.5639512238966953
58703,1.3931544042373258
58704,-5.860953920776072
58705,-60.6353591160221
58707,-5.914972273567468
58710,1.9855595667870036
58711,44.252873563218394
58712,-30.357142857142854
58713,660.8695652173913
58716,92.45283018867924
58718,34.69150174621653
58721,-18.455743879472696
58722,-11.53623188405797
58723,-17.96875
58725,-13.466334164588527
58727,-41.1522633744856
58730,18.421052631578945
58731,36.015325670498086
58733,-30.24523160762943
58734,-36.04651162790697
58735,37.215909090909086
58736,-25.908372827804104
58737,-10.152284263959391
58740,-7.609988109393578
58741,30.739299610894943
58744,32.55813953488372
58746,24.58628841607565
58748,13.008130081300814
58750,-13.309352517985612
58752,105.40540540540539
58755,164.1025641025641
58756,9.523809523809524
58757,31.72103487064117
58758,9.7165991902834
58759,-21.856639247943598
58760,-17.132867132867133
58761,-14.516129032258066
58762,-24.0
58763,-9.5
58765,-36.8231046931408
58768,84.40366972477065
58769,-49.85590778097983
58770,15.793103448275861
58771,-10.977701543739279
58772,-21.67487684729064
58773,4.651162790697675
58775,-12.560386473429952
58776,16.972477064220186
58778,-32.065217391304344
58779,-39.285714285714285
58781,-4.2586750788643535
58782,14.516129032258066
58783,16.666666666666664
58784,-10.597061581744295
58785,26.160990712074305
58787,-62.643678160919535
58788,-38.42144452717796
58789,35.0609756097561
58790,-16.998294485503127
58792,-22.98507462686567
58793,20.5761316872428
58794,-5.93607305936073
58795,-31.69642857142857
58801,14.48687350835322
58830,-46.34146341463415
58831,70.37593984962406
58833,446.1538461538462
58835,153.22128851540617
58838,113.10344827586208
58843,129.71014492753622
58844,-60.47430830039525
58845,47.34177215189874
58847,-41.51696606786427
58849,58.67208672086721
58852,21.940667490729297
58853,187.2093023255814
58854,20.06544502617801
58856,-66.82464454976304
59001,-7.152777777777778
59002,-21.75732217573222
59003,-16.294642857142858
59006,32.397660818713454
59007,-39.189189189189186
59008,26.888217522658607
59010,116.85393258426966
59011,4.376657824933687
59012,-75.90361445783132
59013,-31.88405797101449
59014,-18.625872249060656
59015,-13.033175355450238
59016,-10.967741935483872
59018,22.265625
59019,0.3514526710402999
59020,109.75609756097562
59022,-9.842845326716294
59024,-18.295739348370926
59025,-28.888888888888886
59026,-16.901408450704224
59027,-12.813738441215325
59028,-27.124183006535947
59029,0.3861003861003861
59030,-14.893617021276595
59031,35.14285714285714
59032,3.0303030303030303
59033,-66.02739726027397
59034,-7.375734901122394
59035,0.5524861878453038
59036,15.446559297218155
59037,47.112264763140814
59038,-11.560693641618498
59039,-32.35294117647059
59041,17.51412429378531
59043,0.6960556844547563
59044,11.341188702131348
59046,18.94484412470024
59047,11.747260894637119
59050,6.163021868787276
59052,-18.238993710691823
59053,-59.8019801980198
59054,-14.492753623188406
59055,9.821428571428571
59057,43.14641744548287
59058,-42.10526315789473
59059,49.21875
59061,12.558139534883722
59062,233.33333333333334
59063,-4.887585532746823
59064,26.42487046632124
59065,-22.900763358778626
59066,14.782608695652174
59067,-6.0606060606060606
59068,-0.8744710860366713
59069,18.004338394793926
59070,53.77049180327869
59071,-24.161073825503358
59072,2.0254893035958124
59074,39.40397350993378
59075,-20.37037037037037
59076,-38.028169014084504
59077,-35.0
59078,-26.380368098159508
59079,3.2371983519717484
59081,1166.6666666666665
59082,-76.36363636363637
59083,
59085,67.16417910447761
59086,-9.070796460176991
59087,-9.414758269720101
59088,-22.266139657444008
59089,42.57425742574257
59101,-1.4190558934260065
59102,2.0202020202020203
59105,12.910532276330692
59106,15.134122764620589
59201,-0.8779788568356925
59211,53.6144578313253
59212,-39.83739837398374
59213,25.11415525114155
59214,-46.0
59215,-3.6131774707757707
59217,-45.11494252873563
59218,17.34357848518112
59219,-24.63235294117647
59221,10.884749708963911
59222,100.0
59223,-86.82634730538922
59225,4.93601462522852
59226,54.739336492891
59230,-2.7292576419213974
59231,-20.44609665427509
59240,-41.37931034482759
59241,-5.844155844155844
59242,-5.555555555555555
59243,57.99256505576208
59244,229.41176470588235
59247,-8.181818181818182
59248,71.47540983606558
59250,108.27586206896551
59252,-7.865168539325842
59253,1.1494252873563218
59254,-11.00702576112412
59255,-15.786593707250343
59256,154.16666666666669
59257,3.076923076923077
59258,95.6043956043956
59259,-7.5718015665796345
59260,-32.467532467532465
59261,-23.49624060150376
59262,-2.7450980392156863
59263,-23.35483870967742
59270,-1.8857142857142857
59273,
59274,0.0
59275,63.929618768328446
59276,-32.35294117647059
59301,0.43252595155709345
59311,-6.578947368421052
59312,-76.19047619047619
59313,-5.34604227103191
59314,-21.11111111111111
59315,-8.333333333333332
59316,
59317,-2.228163992869875
59318,-7.453416149068323
59319,
59322,82.6086956521739
59323,-0.3852739726027397
59324,-31.611570247933884
59326,92.66055045871559
59327,-19.272472892619795
59330,-4.090593944996533
59332,-3.7433155080213902
59333,114.28571428571428
59336,-4.310344827586207
59337,-9.33734939759036
59338,36.134453781512605
59339,-8.024691358024691
59343,-70.06369426751591
59344,32.241813602015114
59345,
59347,67.45283018867924
59349,-21.805183199285075
59351,30.864197530864196
59353,0.7136485280999109
59354,590.3225806451613
59401,-4.08650470439545
59404,4.251962726538998
59405,8.37768076224467
59410,-4.01854714064915
59411,16.62162162162162
59412,3.1789910158949555
59414,-36.24288425047438
59416,-7.5
59417,-2.3340248962655603
59418,-52.76381909547738
59419,-40.67796610169492
59420,10.572687224669604
59421,15.64820102798401
59422,15.572390572390574
59424,-7.575757575757576
59425,0.0
59427,8.586296617519515
59430,51.275510204081634
59432,41.73913043478261
59433,-11.67608286252354
59434,-32.46329526916802
59435,
59436,5.558194774346793
59440,89.20863309352518
59441,112.3076923076923
59442,5.72737686139748
59443,-7.262569832402235
59444,-23.051948051948052
59446,6.57672849915683
59447,55.172413793103445
59448,-8.366533864541832
59450,5.241935483870968
59451,12.162162162162163
59452,10.59322033898305
59453,-9.70873786407767
59454,-30.76923076923077
59456,-56.69642857142857
59457,-2.8106672568330198
59460,-17.46031746031746
59461,65.625
59462,13.600000000000001
59463,-16.93548387096774
59464,15.690376569037657
59465,60.0
59466,63.49206349206349
59467,-21.951219512195124
59468,-14.899328859060404
59469,-10.344827586206897
59471,32.71375464684015
59472,-22.15827338129496
59474,-7.08507670850767
59477,-31.315240083507305
59479,-3.91644908616188
59480,-51.36436597110754
59482,60.258481421647815
59483,-36.52482269503546
59484,-22.93577981651376
59485,50.847457627118644
59486,13.683223992502343
59487,10.634920634920634
59489,-3.45821325648415
59501,-1.3569604086845466
59520,-3.4395973154362416
59521,-6.510084248149093
59522,-23.157283807312826
59523,-4.567845947156292
59524,-10.771113831089352
59525,-33.5423197492163
59526,12.631154156577887
59527,7.460035523978685
59528,-10.67193675889328
59529,-25.53191489361702
59530,4.580152671755725
59531,24.59546925566343
59532,-47.23618090452261
59535,-50.0
59537,545.4545454545454
59538,7.076285812909906
59540,77.53164556962025
59542,108.9655172413793
59544,-8.290155440414509
59545,300.0
59546,56.75675675675676
59547,-12.727272727272727
59601,2.7310443958054296
59602,12.65192118970333
59623,
59625,
59631,60.60606060606061
59632,32.309380142622054
59633,17.479674796747968
59634,3.792218052538021
59635,11.213889284189554
59636,80.0
59638,-17.039106145251395
59639,17.1
59640,-29.47368421052631
59642,5.714285714285714
59643,32.295719844357976
59644,11.650966782350025
59645,-0.4055619930475087
59647,9.866666666666667
59648,-36.672967863894144
59701,1.6356188141016057
59710,-4.330708661417323
59711,5.390292999329009
59713,-6.363636363636363
59714,18.90343698854337
59715,10.139574228112224
59716,-8.68824531516184
59718,29.43252700441199
59720,119.04761904761905
59721,-9.233791748526523
59722,-0.15753544547523193
59724,58.730158730158735
59725,0.7983036048397156
59727,25.572519083969464
59728,3.0386740331491713
59729,4.960491659350307
59730,20.404040404040405
59731,93.13725490196079
59732,-7.751937984496124
59733,-37.45454545454546
59735,3.484320557491289
59736,31.53153153153153
59739,11.507936507936508
59740,54.25531914893617
59741,24.124241008874357
59743,61.73913043478261
59745,17.293233082706767
59746,-4.761904761904762
59747,22.15568862275449
59748,146.76258992805757
59749,18.826979472140764
59750,-0.5063291139240507
59751,27.188940092165897
59752,24.24822307271733
59754,10.59190031152648
59755,-41.2037037037037
59756,-21.709006928406467
59758,10.403916768665852
59759,2.04252937884723
59760,5.0
59761,7.26643598615917
59762,-19.39163498098859
59801,-3.0342719930146256
59802,0.8102807597027251
59803,-1.2068368171844324
59804,-4.642119334062462
59808,18.131216822140907
59812,
59820,17.57469244288225
59821,-0.14367816091954022
59823,-14.059500959692897
59824,11.273792093704246
59825,-1.8061674008810573
59826,26.229508196721312
59827,37.38317757009346
59828,-4.129897635015884
59829,-0.6714413607878245
59830,32.407407407407405
59831,40.98360655737705
59832,-0.8898776418242491
59833,8.505398749763213
59834,-22.209436133486765
59837,-12.380952380952381
59840,7.560491284842244
59841,-5.735140771637122
59842,420.8333333333333
59843,17.972350230414747
59844,12.098009188361408
59845,8.583333333333334
59846,22.86527514231499
59847,18.446079310963576
59848,-34.48275862068966
59851,-71.83098591549296
59853,16.473616473616474
59854,-2.5
59855,-69.62843295638126
59856,-37.396121883656505
59858,22.93040293040293
59859,37.579404881310595
59860,18.60082304526749
59863,321.95121951219517
59864,-1.3282997762863533
59865,14.845360824742269
59866,-4.1751527494908345
59867,-79.72972972972973
59868,34.90631505898681
59870,17.9969004261914
59871,18.89763779527559
59872,22.2052067381317
59873,-26.53793103448276
59874,56.21621621621622
59875,4.189154459007967
59901,12.836811610507958
59910,10.033444816053512
59911,10.214148219441771
59912,6.74578388507183
59913,0.36900369003690037
59914,41.90871369294606
59915,-5.804749340369393
59916,30.985915492957744
59917,3.583264291632146
59918,1.6260162601626018
59919,72.00772200772201
59920,-12.103746397694524
59922,10.81081081081081
59923,0.9732360097323601
59925,23.802395209580837
59926,-24.932975871313673
59927,-12.299465240641712
59928,13.095238095238097
59929,-37.5
59930,64.77541371158392
59931,-14.331210191082802
59932,10.773026315789473
59933,-67.1875
59934,47.86821705426357
59935,4.626865671641791
59936,22.090261282660332
59937,3.8591095489162273
60002,0.7474088450262212
60004,2.44989301348619
60005,-3.091415682632347
60007,-2.7396040485589626
60008,4.254445964432285
60010,2.1760070052539406
60012,10.1661503801746
60013,0.38217534204693115
60014,0.030894074516507733
60015,1.7472676097525315
60016,4.612269006834866
60018,-6.8971087061864
60020,13.215859030837004
60021,-6.273661438615467
60022,-0.39705710615438516
60025,-0.4774199834364496
60026,3.1195355669021474
60029,4.798464491362764
60030,-3.245932499663843
60031,-0.8607594936708861
60033,-0.16181229773462785
60034,-1.1036468330134357
60035,1.3824111666610743
60040,-2.753488372093023
60041,0.8093935248518012
60042,2.371871275327771
60043,-0.39261876717707106
60044,4.284698954208549
60045,1.6917383572836064
60046,-0.18328655707657943
60047,2.7043523170101884
60048,1.5166138149731145
60050,-2.9789309997865656
60051,-0.11005756857433119
60053,6.493950664785602
60056,2.5895945383097008
60060,-0.23375785910043526
60061,2.180431644023248
60062,4.078497447841816
60064,-2.7567020738492665
60067,1.4887484464658751
60068,4.0253901084369215
60069,7.700012520345561
60070,-2.8668520234785295
60071,9.632516703786191
60072,-2.0429009193054135
60073,0.48078479619257297
60074,-6.5055762081784385
60075,
60076,3.3558719970086934
60077,3.020723568668774
60081,-6.546045944297621
60083,-6.8568135983866325
60084,2.786359315589354
60085,-0.11600603790462347
60087,6.099328654256942
60088,11.57305143578416
60089,3.043196077017379
60090,1.1589965804380173
60091,0.9365282604719225
60093,4.473304473304474
60096,-5.050649165358824
60097,13.573274624294054
60098,0.5312528459973893
60099,1.8151868479700268
60101,-5.659180307067631
60102,-2.2179743916499786
60103,-0.8535923978400811
60104,-2.154379696285009
60106,0.10344827586206896
60107,-3.702980447677399
60108,3.4834361734716204
60109,-31.65354330708661
60110,0.007618080243778567
60111,-16.39344262295082
60112,8.310688405797102
60113,-30.59490084985836
60115,-6.984488651301376
60118,-1.3138778346282611
60119,6.671899529042387
60120,-1.2781984232300365
60123,2.822923801814144
60124,11.191867151202906
60126,-0.4909983633387889
60129,4.672897196261682
60130,0.26898846181071706
60131,1.040398450470393
60133,-3.266716910522623
60134,5.66617712353564
60135,4.432544994793991
60136,11.036920659858602
60137,1.7371995820271682
60139,-4.011925782267635
60140,27.41365894535225
60141,33.97129186602871
60142,5.604963063903034
60143,9.62063447237127
60144,6.41025641025641
60145,-13.433344698261166
60146,-15.131578947368421
60148,0.15614288978597
60150,20.468187274909962
60151,-6.162265048774685
60152,-2.15414073719483
60153,-2.4853008631833537
60154,-0.33432835820895523
60155,0.9249873289406993
60156,0.31523885405480306
60157,2.2044088176352705
60160,-1.4945811651473062
60162,0.6618458144380439
60163,1.4623821435443525
60164,-0.6138678323954797
60165,-7.738937159022025
60169,-0.16193139997055792
60171,2.931978107896794
60172,-3.34835801674179
60173,12.626100880704563
60174,-2.5224711988859347
60175,0.4800061936283049
60176,-1.5196536208506666
60177,2.304206566347469
60178,-1.3809182209469153
60180,-16.29377431906615
60181,7.7396688465284535
60183,
60184,-8.75462392108508
60185,-6.050990563434689
60187,-0.6654444218102805
60188,-1.5323257766582703
60189,1.0812923397602918
60190,4.624225554458112
60191,-1.1973546815175773
60192,3.182328715836765
60193,-2.1479772800555597
60194,8.917368223497238
60195,0.96579476861167
60201,0.5643656716417911
60202,3.6447654313431466
60203,8.120981185996666
60208,
60301,25.51859099804305
60302,3.012836490528415
60304,-0.07964501080896576
60305,3.1475702184574232
60401,2.7278688524590167
60402,1.0881290746212655
60403,-5.133006553946137
60404,5.8158928283208695
60406,0.20073065960094744
60407,-9.811751283513976
60408,-4.361146152459903
60409,-3.9849421887604195
60410,10.70607813614391
60411,-8.825847123719464
60415,-0.3766215650718371
60416,2.7406270554702914
60417,-0.8120649651972157
60418,
60419,-6.694432266549759
60420,-7.916181606519208
60421,0.5747126436781609
60422,-0.8756745748905406
60423,4.982447099745563
60424,-1.198117244330338
60425,-4.167592798399644
60426,-22.062181036798282
60428,-9.632209980557356
60429,-2.9809425701776977
60430,2.9997479203428283
60431,14.73807826196368
60432,1.2906735238848779
60433,-10.27869517353265
60435,-2.5303501555131938
60436,-1.3842124953236064
60437,-43.58974358974359
60438,0.3383861054521598
60439,4.0928270042194095
60440,-2.6121876835066584
60441,3.880881610678032
60442,26.785714285714285
60443,-3.2069834749323123
60444,15.380011968880911
60445,-44.27603016223627
60446,3.2615769712140175
60447,11.1016528339363
60448,-4.193899782135077
60449,0.5044136191677175
60450,0.38256658595641646
60451,6.252480018139561
60452,-5.341016901507432
60453,1.6051732036508441
60455,3.939101014983084
60456,-1.0359116022099446
60457,5.760900952930985
60458,-5.1456503071537085
60459,0.28236914600550966
60460,3.046875
60461,3.0578512396694215
60462,2.0488534396809572
60463,-8.165593129361245
60464,1.6739446870451238
60465,4.029595902105862
60466,-3.598656743510619
60467,-7.072684296055547
60468,-4.255671468786223
60469,-9.767054908485857
60470,-34.62837837837838
60471,-6.027261110322306
60472,-4.807121661721069
60473,-3.207816543231909
60474,-26.054054054054056
60475,4.59026494146642
60476,-16.02787456445993
60477,-4.023637557452397
60478,-3.3890409363535783
60479,-14.968553459119496
60480,1.727447216890595
60481,-3.384904692708778
60482,0.6446926359756651
60484,-0.5994305409860633
60487,-2.5263236224280985
60490,2.693386036677851
60491,0.01756311745334797
60501,-2.891184802532911
60502,1.3807053029636795
60503,-2.5787965616045847
60504,3.3300763197507064
60505,-24.06527735212994
60506,-6.125191295584338
60510,-4.245919330905166
60511,6.488781079442087
60512,-49.54128440366973
60513,2.1682933262991297
60514,-3.6775668422622005
60515,2.785721851498782
60516,-1.3411018409984141
60517,2.5449839783090953
60518,1.678240740740741
60519,75.0
60520,5.897250361794501
60521,-1.362249346120314
60523,1.7289626224265442
60525,1.124780316344464
60526,-0.6711409395973155
60527,4.526110790536642
60530,83.87755102040816
60531,32.53504672897196
60532,4.6854227300492255
60534,0.8411303279463189
60536,-42.10526315789473
60537,-17.018072289156628
60538,7.056229327453142
60539,-23.364485981308412
60540,-4.82804674457429
60541,-2.0181921546333146
60542,2.132340497546116
60543,2.1450613412278283
60544,7.567629703425551
60545,3.13064419024684
60546,3.6696670233524262
60548,1.2360211889346673
60549,74.05541561712846
60550,-30.76470588235294
60551,-14.612676056338028
60552,-3.3645655877342415
60553,-9.878213802435724
60554,-0.28185360192323633
60555,5.758241758241758
60556,21.291735084838535
60557,220.58823529411765
60558,2.805793584590885
60559,-1.9677924581342117
60560,11.335262505167425
60561,-0.9518477043673013
60563,3.9649707193896737
60564,11.242547328915176
60565,-4.359358498907091
60585,5.242124059351218
60586,1.393316303911841
60601,18.081659105638366
60602,-26.54659357870008
60603,-7.268170426065162
60604,10.32934131736527
60605,31.029479150756075
60606,18.722541399121326
60607,-0.4528484513274336
60608,4.908908807383648
60609,3.6839689149752433
60610,9.045622061253018
60611,9.469532269085036
60612,-2.4708479565266614
60613,2.7851957351690304
60614,2.101815592737629
60615,5.382436260623229
60616,-1.1700511897395511
60617,2.414221872037623
60618,-3.1328110231258797
60619,-4.046545593091186
60620,-1.250090324445408
60621,-11.473635886673662
60622,0.49180327868852464
60623,-13.517937371593705
60624,-5.312624452409398
60625,-0.47101988199712436
60626,1.4549943338190061
60628,-9.600836007182597
60629,-4.496666053325623
60630,-3.8866002676817715
60631,2.881688425894609
60632,-5.7526952119069446
60633,-5.771852749583396
60634,1.2977129811350983
60636,-13.429674124372479
60637,6.538765987584886
60638,-2.0189862688591287
60639,-6.080403670937676
60640,-1.3785929854376044
60641,-1.4094976698973611
60642,10.036945812807883
60643,-5.404875754487732
60644,0.8032456015167886
60645,0.8763388510223954
60646,3.2478019020276334
60647,-2.305403217531098
60649,13.386699228908034
60651,5.500743999482435
60652,-3.1182598320407506
60653,7.994971715901948
60654,29.353096759973553
60655,-3.3549634129504344
60656,8.491969066032123
60657,1.5534285265965793
60659,5.387963008753276
60660,1.9658647903394504
60661,18.727441476745383
60706,2.9395522705067756
60707,-5.5606936416184976
60712,4.993273720028488
60714,3.1627160576376587
60803,-0.7333869957964404
60804,0.5421866602973666
60805,-0.33340068700747627
60827,-11.498475187136124
60901,-4.816880096393645
60910,2.2887323943661975
60911,-15.18987341772152
60912,34.204275534441805
60913,-1.4208389715832206
60914,-2.8353773101492843
60915,-0.4050582888757163
60917,-26.0
60918,-19.948519948519948
60919,1.3725490196078431
60920,36.0
60921,11.2490869247626
60922,21.357380161366873
60924,4.536489151873767
60926,192.30769230769232
60927,2.761159687068569
60928,-28.607918263090674
60929,-32.54054054054054
60930,-18.471337579617835
60931,5.6939501779359425
60932,415.5844155844155
60933,15.83011583011583
60934,-18.75
60935,2.9166666666666665
60936,4.007868207523973
60938,-13.841524573721165
60939,
60940,-6.079027355623101
60941,-18.9817103311913
60942,-2.406964834414476
60945,57.14285714285714
60946,0.7537688442211055
60948,18.194161575016974
60949,-9.298245614035087
60950,1.529540297503992
60951,-10.81081081081081
60952,-8.543417366946779
60953,-1.5706806282722512
60954,-3.47437220502236
60955,13.895631067961164
60956,
60957,5.359477124183006
60958,-30.179754020813625
60959,-14.023831347387716
60960,-20.0
60961,18.940397350993376
60962,6.521739130434782
60963,-21.316614420062695
60964,-6.055363321799308
60966,-2.9714978775015157
60967,
60968,57.798165137614674
60969,13.20754716981132
60970,-14.344611885129371
60973,-6.666666666666667
60974,-6.3444108761329305
61001,36.691410392364794
61006,-18.662952646239557
61007,-34.475806451612904
61008,-1.1580224096107197
61010,-6.696090794451451
61011,17.074235807860262
61012,-1.6233766233766231
61013,44.08352668213457
61014,-19.69811320754717
61015,11.61928306551298
61016,8.83711167086482
61018,-12.968036529680365
61019,0.46282011724776306
61020,-1.1845386533665836
61021,-1.0641093011035208
61024,0.47770700636942676
61025,-3.417694138005624
61027,1175.0
61028,-23.33956969130028
61030,-2.6338147833474936
61031,6.143552311435523
61032,-3.0127845132304847
61036,-2.691867124856816
61037,-1.8691588785046727
61038,17.877629063097515
61039,-17.1
61041,45.05050505050505
61042,-24.514991181657848
61043,63.91752577319587
61044,-23.7012987012987
61046,-0.1502065339842283
61047,-16.185567010309278
61048,-1.2564102564102564
61049,7.872696817420436
61050,-12.926829268292684
61051,-4.205318491032776
61052,23.27790973871734
61053,5.932835820895523
61054,-5.611847233047545
61057,-50.37037037037037
61059,-1.675977653631285
61060,0.0
61061,6.435643564356436
61062,14.099660249150622
61063,-3.896103896103896
61064,12.108139200460165
61065,4.143915756630266
61067,-7.926829268292683
61068,2.7232513132430194
61070,-7.461692205196535
61071,-2.9880197322057787
61072,-4.934775145897699
61073,7.686266296664747
61074,-4.946586158848119
61075,1.383399209486166
61077,187.80487804878047
61078,7.910576096302665
61079,18.333333333333332
61080,3.7236601558741462
61081,-1.5050556824006336
61084,1.928734880679961
61085,-14.331770222743259
61087,9.824780976220275
61088,3.7276595744680856
61089,-28.924598269468483
61091,-100.0
61101,4.521561622862976
61102,-10.439443795775395
61103,-2.588929521276596
61104,-6.382325866830316
61107,-5.05024394972374
61108,7.211764280810781
61109,-2.7319986727131953
61111,-6.0949944290843066
61112,5.607476635514018
61114,-2.3030381887970854
61115,-1.2441952159817753
61201,-1.806197124617221
61230,-19.1673894189072
61231,2.077973481100336
61232,15.846153846153847
61233,
61234,-21.39194139194139
61235,-0.5434782608695652
61236,-53.57142857142857
61237,
61238,-11.503112955825674
61239,-5.016181229773463
61240,-5.557340186315452
61241,-0.6889475227206098
61242,-0.5253940455341506
61243,18.37606837606838
61244,-0.5733110854404655
61250,9.351068117694478
61251,12.023460410557185
61252,0.3515263644773358
61254,8.362431730683141
61256,-0.14520813165537272
61257,-39.2
61258,-23.88663967611336
61259,13.778877887788779
61260,-42.12062256809339
61261,-24.501758499413835
61262,-40.662894098625706
61263,17.441860465116278
61264,-10.381872348108693
61265,-0.39384336803983705
61270,-0.5605381165919282
61272,5.112316034082107
61273,-1.0903426791277258
61274,71.3375796178344
61275,-2.182142061901581
61276,-29.357798165137616
61277,-3.1859557867360206
61278,50.68807339449541
61279,-2.2774327122153206
61281,8.269720101781171
61282,4.691671964399237
61283,-15.90774689532821
61284,-21.53776978417266
61285,83.26446280991735
61301,2.8639381627192546
61310,-7.032679738562092
61311,-2.2522522522522523
61312,-9.603340292275574
61313,18.367346938775512
61314,10.161090458488228
61315,13.761467889908257
61316,-38.557993730407524
61317,-1.7094017094017095
61318,-26.88679245283019
61319,21.898496240601503
61320,-6.509695290858726
61321,19.54022988505747
61322,0.8855585831062671
61323,12.903225806451612
61324,-13.26530612244898
61325,4.365482233502538
61326,-12.146773513285533
61327,8.883647798742137
61328,200.0
61329,6.569343065693431
61330,-15.315315315315313
61331,-100.0
61332,73.75
61333,-14.285714285714285
61334,-19.787516600265604
61335,-35.47237076648842
61336,-8.333333333333332
61337,35.50135501355013
61338,-18.493150684931507
61340,92.0
61341,-8.899860741866059
61342,-5.273261065943992
61344,-32.47422680412371
61345,-15.745192307692307
61346,-34.72222222222222
61348,-1.098659635245001
61349,26.835138387484957
61350,2.3719563392107474
61353,4.5608108108108105
61354,-2.4522650692624484
61356,2.1532438478747205
61358,31.2280701754386
61359,22.096317280453256
61360,-8.823529411764707
61361,17.682926829268293
61362,5.647780584626489
61363,36.986301369863014
61364,-5.6569626144061225
61367,25.62674094707521
61368,-13.210039630118892
61369,-13.79950495049505
61370,-15.54591467823572
61371,
61372,62.048192771084345
61373,2.766990291262136
61374,-68.05555555555556
61375,3.285968028419183
61376,-14.447839371453513
61377,-0.47425474254742545
61378,23.869346733668344
61379,-21.488133418858244
61401,-9.289247438464256
61402,
61410,-4.554759467758444
61411,-1.9830028328611897
61412,-19.581881533101043
61413,12.444444444444445
61414,-3.523693803159174
61415,-4.318181818181818
61416,-11.151079136690647
61417,-19.661016949152543
61418,16.666666666666664
61419,25.833333333333336
61420,-16.150627615062763
61421,10.43956043956044
61422,-5.115408608858391
61423,-25.037707390648567
61424,-73.01587301587301
61425,12.320916905444127
61426,6.0606060606060606
61427,-4.118993135011442
61428,23.35456475583864
61430,-21.47395171537484
61431,-14.864864864864865
61432,15.488215488215488
61433,-85.03401360544217
61434,-0.632279534109817
61435,142.1875
61436,4.933333333333334
61437,-27.27272727272727
61438,-23.646408839779006
61439,16.822429906542055
61440,7.7994428969359335
61441,-28.633975481611206
61442,-9.358288770053475
61443,-1.4795474325500435
61447,20.66027689030884
61448,10.01349527665317
61449,-40.36458333333333
61450,-0.5662514156285391
61451,-50.76586433260394
61452,-44.905660377358494
61453,10.207336523125997
61454,-6.133828996282528
61455,-17.385810557843502
61458,-38.70541611624835
61459,7.4074074074074066
61460,-36.971830985915496
61462,-6.357832988267771
61465,0.0
61466,-22.38372093023256
61467,7.333908541846419
61468,233.33333333333334
61469,-12.929475587703434
61470,-9.821428571428571
61471,67.90123456790124
61472,-35.175879396984925
61473,-16.325224071702944
61474,27.232142857142854
61475,-3.0303030303030303
61476,35.95505617977528
61477,-13.667820069204154
61478,16.060606060606062
61479,-77.57009345794393
61480,4.563031709203403
61482,-20.245398773006134
61483,-11.842728564661298
61484,-1.9946808510638299
61485,-28.200371057513912
61486,-5.905256327060351
61488,26.627218934911244
61489,-5.611672278338945
61490,-11.76
61491,26.304106548279687
61501,5.108556832694764
61516,6.79886685552408
61517,-5.2194543297746145
61519,13.698630136986301
61520,-5.46984572230014
61523,-10.631687953054884
61524,15.483870967741936
61525,25.39923954372624
61526,0.37267080745341613
61528,8.154911838790932
61529,1.6002977298101972
61530,-6.051136363636363
61531,-3.6174126302881664
61532,-37.01996927803379
61533,-9.254992319508448
61534,16.875
61535,49.06960716747071
61536,15.901698590531261
61537,-4.315789473684211
61539,-39.516129032258064
61540,-0.7165890361877463
61541,5.319148936170213
61542,-4.324627913507442
61543,-18.97810218978102
61544,53.52112676056338
61545,-1.6688061617458279
61546,0.637111760021237
61547,-12.482884527612963
61548,0.580539656582175
61550,2.9406850459482037
61552,35.80246913580247
61553,55.08982035928144
61554,-4.953379953379954
61559,26.813984168865435
61560,10.775047258979207
61561,-5.410518350359441
61562,
61563,7.543520309477756
61564,8.89348500517063
61565,-5.224867724867725
61567,-16.52754590984975
61568,15.903371917463513
61569,-9.254267744833783
61570,-2.061248527679623
61571,-0.4431552654902909
61572,-12.72264631043257
61602,-15.407262021589792
61603,-5.0913681173358984
61604,-8.474686212823922
61605,-12.07556803676283
61606,-7.258271351628623
61607,-5.699946226922387
61610,-15.130151843817789
61611,-6.537250368716865
61614,0.33209680268503794
61615,-1.0887200068311844
61616,-1.3730743469524447
61625,21.329639889196674
61701,-1.662971175166297
61704,2.1315402624271793
61705,-3.483265182492806
61720,87.6470588235294
61721,-8.025682182985554
61722,49.46695095948827
61723,9.417433201927288
61724,-20.326678765880217
61725,-2.72189349112426
61726,-2.3744647722849357
61727,-5.373644033748493
61728,8.688387635756056
61729,7.246376811594203
61730,21.782178217821784
61731,0.6944444444444444
61732,-6.4904960593416785
61733,-8.130939809926083
61734,-6.389301634472511
61735,-29.239766081871345
61736,45.97961494903737
61737,-22.241681260945708
61738,-4.6903460837887065
61739,-1.2148337595907928
61740,-3.533787972721637
61741,0.06119951040391676
61742,16.80672268907563
61743,-17.5
61744,-15.818893236444943
61745,2.688539530644794
61747,-2.0242914979757085
61748,-2.6024955436720143
61749,-0.6072874493927125
61750,-19.375
61751,-60.0
61752,1.1564625850340136
61753,2.6612398246712585
61754,1.2808783165599267
61755,-3.8420717469751646
61756,9.05997447894513
61759,-17.783191230207066
61760,-9.430176565008026
61761,-2.5465623232820738
61764,-6.2465753424657535
61769,1.6616314199395772
61770,3.1503150315031503
61771,11.412429378531073
61772,-21.73913043478261
61773,-23.47826086956522
61774,-26.73093777388256
61775,-37.5
61776,-8.26388888888889
61777,37.303664921465966
61778,-18.482758620689655
61801,-10.103510351035103
61802,2.788346276124459
61810,-43.51851851851852
61811,1.0186757215619695
61812,-39.49579831932773
61813,-15.09433962264151
61814,14.19698314108252
61815,18.725099601593627
61816,-5.353319057815846
61817,-4.631416441528367
61818,-3.54306658521686
61820,1.151376876956545
61821,-5.539851187575137
61822,12.685091789388744
61830,22.674418604651162
61831,-5.442176870748299
61832,-7.3561978309011415
61833,-18.73058144695961
61834,-7.412790697674419
61839,-17.96657381615599
61840,-41.94961664841183
61841,-18.56702619414484
61842,-7.346783403121432
61843,-5.146406388642413
61844,-7.954545454545454
61845,-29.49438202247191
61846,-8.16768352686479
61847,-1.8092105263157896
61848,1.153846153846154
61849,2.4096385542168677
61850,0.8658008658008658
61851,-5.128205128205128
61852,-36.986301369863014
61853,1.6650064038707841
61854,18.802698145025296
61855,32.05128205128205
61856,9.479921000658328
61857,-37.06896551724138
61858,-4.212328767123288
61859,0.6472491909385114
61862,46.723044397463006
61863,5.935483870967742
61864,3.297997644287397
61865,-0.5702066999287242
61866,-5.874938729780828
61870,-0.24330900243309003
61871,15.100671140939598
61872,-46.23762376237624
61873,-12.127627400574625
61874,5.267639902676399
61875,56.74967234600262
61876,4.91183879093199
61877,-38.63283272915588
61878,-8.838951310861423
61880,26.838745489869552
61882,-14.479025710419485
61883,3.9585296889726673
61884,-8.776371308016879
61910,20.014556040756915
61911,-5.969243221367868
61912,-1.6764459346186085
61913,-15.006915629322268
61914,-10.35696329813977
61917,-27.712609970674485
61919,-16.648764769065522
61920,-16.123471637602727
61924,-1.4042553191489362
61925,56.845238095238095
61928,-5.856515373352855
61929,-0.9302325581395349
61930,9.824046920821115
61931,13.028764805414554
61932,26.046511627906977
61933,10.079051383399209
61936,48.18652849740933
61937,-27.029398859148753
61938,-3.640207749230133
61940,17.131474103585656
61941,262.962962962963
61942,-19.5364238410596
61943,-9.608091024020228
61944,-2.9870783688538345
61949,10.948905109489052
61951,-0.8541560428352881
61953,3.513380397307503
61955,-16.810344827586206
61956,9.365671641791044
61957,-11.144427786106945
62001,6.129807692307692
62002,-4.2014671790148945
62006,-19.166666666666668
62009,-1.0398613518197575
62010,-3.785325382421571
62011,73.88535031847134
62012,2.7384615384615385
62013,4.150197628458498
62014,-11.72592418177537
62015,28.41648590021692
62016,-1.7862126709461346
62017,2.7233115468409586
62018,-0.7725898555592879
62019,-15.013404825737265
62021,6.9364161849710975
62022,2.301255230125523
62023,20.0
62024,-5.650857719475278
62025,4.182123811731973
62026,
62027,-6.31768953068592
62028,-11.788953009068425
62030,-47.55244755244755
62031,-14.23444976076555
62032,12.705530642750373
62033,2.2536456031816177
62034,6.556413083425211
62035,-1.6182017277041
62036,-31.67082294264339
62037,-25.36302032913843
62040,-4.6285018270401945
62044,11.297483966452885
62045,57.09969788519638
62046,17.369093231162196
62047,8.307692307692308
62048,-8.18746470920384
62049,-11.271113035946296
62050,-36.81818181818181
62051,0.12626262626262627
62052,1.2917201540436458
62053,-47.55134281200632
62054,-55.29841656516443
62056,1.0033444816053512
62058,0.26041666666666663
62059,8.448275862068966
62060,-24.792509044477548
62061,-5.053946621237933
62062,4.52130945027795
62063,-15.337954939341422
62067,-14.6677471636953
62069,4.700162074554295
62074,-6.548536209553159
62075,-9.717868338557993
62076,-37.60683760683761
62077,15.693430656934307
62078,37.83783783783784
62079,107.52212389380531
62080,-0.07434944237918216
62081,-6.994818652849741
62082,-9.84070796460177
62083,-47.840531561461795
62084,-1.8995098039215685
62085,-13.471502590673575
62086,-16.1134163208852
62087,-4.973118279569892
62088,-3.332832907971776
62089,39.31398416886543
62090,-13.404605263157896
62091,17.753623188405797
62092,-18.037225042301184
62093,5.708245243128964
62094,-0.19047619047619047
62095,2.3500426419027765
62097,-8.593487747566297
62098,-17.94871794871795
62201,-34.29152887306029
62203,-18.595927116827436
62204,-29.80038022813688
62205,-32.67813267813268
62206,-11.527604542768987
62207,-21.668830402454855
62208,0.27637587118481133
62214,-11.242603550295858
62215,19.058553386911594
62216,6.163163519771999
62217,-2.17983651226158
62218,16.80232558139535
62219,9.528795811518325
62220,0.5739030625554339
62221,1.4570631394027074
62223,-0.7860786078607861
62225,2.2905134567665586
62226,1.4491249913536695
62230,1.762255687279718
62231,-9.693118831958902
62232,-0.9730967372638809
62233,-15.541165587419057
62234,1.3570002495632645
62236,10.057925223802002
62237,0.5840634125990822
62238,-23.348017621145374
62239,-19.811135156403697
62240,30.0
62241,-10.891089108910892
62242,16.38846737481032
62243,9.556254367575121
62244,-9.855072463768117
62245,-1.4509576320371445
62246,0.24772096710265556
62248,53.84615384615385
62249,7.274484536082475
62250,28.094302554027507
62253,24.912891986062718
62254,10.225941422594143
62255,-24.486803519061585
62256,
62257,-28.844711177794448
62258,11.660329531051964
62260,-11.27437517165614
62261,-90.47619047619048
62262,19.151670951156813
62263,3.107971745711403
62264,-10.406864101854413
62265,-3.663323157435674
62266,-92.48554913294798
62268,48.516320474777444
62269,11.950380354155488
62271,-3.2977691561590685
62272,10.477299185098952
62273,-22.916666666666664
62274,0.3918594362280369
62275,-14.659090909090908
62277,-27.187274041937815
62278,1.3478721793124337
62279,1066.6666666666665
62280,39.45409429280397
62281,-1.0907811400422238
62282,48.50574712643678
62284,33.75224416517056
62285,2.73224043715847
62286,-13.95162582091943
62288,-12.504049238743118
62289,5.026455026455026
62292,3.258145363408521
62293,-4.12573673870334
62294,8.517282986727235
62295,-0.7534246575342466
62297,20.714285714285715
62298,1.2306424071129953
62301,-3.9572922809522333
62305,-0.6783637661940223
62311,15.625
62312,-19.290187891440503
62313,-12.928759894459102
62314,-26.332288401253916
62316,63.128491620111724
62319,22.448979591836736
62320,25.159079784630446
62321,-6.654947262682069
62323,29.31937172774869
62324,32.63757115749525
62325,-7.100591715976331
62326,-6.275303643724696
62330,-20.0434546442151
62334,23.88059701492537
62336,840.0
62338,-21.705426356589147
62339,21.5235792019347
62340,-11.596463858554342
62341,-1.0318142734307825
62343,-13.62088535754824
62344,-56.52173913043478
62345,-3.5623409669211195
62346,-22.424242424242426
62347,-2.9140359397765905
62348,30.357142857142854
62349,23.636363636363637
62351,5.510092744135298
62352,-15.686274509803921
62353,-9.32802028618004
62354,-10.703173615432483
62355,25.829383886255926
62356,67.46031746031747
62357,-27.900552486187845
62358,-39.289940828402365
62359,-45.45454545454545
62360,1.0111761575306013
62361,-35.67251461988304
62362,20.89041095890411
62363,-11.242098069366136
62365,-36.5625
62366,-10.891089108910892
62367,63.31719128329297
62370,-8.791208791208792
62373,-0.7434944237918215
62374,-29.900332225913623
62375,90.2621722846442
62376,-2.383053839364519
62378,-15.909090909090908
62379,0.2785515320334262
62380,31.778425655976676
62401,3.180136214940741
62410,4.260651629072681
62411,-4.7061578084757665
62413,-25.13089005235602
62414,-15.605749486652979
62417,-9.945460378569138
62418,12.155591572123177
62419,-16.7741935483871
62420,-14.17157275021026
62421,-37.920489296636084
62422,-6.4805583250249255
62423,51.891891891891895
62424,4.872881355932203
62425,67.59443339960238
62426,3.248259860788863
62427,13.321698662012798
62428,2.040072859744991
62431,-33.54898336414048
62432,69.9468085106383
62433,25.13601741022851
62434,11.666666666666666
62436,-1.6817593790426906
62438,-36.44578313253012
62439,-3.2859312439596855
62440,-20.676691729323306
62441,2.303943287549845
62442,-7.535493265380415
62443,10.322195704057279
62444,45.878136200716845
62445,-4.166666666666666
62446,-11.083123425692696
62447,-14.107771459518007
62448,-2.679856115107914
62449,-3.302812295618051
62450,0.08118860112040269
62451,-2.124505928853755
62452,-16.452442159383033
62454,-5.016123253314224
62458,16.36828644501279
62459,-6.472491909385113
62460,-0.6785411365564037
62461,-5.916305916305916
62462,24.42827442827443
62463,-6.602254428341385
62464,
62465,-8.517034068136272
62466,-15.600971266693648
62467,-5.801965955406377
62468,-12.904411764705884
62469,-29.8372513562387
62471,-0.1356720612462448
62473,-27.058072750478622
62474,-36.77811550151976
62475,-24.935064935064936
62476,-15.80547112462006
62477,-17.584745762711865
62478,-9.067357512953368
62479,-20.0
62480,8.75
62481,-30.0
62501,-19.69914040114613
62510,-14.424728105323412
62512,7.956989247311828
62513,-14.850917431192661
62514,49.60629921259843
62515,6.325301204819277
62517,36.7816091954023
62518,-20.614035087719298
62519,-43.90243902439025
62520,-0.7868852459016393
62521,-5.9331327503304
62522,-2.7975650822432327
62523,-44.827586206896555
62526,-7.149365243272794
62530,-1.872399445214979
62531,2.380952380952381
62532,-46.666666666666664
62533,-5.741626794258373
62534,-23.265895953757227
62535,17.23928245667376
62536,-11.785714285714285
62537,545.0980392156863
62538,35.73487031700288
62539,-19.39775910364146
62540,-26.835286859962988
62541,53.333333333333336
62543,31.18712273641851
62544,-0.9900990099009901
62545,9.27487352445194
62546,9.908643710470837
62547,-4.2446941323345815
62548,-16.050324056423943
62549,6.585871471854568
62550,7.163958641063515
62551,63.829787234042556
62553,-35.66308243727598
62554,16.296296296296298
62555,209.6192384769539
62556,13.829787234042554
62557,-1.5328364505695402
62558,0.3451251078515962
62560,3.4533431300514326
62561,-5.583287114069144
62563,3.3004484304932733
62565,7.157983905124947
62567,-13.391136801541425
62568,1.2302721511122157
62570,22.807017543859647
62571,-13.32020997375328
62572,13.49036402569593
62573,-26.925207756232687
62601,13.058419243986256
62610,-3.8461538461538463
62611,-5.432937181663837
62612,-16.412859560067684
62613,-4.8359240069084635
62615,-1.3477088948787064
62617,-30.01464128843338
62618,-3.6725023035408713
62621,3.305084745762712
62622,40.625
62624,-47.22222222222222
62625,24.324324324324326
62626,2.0169160702667535
62627,7.570977917981073
62628,4.308093994778068
62629,11.131360256597171
62630,65.70048309178745
62631,28.947368421052634
62633,-0.16556291390728478
62634,39.77272727272727
62635,-10.77127659574468
62638,-3.5205992509363293
62639,-34.05572755417957
62640,-14.743422766345402
62642,-3.5398230088495577
62643,21.254355400696863
62644,-6.852035749751738
62649,-15.176715176715177
62650,-8.30664978777273
62655,28.85304659498208
62656,-8.143815238767587
62661,10.306198655713219
62663,-40.705128205128204
62664,0.4776526782668032
62665,2.4849397590361444
62666,-7.1813285457809695
62667,35.59322033898305
62668,2.560124127230411
62670,-23.095747935148363
62671,1.9230769230769231
62672,-35.8974358974359
62673,-42.35500878734622
62674,4.876219054763691
62675,0.27299095717454364
62677,-6.689536878216123
62681,0.6514084507042254
62682,-23.132036847492323
62684,5.725475568817606
62685,-19.92427827733081
62688,56.9060773480663
62689,16.527196652719663
62690,-6.127450980392156
62691,17.04771371769384
62692,10.079051383399209
62693,8.473557692307693
62694,-3.051643192488263
62695,145.0777202072539
62701,-2.7953110910730388
62702,-5.626613300849793
62703,-7.37549432530624
62704,0.46891281695033
62706,
62707,3.041216486594638
62711,3.9145699239321243
62712,0.4104368220463207
62801,-8.735380116959064
62803,-7.160493827160494
62806,-3.46433770014556
62807,5.183312262958281
62808,48.70992963252541
62809,150.43478260869566
62810,4.878048780487805
62811,20.754716981132077
62812,2.371541501976284
62814,-15.102429728442116
62815,-25.72944297082228
62816,-14.880493446414803
62817,19.874476987447697
62818,69.70954356846472
62819,-38.47926267281106
62820,-7.638888888888889
62821,-3.1522189962671088
62822,-17.764407853071564
62823,-2.9916897506925206
62824,8.367228355607205
62825,42.94117647058823
62827,-15.28957528957529
62828,4.861111111111112
62829,
62830,2.1374045801526718
62831,-14.027149321266968
62832,0.44712720769058795
62833,1.2121212121212122
62835,50.05662514156285
62836,22.22222222222222
62837,-4.903758020164986
62838,-9.518213866039952
62839,-1.411543287327478
62841,27.27272727272727
62842,-6.136680613668061
62843,-18.91891891891892
62844,-4.802662862577271
62846,-27.253141831238782
62848,-34.77157360406091
62849,-0.6819288845591817
62850,82.79883381924198
62851,14.883720930232558
62852,53.48837209302325
62853,8.125677139761647
62854,-8.342989571263036
62856,-1.1267605633802817
62858,17.794221282593377
62859,-10.091899251191288
62860,-14.754098360655737
62861,-27.906976744186046
62862,-5.607476635514018
62863,-1.9973231751261196
62864,-1.0552742436492064
62865,-6.28401781296388
62867,-6.730769230769231
62868,1.48720999405116
62869,-3.0206112295664536
62870,9.144254278728607
62871,-5.775075987841945
62872,9.341199606686331
62874,-25.88495575221239
62875,-1.984126984126984
62876,-15.09433962264151
62877,-19.672131147540984
62878,-51.171875
62879,-52.083333333333336
62880,-19.59544879898862
62881,0.6223117049510387
62882,-9.50188363331938
62883,-30.60747663551402
62884,6.280741581536133
62885,-61.642411642411645
62886,24.203821656050955
62887,-38.04627249357326
62888,-5.961251862891207
62889,35.48780487804878
62890,-13.343217197924389
62891,20.274914089347078
62892,-51.28205128205128
62893,-10.08729388942774
62894,-22.55985267034991
62895,-7.231690465223399
62896,-9.913686806411837
62897,29.901960784313726
62898,-16.1663807890223
62899,-12.78038601982264
62901,-12.585329059023195
62902,-9.68814968814969
62903,-17.3064619321817
62905,4.107142857142857
62906,4.337140378776926
62907,-5.308392315470172
62908,-8.091286307053942
62910,-7.207596029348295
62912,71.60493827160494
62914,-32.25225225225225
62915,2.375296912114014
62916,-18.14595660749507
62917,0.8821170809943866
62918,6.053789731051345
62919,-39.0325271059216
62920,-10.766045548654244
62921,-33.787465940054496
62922,16.887417218543046
62923,-15.833333333333332
62924,-4.092769440654844
62926,-14.449269640742202
62927,-12.316715542521994
62928,-42.27642276422765
62930,-7.916257769054629
62931,-9.430122116689281
62932,-29.53898690950484
62933,-4.56968773800457
62934,-14.880952380952381
62935,35.467980295566505
62938,-9.337539432176655
62939,-15.314465408805031
62940,159.4306049822064
62941,-49.290060851926974
62942,-3.0874785591766725
62943,-27.102803738317753
62946,-7.988142600826897
62947,5.526315789473684
62948,-4.640493381468111
62949,5.6241426611796985
62950,-23.076923076923077
62951,15.022699133305819
62952,2.2803487592219986
62953,11.37123745819398
62954,101.36518771331058
62956,41.38335287221571
62957,-36.03515625
62958,-2.789400278940028
62959,-4.095851367043175
62960,-4.80461811722913
62961,25.0
62962,-100.0
62963,35.483870967741936
62964,-15.948275862068966
62965,-43.75
62966,-7.733298674291655
62967,29.81132075471698
62969,-17.985611510791365
62970,-49.056603773584904
62972,24.09240924092409
62974,-2.5591810620601407
62975,-49.85163204747774
62976,-14.390243902439023
62977,-21.0
62979,-15.658362989323843
62982,36.265060240963855
62983,9.819494584837544
62984,-18.043135192004208
62985,6.737967914438503
62987,31.470588235294116
62988,-31.88059701492537
62990,34.61538461538461
62992,9.785932721712538
62994,31.015037593984964
62995,3.9247486214725917
62996,60.78431372549019
62997,12.32876712328767
62998,-35.714285714285715
62999,-18.32348199892531
63005,10.72831332061497
63010,-3.4567077914860507
63011,-3.309943068979213
63012,1.5473157845079724
63013,-30.675203725261934
63014,-39.29866989117291
63015,-12.993138936535162
63016,-15.846051758460517
63017,2.6624016931624137
63019,1.6991391028545535
63020,0.7400784781204987
63021,-0.7381121362668559
63023,-14.716164474779426
63025,26.116373477672532
63026,0.6511878564692145
63028,7.681175977760006
63030,29.596412556053814
63031,6.074844772612854
63033,-6.179698216735254
63034,6.075469594782899
63036,66.91358024691358
63037,-14.082767140210006
63038,-1.4738292011019285
63039,-2.5718608169440245
63040,6.68801576548836
63041,-60.095389507154216
63042,-8.127405306866518
63043,-1.658072546230441
63044,1.9598605483840574
63045,
63047,-100.0
63048,5.561385099685205
63049,5.131602722399566
63050,6.911433955382651
63051,-14.853907451418985
63052,7.918373482656244
63053,4.6875
63055,-44.91609081934847
63056,-20.32560434139122
63060,5.760151085930123
63061,-63.63636363636363
63068,23.853923853923853
63069,-6.253524656933392
63070,10.411029506506893
63071,14.370245139475909
63072,38.64036632617119
63073,64.41784548422198
63074,6.196109885702827
63077,4.076804076804077
63079,895.2380952380953
63080,2.344931921331316
63084,7.509775563768814
63087,37.51507840772014
63088,1.570366818508751
63089,2.719298245614035
63090,2.2102002126970914
63091,12.274096385542169
63101,-16.63679808841099
63102,8.239531742458352
63103,15.431943746860874
63104,-1.868684304067435
63105,5.198184233835253
63106,-24.38556736970542
63107,-8.27310021488572
63108,-3.5621974716856997
63109,-3.9876386923821583
63110,-5.112303050620181
63111,-5.179525639823755
63112,-3.8059970169212574
63113,7.725321888412018
63114,-3.8121113663100106
63115,-15.804032129368583
63116,-7.03138893828917
63117,7.857540345019477
63118,-5.2262451493467195
63119,2.1799888205701508
63120,-23.194773008899404
63121,-2.375268077530045
63122,6.3557689838473586
63123,-0.8722189407363655
63124,3.1516743269862113
63125,0.4971155026390083
63126,1.34
63127,4.511878618486724
63128,-0.4290712258234867
63129,-3.8733698873740368
63130,-1.5124222546987052
63131,6.146179401993355
63132,2.874154660394002
63133,-7.343471708453213
63134,1.741275484292244
63135,-5.795996186844614
63136,-7.158346658489037
63137,2.0520520520520518
63138,-3.621574011709238
63139,1.9114734466399521
63140,6.985294117647059
63141,2.728755746700282
63143,-5.818407702660731
63144,2.860072926162261
63146,4.853329765528313
63147,-17.110266159695815
63155,
63301,1.5569122557445716
63303,-0.8055549728334976
63304,4.399443046632631
63330,-65.07936507936508
63332,36.734693877551024
63333,27.366863905325445
63334,-16.335369239311493
63336,-2.4822695035460995
63339,5.514705882352941
63341,-0.08262186725419994
63343,3.9580144325388145
63344,4.604810996563574
63345,-45.793103448275865
63347,-24.983142279163857
63348,69.47655748233782
63349,-6.280667320902846
63350,49.095022624434385
63351,-1.4339152119700749
63352,0.43668122270742354
63353,13.971422091177137
63357,33.15962169465354
63359,9.0625
63361,14.40677966101695
63362,21.037985251147905
63363,-39.06659674882014
63365,
63366,7.476007090897976
63367,15.856084656084658
63368,1.060473269062226
63369,36.1139896373057
63373,31.861804222648754
63376,0.4609838789649304
63377,27.180232558139533
63379,9.807862368357585
63380,
63381,-0.29940119760479045
63382,-16.03868627846061
63383,-7.4798548317647775
63384,21.02409638554217
63385,15.50727052047883
63386,27.941176470588236
63387,101.88679245283019
63388,23.77521613832853
63389,4.333989998484619
63390,-0.7770148174918685
63401,-4.816080582786221
63430,-38.65814696485623
63431,23.166023166023166
63432,-26.053639846743295
63433,-100.0
63434,6.686046511627906
63435,-2.300185873605948
63436,0.31695721077654515
63437,-1.9720101781170483
63438,-39.26701570680628
63439,109.63855421686748
63440,-3.435114503816794
63441,-2.4518388791593697
63443,-21.794871794871796
63445,15.395766888953318
63446,-46.58703071672355
63447,-4.399057344854674
63448,1.1980267794221282
63450,207.6923076923077
63451,-15.706806282722512
63452,-12.222222222222221
63453,-31.417624521072796
63454,26.054054054054056
63456,16.515045486354094
63457,45.72271386430678
63458,-36.56716417910448
63459,14.593362047124398
63460,-37.34643734643734
63461,-6.467661691542288
63462,0.0684931506849315
63463,18.364418938307033
63465,62.43523316062176
63466,
63467,327.77777777777777
63468,15.197164377492248
63469,-29.7119341563786
63471,12.430167597765362
63472,-27.37341772151899
63473,-3.343465045592705
63474,10.189573459715639
63501,-2.7378794217449913
63530,21.301247771836007
63531,-20.971867007672635
63532,-8.537490720118782
63533,22.721088435374153
63534,-7.177615571776156
63535,-84.14634146341463
63536,-9.375
63537,21.355567509413664
63538,-42.138364779874216
63539,20.792079207920793
63540,128.2051282051282
63541,65.94202898550725
63543,-33.23863636363637
63544,51.48514851485149
63545,2.1229050279329607
63546,-6.184428492545555
63547,16.74641148325359
63548,-38.53658536585366
63549,2.1450021450021453
63551,60.546875
63552,-7.108341810783317
63555,5.897435897435897
63556,-17.075564278704615
63557,37.333333333333336
63558,-16.417910447761194
63559,47.93261868300153
63560,-55.10204081632652
63561,-5.792163543441227
63563,-26.30937880633374
63565,5.695847362514029
63566,-56.71641791044776
63567,-65.85365853658537
63601,7.423637909608215
63620,-26.379928315412187
63621,47.585601404741
63622,-20.481927710843372
63623,-3.2569360675512664
63624,-9.609240599655935
63625,46.56716417910447
63626,-35.85548738922972
63627,-21.510770138683977
63628,-4.3478260869565215
63629,-12.843355605048256
63630,-2.579750346740638
63631,-33.84615384615385
63633,20.088626292466767
63636,-30.32904148783977
63637,-44.25697598961713
63638,-2.6977761574917976
63640,2.0069471246622927
63645,2.5826355222565005
63648,-21.397915389331697
63650,1.7973430580880436
63653,-7.20164609053498
63654,13.450292397660817
63655,-12.423873325213155
63656,46.835443037974684
63660,-11.759012823614807
63662,-56.40718562874252
63663,17.674418604651162
63664,2.5993189557321226
63665,34.35897435897436
63670,13.770189201661283
63673,20.97716409984068
63674,-72.72727272727273
63675,-93.87755102040816
63701,-2.147421800212155
63703,8.11965811965812
63730,22.184760620364127
63732,18.514412416851442
63735,-3.3047735618115053
63736,-8.780087527352299
63738,-100.0
63739,131.86440677966104
63740,11.706806282722514
63742,175.0
63743,-3.278688524590164
63744,18.115942028985508
63745,484.0
63746,-89.65517241379311
63747,41.35021097046413
63748,7.136237256719184
63750,650.0
63751,-7.253521126760563
63755,7.421705731731337
63758,262.1212121212121
63760,-1.5408320493066257
63763,-31.20567375886525
63764,-15.760086455331413
63766,47.83377541998232
63767,-30.612244897959183
63769,13.365650969529085
63770,36.36363636363637
63771,-3.7291817523533672
63774,4.651162790697675
63775,-3.1870836084268652
63780,-9.69403211148137
63781,17.637130801687764
63782,-22.65625
63783,-11.585365853658537
63784,16.265060240963855
63785,16.43243243243243
63787,-34.89771359807461
63801,-4.065986130852393
63820,75.69444444444444
63821,-29.82832618025751
63822,-0.5934718100890208
63823,25.602660016625105
63824,34.32835820895522
63825,-6.776897997205403
63826,124.65753424657535
63827,-38.95486935866984
63828,-40.98360655737705
63829,5.263157894736842
63830,-9.421112372304199
63833,16.379310344827587
63834,-23.38150289017341
63837,3.8995373430270988
63839,-12.72264631043257
63840,
63841,-0.6550543397350008
63845,-2.0441097364174285
63846,-32.28672985781991
63847,-59.883720930232556
63848,-25.708635464733025
63849,120.0
63850,
63851,-8.40528186896902
63852,2.3178807947019866
63853,-55.092592592592595
63855,-35.03086419753087
63857,-2.937880243355748
63860,24.561403508771928
63862,-25.426829268292682
63863,-11.023622047244094
63866,51.624548736462096
63867,-7.5400565504241275
63868,21.18003025718608
63869,-8.890746934225195
63870,16.385302879841113
63873,-15.439479756660374
63874,-54.19501133786848
63876,-15.378289473684212
63877,-18.33780160857909
63878,-21.428571428571427
63879,28.61788617886179
63880,-78.94736842105263
63882,-18.25
63901,-2.1110796259563616
63932,-20.9992193598751
63933,-13.636363636363635
63934,-73.52941176470588
63935,-18.062666393610485
63936,-34.88095238095238
63937,-4.794007490636704
63939,-13.328477785870357
63940,9.069946195234435
63941,14.444444444444443
63942,-25.076923076923073
63943,44.14715719063545
63944,-18.197674418604652
63945,-9.842845326716294
63950,
63951,13.291139240506327
63952,-17.77777777777778
63953,-58.56553147574819
63954,0.3181336161187699
63955,-41.0958904109589
63956,-46.502331778814124
63957,-5.65402339595888
63960,4.619826756496631
63961,6.801152737752162
63962,178.46153846153848
63964,-38.11944091486658
63965,-33.096296296296295
63966,-5.491071428571429
63967,-7.846506300114547
64001,44.13680781758957
64011,22.570065593321406
64012,5.5405953742299605
64014,12.46330182988136
64015,1.975088401134083
64016,-0.36598493003229277
64017,-62.28571428571429
64018,-4.0625
64019,-14.480776140855193
64020,-16.87602403058438
64021,-7.063711911357341
64022,-5.813953488372093
64024,-11.263318112633181
64028,
64029,21.076233183856502
64030,2.408634577992937
64034,1.7042138438193066
64035,-8.006962576153178
64036,23.684210526315788
64037,3.582139286904365
64040,-9.204017388697347
64048,14.121258633921718
64050,-4.58254865034526
64052,10.63289879590009
64053,18.116210214655812
64054,-13.817069780372531
64055,6.50291570948931
64056,5.626240224115793
64057,-2.7509192428162876
64058,-3.646058509871739
64060,8.859198355601233
64061,6.142668428005284
64062,21.977411590446213
64063,4.247066332793244
64064,12.826508497775748
64065,-15.909090909090908
64066,41.66666666666667
64067,10.834417394536331
64068,-1.7519326666842563
64070,-6.578542883492161
64071,11.271676300578035
64072,-39.711934156378604
64074,11.26126126126126
64075,-6.053114283435681
64076,1.3406323315830633
64077,7.13375796178344
64078,7.665916157392516
64079,-5.941411085132719
64080,8.835526822134995
64081,3.1412531990423513
64082,21.153604226946783
64083,10.301922133523615
64084,-4.683377308707124
64085,-1.3201320132013201
64086,5.817076929851601
64088,-1.9970414201183433
64089,10.173815978312868
64090,15.454545454545453
64092,
64093,-1.589237668161435
64096,6.2015503875969
64097,-23.246951219512198
64098,2.0521172638436482
64101,-59.49820788530465
64102,
64105,28.843474222015793
64106,15.502136752136753
64108,30.396475770925107
64109,10.285154549412278
64110,5.165721110779337
64111,-1.212783078514772
64112,-1.3796275005748446
64113,2.68976897689769
64114,0.6906300484652665
64116,12.438199323445225
64117,0.10665955602959802
64118,0.9507448285599981
64119,20.36526276556094
64120,95.28619528619528
64123,16.845957635577243
64124,5.192709322194798
64125,65.06364922206507
64126,-13.840937114673244
64127,19.813694159243898
64128,3.881884538818845
64129,-6.0575410204540345
64130,-2.9977739302498145
64131,-0.7738492328218813
64132,-15.793837225369629
64133,8.817716810044175
64134,-3.4695418694411813
64136,-24.016282225237447
64137,-10.564807472023967
64138,-8.691712289975458
64139,20.98701298701299
64145,-2.950075642965204
64146,-21.601016518424395
64147,-9.21875
64149,17.8125
64150,26.97589258468111
64151,9.495560318432334
64152,11.131522238315611
64153,16.18056845625116
64154,23.83538153758217
64155,21.767353297559286
64156,-1.1394465545306565
64157,9.80691056910569
64158,47.85237698081735
64161,27.106227106227106
64163,32.29461756373937
64164,-57.52895752895753
64165,38.578680203045685
64166,31.555555555555554
64167,-28.721174004192875
64401,-25.387708213670308
64402,-14.412745461281956
64420,-35.483870967741936
64421,15.47029702970297
64422,-20.60889929742389
64423,22.779922779922778
64424,-16.35164835164835
64426,28.57142857142857
64427,-4.017216642754662
64428,-12.839506172839506
64429,-1.5462290943515304
64430,-3.0729833546734953
64431,16.38418079096045
64432,-21.084337349397593
64433,10.37344398340249
64434,14.699331848552339
64436,11.744186046511627
64437,-23.168654173764907
64438,-19.27710843373494
64439,-3.9149888143176734
64440,50.41597337770383
64441,-39.20454545454545
64442,15.316455696202533
64443,50.651607298001736
64444,-7.523066004258339
64445,-17.681159420289855
64446,8.850457782299085
64448,9.228971962616821
64449,-21.98952879581152
64451,4.591836734693878
64453,36.0
64454,6.160164271047227
64455,-15.733333333333333
64456,2.522775052557814
64457,45.94594594594595
64458,103.125
64459,-15.778688524590164
64461,31.182795698924732
64463,-12.991880074953155
64465,-11.021913647211976
64466,7.9326923076923075
64467,-29.80392156862745
64468,-9.60126582278481
64469,-9.058927000879507
64470,-4.8065650644783116
64471,26.01010101010101
64473,-3.506208911614317
64474,-12.763466042154567
64475,10.191082802547772
64476,-0.3558718861209964
64477,-5.242825607064018
64479,-13.345521023765997
64480,33.90557939914164
64481,-1.5488867376573088
64482,-3.5185185185185186
64483,-15.625
64484,-28.596338273757627
64485,1.0484592763073775
64486,-51.587301587301596
64487,-7.932011331444759
64489,-2.4977293369663944
64490,4.460352422907489
64491,-5.707762557077626
64492,-5.392418579818473
64493,10.015174506828528
64494,24.065420560747665
64496,365.0
64497,51.92307692307693
64498,-36.92722371967655
64499,54.794520547945204
64501,-13.949511400651465
64503,-1.376936316695353
64504,-6.327509731148728
64505,9.142141515341265
64506,-10.993276772850969
64507,3.46173303461733
64601,-0.06673896721448236
64620,-8.952380952380953
64622,15.876777251184834
64623,-1.951219512195122
64624,1.3531799729364005
64625,82.0627802690583
64628,-5.749452031697859
64630,1.1235955056179776
64631,4.477611940298507
64632,3.349282296650718
64633,-5.983255054114764
64635,-30.960264900662253
64636,8.60655737704918
64637,2.380952380952381
64638,3.793103448275862
64639,-44.052863436123346
64640,5.389632681084793
64641,-3.4710743801652892
64642,-15.227272727272728
64643,1.3793103448275863
64644,-6.352087114337568
64645,18.30985915492958
64646,79.42857142857143
64647,32.33532934131736
64648,7.121786767804466
64649,5.5045871559633035
64650,-0.7288629737609329
64651,-38.30409356725146
64652,-11.188811188811188
64653,-17.5561797752809
64654,-23.076923076923077
64655,-69.0625
64656,-22.64808362369338
64657,33.46774193548387
64658,3.5358405657344902
64659,4.418103448275862
64660,-17.50465549348231
64661,-22.03065134099617
64664,-50.78740157480315
64667,-0.8620689655172413
64668,-18.374558303886925
64670,-21.581548599670512
64671,-3.870967741935484
64672,-48.401826484018265
64673,3.389830508474576
64674,-44.14784394250513
64676,-51.21107266435986
64679,3.0112923462986196
64681,-23.4375
64682,-4.178272980501393
64683,-3.6558345642540617
64686,-1.4634146341463417
64688,38.582677165354326
64689,-16.220735785953178
64701,1.394045534150613
64720,22.778402699662543
64722,-49.362477231329684
64723,-21.045197740112993
64724,5.555555555555555
64725,-22.560740455071347
64726,3.35195530726257
64728,-25.852782764811487
64730,1.4026528434212533
64733,-21.16091109478325
64734,3.566265060240964
64735,0.7659382743861229
64738,54.92468134414832
64739,31.78391959798995
64740,-10.75330649798735
64741,-24.899598393574294
64742,4.6923417441345725
64743,25.595238095238095
64744,2.306106673537748
64745,-66.66666666666666
64746,5.94900849858357
64747,12.299319727891156
64748,-2.006172839506173
64750,7.729468599033816
64752,-6.533333333333332
64755,-12.933753943217665
64756,-3.281519861830743
64759,-6.1688311688311686
64761,20.786092214663643
64762,13.736263736263737
64763,-9.417596034696405
64765,-78.57142857142857
64767,-10.466988727858293
64769,39.14728682170542
64770,15.455475946775845
64771,-9.014675052410901
64772,-6.534910559723024
64776,-7.097625329815303
64778,-22.00956937799043
64779,-2.311481621826449
64780,-17.543859649122805
64781,54.929577464788736
64783,-28.603603603603606
64784,-1.9093078758949882
64788,-20.983213429256594
64790,3.5046728971962615
64801,-1.9178299912585097
64804,4.214376142917429
64830,33.71710526315789
64831,1.4552356849098387
64832,93.78612716763006
64833,-22.61904761904762
64834,1.2542644992976117
64835,8.32870627429206
64836,10.181298948552637
64840,10.911424903722722
64841,135.12014787430684
64842,26.287262872628723
64843,26.81081081081081
64844,-14.974874371859295
64847,-22.290388548057262
64848,9.15805022156573
64849,24.840764331210192
64850,0.7833228048010108
64854,25.570539419087133
64855,-1.1823035850495804
64856,-7.547169811320755
64857,5.7356608478802995
64858,215.0943396226415
64859,-22.470515207945375
64861,-30.833799664241745
64862,14.829794405123021
64863,-13.572267920094008
64865,-5.800388852883992
64866,-39.31203931203931
64867,-34.285714285714285
64868,
64870,5.284334763948498
64873,-26.153846153846157
64874,-17.97752808988764
65001,-29.749103942652326
65010,8.957323745505706
65011,-20.16308376575241
65013,-11.892247043363994
65014,23.34293948126801
65016,-6.39300134589502
65017,7.927411652340019
65018,4.203245544027667
65020,-6.819031012579399
65023,-17.941810344827587
65024,-23.107255520504733
65025,8.217270194986073
65026,-3.4263632460283384
65032,-41.32149901380671
65034,-13.684210526315791
65035,-14.7117296222664
65037,6.945054945054944
65039,4.103122730573712
65040,-15.67314132618888
65041,-2.7722772277227725
65043,-3.280575539568345
65046,0.8688783570300158
65047,143.53932584269663
65048,-31.835205992509362
65049,6.003638568829594
65050,-17.733473242392446
65051,0.02065688907250568
65052,2.5404157043879905
65053,-7.219083490269932
65054,51.01781170483461
65058,30.551816958277257
65059,5.817452357071214
65061,-26.41509433962264
65062,-35.0
65063,0.7291928589388987
65064,28.097345132743364
65065,4.156516443361754
65066,-5.347255181142224
65067,70.98765432098766
65068,-4.342984409799555
65069,-30.586766541822723
65072,83.71246587807097
65074,11.238971998465669
65075,9.542743538767395
65076,-22.48939179632249
65077,-30.555555555555557
65078,-12.420537897310513
65079,23.570658036677454
65080,59.91649269311065
65081,2.308598351001178
65082,6.529516994633274
65083,-26.710097719869708
65084,11.445508435932512
65085,3.9898132427843804
65101,-0.5476740349719564
65109,3.019506318406685
65201,9.757586721541314
65202,-1.4805955375922795
65203,5.332556661724211
65215,3.501945525291829
65216,
65230,-41.563275434243174
65231,-12.304250559284116
65232,2.941176470588235
65233,-7.295298018875945
65236,-15.545395166557805
65237,19.363057324840767
65239,44.74959612277868
65240,5.662223309282133
65243,4.061895551257253
65244,27.27272727272727
65246,-26.21359223300971
65247,70.0554528650647
65248,-0.2737226277372263
65250,-18.849840255591054
65251,-1.342031686859273
65254,-2.9066802651708312
65255,19.105312208760488
65256,17.78875849289685
65257,8.588957055214724
65258,19.318181818181817
65259,-6.773038098339303
65260,-31.432973805855163
65261,47.72727272727273
65262,5.0761421319796955
65263,-22.65784114052953
65264,47.25433526011561
65265,2.461251912459256
65270,-3.1540314256222044
65274,1.3326226012793176
65275,-7.123910572186435
65276,16.72088484059857
65278,-48.63013698630137
65279,-8.162031438935912
65280,8.627450980392156
65281,1.2328284607256075
65282,15.254237288135593
65283,28.316326530612244
65284,-4.617473970122227
65285,-41.96018376722817
65286,98.66666666666667
65287,-31.59268929503917
65301,2.7090487511373307
65305,-5.328554360812425
65320,20.0
65321,-25.450901803607213
65322,2.8257456828885403
65323,16.216216216216218
65324,-1.5981735159817352
65325,-2.7348394768133173
65326,-30.26868178001679
65327,-0.3676470588235294
65329,28.225806451612907
65330,21.54963680387409
65332,41.679748822605966
65333,34.053156146179404
65334,-8.030592734225621
65335,-23.897058823529413
65336,16.204217536071035
65337,-6.097560975609756
65338,9.230769230769232
65339,-28.771384136858476
65340,0.0443094062539562
65344,-25.94142259414226
65345,-28.36065573770492
65347,43.17817014446228
65348,-16.444740346205062
65349,0.5938242280285035
65350,-8.913934426229508
65351,-4.891304347826087
65354,-35.86387434554974
65355,4.5038094319606525
65360,6.263360410431809
65401,-0.6370207031728531
65409,
65436,-100.0
65438,-4.925544100801833
65439,-92.87469287469288
65440,39.329268292682926
65441,-9.435674106332788
65443,396.0
65444,-46.15384615384615
65446,58.842443729903536
65449,-57.692307692307686
65452,-4.214417744916821
65453,7.813611572207731
65456,-62.523364485981304
65457,47.74193548387097
65459,15.333147477000278
65461,10.434782608695652
65462,-23.015343562374916
65463,26.3
65464,-67.96733212341198
65466,-14.507129572225667
65468,-49.044585987261144
65470,-28.55787476280835
65473,-4.243576378242472
65479,-0.3861003861003861
65483,8.635940409683426
65484,-50.90909090909091
65486,-26.36865896534405
65501,34.50704225352113
65529,87.66233766233766
65534,-70.99184782608695
65535,-12.023809523809524
65536,1.548260324558729
65541,-23.11111111111111
65542,9.266099245222419
65543,143.75
65548,18.29136690647482
65550,-0.9500459699662888
65552,33.53967360720315
65555,-8.039068369646882
65556,-22.018348623853214
65557,108.16326530612245
65559,1.9736100146611029
65560,-8.399311531841652
65564,-22.674418604651162
65565,-10.378975433250808
65566,-21.52317880794702
65567,21.05628908964559
65570,26.773049645390074
65571,-18.319928507596067
65580,-22.981366459627328
65582,-1.9780219780219779
65583,25.931232091690543
65584,-7.506584723441616
65586,32.3943661971831
65588,-30.21335168616655
65589,-78.46153846153847
65590,80.11204481792717
65591,-7.5192096597146
65601,9.688013136289
65603,-13.0
65604,-2.728442728442728
65605,-6.9628805341387805
65606,-27.19377058999701
65608,-9.386476560812271
65609,-11.757269279393173
65610,0.746419205164414
65611,5.007824726134586
65612,45.46197874080131
65613,1.467469188879335
65614,8.006535947712418
65616,4.899668074834038
65617,34.08360128617363
65618,-27.27272727272727
65619,19.070735090152567
65620,8.979591836734693
65622,-10.624567872781746
65623,10.0
65624,36.74496644295302
65625,-9.146708388494403
65626,49.48586118251928
65627,86.62420382165605
65629,1.7937219730941705
65630,24.671052631578945
65631,14.046318960647714
65632,3.3821871476888385
65633,-8.464984673426079
65634,-17.231638418079097
65635,37.351778656126484
65637,-44.06077348066299
65638,51.1727078891258
65640,63.98046398046397
65641,22.328042328042326
65644,-15.439672801635993
65646,-14.384288747346071
65647,65.13470681458003
65648,10.19128757434496
65649,52.5766016713092
65650,21.67487684729064
65652,5.2984895708463196
65653,-6.262199089134677
65654,42.13483146067416
65655,-21.581335061568375
65656,-0.4908979341378605
65657,162.4113475177305
65658,-0.6163328197226503
65660,19.35483870967742
65661,-6.892523364485981
65662,-21.675238795003672
65663,-5.584460631286854
65664,-71.0691823899371
65666,
65667,-7.586004116436343
65668,-10.0
65669,35.94132029339853
65672,-8.287471673680804
65674,1.7808219178082192
65675,
65676,16.666666666666664
65679,18.063528511289707
65680,10.33175355450237
65681,10.908052541404912
65682,1.4326647564469914
65685,32.864450127877234
65686,-0.8005055824731409
65688,
65689,3.949843260188088
65690,-31.05263157894737
65692,-26.64179104477612
65702,-44.12698412698413
65704,29.98256827425915
65705,2.2798932815910744
65706,8.56191222570533
65707,-3.1161473087818696
65708,-1.4799789647659831
65710,7.28476821192053
65711,-9.757902526694155
65712,12.76595744680851
65713,10.204081632653061
65714,7.225451397477121
65715,105.40540540540539
65717,-2.688728024819028
65720,-6.572164948453609
65721,10.704160348124217
65722,-29.04993909866017
65723,-7.0170109356014585
65724,-12.98932384341637
65725,-6.913661925239828
65726,
65727,-41.53846153846154
65728,
65729,-60.0
65730,-79.59183673469387
65731,-66.6015625
65732,26.01626016260163
65733,44.612794612794616
65734,0.315955766192733
65735,-23.943661971830984
65737,-11.639631740464708
65738,12.93644674523626
65739,-8.817635270541082
65740,11.748208164537239
65741,
65742,7.585619091895243
65744,-19.81132075471698
65745,-1.6815374056280026
65746,2.4472280213407562
65747,-4.779607010090282
65752,40.67164179104478
65753,-7.34377949782896
65754,-52.64
65755,51.82648401826484
65756,21.66172106824926
65757,4.252012996185902
65759,-19.625468164794007
65760,-31.239935587761675
65761,27.37154150197628
65762,107.1969696969697
65764,-22.431004110393424
65766,-34.34343434343434
65767,7.073434125269978
65768,-62.628865979381445
65769,-11.14121232644768
65770,-15.847860538827257
65771,0.5859375
65772,22.233300099700898
65773,-47.46835443037975
65774,-7.743153918791313
65775,0.8493249469171907
65777,-56.32183908045977
65778,1.0416666666666665
65779,-28.374497415278576
65781,5.345984725757926
65783,215.68627450980392
65784,-100.0
65785,2.5744759102611257
65786,-25.326370757180154
65787,-35.15981735159817
65788,-16.27296587926509
65789,-5.329670329670329
65790,-4.3841336116910234
65791,-12.13944801826105
65793,-20.07710100231303
65801,
65802,2.6471366804906027
65803,4.720015595301915
65804,2.6590568370111254
65806,26.161598906730443
65807,-4.523513998069232
65809,-4.0443353921651575
65810,-2.793683845219504
65897,
66002,1.610452749924035
66006,-1.851142601812843
66007,39.14492753623188
66008,-5.213270142180095
66010,-37.95255930087391
66012,-9.819551506657323
66013,17.953321364452425
66014,232.94797687861274
66015,-13.38962605548854
66016,171.93675889328063
66017,-22.22222222222222
66018,5.3337696335078535
66020,23.694779116465863
66021,8.661119515885023
66023,-26.52892561983471
66024,-22.68408551068884
66025,-0.08955987717502559
66026,38.82725832012678
66027,12.073112073112073
66030,10.20557371408911
66031,-8.132530120481928
66032,-3.2039800995024876
66033,48.059149722735675
66035,8.538461538461538
66039,1.92
66040,4.280155642023346
66041,12.827225130890053
66042,-17.6158940397351
66043,-3.22463768115942
66044,0.3251245157719978
66045,-16.441779110444777
66046,1.7827595409661063
66047,0.8752843437839976
66048,-0.48416101812145523
66049,5.433803662563794
66050,-9.306742640075974
66052,-14.608971814211987
66053,5.494802214121776
66054,-14.586607984910405
66056,-17.12018140589569
66058,-20.0
66060,5.128205128205128
66061,7.740252210465284
66062,-3.2681046994644913
66064,4.104280429804474
66066,9.449433814916048
66067,2.9185271468323304
66070,-17.192721871518753
66071,4.332129963898916
66072,20.158450704225352
66073,-1.965503409546731
66075,13.411871318531944
66076,4.8725972284309345
66078,-40.643274853801174
66079,-2.945736434108527
66080,-0.5175983436853002
66083,26.807817589576548
66085,41.01370571502457
66086,7.9018527791687525
66087,-5.493437044239183
66088,9.846917666528755
66090,0.602167804094741
66091,22.929936305732486
66092,10.374935798664612
66093,-14.089775561097257
66094,6.476683937823833
66095,22.369878183831673
66097,-22.085889570552148
66101,-1.7026016389529794
66102,-5.712682029374163
66103,-3.4658964674516777
66104,8.050152331849073
66105,-12.905748924520925
66106,-6.649416789880072
66109,28.76964919559305
66111,8.719430399339593
66112,-0.4007421150278293
66115,
66118,
66160,
66202,7.23589001447178
66203,-0.7384679390503925
66204,-3.0174180327868854
66205,1.0964912280701753
66206,14.462299134734241
66207,9.619876831599065
66208,1.584242196314404
66209,-1.1936811093615076
66210,4.323870493781812
66211,26.37942404924159
66212,-1.3501729063298753
66213,6.300042140750104
66214,4.170829170829171
66215,-0.39075968279508105
66216,0.16393442622950818
66217,-4.150476863299188
66218,-2.6520864756158873
66219,19.852813852813853
66220,12.145023435346015
66221,42.730299667036626
66223,-0.04360234659901696
66224,-8.48151179227736
66226,12.202401610328312
66227,56.07843137254902
66251,
66401,17.913385826771652
66402,0.7194244604316548
66403,13.910761154855644
66404,1.7632241813602016
66406,6.9306930693069315
66407,-53.01914580265096
66408,-17.52767527675277
66409,9.784031413612565
66411,15.609348914858096
66412,139.48717948717947
66413,0.46975924838520255
66414,-17.389875082182773
66415,-27.07240293809024
66416,-0.18832391713747645
66417,9.042553191489363
66418,-12.5
66419,0.27932960893854747
66422,195.51122194513715
66423,11.354166666666666
66424,-9.925093632958802
66425,14.572864321608039
66427,7.087294727744166
66428,-41.473684210526315
66429,18.681318681318682
66431,13.322368421052634
66432,56.774193548387096
66434,-5.441754603765777
66436,-0.08465966813410092
66438,-51.70454545454546
66439,-4.330275229357798
66440,-8.92094017094017
66441,-5.837750294464075
66442,-3.147461163923023
66449,23.771428571428572
66451,19.16829109811566
66501,-10.81081081081081
66502,-0.5702240958508986
66503,2.5331498623967974
66506,-8.596894767107532
66507,-36.54390934844193
66508,-9.062218214607755
66509,-14.30560389836408
66510,-14.83790523690773
66512,-0.8743523316062176
66514,96.74465920651069
66515,-13.417190775681343
66516,-14.323607427055704
66517,-22.621457489878544
66518,69.67213114754098
66520,8.048289738430583
66521,-24.667729930887823
66522,775.0
66523,3.943044906900329
66524,-3.2490974729241873
66526,38.961038961038966
66527,-24.369747899159663
66528,-24.664107485604607
66531,-9.119897959183673
66532,8.503401360544217
66533,-0.622524052065648
66534,0.514626218851571
66535,42.11793020457281
66536,-9.21577315019938
66537,8.718861209964412
66538,6.743677802060569
66539,-7.927927927927928
66540,50.24390243902439
66541,44.38202247191011
66542,-7.587064676616915
66543,-8.661417322834646
66544,-30.59360730593607
66546,3.151065801668211
66547,-2.034373903893371
66548,-4.389721627408994
66549,-11.090342679127726
66550,3.727714748784441
66552,16.192560175054705
66554,8.514190317195327
66603,-11.037234042553191
66604,1.321021472121587
66605,16.123700346574246
66606,-12.36954351574553
66607,-8.138173302107727
66608,-13.04957085303906
66609,-13.013785253572784
66610,7.522079984122258
66611,5.946220192795535
66612,-26.52613087395696
66614,3.900998806457692
66615,-9.448373408769449
66616,-4.792610665737191
66617,2.364202514127552
66618,-1.5230460921843687
66619,3.2160804020100504
66621,-4.9275362318840585
66622,3.1578947368421053
66701,-9.818123289876066
66710,41.6988416988417
66711,-14.923291492329149
66712,-8.181315644002211
66713,1.9675090252707579
66714,-41.73913043478261
66716,79.30327868852459
66717,6.239168110918544
66720,-4.7974694666549516
66724,-8.304498269896193
66725,-5.799400669839591
66732,3.53356890459364
66733,14.708835341365461
66734,66.66666666666666
66735,16.56804733727811
66736,-8.073727933541019
66738,-18.28358208955224
66739,-7.971672416923916
66740,-51.8796992481203
66741,7.386363636363637
66742,
66743,-9.319955406911928
66746,-27.522935779816514
66748,13.191990577149587
66749,-5.18923136948888
66751,-8.157524613220815
66753,33.05699481865285
66754,17.765042979942695
66755,-14.960629921259844
66756,45.646067415730336
66757,-3.163603495028623
66758,32.4468085106383
66760,
66761,3.3457249070631967
66762,1.0465915060411364
66763,0.5049005049005049
66767,-51.2
66769,68.60759493670886
66770,-21.44026186579378
66771,-11.071744906997342
66772,-22.259136212624583
66773,-43.88646288209607
66775,35.374149659863946
66776,18.07044410413476
66777,-6.5543071161048685
66778,
66779,35.748792270531396
66780,-20.91194968553459
66781,22.77456647398844
66782,3.4682080924855487
66783,-0.7292616226071102
66801,-3.0585905731763376
66830,60.946745562130175
66833,14.43850267379679
66834,36.71766342141864
66835,7.185122569737954
66838,-10.655737704918032
66839,0.5508919202518363
66840,-34.63892288861689
66842,37.784090909090914
66843,-25.853658536585368
66845,-18.87218045112782
66846,-0.5428226779252111
66849,22.22222222222222
66850,25.683060109289617
66851,14.048059149722736
66852,-0.8460236886632826
66853,-28.88402625820569
66854,16.27906976744186
66856,3.37013364323068
66857,-7.41106719367589
66858,-21.475054229934923
66859,5.263157894736842
66860,-4.9490538573508
66861,-2.873961218836565
66862,37.3134328358209
66863,-10.526315789473683
66864,24.804177545691903
66865,-20.15267175572519
66866,14.588528678304238
66868,-12.176165803108809
66869,-17.21311475409836
66870,37.5
66871,2.7331189710610935
66872,-11.632453567937437
66873,-14.285714285714285
66901,1.8651832460732982
66930,-20.689655172413794
66932,-34.51327433628318
66933,-20.21563342318059
66935,13.462425080682342
66936,-0.33670033670033667
66937,13.586291309669523
66938,26.41165755919854
66939,-35.714285714285715
66940,1.0752688172043012
66941,-62.272727272727266
66942,30.952380952380953
66943,16.141732283464567
66944,85.54913294797689
66945,5.751765893037336
66946,4.3478260869565215
66948,23.829787234042556
66949,-19.86842105263158
66951,-5.747126436781609
66952,6.051873198847262
66953,-7.714701601164483
66955,-45.55555555555556
66956,-6.573181419807186
66958,31.40096618357488
66959,-38.83161512027492
66960,-44.44444444444444
66961,
66962,-35.50295857988166
66963,123.33333333333334
66964,-2.7210884353741496
66966,-18.88888888888889
66967,3.755144032921811
66968,-19.396551724137932
66970,-1.3333333333333335
67001,58.671096345514954
67002,13.918984197087847
67003,0.5964214711729622
67004,-5.325443786982249
67005,-2.200981008678154
67008,0.7421150278293136
67009,-13.137254901960786
67010,0.3977149468508207
67012,300.0
67013,21.529411764705884
67016,-8.686868686868687
67017,-11.06902356902357
67018,-68.27309236947792
67019,-29.470452801227935
67020,-20.34299231224128
67021,-39.473684210526315
67022,5.256064690026954
67023,-56.9078947368421
67024,6.043329532497149
67025,3.8163864424873233
67026,4.386326194398682
67028,-35.79234972677596
67029,-6.876790830945559
67030,-8.25147347740668
67031,-7.977941176470588
67035,-16.380182002022245
67036,74.24242424242425
67037,4.40530195633683
67038,-8.513341804320202
67039,-15.301661323229379
67041,-20.294117647058822
67042,-1.9655740498778618
67045,-8.155281372253988
67047,20.795660036166367
67049,18.64406779661017
67050,13.139472267097469
67051,0.24330900243309003
67052,-1.4742291244654513
67053,-18.045112781954884
67054,-7.888631090487238
67055,-34.32835820895522
67056,-4.1966802380206705
67057,33.81642512077295
67058,-0.22870211549456831
67059,-4.081632653061225
67060,-1.1088497438416731
67061,-2.7777777777777777
67062,-10.518088432335865
67063,1.236302332115763
67065,-35.98726114649681
67066,-14.805194805194805
67067,24.369747899159663
67068,-2.5845410628019323
67070,-18.31238779174147
67071,9.444444444444445
67072,89.3491124260355
67073,-26.42369020501139
67074,-27.329974811083126
67101,20.718069452619186
67102,
67103,8.92018779342723
67104,-23.722772277227723
67105,12.751677852348994
67106,5.734767025089606
67107,-0.6632277081798084
67108,-0.45632333767926986
67109,3.8997214484679668
67110,-1.0920620009394082
67111,-16.731517509727624
67112,26.31578947368421
67114,-1.7497324212387735
67117,4.721669980119284
67118,-4.794520547945205
67119,-17.537826685006877
67120,-27.187765505522517
67122,108.33333333333333
67123,-6.287787182587666
67124,-2.8963980690679536
67127,24.25249169435216
67131,17.62589928057554
67132,-22.334004024144868
67133,9.402251466624385
67134,0.0
67135,1.210510776498376
67137,-0.9940357852882704
67138,10.029498525073747
67140,14.716106604866743
67142,-15.95238095238095
67143,378.57142857142856
67144,-2.5951557093425603
67146,4.2833607907743
67147,6.087300801742057
67149,26.580921757770632
67150,-85.24590163934425
67151,-11.41804788213628
67152,-1.3257368248055221
67154,48.46390168970814
67155,-22.142857142857142
67156,-2.940776038121171
67159,47.008547008547005
67202,25.960932577189666
67203,4.957820495090582
67204,4.03715284164061
67205,7.119363395225465
67206,8.467369199482345
67207,-4.84251422228389
67208,-2.955089320496411
67209,-8.401859134787273
67210,-6.4852286523674625
67211,-5.311672438378488
67212,-1.4282207493695744
67213,-8.64123446206601
67214,10.820946406654848
67215,5.152069137443909
67216,-4.126408168431712
67217,5.290018647561095
67218,3.2670454545454546
67219,-9.113376583256102
67220,7.497629640434687
67221,
67223,26.729559748427672
67226,13.446693094095554
67227,-37.61467889908257
67228,2.829121086382497
67230,6.19228680065182
67232,-38.84430176565008
67235,19.677444857300973
67260,
67301,1.0233575501913914
67330,8.104575163398692
67332,42.27642276422765
67333,-14.980882864094545
67334,48.888888888888886
67335,-0.29904306220095694
67336,-26.64864864864865
67337,-13.288643533123029
67340,-0.5221932114882507
67341,16.4983164983165
67342,-15.602836879432624
67344,-14.148681055155876
67345,-19.696969696969695
67346,5.830903790087463
67347,8.830022075055188
67349,-24.661508704061895
67351,19.808306709265175
67352,23.25581395348837
67353,-15.39855072463768
67354,-29.776674937965257
67355,57.638888888888886
67356,11.459854014598541
67357,-3.3848657445077297
67360,-24.819277108433734
67361,4.634994206257242
67363,70.83333333333334
67364,-10.572687224669604
67401,-1.142065087948773
67410,5.93790816839144
67416,-31.385485391140435
67417,-34.5360824742268
67418,57.14285714285714
67420,-13.936591809775429
67422,-6.184118060435699
67423,-9.116022099447514
67425,-9.873417721518987
67427,-8.793969849246231
67428,-24.903969270166453
67430,-12.354651162790697
67431,-22.302158273381295
67432,-3.0537030537030536
67436,-31.63841807909605
67437,-14.468503937007874
67438,-7.667731629392971
67439,-7.126760563380281
67441,-29.361370716510905
67442,25.274725274725274
67443,6.581858407079647
67444,3.377110694183865
67445,-26.876876876876878
67446,14.357262103505844
67447,5.042016806722689
67448,-25.642909625275536
67449,-11.782276800531031
67450,-1.263537906137184
67451,11.461619348054679
67452,115.97633136094674
67454,30.0952380952381
67455,-20.935841775205017
67456,10.002217786648924
67457,-31.566820276497698
67458,104.48430493273541
67459,43.223443223443226
67460,4.880451918024172
67464,-4.428044280442804
67466,-37.82117163412128
67467,3.5383996783273015
67468,-2.5236593059936907
67470,22.62773722627737
67473,4.211117349803481
67474,-31.045751633986928
67475,-27.932960893854748
67476,
67478,60.0
67480,1.1202830188679245
67481,53.01724137931034
67482,14.285714285714285
67483,11.212814645308924
67484,-3.6772216547497445
67485,-23.872679045092838
67487,-1.291248206599713
67490,5.46448087431694
67491,-30.92269326683292
67492,-15.833333333333332
67501,-6.966761633428301
67502,0.041956868339347156
67505,24.01402278702892
67510,-15.902140672782874
67511,-50.943396226415096
67512,8.333333333333332
67513,145.45454545454547
67514,-22.017353579175705
67515,95.45454545454545
67516,28.606356968215156
67518,-50.68493150684932
67519,-39.224137931034484
67520,-24.804177545691903
67521,-28.08219178082192
67522,-1.0294117647058822
67523,5.986696230598669
67524,-0.5016722408026756
67525,12.89198606271777
67526,-5.394332536701946
67529,-11.528822055137844
67530,-8.455958549222798
67543,4.725992961287079
67544,-1.87192118226601
67545,4.597701149425287
67546,12.311955661124308
67547,-2.6285714285714286
67548,1.2021036814425246
67550,-9.464660601819453
67552,25.25597269624573
67553,-43.40659340659341
67554,0.19685039370078738
67556,-54.63576158940398
67557,2.586206896551724
67559,0.0
67560,-13.234455219623504
67561,2.3255813953488373
67563,-8.033240997229916
67564,13.229571984435799
67565,-0.5847953216374269
67566,4.638472032742155
67567,36.206896551724135
67568,11.20331950207469
67570,11.275964391691394
67572,-14.351851851851851
67573,-16.097560975609756
67574,-14.215686274509803
67575,27.63819095477387
67576,4.114400401404917
67578,-21.41812865497076
67579,-7.0389070389070385
67581,-8.743169398907105
67583,2.2415940224159403
67584,-53.87205387205387
67601,0.22926219258024177
67621,-5.247813411078718
67622,-24.73404255319149
67623,15.846994535519126
67625,-61.686746987951814
67626,33.90804597701149
67627,
67628,180.327868852459
67629,-23.60248447204969
67631,-33.52601156069364
67632,23.5
67634,-13.8996138996139
67635,24.46043165467626
67637,-0.13893713094824592
67638,-69.20980926430518
67639,55.633802816901415
67640,-37.60129659643436
67642,5.88235294117647
67643,-0.8163265306122449
67644,-11.196911196911197
67645,-24.357239512855212
67646,12.225274725274724
67647,-25.925925925925924
67648,33.33333333333333
67649,-24.475524475524477
67650,37.22222222222222
67651,8.210526315789474
67653,10.357142857142858
67654,6.4655172413793105
67656,590.625
67657,-25.076452599388375
67658,2.1739130434782608
67659,-37.27272727272727
67660,-12.5
67661,-15.055762081784389
67663,-1.044891640866873
67664,-13.213213213213212
67665,-3.326771653543307
67667,27.10843373493976
67669,-3.684210526315789
67671,-12.470862470862471
67672,-11.544650040225262
67673,-5.555555555555555
67674,144.44444444444443
67675,-7.453416149068323
67701,-1.7687934301958308
67730,12.876884422110551
67731,6.701030927835052
67732,22.94455066921606
67733,-43.40277777777778
67734,-53.59281437125748
67735,-5.071521456436931
67736,-31.838565022421523
67737,-4.906542056074766
67738,-4.355400696864112
67739,22.3463687150838
67740,-2.7528426092160383
67741,98.57651245551602
67743,30.58823529411765
67744,-34.02061855670103
67745,17.8125
67747,-38.40304182509506
67748,20.036429872495447
67749,-9.219858156028367
67751,-17.391304347826086
67752,22.5
67753,-20.072992700729927
67756,-7.862796833773087
67757,-8.445297504798464
67758,3.727865796831314
67761,-3.6734693877551026
67762,-25.0
67764,-34.689922480620154
67801,-0.34790451953741586
67831,19.72318339100346
67834,-13.584905660377359
67835,-10.503208375548802
67836,-12.592592592592592
67837,19.49616648411829
67838,-10.350727117194184
67839,-21.567164179104477
67840,7.0588235294117645
67841,-3.8461538461538463
67842,-16.872427983539097
67843,-25.96685082872928
67844,-15.4126213592233
67846,2.1623537752570012
67849,-8.076009501187649
67850,19.66019417475728
67851,14.353891336270191
67853,17.828418230563003
67854,-20.0
67855,3.656413232733604
67857,8.843537414965986
67859,-1.0324483775811208
67860,5.521235521235521
67861,4.984093319194061
67862,-31.094527363184078
67863,14.685314685314685
67864,-9.260191243080019
67865,-18.900343642611684
67867,-13.789359391965256
67868,-54.54545454545454
67869,7.221458046767538
67870,5.959752321981425
67871,1.1562998405103668
67876,8.868715083798882
67877,-13.354531001589825
67878,-4.9275362318840585
67879,5.454545454545454
67880,-4.1906958861976165
67882,-31.761006289308174
67901,-5.177087097940007
67950,-26.23694961416251
67951,-9.089132134480064
67952,8.43806104129264
67953,-47.74193548387097
67954,54.1033434650456
68001,-39.175257731958766
68002,-11.947752593161736
68003,2.3899371069182394
68004,1.7616580310880827
68005,-4.226151495306701
68007,71.7705323978539
68008,3.161153658139156
68010,-20.52980132450331
68014,17.95774647887324
68015,-2.385008517887564
68016,-6.150341685649203
68017,37.157833430401865
68018,11.860940695296524
68019,2.564102564102564
68020,22.027290448343077
68022,49.1710176788495
68023,10.502471169686984
68025,4.657149543646151
68028,34.8027659908848
68029,2.9792746113989637
68030,-17.43002544529262
68031,3.306797305572566
68033,-19.230769230769234
68034,-13.012048192771083
68036,118.94273127753303
68037,6.889605157131346
68038,1.1636927851047323
68039,-17.608217168011738
68040,-15.212527964205815
68041,-20.19785655399835
68042,0.0
68044,47.74066797642436
68045,15.227882037533513
68046,20.34247317654709
68047,6.018774157923799
68048,5.442229834942386
68050,-11.494252873563218
68055,-0.3236245954692557
68056,
68057,-8.998085513720484
68058,20.0
68059,4.705882352941177
68061,0.42863266180882986
68062,15.523465703971121
68063,36.32075471698113
68064,17.277167277167276
68065,-23.05295950155763
68066,-0.08837044892188052
68067,7.5927523727351165
68068,274.54545454545456
68069,11.620689655172415
68070,60.29900332225914
68071,-13.548992030004689
68072,105.66037735849056
68073,38.43201754385965
68102,24.64915937196054
68104,5.1294876069801045
68105,-3.0290084162857265
68106,3.9590012629942684
68107,-7.924679982685054
68108,-3.083040020857776
68110,6.677685950413223
68111,9.476945507563332
68112,2.064871375720554
68113,13.811420982735722
68114,0.9020253020933795
68116,11.85234014502307
68117,0.5561993047508691
68118,-6.030150753768844
68122,15.728923242854576
68123,6.2574756059175325
68124,-4.8373958268061905
68127,-5.676618493181715
68128,-0.22554419092578024
68130,3.654292343387471
68131,-0.7468432399137666
68132,4.034641556120695
68133,21.552346570397113
68134,0.45165891262267804
68135,7.285896889646357
68136,17.645013617662396
68137,-5.924678505817513
68138,-6.003458782837849
68142,41.50681123158188
68144,6.90837619704763
68147,11.93483434010617
68152,0.2735146634250114
68154,2.0948132598618034
68157,-12.46390760346487
68164,1.9905509622733273
68178,60.32498307379824
68182,
68183,
68301,4.965034965034965
68303,-10.839160839160838
68304,-33.56481481481482
68305,8.360450563204006
68307,16.166281755196305
68309,12.389380530973451
68310,3.430232558139535
68313,7.4015748031496065
68314,-36.30252100840336
68315,28.35820895522388
68316,0.6134969325153374
68317,8.813747228381374
68318,-11.283185840707963
68319,-2.013422818791946
68320,-8.0
68321,7.428571428571429
68322,13.062098501070663
68323,-22.829581993569132
68324,-60.0
68325,-50.96153846153846
68326,16.312056737588655
68327,40.32921810699588
68328,-28.596802841918294
68329,22.92418772563177
68330,
68331,14.940239043824702
68332,-30.252100840336134
68333,-0.16016474087632993
68335,2.5390625
68336,30.555555555555557
68337,10.948905109489052
68338,-21.575342465753426
68339,-21.786833855799372
68340,13.516609392898053
68341,-19.579751671442217
68342,23.943661971830984
68343,-8.484848484848486
68344,-6.420233463035019
68345,-15.899581589958158
68346,-3.815261044176707
68347,-19.591527987897127
68348,-21.25748502994012
68349,16.536964980544745
68350,8.823529411764707
68351,-6.105006105006105
68352,-1.5461847389558234
68354,-14.344262295081966
68355,-4.063116370808678
68357,-21.13022113022113
68358,-16.36271529888551
68359,-12.161348585189645
68360,-11.389961389961389
68361,3.902862098872507
68362,-84.7457627118644
68364,171.91011235955057
68365,-6.688963210702341
68366,-12.42603550295858
68367,32.05574912891986
68368,-17.208413001912046
68370,-8.769379844961241
68371,-12.380952380952381
68372,32.22506393861892
68375,-12.987012987012985
68376,-3.2125768967874233
68377,-25.0
68378,-12.976022566995768
68379,3.6363636363636362
68380,-52.22222222222223
68381,-33.68421052631579
68382,229.99999999999997
68401,37.22527472527473
68402,-3.2761310452418098
68403,58.08823529411765
68404,14.631578947368421
68405,1.8270054239223523
68406,-2.358490566037736
68407,58.439490445859875
68409,-6.258148631029988
68410,0.13662757599908915
68413,-21.837088388214905
68414,-35.687732342007436
68415,-25.587467362924283
68416,-1.6194331983805668
68417,32.36363636363636
68418,9.120788824979458
68419,-8.992805755395683
68420,-9.263311451495259
68421,-17.896389324960754
68422,80.85642317380352
68423,-3.1600407747196737
68424,-14.013605442176871
68428,17.76
68429,
68430,28.7292817679558
68431,-29.906542056074763
68433,-25.0
68434,5.189551548774849
68436,11.133603238866396
68437,11.068702290076336
68438,-24.793388429752067
68439,7.79467680608365
68440,33.33333333333333
68441,-6.372549019607843
68442,-18.374558303886925
68443,9.145728643216081
68444,-50.0
68445,183.33333333333331
68446,-2.216660707901323
68447,14.285714285714285
68448,-24.120603015075375
68450,-0.2514932411191449
68452,50.0
68453,6.093189964157706
68454,31.663685152057248
68455,73.26315789473684
68456,25.78616352201258
68457,94.67213114754098
68458,-4.891304347826087
68460,-12.0617110799439
68461,2.592087312414734
68462,12.532088681446908
68463,21.265636497424577
68464,-8.918406072106261
68465,16.076889471384884
68466,-6.737193763919821
68467,1.2017710309930425
68502,-0.6196430559162925
68503,-1.1545741324921135
68504,0.0584316933504733
68505,5.158271719038817
68506,-2.4019574057481563
68507,14.82181818181818
68508,8.168442415017758
68510,-9.599925219667227
68512,3.591262495372084
68514,16.585365853658537
68516,9.014958810762876
68517,10.677618069815194
68520,40.569395017793596
68521,10.350699956703709
68522,3.5063957863054926
68523,27.605244996549345
68524,-2.8295714753025845
68526,26.394749179559305
68527,147.4056603773585
68528,0.16272189349112426
68531,301.9230769230769
68532,1.0638297872340425
68588,
68601,6.583912261522729
68620,-0.29175784099197666
68621,-67.61006289308176
68622,12.576687116564417
68623,92.0
68624,-1.017293997965412
68626,-12.913385826771654
68627,27.53846153846154
68628,20.080862533692724
68629,-11.29032258064516
68631,-25.324675324675322
68632,-5.137245026441702
68633,-13.563402889245586
68634,42.3728813559322
68635,-15.298507462686567
68636,-11.024844720496894
68637,-27.323943661971832
68638,3.3725910064239826
68640,-21.01740294511379
68641,5.352112676056338
68642,-2.8788701792504074
68643,-10.582959641255606
68644,0.5714285714285714
68647,13.274336283185843
68648,-37.71289537712895
68649,-8.990384615384615
68651,-14.822546972860126
68652,10.726643598615917
68653,1.171303074670571
68654,6.83111954459203
68655,-38.63636363636363
68658,-2.987197724039829
68659,90.5982905982906
68660,-11.65444172779136
68661,-2.6884625776817073
68662,-8.378170637970792
68663,-6.24263839811543
68664,-13.227513227513226
68665,-16.913319238900634
68666,2.9449423815621
68667,-44.24778761061947
68669,36.883116883116884
68701,2.5036236658321256
68710,-9.828009828009828
68711,-84.29752066115702
68713,3.5795197100135927
68714,-9.586776859504132
68715,10.276923076923076
68716,-1.0822510822510822
68717,27.053140096618357
68718,2.7590435315757205
68719,28.90625
68720,-14.606741573033707
68722,-23.809523809523807
68723,41.55844155844156
68724,82.6923076923077
68725,26.394849785407725
68726,-7.8590785907859075
68727,-12.051282051282051
68728,18.229166666666664
68729,-7.5851393188854495
68730,10.053475935828878
68731,31.24108416547789
68732,-31.122448979591837
68733,-20.756013745704468
68734,25.97402597402597
68735,8.13106796116505
68736,41.16575591985428
68739,-13.424383744170553
68740,-26.23539982030548
68741,-4.871447902571042
68742,104.03225806451613
68743,6.366459627329192
68745,-3.535353535353535
68746,-36.09756097560975
68747,14.285714285714285
68748,-13.89627659574468
68749,-3.7037037037037033
68751,-30.337078651685395
68752,-19.654714475431607
68753,-25.882352941176475
68755,51.34099616858238
68756,5.657327586206897
68757,-1.2195121951219512
68758,4.125286478227655
68759,106.40394088669952
68760,-9.566517189835576
68761,11.377245508982035
68763,0.5716705483802668
68764,-2.7160493827160495
68765,-16.493313521545318
68766,-25.849056603773583
68767,5.821710127349909
68768,25.454545454545453
68769,3.0127462340672073
68770,-1.422475106685633
68771,9.971509971509972
68773,4.225352112676056
68774,47.24770642201835
68776,1.928763440860215
68777,-22.112676056338028
68778,24.814814814814813
68779,-15.992714025500913
68780,-9.744094488188976
68781,3.194103194103194
68783,-5.408163265306123
68784,-12.455334354262378
68785,-39.1812865497076
68786,-1.4231499051233396
68787,9.387243378780756
68788,-3.9050701186623513
68789,-45.51724137931035
68790,5.128205128205128
68791,3.2004197271773345
68792,-16.962025316455694
68801,1.559774587414464
68803,3.969723810290684
68810,-12.53731343283582
68812,3.074433656957929
68813,5.785123966942149
68814,-0.4357298474945534
68815,10.596026490066226
68816,-52.94117647058824
68817,38.21428571428571
68818,6.460621858126977
68820,-22.099447513812155
68821,33.87096774193548
68822,1.1544325854933566
68823,-1.2867647058823528
68824,5.212620027434842
68825,-18.421052631578945
68826,2.787910369984367
68827,3.576982892690513
68828,-42.98507462686567
68831,8.994708994708994
68832,-8.646953405017921
68833,-67.13615023474179
68834,17.647058823529413
68835,8.840864440078585
68836,13.5202492211838
68837,-60.215053763440864
68838,-20.14388489208633
68840,-10.929951690821255
68841,25.68027210884354
68842,-7.248764415156507
68843,-4.064039408866995
68844,-14.782608695652174
68845,0.8022786612864942
68846,0.3225806451612903
68847,2.8193567778779682
68849,77.24230254350736
68850,0.016429803663846217
68852,-5.902192242833052
68853,-11.695137976346912
68854,5.326231691078561
68855,-36.345776031434184
68856,19.524617996604416
68858,18.541033434650455
68859,-21.465968586387437
68860,0.37735849056603776
68861,63.29113924050633
68862,-0.10077258985555929
68863,6.25
68864,0.7718696397941681
68865,-9.86328125
68866,3.0864197530864197
68869,0.9358914365933552
68870,8.860759493670885
68871,18.89763779527559
68872,5.282555282555283
68873,-2.9689234184239734
68874,-24.494142705005327
68875,-16.716867469879517
68876,22.61370916079436
68878,41.33016627078385
68879,6.388888888888888
68881,158.13953488372093
68882,7.629427792915531
68883,-2.9063097514340344
68901,0.6927964479828523
68920,-15.538089480048367
68922,-13.983371126228269
68923,44.18604651162791
68924,26.08311229000884
68925,-30.602782071097373
68926,-19.107391910739192
68927,-12.64456437933693
68928,-24.288840262582056
68929,-18.64406779661017
68930,-8.327598072952512
68932,-12.584269662921349
68933,1.6891891891891893
68934,53.40909090909091
68935,-4.095112285336857
68936,-46.43734643734644
68937,16.295353278166772
68938,-5.769230769230769
68939,-14.333895446880272
68940,-19.904458598726116
68941,3.0423280423280423
68942,69.45337620578779
68943,-16.38225255972696
68944,3.0757097791798107
68945,-28.57142857142857
68946,141.66666666666669
68947,-8.308157099697885
68948,9.253731343283581
68949,3.7048665620094194
68950,-33.715596330275226
68952,9.195402298850574
68954,-60.0
68955,6.00096015362458
68956,-20.689655172413794
68957,-20.0
68958,-6.626506024096386
68959,0.10298661174047373
68960,15.24390243902439
68961,-30.562659846547312
68964,109.09090909090908
68966,-34.285714285714285
68967,28.205128205128204
68970,-11.278735632183908
68971,5.013927576601671
68972,222.47191011235955
68973,30.659025787965614
68974,65.08875739644971
68975,-27.906976744186046
68976,-38.96457765667575
68977,-0.3125
68978,16.397338403041825
68979,-17.34431291816778
68980,-6.5439672801636
68981,-37.60932944606414
68982,-8.225108225108226
69001,-1.1517165005537098
69020,25.626204238921
69021,-14.906417112299467
69022,-2.3920653442240374
69023,26.865671641791046
69024,-10.05413766434648
69025,-4.631379962192817
69026,7.216494845360824
69027,-40.476190476190474
69028,-15.25
69029,1.2755102040816326
69030,-4.365079365079365
69032,11.1358574610245
69033,5.8630586305863055
69034,-13.836477987421384
69036,30.88235294117647
69037,95.95959595959596
69038,-22.24199288256228
69039,25.0
69040,-0.9273570324574961
69041,-52.459016393442624
69042,-98.7012987012987
69043,4.2792792792792795
69044,-14.697802197802199
69045,-31.822070145423435
69046,-3.1645569620253164
69101,-4.0512890465148
69120,3.6874451273046533
69121,-2.4861878453038675
69122,-0.14245014245014245
69123,-5.476451259583789
69125,-30.985915492957744
69127,-13.478260869565217
69128,127.27272727272727
69129,1.1676396997497915
69130,-2.308136180034622
69131,5.108359133126935
69132,-9.230769230769232
69133,-3.800475059382423
69134,-9.151785714285714
69135,-100.0
69138,-2.8362089340581425
69140,-8.744635193133048
69141,-0.7228915662650602
69142,64.7887323943662
69143,33.08383233532935
69144,95.09803921568627
69145,-18.15365551425031
69146,-47.31182795698925
69147,-24.664429530201343
69148,-55.08474576271186
69149,-7.721518987341772
69150,27.831715210355988
69151,1.4134275618374559
69152,2.6455026455026456
69153,9.437055930041902
69154,1.7241379310344827
69155,-4.92091388400703
69156,-13.466666666666665
69157,160.0
69161,-41.41414141414141
69162,-3.942842021698862
69163,-4.531085353003162
69165,-9.225280326197757
69166,-1.4106583072100314
69167,1.694915254237288
69168,-2.553191489361702
69169,-10.16042780748663
69170,11.152416356877323
69171,-100.0
69201,-0.8113590263691683
69210,-11.491851232762224
69211,-33.93574297188755
69212,4.428044280442804
69214,-42.414860681114554
69216,106.60377358490567
69217,22.22222222222222
69218,73.19148936170212
69219,-71.8562874251497
69220,144.44444444444443
69221,-64.87603305785123
69301,-3.171903141885131
69331,-68.91891891891892
69333,-7.2992700729927
69334,8.826382153249272
69335,190.0
69336,-14.659484417083494
69337,-8.33799664241746
69339,-6.098360655737705
69340,-80.89171974522293
69341,-0.40926425448795467
69343,9.385964912280702
69345,3.8548752834467117
69346,-16.346153846153847
69347,10.834670947030498
69348,-24.0234375
69350,-18.81188118811881
69351,-23.643410852713178
69352,-2.0804438280166435
69353,146.42857142857142
69354,-24.347826086956523
69355,-9.94475138121547
69356,22.701475595913735
69357,-0.199033266988911
69358,-1.5641293013555788
69360,-6.618181818181817
69361,-3.4299164938631397
69365,-66.12903225806451
69366,10.069444444444445
69367,-30.603448275862068
70001,0.8202289596175619
70002,-6.077212898174879
70003,-1.2836126266562744
70005,-8.584623743547949
70006,-6.9687254249591675
70030,-4.951480467778055
70031,2.2777369581190303
70032,-0.5325306783977772
70036,-32.63525305410122
70037,6.920957033696605
70038,-94.73684210526315
70039,-6.197654941373535
70040,-15.895196506550219
70041,-3.5048471290082026
70043,-3.121316628104946
70047,11.214798909901726
70049,-50.1511879049676
70050,-72.72727272727273
70051,-9.762020398251577
70052,-20.069204152249135
70053,2.617063005638637
70056,5.238859400074065
70057,-5.702479338842975
70058,5.584700865744929
70062,2.0925043719471748
70065,-3.527648618529762
70067,15.211689771449983
70068,0.05396815878631607
70070,6.83561437810197
70071,-6.852122986822841
70072,-0.4569495916237901
70075,-8.288482238966631
70076,-46.3855421686747
70079,-10.655216284987278
70080,-60.01167542323409
70082,2.386634844868735
70083,-13.419043792687827
70084,-17.27659574468085
70085,4.243542435424354
70086,-15.454983148772266
70087,-10.894989535885756
70090,5.787102224725429
70091,-20.77562326869806
70092,-3.4510759236703206
70094,2.617304927460463
70112,68.82099490795143
70113,16.155147414209765
70114,-12.665661455440045
70115,-2.1308709935186005
70116,-10.69268126437761
70117,-2.1913253740365723
70118,3.1910717290112722
70119,-4.816253203349977
70121,-4.755281230983222
70122,-5.946105060344135
70123,2.008195208387168
70124,-1.481770325599532
70125,4.149050115564576
70126,13.471814555580645
70127,3.6213796109196084
70128,12.611172179474368
70129,-2.0605830405469567
70130,-7.587848243035139
70131,-25.09599720735397
70139,
70148,
70163,
70301,6.754749257225173
70310,
70339,-13.275140934715402
70340,88.57142857142857
70341,-8.72865275142315
70342,-1.3399299113584828
70343,-8.378088077336198
70344,-7.785888077858881
70345,-11.106565759869094
70346,-20.376522702104097
70352,215.87301587301587
70353,-36.21262458471761
70354,-12.240437158469945
70355,26.280834914611006
70356,-19.862677783227074
70357,20.250521920668056
70358,18.815789473684212
70359,10.471380471380472
70360,-3.7297534913603623
70363,-1.2185924661612353
70364,-6.127288248126719
70372,-30.371681415929203
70373,-19.156293222683267
70374,-7.816711590296496
70375,98.50746268656717
70377,-25.119426751592357
70380,-6.305538102504264
70390,-1.91202032357267
70391,-48.46938775510204
70392,-3.9583571673721543
70393,-81.82912154031288
70394,-2.424079186586762
70395,-11.058934022070908
70397,45.479833101529906
70401,11.97582168492633
70402,1.3562858633281167
70403,4.946831561052035
70420,0.05962318149296446
70422,-13.12337705572941
70426,-2.2325119894162393
70427,-7.082770796552082
70431,-5.6987550412063825
70433,9.213676593226266
70435,9.127436607482217
70436,-47.36024844720497
70437,-14.929318469141478
70438,8.327565092380597
70441,36.339225777578875
70442,408.8235294117647
70443,-21.453387376954254
70444,3.324621014113957
70445,-9.186732424330335
70446,-0.33185840707964603
70447,34.98836307214896
70448,4.024621212121212
70449,-22.346514047866805
70450,-12.789827973074047
70451,245.00000000000003
70452,4.756270705158543
70453,52.84653465346535
70454,12.288002237996992
70455,114.3162393162393
70456,5.801594331266608
70457,
70458,6.5368455074337435
70460,-4.260355029585798
70461,15.29710585625872
70462,-4.49745795854517
70463,-52.51141552511416
70464,-69.73684210526315
70465,-8.595988538681947
70466,8.936214636183317
70471,10.188625993696787
70501,-14.52876720881591
70503,-5.526881031000545
70506,-5.235925187505934
70507,14.111212397447584
70508,2.9974999355653495
70510,-7.76485138947938
70512,-1.015228426395939
70513,-69.49152542372882
70514,-9.427917620137299
70515,29.90063233965673
70516,183.37129840546697
70517,-3.332724282843048
70518,13.114522175850604
70519,-75.75757575757575
70520,5.559821839963139
70522,
70523,-59.183673469387756
70524,-23.642172523961662
70525,5.471386515401737
70526,-6.596249191636129
70528,13.687392055267702
70529,7.034449530233679
70531,12.877115526122148
70532,4.182041820418204
70533,2.2234574763757644
70534,-17.376681614349778
70535,-6.519092418372995
70537,-64.85568760611206
70538,-0.43283582089552236
70541,97.17223650385604
70542,-6.889818688981869
70543,-12.764619576608677
70544,-8.902051678255644
70546,1.911692155895412
70548,-14.096340552651231
70549,-20.099626400996264
70550,-28.30188679245283
70551,
70552,-39.6045197740113
70554,-8.14974028300197
70555,11.259541984732824
70556,119.79522184300342
70558,
70559,10.03972553268328
70560,-9.705418200946871
70563,4.199874161073826
70570,-1.748207130643391
70575,-41.74757281553398
70576,22.22222222222222
70577,3.3696215655780195
70578,-7.503686308776146
70580,-21.21212121212121
70581,40.054869684499316
70582,-0.3322768633064104
70583,-16.560794488682117
70584,-12.445003142677562
70585,7.234042553191489
70586,-2.106268536671191
70589,-4.891787726059888
70591,-6.854838709677419
70592,25.457542584217425
70601,3.393501805054152
70605,14.693831733737442
70607,3.5820675958957007
70609,
70611,-4.138644593895499
70615,4.081483109840991
70629,
70630,-4.022716516800758
70631,-16.630669546436287
70632,-65.9090909090909
70633,12.389261744966444
70634,-4.590286892930808
70637,34.27471116816431
70638,42.89245982694685
70639,28.028503562945367
70640,-40.1294498381877
70643,4.66321243523316
70644,48.372093023255815
70645,-23.882896764252695
70646,-19.278996865203762
70647,25.69414780008543
70648,-16.649688737973968
70650,-27.981651376146786
70651,-88.18181818181819
70652,-4.168575355016033
70653,4.10150486869283
70654,-36.09022556390977
70655,-7.351460221550855
70656,-20.651350669022975
70657,-4.510496778216587
70658,-23.169508525576727
70659,-23.48051948051948
70660,39.171974522293
70661,-31.15036622145627
70662,67.70186335403726
70663,12.056658900107251
70665,4.6129195479844824
70668,-7.5651802251032905
70669,-0.40293418741605536
70706,-6.797259237462693
70710,44.510765295246216
70711,12.611087600507828
70712,-2.2818455366098296
70714,-11.212438331589176
70715,-10.698689956331878
70719,-15.219242230736485
70721,-51.69660678642715
70722,-0.33222591362126247
70723,-21.661931818181817
70725,-61.229946524064175
70726,9.073431913326266
70729,37.48326639892905
70730,-7.2544642857142865
70732,-13.19910514541387
70733,-9.190231362467866
70734,44.60059171597633
70736,17.72357723577236
70737,6.45325674047994
70739,-6.041838700798238
70740,-40.80771549125979
70743,483.47107438016525
70744,2.6533122474081883
70747,44.827586206896555
70748,2.76806934153502
70749,-16.963696369636963
70750,0.8658008658008658
70752,-11.394101876675604
70753,-11.415094339622641
70754,-2.232142857142857
70755,-17.5146771037182
70756,45.614035087719294
70757,-36.054421768707485
70759,-4.548587181254307
70760,4.813591316658802
70761,-38.59348198970841
70762,-16.16266944734098
70763,4.395354133454794
70764,-3.4999690268227717
70767,1.3078666235027518
70769,18.952084144916245
70770,2.5268477574226154
70772,27.884615384615387
70773,-100.0
70774,-6.807935076645627
70775,-0.43161586188292417
70776,-3.5909316564620224
70777,15.506747816882774
70778,-7.913263869332582
70780,-23.616523772408417
70782,-69.28838951310861
70783,-10.686427457098285
70785,6.730319198726948
70786,
70787,
70788,-4.988344988344989
70789,36.7311072056239
70791,14.139029417275623
70801,813.3333333333333
70802,-2.85523262673536
70803,289.66745843230404
70805,-13.489208633093524
70806,1.9153121441142975
70807,-14.17238421955403
70808,13.306999135909148
70809,5.403697266550798
70810,6.886250284817337
70811,5.504659611435792
70812,-0.6944444444444444
70813,
70814,-25.582019456558204
70815,4.4543429844097995
70816,5.426100108711065
70817,-5.424035256229166
70818,6.368492720226248
70819,-12.825563580652222
70820,5.514464937739913
70825,
70836,
71001,-7.311586051743532
71002,
71003,-49.504950495049506
71004,-35.68281938325991
71006,21.76800822329406
71007,74.21555252387448
71008,-45.78488372093023
71009,
71016,-22.878228782287824
71018,-27.191413237924866
71019,-8.628158844765343
71021,-30.125523012552303
71023,-12.31862599940776
71024,-40.679711637487124
71027,-41.448931116389545
71028,14.02439024390244
71029,28.78787878787879
71030,-33.83110195674563
71031,-38.59087269815853
71032,21.811915312653866
71033,1.9230769230769231
71034,-4.580152671755725
71037,20.27659806163563
71038,-4.287790697674419
71039,100.34275921165381
71040,-13.891880249838467
71043,-20.238095238095237
71044,3.8348082595870205
71045,25.900514579759864
71046,-13.536701620591037
71047,-2.762854950115119
71048,209.52380952380955
71049,15.389527458492976
71051,-0.25115110925073253
71052,-5.47873454850199
71055,-6.685440133500209
71060,-16.953232462173315
71061,10.26097271648873
71063,-20.689655172413794
71064,-3.2014575741801146
71065,-49.19678714859438
71066,
71067,-19.2529456004011
71068,-2.869198312236287
71069,-16.95205479452055
71070,-24.651972157772622
71071,-21.797671033478892
71072,-3.260869565217391
71073,-4.824233358264772
71075,-8.031420327027893
71078,12.19476531656675
71079,-3.7815126050420167
71082,-29.898587468308584
71101,-14.020246845097766
71103,-10.655626442242433
71104,-12.418767406984218
71105,-9.796292057679103
71106,-8.107514482607144
71107,1.2829006805998915
71108,4.832616224157834
71109,-16.035135261411952
71110,-38.864628820960704
71111,-1.5358870320702382
71112,0.08773256693389805
71115,-9.275828773736723
71118,-2.1631067961165047
71119,-4.718513172140022
71129,5.383864671437866
71201,-2.432508436445444
71202,-13.373810838014222
71203,6.144022891055532
71209,681.5642458100559
71212,
71218,
71219,-30.804953560371516
71220,-6.295237244214101
71222,-21.496636771300448
71223,25.617283950617285
71225,11.147401306447032
71226,28.014397120575886
71227,-2.0885757423251134
71229,12.54429482636428
71230,
71232,-14.03456495828367
71233,-36.496350364963504
71234,26.82011508631474
71235,-9.548387096774194
71237,-35.81253183902191
71238,-23.548922056384743
71241,-15.20868465430017
71242,
71243,19.411764705882355
71245,-13.770625381951518
71247,41.89497716894977
71250,-68.26347305389223
71251,-17.8357803153888
71253,70.69767441860465
71254,-0.9941520467836258
71256,-36.15537848605578
71259,1.2895662368112544
71260,0.20512820512820512
71261,3.745019920318725
71263,-21.311675622862726
71264,-18.56573705179283
71266,63.25411334552102
71268,1.8932874354561102
71269,1.4269946389151686
71270,5.992317541613317
71272,10.465116279069768
71275,-7.363145720894372
71276,82.4742268041237
71277,-7.313432835820896
71279,340.0
71280,11.17330944917152
71282,-12.52326014142166
71286,21.08626198083067
71291,9.232663110381617
71292,5.192750287686996
71295,0.9083227714406422
71301,-17.736189208911018
71302,-4.149582920967058
71303,8.113702221608941
71316,66.66666666666666
71320,
71322,-15.10644959298685
71323,18.07967313585291
71325,50.89463220675944
71326,-34.60837887067395
71327,-4.247491638795987
71328,14.411552346570398
71330,
71331,-2.1810250817884405
71333,36.708860759493675
71334,1.5281662005593288
71336,11.715160796324655
71339,-100.0
71340,8.038223721191681
71341,-4.746734628862695
71342,-3.007715443964954
71343,-8.814285714285715
71345,-100.0
71346,-14.492753623188406
71350,-4.205607476635514
71351,12.181936806785348
71353,-8.652792990142387
71354,-19.352975158867704
71355,-21.178637200736645
71356,-45.82914572864322
71357,-24.12909836065574
71358,-17.130434782608695
71359,
71360,-2.967937608318891
71362,9.73871733966746
71366,0.8026755852842808
71367,-19.526017516743945
71368,-7.576894223555889
71369,-21.62648434688737
71371,-2.0554066130473636
71373,-15.639165911151407
71375,-13.972809667673717
71378,-4.766069086139046
71401,-90.12345679012346
71403,-11.437084574833829
71404,-6.740027510316368
71405,-8.053055423969683
71406,186.88524590163937
71407,78.25484764542936
71409,-2.6616648803143983
71410,-51.127819548872175
71411,-14.391739270732495
71414,230.3030303030303
71415,
71416,25.402726146220573
71417,-2.2929432694208343
71418,-17.250424317234994
71419,-30.12238452427951
71422,0.3003003003003003
71423,-6.141062018646129
71424,44.72049689440994
71425,-91.94630872483222
71426,-44.565217391304344
71427,-14.86146095717884
71428,
71429,-1.6902380131079684
71430,-13.326374391092555
71432,-38.4
71433,-7.2069943289224945
71434,
71435,-0.40683482506102525
71438,-32.70918665886483
71439,18.858131487889274
71441,68.26722338204593
71446,-2.1165657726127876
71447,-29.40013183915623
71449,-1.6244314489928524
71450,-38.06600153491942
71452,69.56521739130434
71454,10.205831903945112
71455,55.3030303030303
71456,-21.76422093981863
71457,-7.688980209797772
71459,-11.283582089552239
71461,-10.944466963923794
71462,-13.307349665924276
71463,-7.334063090854811
71465,19.070240922972516
71466,-59.08649173955296
71467,12.89717120257407
71468,-38.59020310633214
71469,17.154081187254473
71472,-68.42105263157895
71473,19.900497512437813
71474,-39.57307060755337
71475,
71479,-36.75213675213676
71480,-6.013878180416345
71483,-5.110782865583456
71485,45.2551263710062
71486,-2.460850111856823
71497,
71601,-9.20056288949943
71602,-4.142558168164472
71603,-4.014552753732279
71630,-4.315196998123827
71631,52.770448548812666
71635,-13.243936760201972
71638,-12.136569751933848
71639,-11.725405044262569
71640,-13.312799452429843
71642,118.48906560636183
71643,468.4599156118144
71644,-92.239138507241
71646,-0.311284046692607
71647,-34.59780621572212
71651,56.666666666666664
71652,-7.950191570881227
71653,-1.3395704869232405
71654,1.8501598903608953
71655,-5.3621077717463255
71658,-24.23728813559322
71659,-91.1504424778761
71660,4.156479217603912
71661,-61.32075471698113
71662,-66.47398843930635
71663,-18.169934640522875
71665,-12.668236877523553
71666,-100.0
71667,-2.7700831024930745
71670,-14.076484947111473
71671,2.5961984237366713
71674,-7.01468189233279
71675,-17.418032786885245
71676,-2.9982363315696645
71677,-59.55555555555555
71678,
71701,-4.565584141712358
71720,8.622398414271556
71721,
71722,-50.617283950617285
71724,-13.239436619718308
71725,-64.22764227642277
71726,-36.6412213740458
71728,
71730,-5.629309789263388
71740,29.98442367601246
71742,-11.977256052824652
71743,-12.44155844155844
71744,-0.6000705965407696
71745,-62.698412698412696
71747,-16.138917262512766
71748,
71749,17.174177831912303
71751,-49.183477425552354
71752,-19.304556354916066
71753,-2.5278058645096055
71758,-46.26038781163435
71759,-34.07155025553663
71762,20.82490901738779
71763,0.234192037470726
71764,-28.78172588832487
71765,23.693931398416886
71766,-23.893805309734514
71770,-12.174375332270069
71772,58.333333333333336
71801,-7.969166913726652
71820,116.66666666666667
71822,-14.010369702434625
71823,59.57446808510638
71825,-23.4375
71826,3.5507844756399667
71827,8.370044052863436
71831,
71832,-2.9430640872833957
71833,1.7543859649122806
71834,26.409495548961427
71835,-13.629518072289157
71836,21.544117647058826
71837,-15.511185061933814
71838,5.456255879586077
71839,-23.52941176470588
71841,-39.87941429801895
71842,-12.488849241748438
71845,-23.985067662155856
71846,-10.99966566365764
71847,-53.83275261324042
71851,-14.29864253393665
71852,-4.485852311939269
71853,14.150943396226415
71854,-1.4046859231377682
71855,-69.06906906906907
71857,14.847980008329861
71858,-26.455479452054792
71859,-28.329297820823246
71860,-6.962025316455696
71861,-11.66747690811862
71862,30.8411214953271
71864,
71865,102.60869565217392
71866,-0.2008032128514056
71901,-0.8323699421965317
71909,26.509955383898248
71913,1.3061296048738795
71921,-8.034800409416581
71922,228.57142857142856
71923,-5.107084019769357
71929,-2.9711952823769563
71933,-13.942307692307693
71935,12.641509433962264
71937,32.69876819708847
71940,-17.11972238288028
71941,-2.3195876288659796
71942,
71943,-22.745017464557222
71944,-1.3904982618771726
71945,-9.264705882352942
71949,-66.52104845115171
71950,-22.727272727272727
71952,-70.46979865771812
71953,-7.946834557537601
71956,-36.05313092979127
71957,-4.292845257903495
71958,-6.0732113144758735
71959,53.333333333333336
71960,-6.66183924692252
71961,42.099567099567096
71962,2.8950542822677927
71964,33.14546430488459
71965,-36.986301369863014
71968,19.26417986714359
71969,-33.44155844155844
71970,-13.261648745519713
71971,-17.177914110429448
71972,16.231884057971012
71973,-12.305854241338112
71998,85.91885441527445
71999,-33.51800554016621
72001,-1.1570247933884297
72002,18.977395661333485
72003,0.25348542458808615
72004,-32.82828282828283
72005,-57.66423357664233
72006,-22.899680964197096
72007,54.42386831275721
72010,-19.89985693848355
72011,16.62224376060092
72012,2.051441448441992
72013,-14.240218380345768
72014,-18.181818181818183
72015,-8.93988925211822
72016,-8.977407847800238
72017,-45.19083969465649
72019,17.852011494252874
72020,-14.315789473684209
72021,-5.794441531200839
72022,10.118289353958144
72023,-3.0555704986820165
72024,15.208156329651656
72025,-14.08296943231441
72026,7.851239669421488
72027,-25.36647546207776
72028,
72029,-14.431412544620093
72030,16.638078902229847
72031,-0.36501474097992415
72032,7.358188753537591
72034,-4.8176621328602405
72035,28.517823639774857
72036,-20.588235294117645
72038,35.9375
72039,-5.989804587935429
72040,-12.252824858757062
72041,-21.52777777777778
72042,-0.5325443786982248
72044,65.78581363004173
72045,-11.982881597717546
72046,-11.92266380236305
72047,-21.041666666666668
72048,93.54838709677419
72051,-38.204833141542004
72052,
72053,
72055,-33.64978902953587
72057,35.22083805209513
72058,9.058561003558289
72059,-51.85185185185185
72060,29.383886255924168
72061,67.12328767123287
72063,9.56858407079646
72064,17.71885521885522
72065,14.809729305610041
72066,
72067,5.18664047151277
72068,112.5
72069,-20.503330866025166
72070,25.81913499344692
72072,-40.79497907949791
72073,-12.610837438423644
72074,9.230769230769232
72075,
72076,1.2996389891696751
72079,-38.17365269461078
72080,10.29023746701847
72081,12.368761685603337
72082,13.70309951060359
72083,3.91304347826087
72084,-13.214285714285715
72085,17.17171717171717
72086,18.954182259532722
72087,-30.11547344110854
72088,-10.681470137825421
72099,-0.5908419497784343
72101,13.139453398738613
72102,-23.91051714119698
72103,10.086793338024865
72104,-0.49131723845828035
72106,4.24545130217624
72107,-32.142857142857146
72108,-100.0
72110,3.088060111793274
72111,23.446561723280862
72112,-4.011309418625199
72113,5.829848825989064
72114,-19.47335225480921
72116,-7.217596509194532
72117,-0.04149951583898188
72118,9.853249475890985
72119,
72120,-1.0433943487832091
72121,-17.153174842010234
72122,108.87372013651877
72123,-31.455399061032864
72125,-22.161572052401745
72126,-10.049725202826485
72127,-10.642270351008214
72128,-9.296781883194278
72129,23.461195361284567
72130,-44.14758269720102
72131,-17.05245275005309
72132,-1.8471872376154492
72133,
72134,141.49377593360995
72135,34.146341463414636
72136,165.0943396226415
72137,-6.216216216216217
72139,27.312775330396477
72140,-33.69098712446352
72141,-22.83582089552239
72142,-15.085351329892816
72143,-3.9720984305367177
72150,-2.429405268969869
72152,3.857566765578635
72153,54.464646464646464
72156,3.2520325203252036
72157,-6.906906906906906
72160,-9.004120188925736
72165,830.7692307692308
72166,17.142857142857142
72167,10.248198558847077
72168,-15.630252100840336
72169,-49.09090909090909
72170,-14.225941422594143
72173,15.097730847000673
72175,32.88135593220339
72176,-14.42600412452126
72178,
72179,-22.772277227722775
72180,
72181,-75.0
72182,
72183,
72199,
72201,-15.65017261219793
72202,-10.916179337231968
72204,-0.6904676200137438
72205,-10.023945173808935
72206,-1.1268708666898712
72207,20.242472423730497
72209,4.022168924612692
72210,-10.414849881649433
72211,6.721597778872419
72212,-2.6988228538616132
72223,13.98772479505558
72227,-4.720355989878719
72301,-1.4895248859645582
72311,-42.2680412371134
72313,
72315,-10.704051492307014
72320,-6.110757479312539
72322,-49.664429530201346
72324,-8.767985611510792
72325,-80.7017543859649
72326,56.39386189258312
72327,-37.41999015263417
72328,100.0
72329,-100.0
72330,-7.142857142857142
72331,-22.646566164154102
72332,626.3157894736843
72333,-61.772486772486765
72335,-16.406290016903142
72338,150.0
72339,58.415841584158414
72340,-25.757575757575758
72341,5.142857142857142
72342,-23.773515308004427
72346,-32.35772357723577
72347,17.86237188872621
72348,-10.514109006571317
72350,-7.70625566636446
72351,19.667170953101362
72352,
72353,25.64102564102564
72354,-9.219001610305957
72355,-10.501089324618738
72358,16.22002820874471
72359,-22.463768115942027
72360,-16.309082110017744
72364,2.391263415552627
72365,-12.005457025920874
72366,10.09825327510917
72367,-100.0
72368,36.28779979144943
72369,
72370,-7.8980730223123725
72372,-18.52394916911046
72373,-26.360544217687078
72374,-42.79877425944842
72376,-4.568527918781726
72377,138.46153846153845
72379,-36.36363636363637
72383,-21.73913043478261
72384,-6.357615894039735
72386,-17.412140575079874
72387,
72389,37.05882352941177
72390,-12.200956937799043
72391,
72392,21.826280623608017
72394,-33.65695792880259
72395,3.7130801687763713
72396,-1.3136542771037787
72401,-26.32121635791681
72404,11.39951026558674
72405,
72410,43.84858044164038
72411,42.48069059518401
72412,-8.0
72413,18.88246628131021
72414,-16.577540106951872
72415,-10.174216027874564
72416,-4.693400467541809
72417,9.202326547569589
72419,14.59050240880936
72421,-28.913963328631876
72422,1.3076241134751774
72424,-15.714285714285714
72425,3.3670033670033668
72426,10.285714285714285
72427,-76.56903765690377
72428,74.6268656716418
72429,-40.76923076923077
72430,15.561224489795919
72431,-19.402985074626866
72432,1.484996938150643
72433,-19.404388714733543
72434,10.56
72435,-43.44660194174757
72436,-19.42528735632184
72437,-8.539799683711124
72438,-7.976146105106224
72440,-27.906976744186046
72441,-72.72727272727273
72442,0.18022077044379364
72443,-7.644692045806252
72444,-16.265060240963855
72445,-37.878787878787875
72447,-0.20050125313283207
72449,-39.09465020576132
72450,5.072047614075389
72453,-10.69182389937107
72454,-5.175563223056627
72455,9.365924491771539
72456,28.741092636579573
72457,78.29457364341084
72458,-29.773869346733665
72459,11.747430249632892
72460,-9.249329758713138
72461,-10.914085914085913
72462,26.426426426426424
72464,-80.35714285714286
72466,-35.105774728416236
72467,241.57706093189964
72469,2.8855721393034823
72470,70.05649717514125
72471,22.660098522167488
72472,-0.6161971830985915
72473,-9.247583018074822
72476,15.719927095990279
72478,-52.72727272727272
72479,-22.618181818181817
72482,26.982758620689655
72501,3.012468055447998
72512,-5.129209083790133
72513,-6.339031339031339
72515,
72517,-53.37620578778135
72519,-14.285714285714285
72520,148.38709677419354
72521,5.828571428571429
72522,-22.894168466522675
72523,-36.81135225375626
72524,2.0
72526,-50.649350649350644
72527,-35.224274406332455
72528,3028.5714285714284
72529,11.39295867045703
72530,17.846820809248555
72531,-41.49765990639626
72532,-12.184873949579831
72533,-43.51464435146444
72534,-11.748483177054606
72536,-3.75
72537,-23.443708609271525
72538,174.28571428571428
72539,-32.323232323232325
72540,-55.430711610486895
72542,-8.648784156430182
72543,5.22283548892001
72544,38.91992551210428
72546,-87.43961352657004
72550,11.570247933884298
72553,11.11111111111111
72554,21.46661204424416
72555,141.2280701754386
72556,24.811083123425693
72560,-14.534883720930234
72561,-11.180124223602485
72562,0.597524541186513
72564,-5.263157894736842
72565,57.55287009063444
72566,-23.657718120805367
72567,-25.671641791044774
72568,11.604938271604938
72569,45.75
72571,58.620689655172406
72572,229.3577981651376
72573,17.611940298507463
72576,-21.685340802987863
72577,38.9937106918239
72578,79.76190476190477
72579,20.4683434518647
72581,-10.976744186046512
72583,28.92857142857143
72584,-17.755102040816325
72585,-24.193548387096776
72587,-87.67123287671232
72601,-1.74552893816406
72611,3.8976857490864796
72615,
72616,4.974657405669232
72617,243.4108527131783
72619,-22.96712802768166
72623,-28.038379530916846
72624,4.672897196261682
72626,9.041309431021045
72628,-25.13255567338282
72629,-13.679245283018867
72630,-62.11453744493392
72631,6.111670020120724
72632,2.4910179640718564
72633,52.843273231622746
72634,5.23390458545623
72635,-6.714747575230043
72636,-69.23076923076923
72638,-8.64864864864865
72639,33.44316309719934
72640,124.76190476190476
72641,-16.28828828828829
72642,-2.484472049689441
72644,0.36258158085569253
72645,-22.62262262262262
72648,0.5504587155963303
72650,-11.345764996629972
72651,6.574675324675325
72653,3.3965672990063234
72655,2.7918781725888326
72658,-13.722397476340694
72660,-0.8130081300813009
72661,42.722117202268436
72662,12.240982348426707
72663,-9.510086455331413
72666,-48.42767295597484
72668,16.790123456790123
72669,202.0408163265306
72670,80.73394495412845
72672,-5.376344086021505
72675,50.54945054945055
72677,86.82170542635659
72679,97.67441860465115
72680,32.82336578581363
72682,-58.71080139372822
72683,-4.422604422604422
72685,-11.519434628975265
72686,248.14814814814815
72687,10.747967479674797
72701,10.244577757268113
72703,10.208411331586174
72704,15.166766526862393
72712,-26.711404219214007
72713,
72714,7.1866511447419485
72715,3.715860531368056
72717,33.521444695259596
72718,83.78281193815175
72719,54.251912471090556
72721,68.21345707656613
72722,-32.625067240451855
72727,10.155148095909732
72729,-40.7185628742515
72730,43.261099365750525
72732,21.638225255972696
72734,2.396280400572246
72736,18.918106686701726
72738,3.3046627433227704
72739,-27.97319932998325
72740,5.9132996632996635
72742,-24.462809917355372
72744,-12.170818505338078
72745,8.7442218798151
72747,-34.61538461538461
72749,178.47222222222223
72751,28.636688079942896
72752,-58.204334365325074
72753,9.987263850562513
72756,-0.2451648052301825
72758,17.63032698164976
72760,-13.136729222520108
72761,2.213856771533566
72762,11.314756866835543
72764,6.120584096350312
72768,60.11173184357542
72769,36.43771827706635
72773,23.042304230423042
72774,25.66901408450704
72776,17.365269461077844
72801,-7.524308914116988
72802,7.940458085626066
72821,7.426679280983917
72823,-2.6052422557585384
72824,7.74764803541782
72826,-89.0625
72827,-28.930817610062892
72828,150.0
72829,
72830,4.392263406429912
72832,-35.93890386343217
72833,-5.0803402646502835
72834,-9.952251661829417
72835,6.906474820143885
72837,18.94463667820069
72838,124.74226804123711
72839,67.23646723646723
72840,5.53116769095698
72841,49.333333333333336
72842,-5.139005897219882
72843,-16.863342215454892
72845,-17.74891774891775
72846,-8.617183528215557
72847,27.31446059678653
72851,14.126984126984127
72852,45.83333333333333
72853,20.00995520159283
72854,-33.76455368693402
72855,2.3525513585155733
72856,31.466666666666665
72857,-15.561959654178676
72858,-32.11797491871807
72860,-84.91379310344827
72863,-3.9723661485319512
72865,-16.52569941444372
72901,-3.9558205092656777
72903,-1.1274000538689444
72904,0.4590836156177572
72905,
72908,3.9681944340259547
72916,41.727341200100426
72921,-10.514557006213781
72923,1.7015978418759077
72926,8.667736757624397
72927,-1.451480744469156
72928,8.291873963515755
72930,-44.38642297650131
72932,-14.162844036697248
72933,-12.938904494382022
72934,50.65502183406113
72935,19.950124688279303
72936,-1.2648603815316561
72937,-7.124463519313305
72938,-21.045096635647816
72940,-33.405875952121875
72941,-8.60058309037901
72943,14.304635761589404
72944,-21.240179573512908
72945,26.104417670682732
72946,-6.569920844327176
72947,-29.76463236825661
72948,-27.169811320754718
72949,9.645017692044288
72950,204.5
72951,-30.761523046092183
72952,-19.837914023960536
72955,392.17391304347825
72956,0.3199400472704214
72958,-10.099360283108751
72959,4.479717813051146
73001,
73002,26.490066225165563
73003,-7.599408478475189
73004,-13.452027695351138
73005,-15.840754321634364
73006,-21.404477154247164
73007,1.245704467353952
73008,4.306032368808239
73009,-41.305942773294205
73010,4.501260352898812
73011,74.63126843657817
73012,23.196975296358417
73013,14.130264292996628
73014,-28.922594142259417
73015,-26.97556331323389
73016,44.592346089850246
73017,-17.341772151898734
73018,1.6971996206259672
73019,
73020,8.033655078158366
73021,17.937219730941703
73022,
73024,-17.726161369193154
73025,37.06086095992083
73026,7.946316500917254
73027,12.164296998420221
73028,-3.524804177545692
73029,-17.54491017964072
73030,-5.232049036777584
73031,
73032,-25.0
73033,38.29268292682927
73034,7.1140539797461395
73036,-0.720235178833905
73038,-17.780172413793103
73040,-24.646693046919165
73041,43.44262295081967
73042,-20.381110190555095
73043,-2.054794520547945
73044,2.9722900338344256
73045,7.791218211258215
73047,28.62641815235008
73048,4.019222367846221
73049,2.482378179589335
73050,79.91021324354658
73051,-6.753271563664151
73052,-6.57298277425204
73053,-22.04724409448819
73054,10.563919367185507
73055,-3.7678606380896458
73056,51.23762376237624
73057,-0.9745762711864407
73058,13.654618473895583
73059,-7.0892978868439
73061,2.1046301864101022
73062,-15.395894428152493
73063,7.670454545454546
73064,14.675885911840968
73065,24.145299145299145
73066,-27.500000000000004
73067,-22.78372591006424
73068,1.914470412729985
73069,13.359042013395575
73070,
73071,5.735630206669452
73072,4.950370121130552
73073,23.224568138195778
73074,8.998144712430427
73075,-0.7832345469940728
73077,-8.72887582659809
73078,24.972693873498166
73079,14.625228519195613
73080,4.639282735613011
73082,-5.859626529298133
73084,-16.43644481652016
73086,0.09442870632672333
73089,11.017357762777243
73090,-37.95744680851064
73092,-18.585858585858585
73093,29.898352611286366
73095,10.98546042003231
73096,-0.09914312017562496
73097,34.73684210526316
73098,-19.802197802197803
73099,25.127074805451848
73102,-34.8644578313253
73103,8.88117599020008
73104,54.24978317432784
73105,8.413944150392409
73106,-0.23022024403345867
73107,0.42376206544769673
73108,1.3045866520186762
73109,-12.576796367197934
73110,-3.0498637924908207
73111,0.596752961825362
73112,-0.4350820082634281
73114,-0.1609355721259589
73115,-4.494749124854143
73116,5.3234358430540825
73117,5.4991991457554725
73118,0.0
73119,-8.825469152826908
73120,-2.409839715048976
73121,-8.754012255617157
73122,-3.744693753790176
73127,1.169840652934318
73128,35.454164922561745
73129,7.447589098532495
73130,3.2792493402404457
73131,-4.8260381593714925
73132,-2.380191125794877
73134,36.831015592077534
73135,-1.4235831318828902
73139,2.1481189900466737
73141,6.084959816303099
73142,16.370711001061196
73145,15.068942875902824
73149,10.633748055987558
73150,26.301911667765328
73151,28.914956011730204
73159,-3.767614043467877
73160,6.730603670925308
73162,-0.5107947967036709
73165,25.941167504953512
73169,59.38784833257195
73170,9.89286468228837
73173,78.493265993266
73179,33.19638455217749
73401,0.7377003716234956
73425,104.76190476190477
73430,4.493526275704494
73432,-22.14765100671141
73433,-20.3338898163606
73434,10.159362549800797
73435,
73436,
73437,-41.83673469387755
73438,-20.98904186569261
73439,-12.641708410229368
73440,-38.19241982507289
73441,-8.588957055214724
73442,-34.96332518337408
73443,-13.497899159663865
73444,74.19354838709677
73446,5.2308063155357365
73447,-11.990595611285267
73448,-5.817533625020256
73449,-5.331230283911672
73450,-3.606311044327573
73453,14.656771799628942
73455,-10.4
73456,-25.09191176470588
73458,2.373247033441208
73459,40.57835820895522
73460,-6.988105352591334
73461,7.8125
73463,16.16945107398568
73481,12.32583065380493
73487,5.172413793103448
73488,
73491,-7.6
73501,2.3973792624212042
73503,8.233968641442118
73505,-3.56730944335404
73507,-4.730781201369437
73520,-36.666666666666664
73521,-2.0939905340153944
73523,
73526,-19.982810485603782
73527,-9.163867114594998
73528,13.19073083778966
73529,-16.43217893217893
73530,-9.341825902335456
73531,-22.916666666666664
73532,-0.6802721088435374
73533,1.1763851572144362
73537,-13.479623824451412
73538,7.400130975769483
73539,-43.373493975903614
73540,-55.49215406562055
73541,33.44132469402447
73542,-8.198924731182796
73543,25.563425627817125
73544,22.46696035242291
73546,6.147934678194044
73547,-29.269328802039084
73548,-30.210325047801145
73549,76.63043478260869
73550,-10.025706940874036
73551,2.1739130434782608
73552,-12.978585334198572
73553,-89.13043478260869
73554,3.2424242424242427
73555,13.270142180094787
73556,-7.2992700729927
73557,-52.54629629629629
73559,-24.508050089445437
73560,0.5031446540880503
73562,16.05960264900662
73564,-23.076923076923077
73565,-7.44466800804829
73566,-22.11382113821138
73567,14.957264957264957
73568,-5.6751467710371815
73569,-17.350746268656717
73570,-14.233907524932004
73571,-58.43373493975904
73572,-15.111695137976348
73573,-6.983130639466458
73601,-10.364388039611576
73620,52.79850746268657
73622,78.23529411764706
73624,-11.335861778339655
73625,-32.79742765273312
73626,8.024691358024691
73627,-2.748414376321353
73628,-3.6122817579771227
73632,-12.518110692552883
73638,-35.44776119402985
73639,46.00760456273764
73641,-22.910216718266255
73642,-9.62962962962963
73644,-10.336763330215154
73645,-29.411764705882355
73646,-21.54566744730679
73647,11.812297734627832
73650,-17.750929368029738
73651,-1.9056926459809431
73654,15.096952908587259
73655,17.38035264483627
73658,-13.043478260869565
73659,8.45771144278607
73660,14.40443213296399
73661,57.82312925170068
73662,16.395705521472394
73663,-15.873015873015872
73664,0.35650623885918004
73666,65.929203539823
73667,-23.577235772357724
73668,
73669,-11.172566371681416
73673,44.83985765124555
73701,7.8159483656048305
73703,-3.097477483465718
73705,5.666666666666666
73716,2.2540983606557377
73717,0.3309828752338466
73718,-16.134453781512605
73719,160.46511627906978
73720,-18.65671641791045
73722,-23.49624060150376
73724,-29.935125115848006
73726,-35.07194244604317
73727,-43.290043290043286
73728,-1.3014055179593962
73729,-1.7973856209150325
73730,-12.631578947368421
73731,36.27450980392157
73733,-42.81767955801105
73734,-40.189873417721515
73735,10.582822085889571
73736,13.575525812619501
73737,6.01060695344726
73738,-17.925311203319502
73739,20.8955223880597
73741,-11.885714285714286
73742,-9.09735349716446
73743,-56.00000000000001
73744,-32.35294117647059
73746,-82.14285714285714
73747,-52.391799544419136
73749,31.435643564356436
73750,-6.1003344481605355
73753,29.67032967032967
73754,3.853046594982079
73755,-20.5658324265506
73756,20.802919708029197
73757,-23.076923076923077
73758,112.37113402061856
73759,-26.782608695652172
73760,14.035087719298245
73761,-47.84580498866213
73762,6.847984458474989
73763,-4.34516523867809
73764,146.078431372549
73766,4.802744425385934
73768,-12.592172433352241
73770,
73771,-0.5102040816326531
73772,-9.491945477075589
73773,-18.154761904761905
73801,0.7717967165936295
73832,-10.0
73834,5.209003215434083
73835,33.66834170854271
73838,64.43148688046647
73840,-30.326797385620914
73841,-10.37593984962406
73842,-21.64750957854406
73843,-8.254716981132075
73844,67.55555555555556
73848,-32.713440405748095
73851,10.294117647058822
73852,-27.230215827338128
73853,-22.61380323054332
73855,58.06451612903226
73857,41.88976377952756
73858,0.12861736334405144
73859,11.651917404129794
73860,-29.778051787916155
73901,7.792207792207792
73931,7.6109936575052854
73932,-15.835777126099707
73933,-9.237726098191215
73937,18.06167400881057
73938,-8.1267217630854
73939,-16.95906432748538
73942,-0.5337179949513162
73944,-7.8125
73945,-18.480565371024735
73946,-45.09803921568628
73947,41.82825484764543
73949,2.0223152022315203
73950,0.6651884700665188
73951,23.91496899911426
73960,
74001,-6.229508196721312
74002,-1.5889287544848796
74003,0.8563206289043307
74006,1.7796515315449764
74008,14.198886936145282
74010,-2.613835780918075
74011,18.307122695113456
74012,2.2923882400322193
74014,7.562238235217607
74015,-1.3384100611514942
74016,-1.3499480789200415
74017,2.331109849560034
74019,13.33887964503605
74020,3.563043778483635
74021,15.564380632350694
74022,-3.5828877005347595
74023,6.402996776722711
74026,-11.894736842105264
74027,-18.584905660377355
74028,-11.435239206534423
74029,-3.232125367286973
74030,-23.060959792477302
74032,-22.483660130718956
74033,13.637157324951982
74034,-33.84615384615385
74035,0.6564551422319475
74036,1.4000271849938835
74037,34.79537115438894
74038,0.7984969469234382
74039,7.304256437204414
74041,2.9379760609358
74042,-16.163793103448278
74044,6.519956260251504
74045,-22.701149425287355
74046,65.65656565656566
74047,10.472190034762455
74048,-10.440985732814527
74050,33.33333333333333
74051,7.733333333333333
74052,-10.790697674418604
74053,15.18313458262351
74054,-5.115712545676005
74055,8.488123381740403
74056,-10.060172997367431
74058,-8.40484603735487
74059,2.3425022182786157
74060,-2.5056947608200453
74061,20.520373097692683
74062,4.271356783919598
74063,-0.8712795726278301
74066,-2.7591303812280596
74068,51.85185185185185
74070,-1.3426352507568777
74071,-7.586206896551724
74072,-13.380281690140844
74073,-2.832811956899548
74074,1.8645575249348834
74075,2.8274576674465637
74077,
74078,-80.58873720136519
74079,11.015325670498084
74080,3.196022727272727
74081,-4.1048466864490605
74082,333.78378378378375
74083,-8.72617853560682
74084,-27.387387387387385
74085,7.655913978494623
74103,8.879184861717611
74104,5.834108396042952
74105,3.454346295282059
74106,-8.761194860099016
74107,-2.92
74108,7.5772403187473785
74110,-0.22319918836658775
74112,5.6516217272372025
74114,5.594275046670815
74115,-1.5201839550332141
74116,-21.779141104294478
74117,-75.72815533980582
74119,2.995461422087746
74120,7.222787385554426
74126,0.2687913986752424
74127,-0.19488275601936253
74128,7.40095087163233
74129,-3.0229808236080404
74130,-0.6872852233676976
74131,-23.62309223623092
74132,21.194799372338043
74133,5.044755366298775
74134,34.41894442077068
74135,-4.394242684205509
74136,-0.0346718779549896
74137,1.8933181202310492
74145,2.986217457886677
74146,-1.0011742166738768
74171,
74301,-4.641966818533482
74330,-23.29136690647482
74331,-0.07189072609633358
74332,10.232266164469554
74333,-15.306122448979592
74337,-4.571770812537433
74338,-12.105926860025221
74339,-2.7219430485762146
74340,-11.881188118811881
74342,-21.472602739726028
74343,-2.950310559006211
74344,-5.007567283016385
74346,1.8184163012638639
74347,3.04855099736545
74349,220.7547169811321
74350,-1.1764705882352942
74352,-18.334087822544138
74354,-5.176914958618008
74358,-2.05761316872428
74359,-45.84103512014787
74360,-21.428571428571427
74361,4.542969936228363
74363,-5.279187817258883
74364,9.203839638622249
74365,4.8435001142334935
74366,-1.1627906976744187
74367,35.1288056206089
74368,13.636363636363635
74369,-14.77328132618235
74370,4.52024403771492
74401,-3.47984237647772
74403,-4.145806747161415
74421,-1.0890873448050533
74422,44.142857142857146
74423,-11.514522821576763
74425,-24.667133847231955
74426,-3.5287902799788697
74427,55.83756345177665
74428,-57.558945908460466
74429,4.124518697383019
74430,44.21768707482993
74431,-3.036876355748373
74432,5.532049925957267
74434,7.143669662154477
74435,-8.576533650982727
74436,2.0809023726176585
74437,-10.119866378463351
74438,159.02777777777777
74441,-0.9052924791086351
74442,-14.610778443113773
74445,-14.536113629495315
74446,4.595185995623632
74447,-8.383522042881234
74450,-22.606924643584524
74451,-11.690108369840905
74452,-22.802197802197803
74454,8.622867972204675
74455,-12.394366197183098
74456,-44.39461883408072
74457,-51.388888888888886
74458,26.595744680851062
74459,-17.97752808988764
74460,157.96178343949046
74462,-8.244012174143178
74463,0.23651844843897823
74464,-2.1654918397155014
74467,-7.086562458951794
74468,3.618421052631579
74469,-11.93297915815284
74470,-16.325336454066704
74471,-23.825317855168603
74472,-7.636887608069164
74477,
74501,2.3905376037621573
74521,-65.80310880829016
74522,-38.582677165354326
74523,-6.039255158530448
74525,6.4155629139072845
74528,-38.048780487804876
74530,10.857142857142858
74531,-5.934718100890208
74533,27.61394101876676
74534,-3.896103896103896
74535,-11.538461538461538
74536,-3.792667509481669
74538,-3.393164494713548
74540,-28.061224489795915
74543,-20.985010706638114
74546,-10.248901903367496
74547,-14.321055525013742
74549,76.31578947368422
74552,-24.740622505985634
74553,4.097714736012608
74554,5.257142857142857
74555,-24.481865284974095
74556,-25.260416666666668
74557,53.59477124183007
74558,-2.3923444976076556
74560,-24.22680412371134
74561,-7.749627421758569
74562,-23.253150057273768
74563,-5.411994149195514
74565,-28.76506024096386
74567,-35.23809523809524
74569,-51.138211382113816
74570,5.4106280193236715
74571,-8.068527217463387
74572,21.34502923976608
74574,1.6183986371379897
74576,72.47706422018348
74577,14.358974358974358
74578,-10.87338336260578
74601,-0.8870799415570862
74604,-1.539811712142971
74630,-12.062256809338521
74631,-6.568078870237144
74632,1.6129032258064515
74633,98.77675840978594
74636,10.655737704918032
74637,-8.872352604464796
74640,-16.083916083916083
74641,-12.111801242236025
74643,33.58585858585859
74644,1.876172607879925
74646,1.520912547528517
74647,-12.739541160593792
74650,-14.485981308411214
74651,5.289052890528905
74652,2.211302211302211
74653,-3.067645516518091
74701,7.948167712116209
74720,-14.31451612903226
74721,
74722,-1.3513513513513513
74723,-2.6931254429482636
74724,-70.02341920374707
74726,-29.64926590538336
74727,10.876803551609324
74728,2.01294033069734
74729,-12.921535893155259
74730,16.947040498442366
74731,-10.22950819672131
74733,0.59375
74734,-34.99604117181314
74735,32.02396804260985
74736,-22.98747763864043
74737,
74738,-31.19122257053292
74740,-14.12655971479501
74741,-8.46613545816733
74743,-7.298335467349553
74745,-0.12186452726718798
74747,201.36054421768708
74748,8.948194662480377
74750,-51.554404145077726
74753,-13.043478260869565
74754,129.5275590551181
74755,52.17391304347826
74756,-4.694167852062589
74759,-6.7887109077040435
74760,-75.49857549857549
74761,-37.17948717948718
74764,-10.29372849960307
74766,-26.790450928381965
74801,0.15056805219692476
74804,3.449593884376493
74820,0.05103342689461597
74824,-3.0831099195710454
74825,-23.97105382180009
74826,22.19047619047619
74827,-16.332378223495702
74829,-2.204928664072633
74830,-34.090909090909086
74831,-15.909090909090908
74832,7.008760951188986
74833,-32.779097387173394
74834,-2.1505376344086025
74836,45.94594594594595
74837,-55.67765567765568
74839,-4.0251572327044025
74840,6.995230524642289
74842,71.1864406779661
74843,-12.290502793296088
74844,2.941176470588235
74845,-34.10301953818828
74848,-4.332219334076
74849,-5.622752533507682
74850,-4.373177842565598
74851,9.259794012898258
74852,-0.92899800928998
74854,-9.06801007556675
74855,-10.351278320515485
74856,-6.390532544378698
74857,14.869375071930028
74859,-0.563473649320517
74860,-7.878090856814262
74864,-11.352064868942108
74865,8.427267847557703
74866,
74867,-27.506426735218508
74868,-10.007299270072993
74869,-31.835205992509362
74871,-3.869905310827501
74872,-1.5942482025633011
74873,-3.3736801442183877
74875,-24.242424242424242
74878,13.379310344827585
74880,-4.573314474304573
74881,3.267462336137742
74883,4.333193100546908
74884,-3.3610533610533606
74901,3.7654653039268426
74902,5.499631721090106
74930,-21.7835578262889
74931,-1.0143702451394758
74932,-2.6537997587454765
74935,-19.786096256684495
74936,39.85102420856611
74937,-3.9378612716763004
74939,5.15378221113882
74940,-11.079845233907843
74941,-3.110135382363703
74942,0.6802721088435374
74943,-25.0
74944,4.059040590405904
74945,-67.65327695560254
74946,-53.383458646616546
74947,
74948,-4.703095922855693
74949,-30.175438596491226
74951,6.216006216006216
74953,5.310935776703148
74954,-0.9813739234928901
74955,-3.732038318254391
74956,17.18576195773081
74957,-26.248941574936495
74959,-16.914879081841782
74960,-14.33518505158358
74962,-5.203286286075416
74963,15.4
74964,-15.521064301552107
74965,5.899339933993399
74966,-6.8089705485004055
75001,13.792159813915303
75002,4.291987142693147
75006,-5.367409624320706
75007,1.4029473057457575
75009,166.25935398313916
75010,13.611530443533896
75013,19.689544579858882
75019,6.577347605311465
75020,11.854186652048787
75021,2.5390625
75022,9.644670050761421
75023,-0.37729758085668746
75024,2.6294069095625514
75025,1.1986780933176497
75028,1.476963617817069
75032,16.290327717443233
75033,
75034,-49.21767573648902
75035,28.600759990193676
75036,
75038,9.397889926752235
75039,21.016102165463632
75040,1.3905615235159048
75041,-5.885178957482585
75042,-4.130539194620693
75043,7.247585528181348
75044,14.820966244931855
75048,16.555798867908937
75050,2.779470353878603
75051,-1.9432644890386213
75052,0.5343503341017497
75054,60.3586027499071
75056,15.179900201348156
75057,18.665018541409147
75058,40.934371523915466
75060,2.2432285797754683
75061,2.5716211047771687
75062,8.689473359009742
75063,16.11911523330641
75065,2.649112948542988
75067,0.33036354939009804
75068,21.891562813350525
75069,5.881395916375173
75070,-38.35303701004298
75071,33.005657424868595
75072,
75074,5.03501643628642
75075,3.058469930147775
75076,17.835450027609056
75077,10.148973217987342
75078,96.56008927271846
75080,3.854956514816805
75081,-3.864594309799789
75082,23.819154763409596
75087,21.416490486257928
75088,5.034440058818976
75089,5.60739197391068
75090,7.737299465240642
75092,9.361632115827573
75093,-1.9824660044563835
75094,1.1819716846343682
75098,20.39278248432171
75101,-5.915492957746479
75102,50.03996802557954
75103,17.219159447268563
75104,1.4886344918464833
75105,-37.142857142857146
75109,9.033203125
75110,7.49124692342358
75114,20.11804384485666
75115,6.940069114305898
75116,0.7451490298059612
75117,14.200149737958572
75119,7.250854110634586
75124,37.668479545991964
75125,10.968569595894804
75126,59.99434082388172
75127,3.6067481093659106
75132,-100.0
75134,-8.717090382701528
75135,19.710389427808238
75137,1.8991853360488797
75140,17.49111374407583
75141,-22.44196044711952
75142,21.67682600791359
75143,3.1546187579572784
75144,14.983713355048861
75146,26.31220177232447
75147,22.31294536817102
75148,6.390717007273987
75149,6.405362295463914
75150,2.5651315472655183
75152,24.818917767362592
75153,29.09090909090909
75154,20.59664387818521
75155,6.6530889341479975
75156,3.447837150127227
75157,-19.101123595505616
75158,63.51173213814923
75159,17.031893004115226
75160,2.5636974126012246
75161,-1.6572905580051696
75163,4.098360655737705
75164,-31.63751987281399
75165,16.462138508371385
75166,42.026127680552136
75167,26.42238131122833
75169,20.20502386728226
75172,30.88342662448284
75173,123.13970235237639
75180,12.184804246848042
75181,1.4209076410033348
75182,29.554056277768638
75189,49.69092331768388
75201,18.439249259137306
75202,19.319862000985708
75203,-0.5259617148798239
75204,4.138952914059928
75205,4.134484325306679
75206,-0.8513492595841287
75207,0.012456402590931738
75208,1.8473240967128497
75209,2.2305367678802703
75210,6.150673298556351
75211,-4.706185567010309
75212,3.5413476263399697
75214,-0.38072924293454385
75215,20.97803881511747
75216,4.140277909065129
75217,2.234630318244202
75218,-3.9121451670858787
75219,6.530051123426558
75220,-5.4289198442849775
75223,-8.201519057905372
75224,-1.5493034989579906
75225,1.8406899109792283
75226,6.638830897703548
75227,0.8805314327232466
75228,-8.220628644192749
75229,1.528249459709787
75230,-3.698993495875877
75231,-3.227560300514037
75232,8.52705606563782
75233,-2.7086652776075497
75234,3.832581545920403
75235,0.7555602851974035
75236,-1.5801963110775537
75237,-3.7694013303769403
75238,-2.511436274955315
75240,-6.518385650224215
75241,12.5280631335465
75243,-6.520868856104975
75244,-6.457063101447146
75246,-0.4833040421792618
75247,39.325842696629216
75248,5.12632528761561
75249,10.888198757763975
75251,60.515202702702695
75252,3.955761899369645
75253,7.438052902601118
75254,-8.593338846703254
75261,
75270,
75287,-3.0851715117896963
75390,
75401,11.524163568773234
75402,19.892504872718682
75407,62.56491721146209
75409,58.80799428979301
75410,-21.231462361554346
75411,-24.373379429559204
75412,-3.0303030303030303
75413,-16.143497757847534
75414,3.1407035175879394
75415,135.9375
75416,-0.7620367163145133
75417,-12.411742846525456
75418,1.082553429249895
75420,56.7816091954023
75421,-5.679287305122494
75422,-4.0733197556008145
75423,10.00363768643143
75424,-7.49003984063745
75426,-23.42014940440137
75428,5.517496759859285
75429,
75431,-21.859083191850594
75432,-11.48053424268258
75433,10.9375
75434,
75435,-22.852983988355167
75436,21.37285491419657
75437,-15.730337078651685
75438,13.943355119825709
75439,20.493562231759658
75440,16.932752781809384
75441,-29.6875
75442,7.341592201462226
75446,1.1539544047283985
75447,12.298959318826869
75448,42.71523178807947
75449,-27.088948787061994
75450,178.61271676300578
75451,61.62324649298597
75452,15.629354389224337
75453,2.2888459058671824
75454,95.76473259906892
75455,-6.106442577030812
75457,2.3976512803784047
75459,3.6105242942193203
75460,8.404571222892109
75462,-2.4377726456248396
75468,24.40087145969499
75469,-11.142857142857142
75470,-67.92828685258964
75471,12.441783100465734
75472,-0.6614093106079878
75473,-5.56844547563805
75474,10.227952415763939
75475,-91.36363636363637
75476,20.951417004048583
75477,39.21787709497207
75478,5.776173285198556
75479,8.606777837547067
75480,-4.630650496141125
75481,11.271676300578035
75482,3.717442141762761
75486,0.6661442006269592
75487,-17.180094786729857
75488,52.40464344941957
75489,-21.583411875589068
75490,15.67319716548562
75491,-9.77683315621679
75492,-15.346534653465346
75493,31.390977443609025
75494,12.44587654818246
75495,23.86815441836604
75496,0.7566938300349243
75497,8.675034867503486
75501,-4.227838171018716
75503,6.787312856922364
75550,-26.610978520286395
75551,0.4601085856262078
75554,35.56786703601108
75555,-13.087818696883852
75556,24.233716475095786
75558,7.413249211356467
75559,2.6147479307750188
75560,44.47552447552447
75561,-4.052466718872357
75562,53.44827586206896
75563,-11.11111111111111
75564,
75565,12.953367875647666
75566,12.251655629139073
75567,-25.582739356578692
75568,9.819462791721708
75569,7.030040260142459
75570,2.0785851034734253
75571,-17.90529946691753
75572,-26.20770128354726
75573,228.8135593220339
75574,-18.2983682983683
75601,-5.150214592274678
75602,-3.477749638205499
75603,7.238288516827329
75604,2.6042859479797156
75605,9.417011165001139
75630,17.158176943699733
75631,-12.719158431622567
75633,-5.2543725959793885
75638,-14.675016926201762
75639,-19.13978494623656
75640,13.94422310756972
75641,-19.841269841269842
75642,162.96296296296296
75643,-9.991876523151909
75644,2.5677716829636696
75645,-0.7119867355895836
75647,4.550927040693475
75650,12.00045156920298
75651,0.22810218978102187
75652,-19.676455072973447
75654,4.21172453044963
75656,-0.45642251684416435
75657,-16.80796166605234
75658,
75659,
75661,-10.15445284258955
75662,-5.263562612941674
75667,23.973880597014926
75668,23.241895261845386
75669,69.82055464926592
75670,5.2973712721674175
75671,
75672,2.368939207482156
75680,
75681,12.788168769030014
75682,27.9383429672447
75683,-0.026239832065074783
75684,3.612903225806452
75686,1.019391430980302
75687,
75689,
75691,51.264138389886895
75692,-4.8838125246159905
75693,-12.118170084612075
75694,
75701,-0.15483426998509003
75702,-1.7509727626459144
75703,6.885582852109231
75704,-6.917986765590535
75705,-9.378618294094943
75706,15.735729602777493
75707,7.957432200480604
75708,31.729147749383834
75709,-0.2972651605231867
75711,
75750,-10.933694181326116
75751,7.621896500149567
75752,1.7192746809939559
75754,14.663387642176454
75755,-3.262135922330097
75756,-11.779191463164375
75757,10.38961038961039
75758,12.728395061728396
75759,256.4102564102564
75760,-9.2630712227254
75762,11.34298475281072
75763,0.7954183900731784
75764,-32.47863247863248
75765,2.490001290156109
75766,-2.0359191631359903
75770,-23.989298454221164
75771,1.565613435809849
75773,10.056470952270443
75778,-21.97663403852226
75779,-86.25
75780,78.76106194690266
75782,
75783,3.902632623362879
75784,-4.2219541616405305
75785,-0.027500229168576404
75788,-57.84313725490197
75789,5.292627649646714
75790,-17.891304347826086
75791,10.679831172746459
75792,38.875878220140514
75801,5.981428113992956
75803,-5.243854516875519
75831,-10.337626174730246
75833,-20.161756210283073
75835,4.998169168802637
75838,-52.35109717868338
75839,19.20261941448382
75840,-7.510791366906474
75844,-22.365930599369086
75845,-29.48877805486284
75846,-9.252173913043478
75847,-8.356702187324734
75848,-7.4074074074074066
75849,47.05882352941176
75850,50.88633993743483
75851,-6.640463384360777
75852,-35.09920229085702
75853,28.80098887515451
75855,7.876573284612262
75856,74.3801652892562
75858,328.57142857142856
75859,57.33252866626434
75860,-1.71473109898675
75861,-83.62186788154898
75862,1.5613910574875798
75865,
75884,
75886,
75901,-10.711915821404872
75903,
75904,1.096984033116499
75925,-21.5174432788485
75926,16.057091882247992
75928,35.9504132231405
75929,-26.989247311827956
75930,3.300157150340492
75931,-6.212882594792143
75932,-24.004364429896345
75933,15.539947322212466
75934,2.898550724637681
75935,-13.486205661053386
75936,12.945368171021377
75937,32.016210739615
75938,-14.147431124348472
75939,9.637578457177566
75941,-3.43213728549142
75942,-18.181818181818183
75943,1.704966641957005
75944,-39.53158268275372
75946,22.873169211592394
75948,-12.092098724532052
75949,14.859002169197396
75951,-5.7491289198606275
75954,-11.69210782721663
75956,-13.582561818821048
75959,31.266846361185983
75960,-8.401400233372229
75961,-2.602686644277964
75962,4.119850187265917
75964,8.053023158335954
75965,-7.447769921854235
75966,-9.438244751276716
75968,13.011152416356877
75969,23.37627482555019
75972,0.6788079470198676
75973,18.785425101214575
75974,-15.993836671802775
75975,19.15749932921921
75976,51.98511166253101
75977,-2.1231422505307855
75979,-7.356266149870801
75980,0.88
76001,19.41939740488234
76002,-9.551806174628783
76005,
76006,3.4954211273055593
76008,41.32484388392311
76009,-5.55845883414889
76010,-1.0655042983412035
76011,-1.847253082385745
76012,4.508674871100071
76013,7.1331665108987306
76014,-6.896551724137931
76015,6.134596695821186
76016,0.879641651519086
76017,-1.3805573282280366
76018,-11.424115100585688
76020,18.846070578047197
76021,-2.910620282427652
76022,12.045332720728998
76023,21.871838111298484
76028,13.288716091885796
76031,0.32132963988919666
76033,9.82135768161969
76034,0.9234260672222874
76035,111.52796725784448
76036,18.46829344109419
76039,21.614814814814814
76040,-4.931735859570911
76041,133.23262839879152
76043,-3.0363563723531763
76044,101.21084495919979
76048,13.935532866424774
76049,5.062928036143282
76050,28.6758308682791
76051,-2.6738899100319244
76052,30.761826844410223
76053,2.712075113684693
76054,-0.5189152996317375
76055,34.92243662504729
76058,16.681425725038743
76059,0.2494722701976588
76060,11.96648337261063
76061,-29.761904761904763
76063,15.843288115003038
76064,9.050279329608939
76065,23.691347583914148
76066,54.18102098340118
76067,0.10213511016001167
76070,4.7879616963064295
76071,13.295650036864096
76073,12.883834281072298
76077,78.52028639618138
76078,-6.463438163225931
76082,30.277315585135884
76084,42.59697256385998
76085,8.821066344096026
76086,-1.488055219398503
76087,18.37926289560787
76088,23.94972161295765
76092,3.5636074059327094
76093,107.44047619047619
76102,18.79016627562991
76103,26.26926729490832
76104,3.9287872960052748
76105,7.344997922533586
76106,-3.674333214340354
76107,-1.5974759216207242
76108,8.47940508957458
76109,14.299714896650034
76110,8.104633973905779
76111,-4.85393658710367
76112,6.436981277745608
76114,6.433500994268336
76115,4.247010007322431
76116,-1.1187210026311032
76117,4.453958719406991
76118,3.0886138007108714
76119,6.244315832988838
76120,4.206711832361746
76123,27.518595748653947
76126,19.316319363146803
76127,-19.091796875
76129,-42.20583305397251
76131,33.54811450301046
76132,1.1512971028214354
76133,6.309043157853475
76134,9.894285391821226
76135,-21.794925560914237
76137,-1.8230250561891284
76140,4.043337793297001
76148,1.0957638859733827
76155,19.02060881073927
76164,-13.908395997762725
76177,177.81712406728215
76179,29.490944689182573
76180,2.4350693967294212
76182,-2.2992922791174304
76201,1.0949425779299522
76203,
76205,-1.2290396341463414
76207,17.326488995148022
76208,16.626177385671056
76209,11.639031904974258
76210,2.147852147852148
76225,-6.6405070932689405
76226,49.43084235331709
76227,65.97447325769853
76228,22.49269717624148
76230,2.138813168379115
76233,-6.70487106017192
76234,31.08663059774461
76238,24.75
76239,-8.392715756136184
76240,7.853113593629023
76241,
76244,1.036095358400301
76245,-1.177100053504548
76247,20.42258548076237
76248,2.5529631238659887
76249,12.400187881634569
76250,-17.408506429277942
76251,2.127659574468085
76252,4.080854309687262
76253,-15.654952076677317
76255,6.965915440491711
76258,10.835777126099707
76259,14.74437627811861
76261,-50.967741935483865
76262,22.224158968101797
76263,-65.51724137931035
76264,-25.82738481505516
76265,-6.0908084163898115
76266,20.124360386035363
76267,
76268,-54.87364620938629
76270,14.858096828046744
76271,20.60270602706027
76272,21.828007518796994
76273,14.148188209843157
76301,-0.14073694984646878
76302,-18.62295081967213
76305,13.25046904315197
76306,-4.689052255116232
76308,5.846805433603636
76309,9.86938712419816
76310,11.038374717832959
76311,-17.55087636748618
76351,-8.958445763626552
76354,-2.4079437318990484
76357,-25.981873111782477
76360,-28.64363942712721
76363,-42.956120092378754
76364,59.44055944055944
76365,3.8907849829351533
76366,-5.613701236917222
76367,-6.542805587114883
76370,89.68253968253968
76371,4.56005138086063
76372,-28.67281760113556
76373,-21.71717171717172
76374,-7.352565739086035
76377,-46.58536585365854
76379,-3.2467532467532463
76380,-2.9452243325075695
76384,-0.8558740411788455
76388,-35.53459119496855
76389,2.235039653929344
76401,4.155641495352466
76402,-13.357400722021662
76424,-1.5692517625653855
76426,-10.607885650044166
76427,0.881488736532811
76429,-18.354430379746837
76430,-6.919275123558484
76431,54.99829409757761
76432,2.256944444444444
76433,28.46763540290621
76435,19.426048565121413
76436,-56.837606837606835
76437,9.609331605258285
76439,
76442,-2.8681963713980787
76443,-21.070811744386873
76444,9.245391705069125
76445,29.19254658385093
76446,5.53979025293029
76448,-4.8813169984686064
76449,-1.5657189946435928
76450,0.9157935584012418
76452,40.0
76453,6.263817243920412
76454,6.923076923076923
76455,-44.11529223378703
76457,-1.9258898098488544
76458,2.300016911889058
76459,-20.57142857142857
76460,12.649164677804295
76462,50.51579626047711
76463,31.57894736842105
76464,-30.3236797274276
76466,480.3738317757009
76469,7.352941176470589
76470,-20.89005235602094
76471,-35.64835164835165
76472,-0.26542800265428
76474,52.46636771300448
76475,4.180418041804181
76476,25.938189845474614
76481,-7.657657657657657
76483,-23.25102880658436
76484,-20.19438444924406
76486,32.59615384615385
76487,0.11094674556213018
76490,-41.7910447761194
76491,83.28445747800586
76501,-2.1114336122019237
76502,25.762878846802
76504,3.8856555973981513
76511,-16.695712791913557
76513,14.725632147728465
76518,4.6164772727272725
76519,5.689277899343545
76520,-3.0280649926144756
76522,12.317869932478608
76523,
76524,20.660910985412325
76525,16.74595623215985
76527,6.562017498713329
76528,15.6511850610486
76530,10.684931506849315
76531,-0.885146804835924
76534,-1.2640929279125386
76537,133.7126600284495
76538,57.35694822888283
76539,2.1453692848769053
76541,2.179216132704505
76542,3.4476591685875526
76543,13.549357396773312
76544,-2.241243383263881
76548,10.18077377935462
76549,13.804370022462734
76550,8.444515458975793
76554,9.803063457330415
76556,56.75253708040593
76557,12.66987246498014
76559,16.425731839537406
76561,19.860973187686195
76565,-45.83333333333333
76566,4.242424242424243
76567,-9.386678390855133
76569,46.84444444444444
76570,-22.894465452045377
76571,34.0
76573,22.727272727272727
76574,3.643275780136227
76577,-3.4732709151313803
76578,-13.361462728551334
76579,9.78167808219178
76596,-16.83093252463988
76597,10.901988636363637
76598,-12.871287128712872
76599,-14.244044725328148
76621,10.474090407938258
76622,40.36036036036036
76623,36.80555555555556
76624,25.278450363196125
76626,3.8871951219512195
76627,-13.833746898263028
76628,250.0
76629,13.641755634638198
76630,73.75444839857651
76631,-2.7027027027027026
76632,23.682498373454784
76633,18.74298540965208
76634,3.508771929824561
76635,14.602132895816242
76636,23.157894736842106
76637,-25.914149443561207
76638,0.8114248620577734
76639,35.94332587621179
76640,4.865056818181818
76641,-3.0542986425339365
76642,-11.516014234875446
76643,12.495614958254404
76645,4.7055454805765
76648,-0.39826212889210716
76649,-0.14265335235378032
76650,-44.18604651162791
76651,20.73019801980198
76652,-21.074380165289256
76653,58.09312638580931
76654,-2.8089887640449436
76655,0.7151230949589683
76656,4.918032786885246
76657,25.8408361792404
76660,25.28301886792453
76661,-12.210162802170696
76664,5.838580423583286
76665,8.211754897874114
76666,-28.185328185328185
76667,-8.755883136488766
76670,26.902887139107612
76671,12.220982142857142
76673,-28.271604938271604
76676,18.28358208955224
76678,-69.06077348066299
76679,-15.869565217391305
76680,-34.105960264900666
76681,-38.01775147928994
76682,21.243523316062177
76685,188.23529411764704
76686,10.047846889952153
76687,-9.979317476732161
76689,15.962314939434725
76690,30.589430894308943
76691,-3.203556100551809
76692,-8.546846932022314
76693,44.63840399002494
76701,-2.36096537250787
76704,-4.792332268370607
76705,4.710927781051529
76706,11.150490730643401
76707,1.5994094488188977
76708,-0.8946980854197348
76710,-5.762850706532869
76711,-2.0370178885327266
76712,13.44378698224852
76798,81.80112570356472
76801,0.5217112127779115
76802,13.11377245508982
76820,26.168224299065418
76821,-3.4602829162132753
76823,-18.130227001194744
76824,-100.0
76825,-6.907560586271949
76827,51.99004975124378
76828,11.848341232227488
76831,-100.0
76832,-17.221418234442837
76834,-6.674144699943915
76836,-66.66666666666666
76837,-32.299207169941404
76841,644.0
76842,-15.96244131455399
76844,-11.078246840548536
76845,50.0
76848,-5.714285714285714
76849,-3.887744593202884
76852,49.73821989528796
76853,4.063492063492063
76854,21.84873949579832
76856,-4.83170466883822
76857,14.77207155222158
76858,-32.537313432835816
76859,-12.150482968988307
76861,2.8112449799196786
76862,-10.21505376344086
76864,14.285714285714285
76865,86.91588785046729
76866,35.91954022988506
76869,55.73770491803278
76870,-76.43097643097643
76871,-22.40663900414938
76872,-6.227967097532315
76873,117.07317073170731
76874,-100.0
76875,-12.159709618874773
76877,7.690470503940769
76878,-10.572916666666666
76880,
76882,-25.096525096525095
76884,-49.32432432432432
76885,-64.67391304347827
76887,-28.421052631578945
76888,-7.2992700729927
76890,-11.133004926108374
76901,5.140734294989792
76902,
76903,-3.5759897828863343
76904,6.494774319513036
76905,2.2469342676517634
76908,-26.73453996983409
76909,
76930,-20.909090909090907
76932,-11.645299145299145
76933,-7.886904761904762
76934,-18.34862385321101
76935,-0.8640552995391706
76936,-20.755925688661115
76937,3.7037037037037033
76939,-100.0
76940,-91.46341463414635
76941,-13.496503496503495
76943,-23.070674248578392
76945,10.807528840315724
76950,-13.512132822477648
76951,22.21246707638279
76953,123.6842105263158
76955,62.83783783783784
76957,
76958,52.53164556962025
77002,51.98059822150364
77003,5.421936554012026
77004,-5.674512512618883
77005,0.8394432047603867
77006,9.391660970608338
77007,19.705767405504997
77008,11.611724797773332
77009,-2.3284151413207597
77010,-8.524590163934425
77011,-10.286052263684267
77012,-10.629823251182474
77013,-10.957190957190956
77014,5.161073637661284
77015,3.590764609312236
77016,-0.7466973004020678
77017,0.05528934758569849
77018,2.9173939372350657
77019,5.873354348229186
77020,-0.7066182716812108
77021,-4.329556539356194
77022,-1.6846952199970764
77023,-9.983174425126192
77024,-2.2067698766727895
77025,1.2896756794135953
77026,-9.066187113469889
77027,21.646265301024233
77028,18.721780604133546
77029,-10.539845758354756
77030,16.027004531582353
77031,-3.883226235320186
77032,-4.846638510004846
77033,-4.8396874579011175
77034,-7.241868451832864
77035,-10.619977037887486
77036,-5.648456367077867
77037,-12.2417406926839
77038,4.857599582422601
77039,-0.23237523237523236
77040,3.084540012014998
77041,-9.781748275472125
77042,-3.2091785833056203
77043,0.23995665299171762
77044,27.301066447908124
77045,-10.454921422663359
77046,21.865889212827987
77047,14.141448486909214
77048,15.154873709385756
77049,21.588787815935287
77050,18.246869409660107
77051,1.878638737170638
77053,-5.312539224300238
77054,18.612603810454324
77055,-3.6464235717618823
77056,0.9617154426651943
77057,12.192873162222776
77058,7.720919071330014
77059,5.732704040520318
77060,3.8541830344115473
77061,-4.212970010656112
77062,-7.6063649700936695
77063,1.6002671392977321
77064,-0.6817540037920045
77065,0.4482225656877898
77066,16.09066161675938
77067,-3.236883752874078
77068,5.083968064604937
77069,13.131922359907886
77070,14.348081440877056
77071,-3.541689003252207
77072,-0.7625237283227696
77073,-2.136512388966807
77074,-3.234373042715771
77075,-5.311338503189098
77076,-4.595379012064648
77077,8.961684298007167
77078,-9.981036662452592
77079,4.526908300324627
77080,4.370962443884814
77081,6.728632870625166
77082,-5.720237990148479
77083,-5.546040701188797
77084,3.800845269740491
77085,-7.95840053389689
77086,0.6744390971327866
77087,-3.3333333333333335
77088,-4.77642993158897
77089,8.138674358147213
77090,6.26417455227966
77091,20.097321675831783
77092,-5.603493086599438
77093,8.523903844422437
77094,12.54370166331179
77095,-3.380918688697437
77096,-6.947694910475116
77098,15.687295447783397
77099,-4.554474520759079
77204,
77301,7.855098896261124
77302,-1.2169229972554503
77303,22.396547347042397
77304,40.51652028439983
77306,43.56937047061905
77316,43.742948476871
77318,23.903608214031223
77320,7.008690776562938
77326,1466.6666666666665
77327,50.124832813196605
77328,12.589043686566223
77331,-2.6346680579105257
77334,-20.97902097902098
77335,25.327510917030565
77336,-4.53335484391385
77338,18.995909259947936
77339,5.813588387314929
77340,13.608695652173914
77341,
77342,
77345,-7.903059470608456
77346,11.815033289579809
77350,-22.54335260115607
77351,4.448929184613994
77354,11.670008912655971
77355,15.848337061347218
77356,14.010352286773795
77357,27.011588723596613
77358,-10.434161157763088
77359,-36.60287081339713
77360,12.116443745082613
77362,19.473494410385864
77363,17.44916820702403
77364,10.04390779363337
77365,25.405973380882635
77367,314.4144144144144
77368,-100.0
77369,24.066390041493776
77371,-8.161993769470405
77372,8.201765039268077
77373,11.283151660801648
77374,-18.3585313174946
77375,34.51756556160316
77376,38.604651162790695
77377,3.8903095924696665
77378,12.14860681114551
77379,6.418582057116559
77380,12.52482110074557
77381,-1.3678593678051953
77382,1.3293543136190993
77384,39.37591063623118
77385,12.380184918144032
77386,25.968100750348782
77388,13.712615344342401
77389,36.98209076937553
77396,10.857006181925229
77401,-9.595005770643164
77406,54.08456886461178
77407,59.06306455966941
77412,-100.0
77414,3.158029868629381
77415,356.9767441860465
77417,18.369565217391305
77418,4.61414467056216
77419,-49.3550577053632
77420,3.0289532293986636
77422,6.906862012258933
77423,35.286988139555014
77426,-11.23404255319149
77428,
77429,5.082234748087362
77430,-16.235982447586544
77431,
77432,-100.0
77433,43.83399104095563
77434,-14.18113365404727
77435,-1.4176156170113874
77436,-100.0
77437,9.428148148148148
77440,426.0869565217392
77441,172.88033067849582
77442,57.375271149674624
77443,-55.46875
77444,14.26553672316384
77445,10.367641530711976
77446,2.9696472518457755
77447,25.908434999344088
77448,220.68965517241378
77449,2.4277708801718063
77450,-2.6530530208626444
77451,497.46835443037975
77453,-44.17910447761194
77454,960.0
77455,-3.1589338598223096
77456,1.6628873771730914
77457,0.9596928982725527
77458,-95.22058823529412
77459,20.79637325273895
77460,-12.582781456953644
77461,18.294270833333336
77464,44.71830985915493
77465,0.04127115146512588
77466,-5.099150141643059
77467,-100.0
77468,-100.0
77469,29.907955852899814
77470,1.2531328320802004
77471,11.017843808739089
77473,-78.37837837837837
77474,14.05372123451089
77475,-49.43310657596372
77476,39.175257731958766
77477,-8.558973248131702
77478,-10.605122649539581
77479,3.4028193176303283
77480,4.646912935648087
77481,692.3076923076924
77482,-38.30255057167986
77483,9.246575342465754
77484,27.553688141923438
77485,-26.369643999147304
77486,8.571025134142896
77488,-3.616501560591668
77489,2.615125319414995
77493,84.48839381003201
77494,23.679785364747673
77498,6.593255873190039
77502,-6.828893442622951
77503,-11.168851018302702
77504,8.890984695846015
77505,-4.33759801898473
77506,-0.46374814500742
77507,
77510,-7.54381161007667
77511,10.142885019839118
77514,24.71303173531398
77515,5.624940715211686
77517,8.29817158931083
77518,-6.108885651857246
77519,-62.82306163021869
77520,-0.5613996838720227
77521,15.912472647702408
77523,28.657680426846394
77530,0.5944921109290144
77531,-1.4678442592362233
77532,10.819209039548022
77533,24.73498233215548
77534,32.31657048639736
77535,11.965110624848043
77536,2.2196838725611263
77538,8.940397350993377
77539,10.873800079799095
77541,-7.762483130904184
77545,3.802524364914523
77546,3.002238763131207
77547,-7.353378981839834
77550,5.188038060715904
77551,6.216101495071452
77554,19.105346102557885
77555,
77560,72.91666666666666
77561,-32.83582089552239
77562,-8.176277543366151
77563,3.129035462401907
77564,-3.9778449144008055
77565,-10.230886215954653
77566,3.7260962603172443
77568,30.543478260869566
77571,-0.07491839246535024
77573,12.450063448794472
77575,-3.6048221111437817
77577,-29.374201787994892
77578,30.510839235887527
77580,-100.0
77581,6.1501312335958005
77582,
77583,25.872323552735928
77584,3.72240906325685
77585,17.727272727272727
77586,7.303218826075196
77587,-4.236435713863084
77590,7.280272809162271
77591,13.08178782064947
77597,-67.10743801652893
77598,7.882052736036292
77611,17.885885885885884
77612,6.4703306328005254
77613,-18.416030534351144
77614,-4.457364341085271
77615,-67.68350810295519
77616,28.22429906542056
77617,-40.625
77619,8.462757527733757
77622,35.92896174863388
77623,0.0
77624,2.2222222222222223
77625,-14.621814054277166
77627,4.632512501179357
77629,-9.14826498422713
77630,1.4613778705636742
77632,-8.621938232161874
77640,5.838135805562516
77642,-0.32179173638820957
77650,28.677839851024206
77651,6.191588785046729
77655,-15.028901734104046
77656,5.6105610561056105
77657,-1.6007840574975496
77659,33.52393053790767
77660,-6.006768189509306
77661,-56.455399061032864
77662,-2.064863226490869
77663,-30.787217459080278
77664,17.586361597128757
77665,5.454254638515675
77701,-1.9748789346246975
77702,4.6263345195729535
77703,-18.085106382978726
77705,-6.347534236507508
77706,1.518000615405655
77707,0.9468642085329175
77708,8.10546875
77713,0.38883488404388283
77801,-9.523241243510949
77802,-7.481382470880275
77803,4.969126727433108
77807,25.865085536547433
77808,35.18296617199742
77830,-0.5300353356890459
77831,-0.6420545746388443
77833,-0.6056434962147281
77835,11.870918171340762
77836,0.16636167027116952
77837,-23.82212811011117
77840,-9.689474301610444
77843,
77845,24.292579647802125
77852,
77853,-21.6006216006216
77855,-11.11111111111111
77856,-5.737542187810204
77857,55.57228915662651
77859,-2.3400513999729475
77861,19.127243066884176
77863,
77864,9.084354722422495
77865,20.41619797525309
77866,
77867,126.88172043010752
77868,3.1244494038879425
77871,-1.557632398753894
77872,47.558655675332915
77873,1.498422712933754
77875,
77876,-13.793103448275861
77878,168.06083650190112
77879,-7.141496857741382
77880,46.09878310665712
77882,
77901,-7.569546794399411
77904,7.947043888284368
77905,15.175205919307553
77950,-9.826589595375722
77951,-39.4851869839728
77954,-10.91710182767624
77957,-0.02354603249352484
77960,30.952380952380953
77961,-45.63492063492063
77962,19.98112020138452
77963,-12.43531964613587
77964,-4.329423146692466
77968,5.435494433529797
77969,41.77215189873418
77970,-27.77777777777778
77971,-20.77922077922078
77973,
77974,47.90575916230366
77975,-15.396498455200824
77976,-44.9438202247191
77977,-28.246318607764394
77978,-40.82687338501292
77979,-5.2436380235079305
77982,-26.074766355140188
77983,-0.5954912803062526
77984,10.394537177541729
77986,
77987,-58.52272727272727
77988,-71.50442477876106
77990,11.342592592592593
77991,-14.332247557003258
77993,16.939890710382514
77994,-15.354330708661418
77995,10.592058494973088
78001,
78002,1.8092105263157896
78003,-0.20093770931011384
78004,-30.602957906712174
78005,63.33333333333333
78006,30.045097606357817
78007,18.787878787878785
78008,73.80952380952381
78009,3.277216610549944
78010,22.728609232578652
78011,-20.788177339901477
78012,-30.11049723756906
78013,-21.37207179799209
78014,-6.6061253561253555
78015,55.30690076995035
78016,27.543563799887576
78017,-0.7798331519767864
78019,24.717607973421927
78021,-98.53801169590643
78022,10.21931871208586
78023,-5.613952865559722
78024,-10.66066066066066
78025,16.382931682511607
78026,5.44798162126682
78027,-19.15641476274165
78028,0.7066067733306415
78029,
78039,43.52094240837696
78040,-13.224175408751535
78041,1.9776735017462663
78043,-0.7126580581743442
78044,-11.973392461197339
78045,4.607062823583958
78046,-0.07053302817002778
78050,59.15178571428571
78052,-7.297455396314712
78055,4.67866323907455
78056,-1.642421398404505
78057,-11.323763955342903
78058,-15.60077519379845
78059,-0.4077638231936063
78061,-13.521238586740768
78062,
78063,3.75402576489533
78064,0.018789928598271326
78065,15.32265985659562
78066,31.412639405204462
78067,16.69064748201439
78069,21.280217909431393
78070,19.088630374702745
78071,-14.92239467849224
78072,8.16831683168317
78073,-0.5394325169921244
78074,
78075,-7.228915662650602
78076,-1.2498106347523104
78101,28.244827087252204
78102,-6.14702597039933
78104,32.30769230769231
78107,4.72972972972973
78108,29.11409992774968
78109,30.96301099942633
78111,
78112,25.894944027555667
78113,-6.465067778936392
78114,4.203668169039225
78116,-39.226519337016576
78117,47.24061810154526
78118,7.379596064215432
78119,-4.972742986305013
78121,13.633506207763634
78122,-28.865979381443296
78123,-8.587257617728532
78124,21.623888609293743
78125,-72.0
78130,30.29048604667761
78132,38.88847611263838
78133,16.777531411677753
78140,4.095289079229122
78141,75.6198347107438
78142,-77.12418300653596
78143,-62.98449612403101
78144,-100.0
78145,-10.989010989010989
78146,42.75491949910555
78147,-20.732838589981448
78148,3.6353467561521255
78150,-100.0
78151,4.120340091563113
78152,37.77262180974478
78154,5.854855978899538
78155,10.16663506709642
78159,-40.88620342396778
78160,13.200723327305605
78161,-17.35668789808917
78162,-16.34146341463415
78163,43.782117163412124
78164,11.450131233595801
78201,-4.515789473684211
78202,-20.38922647396945
78203,-19.85749690210657
78204,-3.8943311385900112
78205,67.24303554274735
78207,-4.974940356198331
78208,-11.011904761904761
78209,4.627610602316228
78210,-11.608158514325018
78211,-1.6243114672008012
78212,-6.1156851800167455
78213,-2.472692077245702
78214,-11.913274132164686
78215,20.290394638868207
78216,3.2576385166414896
78217,-4.884181877348164
78218,4.911824553470495
78219,0.403028822667318
78220,0.5109012059644745
78221,0.05714427687644413
78222,2.798792839720534
78223,1.001522460883761
78224,-3.1013126271029767
78225,-0.9402138807148497
78226,8.911917098445596
78227,-8.515253148032857
78228,-8.33560468807619
78229,5.393036056651617
78230,-6.023855977296914
78231,17.969951496510113
78232,-4.9534871498397015
78233,-1.1069182389937107
78234,-0.3242074927953891
78235,139.924670433145
78236,15.692395005675369
78237,2.6234403327290177
78238,2.371541501976284
78239,7.433123039509393
78240,-1.1596543371072208
78242,9.587886450525302
78243,-27.602905569007262
78244,18.342151675485006
78245,28.35341809981045
78247,-5.667013330812139
78248,-6.99972168104648
78249,7.225535518932843
78250,-2.416839063474863
78251,6.052424729161683
78252,47.493627867459644
78253,54.74167233174712
78254,36.59926503222141
78255,25.10512166540291
78256,29.41738299904489
78257,60.193220894056
78258,5.173389026671888
78259,2.686197966992618
78260,28.89955925036729
78261,50.08458262847809
78263,11.238170347003154
78264,23.13506085590891
78266,2.4755410613697006
78330,-49.84615384615385
78332,-5.719074054676862
78336,-0.4565437943862023
78338,-100.0
78339,-27.02078521939954
78340,-14.099783080260304
78341,-28.19047619047619
78342,0.554016620498615
78343,4.11522633744856
78344,80.74074074074075
78347,
78349,-17.080291970802918
78351,66.75191815856778
78352,-13.284132841328415
78353,84.9514563106796
78355,-3.133123546312765
78357,-3.2623626373626378
78358,21.994134897360702
78359,3.2101167315175094
78360,
78361,-9.837595669217846
78362,8.377914605834258
78363,-2.3929513066114874
78368,-6.5592515592515594
78369,-54.166666666666664
78370,13.395506570580753
78371,-57.65472312703584
78372,-19.79785015241457
78373,-20.617042115572968
78374,13.453371836249364
78375,5.990180032733225
78376,-66.05263157894737
78377,-12.572944297082229
78379,1.33248730964467
78380,-0.2942883196551438
78382,-9.806379718623763
78383,7.28476821192053
78384,-2.218278615794144
78385,-75.98343685300208
78387,-9.083681176704433
78389,29.20517560073937
78390,10.390609967288821
78391,-40.23904382470119
78393,-7.699530516431925
78401,-15.831037649219468
78402,13.23529411764706
78404,-19.461742567823688
78405,-3.671859848729717
78406,25.56053811659193
78407,-48.032407407407405
78408,-19.847691575440265
78409,-11.306256860592754
78410,3.987152508583453
78411,-11.58449378998871
78412,2.830524868910044
78413,-10.781133017219865
78414,27.509584539550897
78415,5.766001580403002
78416,-10.50797134189634
78417,8.764367816091955
78418,-4.800771208226221
78419,-39.82589771490751
78501,-6.816910164749766
78503,-4.712156314202037
78504,13.666262927420107
78516,-2.140646736507396
78520,-0.7324374243678746
78521,-6.383436407636461
78526,26.35968169761273
78535,-6.637168141592921
78536,1.0
78537,11.90194272683419
78538,-7.523826979472141
78539,6.2616101283187104
78540,
78541,9.396895487417487
78542,10.686871884149719
78543,-3.060994823317578
78545,-14.779270633397312
78547,
78548,113.25115562403698
78549,-9.405405405405405
78550,3.2135138209532474
78552,6.4455569461827285
78557,1.5585540082257017
78558,-52.453166815343444
78559,3.1322044677637337
78560,-7.139909203466777
78561,16.580310880829018
78562,-22.98121493047085
78563,-62.874251497005986
78564,-71.9298245614035
78565,-57.14285714285714
78566,33.73068432671082
78567,-7.1017274472168905
78569,0.559610705596107
78570,1.3975694444444444
78572,-2.5606195251999493
78573,13.365434669443
78574,3.1467389529377185
78575,-52.37656217988117
78576,21.930459978268743
78577,3.4821207742674525
78578,-10.121940820329154
78579,-35.853403141361255
78580,-10.700662517566753
78582,5.496670105993809
78583,-6.392961876832845
78584,-5.523271312043504
78585,-100.0
78586,-11.73554897835467
78588,-37.37373737373738
78589,-1.4591368002161684
78590,146.875
78591,-5.263157894736842
78592,-37.28632478632478
78593,-17.975139025188092
78594,-14.338235294117647
78595,-3.1911532385466033
78596,-43.78816544383431
78597,-16.45658263305322
78598,13.684210526315791
78599,
78602,24.801084668355514
78605,25.323257766582703
78606,25.03602305475504
78607,170.12987012987014
78608,-22.997416020671835
78609,-3.4907597535934287
78610,35.843631469472655
78611,6.13859864781807
78612,55.0304389618712
78613,13.384075393100966
78614,-45.68345323741007
78615,91.29967776584319
78616,17.331737164139398
78617,4.817204301075269
78618,-12.181303116147308
78619,47.11445198836082
78620,28.740616101475535
78621,17.393648084093257
78622,76.5
78623,40.07682458386684
78624,8.53506709088394
78626,25.29742691137139
78628,36.62687157839193
78629,-2.3255813953488373
78631,3.261267863686332
78632,44.70158343483557
78633,10.373276175840175
78634,38.05508901578771
78635,-65.88785046728972
78636,-7.727975270479134
78638,-5.753685211602472
78639,2.8337061894108873
78640,28.84807761272909
78641,44.85075247360106
78642,86.69613060340939
78643,15.42111506524318
78644,9.848526275496255
78645,33.99346099953293
78648,5.8914131690412015
78650,68.7913409500902
78652,4.712990936555891
78653,57.929113437710114
78654,4.819342276070965
78655,7.496339677891655
78656,4.69558296856347
78657,18.575323790047715
78658,
78659,-11.28826530612245
78660,32.69280280866004
78661,5.048076923076923
78662,22.132796780684107
78663,-34.392113910186204
78664,1.3151676146086275
78665,33.68322887071938
78666,11.860901040656714
78669,-5.037362637362637
78670,-4.878048780487805
78671,20.60702875399361
78672,-44.95192307692308
78674,
78675,-75.0
78676,15.796236112160836
78677,-73.33333333333333
78681,0.9190341405458294
78701,35.352380952380955
78702,12.445357579996504
78703,9.048489513180682
78704,6.556681793120997
78705,-1.3030990173847317
78712,-75.14792899408283
78717,24.258031983863994
78719,-24.71350274040857
78721,-16.0841969952599
78722,-13.041080783016268
78723,11.546578233343382
78724,14.086095115370675
78725,31.648263935080482
78726,-6.255989048596851
78727,5.5243284251181075
78728,27.611202635914335
78729,6.370184140789563
78730,9.101085861412738
78731,-4.127955696433125
78732,8.72086476748114
78733,2.970070824765821
78734,15.826300608909305
78735,10.458172889112117
78736,14.062690572020978
78737,57.13206121292272
78738,81.7159913628858
78739,-1.406567282452578
78741,-12.47825338864779
78742,140.03868471953578
78744,2.1060455896927652
78745,-1.4432658309225328
78746,0.2157917079383048
78747,1.426935191371576
78748,8.969923894021408
78749,-7.3131658345125885
78750,-7.133103582807725
78751,9.211318482841662
78752,11.314156240764458
78753,2.143356107201881
78754,30.39651270014251
78756,17.17798734630536
78757,4.671848372750322
78758,9.796645072718691
78759,8.490453318039524
78801,-4.098212673767828
78802,-100.0
78827,-33.153153153153156
78828,-20.192307692307693
78829,-5.941422594142259
78830,-44.7520184544406
78832,-13.054255026163592
78833,-10.121168923734853
78834,-14.731009004848763
78836,-60.60606060606061
78837,-32.631578947368425
78838,-48.01980198019802
78839,-19.846503080748025
78840,-2.6636587536477845
78841,
78842,
78843,12.224938875305623
78850,-36.67687595712098
78851,84.84848484848484
78852,1.5497771971581453
78860,-100.0
78861,-4.723552459730083
78870,26.285160038797283
78871,-30.434782608695656
78872,-32.656612529002324
78873,-33.4375
78877,-10.312764158918004
78879,35.348837209302324
78880,-30.76923076923077
78881,-39.03489875053856
78883,33.5
78884,9.31422722620266
78885,16.27906976744186
78886,16.964285714285715
78931,-21.052631578947366
78932,-16.638078902229847
78933,-1.5817223198594026
78934,3.847386983007374
78935,-60.63618290258449
78938,-34.42136498516321
78940,-13.238374528697108
78941,22.895019706198493
78942,14.672314389928227
78943,31.601731601731604
78944,29.750479846449135
78945,6.04531512812902
78946,8.255813953488373
78947,4.625407166123779
78948,-7.267833109017497
78949,-13.802083333333334
78950,18.8
78951,
78953,31.006864988558352
78954,8.717948717948717
78956,-8.17325117796303
78957,6.197636949516649
78959,-21.787982413287736
78962,0.038461538461538464
78963,-48.21124361158432
79001,4.477611940298507
79002,
79003,-37.142857142857146
79005,0.9679370840895343
79007,-3.378425251474159
79008,
79009,-15.304528891202498
79010,-58.03571428571429
79011,2.3923444976076556
79012,-100.0
79013,-18.559482060965742
79014,-22.432629278951204
79015,5.019466073414906
79016,351.1278195488722
79018,46.69117647058824
79019,2.5056947608200453
79021,-49.29577464788733
79022,-7.103064066852367
79024,-27.872340425531917
79025,-66.66666666666666
79027,-7.269155206286837
79029,-4.072454715802623
79031,-9.591982820329276
79032,-36.666666666666664
79033,-70.11494252873564
79034,-19.558359621451103
79035,11.181520850367948
79036,-2.017894536455359
79039,-26.919032597266035
79040,28.2326369282891
79041,-18.34948421381682
79042,-2.9049295774647885
79043,13.236313236313235
79044,1.6897081413210446
79045,-2.4598762194482324
79046,-7.547169811320755
79051,-87.5
79052,-0.7718696397941681
79053,-48.64864864864865
79054,4.554079696394687
79056,-22.61904761904762
79057,-26.83385579937304
79058,
79059,-8.51063829787234
79061,-16.3265306122449
79062,46.017699115044245
79063,-4.841149773071105
79064,0.2961082910321489
79065,-7.271606109477278
79066,
79068,7.426881367071969
79070,-4.81194147107925
79072,-4.032949420403295
79073,
79078,-45.45454545454545
79079,-10.645400593471809
79080,-22.24199288256228
79081,-19.8769987699877
79082,-28.6231884057971
79083,-20.417633410672853
79084,-41.191275167785236
79085,-100.0
79086,49.80289093298292
79087,41.793570219966156
79088,-6.966643502432245
79091,-54.248366013071895
79092,29.644670050761423
79093,64.93506493506493
79094,-84.4155844155844
79095,1.3708781030011115
79096,-10.309278350515463
79097,2.507232401157184
79098,-13.62763915547025
79101,14.324942791762012
79102,-8.14729814312539
79103,0.744485294117647
79104,-7.046231603983945
79106,0.3909191980776818
79107,9.244628850744572
79108,-32.27137569027247
79109,-3.510438578634276
79110,-2.068392059037522
79111,-10.0
79118,20.907581130212307
79119,40.83983883152858
79121,-13.460954117289578
79124,28.52064220183486
79201,-3.7786583639966036
79220,-23.18840579710145
79223,
79225,-16.186046511627907
79226,-8.560835861139198
79227,-22.62723521320495
79229,-36.09022556390977
79230,-69.23076923076923
79231,-80.0
79233,7.865168539325842
79234,85.96491228070175
79235,-12.952223142778237
79236,-29.739776951672862
79237,0.0
79239,-41.57303370786517
79240,
79241,-2.6411657559198543
79243,-58.82352941176471
79244,4.780876494023905
79245,-9.728415079043371
79247,-70.51282051282051
79248,5.409153952843273
79250,-23.19134550371873
79251,39.130434782608695
79252,-9.813084112149532
79255,-38.50746268656716
79256,1.0526315789473684
79257,-8.369098712446352
79258,-82.97872340425532
79259,61.111111111111114
79261,-3.2994923857868024
79311,2.4896265560165975
79312,15.294117647058824
79313,-16.513233601841197
79314,48.57142857142857
79316,-12.17202432667246
79322,-2.5947067981318113
79323,-1.2488122709379668
79324,-94.02985074626866
79325,-4.735152487961477
79326,-61.43790849673203
79329,2.798507462686567
79330,-81.0126582278481
79331,-8.81337309684508
79336,-10.099251262406408
79339,1.2077294685990339
79342,-32.33644859813084
79343,-12.704174228675136
79344,-100.0
79345,15.108695652173912
79346,-20.47978676143936
79347,-0.4159733777038269
79350,17.404129793510325
79351,-23.398328690807798
79353,-57.407407407407405
79355,-16.72842773954473
79356,-11.268047708725675
79357,-14.33628318584071
79358,30.74074074074074
79359,14.517241379310345
79360,7.905011841515713
79363,-5.0525952750474215
79364,-2.1919584954604407
79366,-13.187702265372167
79367,-20.8994708994709
79369,-65.94202898550725
79370,-25.826972010178118
79371,-4.344827586206897
79372,24.517212426532325
79373,-0.20668274199104375
79376,128.57142857142858
79377,26.27450980392157
79378,-19.310344827586206
79379,12.762520193861066
79380,-52.02312138728323
79381,-1.832460732984293
79382,26.35495647290087
79383,
79401,19.243899355165002
79402,
79403,-6.936382966496178
79404,-13.646467575142553
79406,13.789566236811254
79407,10.219707057256992
79410,9.589898779087969
79411,-18.457055991892577
79412,-11.55125138556677
79413,6.203440335906813
79414,-0.6776859504132231
79415,-1.4818658824886122
79416,6.672271935619483
79423,11.390937829293994
79424,9.793679811961347
79501,-10.51030753632984
79502,26.422764227642276
79503,-23.076923076923077
79504,0.7602153943617358
79505,-28.343949044585987
79506,-19.587628865979383
79508,-25.80185317177477
79510,14.200680272108842
79511,-18.30985915492958
79512,-0.35411660553939545
79517,-41.42259414225941
79518,125.49019607843137
79519,9.615384615384617
79520,15.006759801712482
79521,-11.488801054018445
79525,25.121627598407787
79526,13.293413173652693
79527,49.72677595628415
79528,-15.347334410339256
79529,-17.851959361393323
79530,17.990654205607477
79532,7.7142857142857135
79533,27.37752161383285
79534,261.0169491525424
79535,-12.686567164179104
79536,33.31156107119529
79537,14.285714285714285
79538,-17.61904761904762
79539,38.732394366197184
79540,-25.49019607843137
79541,10.202286719437115
79543,-4.692556634304207
79544,16.33064516129032
79545,-2.0909566126502876
79546,-1.0746606334841629
79547,12.45136186770428
79548,31.70731707317073
79549,-3.867947770386795
79553,-6.038426349496798
79556,-2.2764227642276422
79560,-58.620689655172406
79561,-30.978260869565215
79562,9.250985545335086
79563,-2.6615969581749046
79565,63.67713004484305
79566,-1.2987012987012987
79567,-12.880295706568099
79601,-5.128205128205128
79602,10.238481708078412
79603,2.5957500954319888
79605,-2.301833378269075
79606,16.164486606210037
79607,11.786038077969176
79699,-6.451612903225806
79701,-2.913184376599011
79703,-7.143785469826279
79705,3.320106484504495
79706,28.34201388888889
79707,2.2292083452414975
79713,159.2920353982301
79714,4.466063605848552
79718,-30.089485458612973
79719,-45.32488114104596
79720,-8.327893048735488
79721,
79730,-70.11494252873564
79731,-7.971470526536606
79733,100.50505050505049
79734,-12.682010333489902
79735,-2.443398341179108
79738,23.0188679245283
79739,-18.27676240208877
79741,79.24528301886792
79742,-15.182186234817813
79743,-30.46875
79744,19.304229195088677
79745,-4.106986261327098
79748,201.12359550561797
79749,67.53623188405797
79752,-19.12656692276587
79754,62.71186440677966
79755,-61.702127659574465
79756,0.10392849719393059
79758,18.858212447356106
79759,-100.0
79761,-7.078002476269088
79762,-9.917299041214159
79763,-3.599592296550614
79764,17.19972856819724
79765,57.68344361014051
79766,81.34683233624789
79769,
79770,-100.0
79772,-1.9456113199204066
79776,
79777,-44.354838709677416
79778,33.111849390919154
79780,-56.98324022346368
79781,-81.42857142857143
79782,-12.143331121433311
79783,-70.49180327868852
79785,-73.68421052631578
79788,70.1492537313433
79789,12.444933920704845
79821,-8.130416838629797
79830,1.409894898743912
79832,
79834,42.19653179190752
79835,4.58808618504436
79836,31.61827135337069
79837,-55.92105263157895
79838,-18.58907575532073
79839,-21.91075514874142
79842,-36.210131332082554
79843,22.45430809399478
79845,-29.905956112852667
79846,-100.0
79847,-22.0
79848,20.996978851963746
79849,6.007067137809187
79851,12.143439282803586
79852,-23.925501432664756
79853,3.2623626373626378
79854,22.018348623853214
79855,-2.1739130434782608
79901,-14.945546479968883
79902,-5.043979525915619
79903,-4.643831464080024
79904,-7.2262302774356275
79905,-4.21931798511338
79906,16.48780487804878
79907,-8.10391552191384
79908,-17.380637856199282
79911,97.67545820295038
79912,-5.2600450966621075
79915,3.1300881477738476
79916,10.44242029928432
79918,
79920,560.0
79922,-20.30956848030019
79924,1.812475875610452
79925,1.383855024711697
79927,2.621349788640008
79928,39.54020157956764
79930,-8.561643835616438
79932,3.259834185923443
79934,2.9946606825040627
79935,3.5726081691071236
79936,-3.936810879393842
79938,23.184534179926956
80002,13.058041842842238
80003,-1.1566685762610143
80004,-5.0804221154104345
80005,0.4063780693597824
80007,73.39296245331236
80010,-1.4860240244378602
80011,5.803481686969807
80012,2.2667338866051345
80013,1.6792842395044736
80014,0.551404277248132
80015,9.215083589474474
80016,24.052037497608573
80017,10.483893077450308
80018,27.45804338927548
80019,71.13879003558719
80020,7.0313438213041906
80021,6.342142705779069
80022,20.613746608566967
80023,31.391880277061528
80024,-71.67235494880546
80025,-88.25065274151436
80026,12.054183813443073
80027,2.628732800576819
80030,3.2204839892446837
80031,0.7779074290159471
80033,9.63686591664331
80045,109.12596401028279
80101,-25.473684210526315
80102,13.798643341663691
80103,16.459400146305782
80104,15.188127913848579
80105,61.32743362831859
80106,-3.5207041408281654
80107,11.224725147997232
80108,29.412451361867703
80109,29.985532272366637
80110,9.264194408058177
80111,-0.3227808814400993
80112,8.723051409618574
80113,1.5058362291722356
80116,21.583271097834206
80117,-12.746858168761221
80118,-5.65438373570521
80120,-2.6683730603103504
80121,-5.9212926765702365
80122,-2.3720657639038834
80123,-2.1367429224433474
80124,10.807227732495335
80125,23.900864115468618
80126,-1.1985255873906062
80127,-0.7115281019931765
80128,4.3942424157066
80129,0.9871635052727334
80130,-11.28125
80131,-5.660377358490567
80132,29.550055207949942
80133,3.353783231083845
80134,17.569169344021958
80135,3.8884625223842417
80136,14.866390666164847
80137,23.506988564167724
80138,12.90604971080194
80202,40.679408806004794
80203,6.304625355985466
80204,3.6994775088583265
80205,4.26625311682783
80206,2.747864834756777
80207,-14.78709184647699
80209,-1.486697965571205
80210,3.841292520745178
80211,7.096984225635563
80212,3.7921919479463195
80214,2.320399538993469
80215,-1.0339657757328231
80216,32.92673140197416
80218,-2.7844280212345165
80219,-4.360937823374627
80220,0.6331926238613642
80221,-1.0062148564664102
80222,4.103490832157969
80223,-3.888431552951431
80224,-0.9630733212727467
80226,-0.6907018521959983
80227,-0.38501826005718653
80228,4.137002692192642
80229,3.2224129339460714
80230,17.25599553820413
80231,-6.2068215198825
80232,1.0277629471436198
80233,-1.6123817990786389
80234,5.048883700569093
80235,-0.02326934264107039
80236,-16.293384368696014
80237,10.419132149901381
80238,69.7822193980706
80239,-0.858021002305131
80241,-0.03861118536339066
80246,-2.760827504092871
80247,0.8860178615552968
80249,34.90040111496363
80260,1.2851036975416654
80264,
80266,
80290,
80293,
80294,
80301,-3.192410643993072
80302,5.35221946512269
80303,0.5296353198027007
80304,-3.0320236202589146
80305,-6.768984079715954
80310,9.545782263878875
80401,4.268025154779895
80403,8.82799016787825
80419,
80420,-9.30232558139535
80421,3.3637400228050174
80422,-6.152849740932642
80423,-24.88262910798122
80424,5.948647589180713
80425,50.917431192660544
80426,-36.986301369863014
80427,-10.909090909090908
80428,-29.863013698630137
80430,
80432,-12.605042016806722
80433,-1.1084905660377358
80434,76.92307692307693
80435,16.392069254398212
80436,-17.3828125
80438,61.84538653366584
80439,1.9766101136550818
80440,9.252971137521222
80442,2.3883237505528525
80443,-1.9757200666507972
80444,-13.139260424862313
80446,-19.792387543252595
80447,40.92963202065849
80448,-100.0
80449,48.56429463171036
80451,-6.710158434296365
80452,7.313915857605179
80453,-22.03791469194313
80454,7.3573573573573565
80455,-15.010570824524313
80456,-58.307210031347964
80457,35.646687697160885
80459,2.3990403838464616
80461,-3.6480393496379286
80463,-44.24242424242424
80465,-2.598123920019748
80466,-0.40509259259259256
80467,16.242480333179085
80468,10.483870967741936
80469,-2.197802197802198
80470,14.815905743740796
80471,
80473,1225.0
80474,
80475,-72.72727272727273
80476,17.857142857142858
80478,8.676923076923076
80479,140.0
80480,-10.879284649776453
80481,-11.480865224625623
80482,14.733840304182511
80483,-23.636363636363637
80487,3.811836458098035
80498,11.899070385126162
80501,2.9193256500619107
80503,7.169264440566679
80504,15.644165918340052
80510,31.155778894472363
80512,-3.2277346084877463
80513,34.85542871427381
80514,25.24950099800399
80515,-25.198237885462554
80516,39.3398893179918
80517,8.349817803227486
80520,11.210762331838566
80521,3.894691035683203
80524,11.655610037496395
80525,4.116473422677307
80526,-3.346516580468512
80528,16.203278371452058
80530,33.59555761221657
80532,53.17460317460318
80534,19.12904416287366
80535,-5.453149001536098
80536,3.2627118644067794
80537,0.5208093284785915
80538,4.652008384309364
80540,3.2049855330514134
80542,18.134124087591243
80543,38.49779534742284
80544,-100.0
80545,41.72767203513909
80546,-2.092050209205021
80547,273.2704402515723
80549,29.866966460558363
80550,56.00828469214837
80601,5.848993375093444
80602,23.608549747558726
80603,19.62466487935657
80610,-6.264775413711583
80611,0.0
80612,-35.625
80615,9.270704573547588
80620,11.294416243654823
80621,11.825441639106234
80622,-11.403508771929824
80623,13.298429319371726
80624,-50.0
80631,-2.832111568031468
80634,12.08105860660183
80640,3.069577080491132
80642,42.94444444444444
80643,16.09429569266589
80644,-26.68918918918919
80645,0.04159733777038269
80646,
80648,16.546762589928058
80649,18.43003412969283
80650,26.23169107856192
80651,7.843613404565324
80652,-23.660714285714285
80653,4.280618311533888
80654,6.2872023809523805
80701,11.550013058239749
80705,-28.640776699029125
80720,-19.96527777777778
80721,5.555555555555555
80722,10.695187165775401
80723,-6.23083356565375
80726,-48.89466840052016
80727,1.6064257028112447
80728,1.8584070796460177
80729,-34.78964401294498
80731,2.1198830409356724
80732,
80733,26.39821029082774
80734,5.778546712802768
80735,-37.03703703703704
80736,-9.787928221859707
80737,-0.30193236714975846
80740,-19.047619047619047
80741,31.2987012987013
80742,10.344827586206897
80743,27.17171717171717
80744,9.245742092457421
80745,-72.46963562753037
80746,-4.6875
80747,24.8
80749,-1.7241379310344827
80750,-34.95145631067961
80751,-1.7864254423394208
80754,-18.34319526627219
80755,-21.604938271604937
80757,-24.786324786324787
80758,-3.783342406096897
80759,0.6483682731791658
80801,-27.77777777777778
80802,-54.11140583554377
80804,8.791208791208792
80805,-11.504424778761061
80807,-18.692835365853657
80808,11.585261353898886
80809,-24.175824175824175
80810,0.34305317324185247
80812,38.46153846153847
80813,3.7410926365795723
80814,4.37256663671758
80815,10.9375
80816,21.248884924174842
80817,3.642053399027898
80818,30.100334448160538
80819,-8.604954367666231
80820,-39.33649289099526
80821,21.791320406278857
80822,67.45562130177515
80823,21.26436781609195
80824,82.21153846153845
80825,-31.21272365805169
80826,
80827,15.629742033383915
80828,-36.30803447317209
80829,-3.5294117647058822
80830,1.7857142857142856
80831,33.383628819313465
80832,40.48991354466859
80833,43.161094224924014
80834,42.857142857142854
80835,-24.45759368836292
80836,-9.745390693590869
80840,9.298130534601508
80860,-13.590604026845638
80861,33.165829145728644
80862,-33.9622641509434
80863,0.3572538055296676
80864,-2.759134973900075
80902,-8.16642177712474
80903,7.349329302852825
80904,7.286844855905629
80905,0.8837127640896588
80906,8.602512337371019
80907,-1.9936147570060305
80908,32.370775049528724
80909,-4.177532209341354
80910,5.461009249810724
80911,0.8151391209171035
80913,95.36172695449243
80914,11.428571428571429
80915,9.265584970111016
80916,-0.822429906542056
80917,3.3283928341281093
80918,0.4551484845392387
80919,3.9323190879053045
80920,0.2822517996789062
80921,8.673982624599908
80922,4.356671811421355
80923,11.313508561764499
80924,87.79522690738222
80925,59.89271714462554
80926,1.8282548476454294
80927,91.87979539641944
80928,-47.94929157345265
80929,-49.586776859504134
80930,0.0
80938,594.2622950819672
80939,
80951,-0.96815834767642
81001,1.283926539899236
81003,-1.0970744680851063
81004,0.17547205798207133
81005,0.4400369886164345
81006,-0.7677708764665286
81007,11.11938124979774
81008,3.9447915695234546
81019,-16.188413643746618
81020,-13.185654008438819
81021,-40.0
81022,11.0801393728223
81023,-5.594405594405594
81024,14.77832512315271
81025,-23.829787234042556
81027,-29.310344827586203
81029,60.9375
81030,-4.666666666666667
81033,-1.5151515151515151
81036,0.499001996007984
81039,-12.41339491916859
81040,-12.624584717607974
81041,-20.24793388429752
81043,-20.833333333333336
81044,-42.29249011857708
81045,55.55555555555556
81046,
81047,2.5177533892834085
81049,-57.18954248366013
81050,5.924536628420123
81052,0.2631867529334357
81054,-3.6456211812627295
81055,11.48936170212766
81057,-11.538461538461538
81058,21.382289416846653
81059,-91.14139693356049
81062,-7.654723127035831
81063,13.62308254200146
81064,9.22509225092251
81067,-6.364851319746075
81069,64.05228758169935
81071,-13.698630136986301
81073,-10.066769388803287
81076,12.684365781710916
81077,22.740524781341108
81081,33.78378378378378
81082,6.424481030780243
81084,-66.22516556291392
81087,-1.3986013986013985
81089,9.397977941176471
81090,1.7003188097768331
81091,53.25443786982249
81092,6.861499364675986
81101,-2.0747687564234325
81120,-3.9943609022556394
81121,45.1219512195122
81122,13.325881768504718
81123,-29.701060752169724
81124,304.54545454545456
81125,3.667054714784633
81126,62.00873362445415
81128,-91.20879120879121
81129,-100.0
81130,-7.073170731707316
81131,-18.12961443806399
81132,5.7078361818768135
81133,12.817904374364192
81136,233.33333333333334
81137,-5.012964563526361
81138,-30.357142857142854
81140,-17.732793522267208
81141,-31.43631436314363
81143,2.1333333333333333
81144,-3.4531963470319638
81146,14.047287899860919
81147,7.828198258539852
81148,19.672131147540984
81149,31.653746770025844
81151,10.407239819004525
81152,-2.7049180327868854
81154,10.064043915827996
81155,-20.0
81201,-0.2125041941617269
81210,30.303030303030305
81211,-2.090975788701394
81212,6.964362958772835
81220,-2.941176470588235
81221,35.32934131736527
81222,-30.330882352941174
81223,47.020348837209305
81224,0.32163742690058483
81225,-24.02069475240207
81226,-9.069793164472957
81227,-100.0
81228,
81230,12.603980204275034
81232,357.14285714285717
81233,11.244541484716157
81235,12.48303934871099
81236,69.39571150097466
81237,150.87719298245614
81239,436.00000000000006
81240,19.282023388632037
81241,97.77777777777777
81242,36.47234678624813
81243,-20.27027027027027
81244,25.968109339407746
81248,-1.5
81251,116.66666666666667
81252,-1.83752417794971
81253,-5.383022774327122
81301,-1.6385891023953671
81303,11.689540937056318
81320,210.8974358974359
81321,-2.078877005347594
81323,14.628080488356318
81324,23.707957342083674
81325,-62.371134020618555
81326,18.359020852221214
81327,-16.243654822335024
81328,-8.772331653687585
81330,48.31460674157304
81331,-53.57142857142857
81332,130.5699481865285
81334,31.288819875776397
81335,68.75
81401,7.685657080451401
81403,3.651097150141127
81410,15.029277813923228
81411,-96.22641509433963
81413,23.88768898488121
81415,67.47648902821317
81416,-3.311165558277914
81418,-19.070772555375473
81419,-24.01397903145282
81422,-25.965996908809892
81423,-8.03932909196067
81424,5.780346820809249
81425,-1.1205976520811098
81426,35.338345864661655
81427,31.370449678800856
81428,10.546875
81429,130.43478260869566
81430,11.360239162929746
81431,40.50632911392405
81432,-0.48543689320388345
81433,20.114942528735632
81434,-18.556701030927837
81435,9.349990240093694
81501,-3.3741343211467227
81503,4.964907720301533
81504,10.883392226148409
81505,25.56959291653169
81506,3.1431796474776417
81507,7.353038857522417
81520,0.966718323370969
81521,3.1903535765873263
81522,386.3636363636364
81523,-44.801980198019805
81524,44.872490504612045
81525,6.428571428571428
81526,-6.870785492983416
81527,-24.202531645569618
81601,6.13855035279025
81610,67.1309192200557
81611,-6.796776386056899
81612,
81615,8.807923593915811
81620,0.18345418013453307
81621,-1.7411685919973212
81623,8.663067640520799
81624,14.427860696517413
81625,0.41135667043071467
81630,26.87074829931973
81631,-0.394359464627151
81632,18.124249372202208
81633,
81635,0.8354940939210601
81637,14.143309487510262
81638,-68.29268292682927
81639,10.060189165950128
81640,37.93103448275862
81641,-0.8566978193146416
81642,-83.78378378378379
81643,-22.644628099173552
81645,-18.962722852512158
81646,44.134078212290504
81647,-10.317351284517104
81648,-0.19047619047619047
81649,-2.990033222591362
81650,7.476990948505362
81652,22.478269658378817
81653,-100.0
81654,7.302631578947369
81655,63.06306306306306
81656,189.4736842105263
81657,-12.808562057655791
82001,5.821974965229485
82005,-23.89240506329114
82007,3.3246259795772977
82009,1.636809243158079
82050,-17.803030303030305
82051,28.947368421052634
82052,710.0
82053,-0.45906656465187456
82054,-20.150501672240804
82055,58.986175115207374
82058,-75.75757575757575
82059,33.33333333333333
82060,6.273764258555133
82061,
82063,-68.81720430107528
82070,-3.700063878924868
82072,0.1964051898583502
82073,-4.0
82081,36.0655737704918
82082,15.0571791613723
82083,75.26881720430107
82084,
82190,7.600950118764846
82201,0.7175572519083969
82210,-44.94117647058823
82212,22.16117216117216
82213,16.0
82214,-6.596942880128721
82215,36.87150837988827
82217,95.45454545454545
82218,
82219,164.28571428571428
82221,-8.64864864864865
82222,201.61290322580646
82223,-46.47364513734224
82224,-81.81818181818183
82225,-18.194574368568755
82227,49.523809523809526
82229,6900.0
82240,-5.8596389612897
82242,647.6190476190476
82243,73.91304347826086
82244,18.779342723004692
82301,-10.351122087404702
82310,
82321,17.441860465116278
82322,6.578947368421052
82323,257.89473684210526
82324,-35.96837944664031
82325,-34.6958174904943
82327,14.401076716016151
82329,-9.048723897911833
82331,-5.162064825930372
82332,-88.50574712643679
82334,32.37250554323725
82335,-100.0
82336,11.061946902654867
82401,-10.031104199066874
82410,-8.874943971313312
82411,5.967741935483871
82412,15.0
82414,0.6252763216067707
82420,-16.70353982300885
82421,-18.83656509695291
82422,-100.0
82423,47.682119205298015
82426,24.661246612466126
82428,-41.35338345864661
82430,-40.95238095238095
82431,-8.623643632210165
82432,12.307692307692308
82433,4.536290322580645
82434,-43.93939393939394
82435,5.794009727792473
82440,-81.08108108108108
82441,-42.567567567567565
82442,19.00826446280992
82443,-1.10941918642593
82450,34.161490683229815
82501,-3.1368528959507946
82510,120.03968253968253
82512,123.52941176470588
82513,-9.581564584596727
82514,-20.383963862224732
82515,-3.885480572597137
82516,-42.12678936605317
82520,-4.208242950108461
82523,11.950394588500563
82601,-5.507094062007357
82604,0.1639523445185266
82609,2.9155811762097446
82620,-13.740458015267176
82630,-100.0
82633,-4.783258594917788
82635,-39.26701570680628
82636,-10.808957952468006
82637,-0.8689355539464156
82638,
82639,-0.12121212121212122
82640,85.48387096774194
82642,-23.88059701492537
82643,-45.62334217506631
82644,4.948702474351237
82646,
82648,
82649,8.317025440313111
82701,-1.8417213712618525
82710,40.689655172413794
82711,-93.57142857142857
82712,-12.530120481927712
82714,-75.0
82716,-0.5202058920162085
82718,-1.7475352793350087
82720,-2.9904306220095696
82721,-0.40802448146888814
82723,-63.17365269461078
82725,-84.31001890359168
82727,2.255109231853418
82729,11.028192371475953
82730,-0.27816411682892905
82731,278.9473684210526
82732,-24.66300549176236
82801,2.112676056338028
82831,11.34020618556701
82832,47.59671746776085
82833,107.33944954128441
82834,-0.8965062623599209
82835,57.826086956521735
82836,11.39630390143737
82837,-37.704918032786885
82838,125.65217391304348
82839,-3.9034776437189493
82842,-37.93884484711212
82844,-47.368421052631575
82845,174.19354838709677
82901,-6.28952084671829
82922,110.25641025641026
82923,120.58823529411764
82925,20.56451612903226
82929,-84.32835820895522
82930,1.4737130714922202
82932,154.76923076923077
82933,52.18216318785579
82934,-34.98349834983499
82935,-4.615861214374226
82936,
82937,-26.992973103949602
82938,-16.296296296296298
82939,-9.765625
82941,-6.26472898664572
82942,-16.049382716049383
82943,-73.8197424892704
82944,423.0769230769231
82945,-25.78616352201258
83001,4.302530900529724
83011,770.5882352941177
83012,-28.651685393258425
83013,-22.177419354838708
83014,-28.535564853556483
83025,81.64435946462714
83101,-0.4381846635367762
83110,13.19763624425476
83111,-28.07971014492754
83112,97.72209567198178
83113,-14.515564882826162
83114,-32.67411865864144
83115,-72.85171102661597
83116,-0.4497751124437781
83118,-69.16167664670658
83119,53.90625
83120,-61.00342075256556
83121,
83122,34.72972972972973
83123,24.43991853360489
83124,-7.6923076923076925
83126,3.171641791044776
83127,17.567168585769117
83128,58.36431226765799
83201,5.227810015044057
83202,-1.7176480768398739
83203,-89.8989898989899
83204,2.2651750110766504
83209,11.69940222032451
83210,11.743067345783814
83211,4.7470944508102795
83212,215.4471544715447
83213,-7.544483985765124
83214,4.231974921630094
83215,-44.73684210526316
83217,15.911872705018359
83218,22.689075630252102
83220,-40.74074074074074
83221,8.166328904901299
83223,67.82608695652173
83226,2.9596412556053813
83227,-65.34653465346535
83228,57.96269727403156
83232,-8.863198458574182
83233,
83234,-13.131313131313133
83235,49.39759036144578
83236,-10.311111111111112
83237,22.65193370165746
83238,8.695652173913043
83239,57.299270072992705
83241,8.045454545454547
83243,-83.52941176470588
83244,43.23432343234324
83245,9.541117673784644
83246,37.05080545229244
83250,51.26353790613718
83251,18.634686346863468
83252,8.263872350559657
83253,29.230769230769234
83254,-6.939313984168866
83255,-1.9383259911894273
83261,26.610169491525426
83262,-21.41768292682927
83263,5.926165803108809
83271,-37.9182156133829
83272,-28.859060402684566
83274,15.178862672610634
83276,2.37029233605478
83277,-25.333333333333336
83278,6.896551724137931
83281,-42.142857142857146
83283,-26.16487455197133
83285,-77.53623188405797
83286,13.80392156862745
83287,12.676056338028168
83301,10.960044897441932
83302,160.0
83311,-15.129151291512915
83312,-10.457516339869281
83313,9.226190476190476
83314,-14.945919370698132
83316,9.573791348600508
83318,13.377141516076039
83320,65.76271186440678
83321,-2.935420743639922
83322,392.30769230769226
83323,-3.290246768507638
83324,-14.320096269554753
83325,13.172804532577903
83327,32.73427471116817
83328,2.221117188794961
83330,5.756172839506172
83332,-13.660618996798293
83333,13.611563128170767
83334,12.904739558892539
83335,28.555431131019038
83336,13.184870979144575
83337,-65.11627906976744
83338,3.5163659355089734
83340,13.993174061433447
83341,13.30328396651642
83342,2.2388059701492535
83344,-0.16025641025641024
83346,-32.726377952755904
83347,3.4167794316644113
83348,-83.62573099415205
83349,-3.5685963521015065
83350,-0.5073280721533258
83352,6.421152030217186
83353,1.4781966001478197
83354,
83355,15.176093916755603
83401,13.449382243080166
83402,14.33873006810489
83404,13.340322369283186
83406,7.691877377489371
83414,19.41747572815534
83420,14.184397163120568
83421,61.27659574468085
83422,4.48235974551764
83423,-27.771911298838436
83424,-69.8961937716263
83425,77.03349282296651
83427,30.595179537629118
83428,20.689655172413794
83429,-20.617283950617285
83431,18.62348178137652
83433,314.2857142857143
83434,9.143593045717965
83435,-10.338680926916222
83436,111.30221130221129
83438,
83440,37.951252198676606
83442,13.98395971276695
83443,3.9923954372623576
83444,-5.579773321708806
83445,-2.474310438074635
83446,-21.875
83448,22.523219814241486
83449,14.720812182741117
83450,12.761714855433699
83451,3.592814371257485
83452,14.903595622720168
83454,-3.7406483790523692
83455,15.616438356164384
83460,-94.05940594059405
83462,-49.1480996068152
83463,-36.36363636363637
83464,-11.74785100286533
83465,-56.4625850340136
83466,-70.58823529411765
83467,15.561959654178676
83468,62.03703703703704
83469,-17.073170731707318
83501,6.565656565656567
83520,73.48066298342542
83522,6.396063960639606
83523,8.412483039348711
83524,-4.799107142857143
83525,24.422442244224424
83526,-23.955431754874652
83530,1.7067223963775686
83533,4.784688995215311
83535,-13.702127659574467
83536,-0.11512779184895235
83537,-3.1078610603290677
83539,-3.364969801553063
83540,-1.0162601626016259
83541,-1.6205910390848426
83542,-30.89005235602094
83543,1.153846153846154
83544,7.071561495516833
83545,6.951871657754011
83546,-20.253164556962027
83547,16.049382716049383
83548,-1.4814814814814816
83549,-3.762662807525326
83552,18.421052631578945
83553,-12.197231833910035
83554,1.7391304347826086
83555,-25.626204238921
83602,-61.53846153846154
83604,-26.339285714285715
83605,-10.761887608069163
83607,43.334032291885094
83610,5.626326963906582
83611,45.43280726924917
83612,-1.6058394160583942
83615,3.8858049167327517
83616,24.755904351350356
83617,9.028586211356874
83619,4.6764894298526585
83622,6.122448979591836
83623,20.060790273556233
83624,41.94373401534527
83626,-19.121140142517813
83627,-0.7547169811320755
83628,9.256661991584853
83629,9.117305458768874
83631,116.64233576642336
83632,115.29850746268657
83633,21.663442940038685
83634,24.43438914027149
83636,
83637,45.604395604395606
83638,8.460187353629976
83639,-4.325259515570934
83641,18.163085075066235
83642,30.439452891891243
83643,11.538461538461538
83644,37.154856581181306
83645,10.53952321204517
83646,24.06107286483539
83647,7.185802948021721
83648,3.713355048859935
83650,6.1440677966101696
83651,9.99612090830424
83654,8.651226158038147
83655,28.45138055222089
83656,-1.7432646592709984
83657,44.11764705882353
83660,0.18275967103259214
83661,8.10949354111134
83666,192.85714285714286
83669,44.429788961038966
83670,29.422382671480147
83672,6.367953244855716
83676,19.10884504544447
83677,1621.0526315789473
83686,19.612678301906847
83687,14.317852630281363
83702,1.7207992254202977
83703,12.70471464019851
83704,-0.6692324663545216
83705,1.5534405426102178
83706,12.553132931714629
83709,4.690529187908379
83712,6.702940495485066
83713,-1.7714323484698262
83714,25.27251864601262
83716,21.232325554661454
83720,
83725,
83801,20.579243765084474
83802,-12.643678160919542
83803,-51.380231522707035
83804,0.0
83805,9.304932735426009
83806,20.207253886010363
83808,4.545454545454546
83809,36.49851632047478
83810,82.53079507278835
83811,42.70134228187919
83812,-71.42857142857143
83813,7.918781725888325
83814,0.7191249384958934
83815,15.67188567693633
83821,28.57142857142857
83822,-2.4
83823,19.384615384615383
83824,34.333333333333336
83825,-49.28366762177651
83826,
83827,61.78861788617886
83830,-64.07185628742515
83832,15.937295885042454
83833,-0.7851534618129907
83834,-5.084745762711865
83835,10.725010725010724
83836,2.586206896551724
83837,2.9783101327290384
83839,-7.580645161290322
83840,163.92156862745097
83841,110.13986013986015
83842,-63.868613138686136
83843,-8.019745585722422
83844,138.19148936170214
83845,1.0565240359218173
83846,-18.15068493150685
83847,8.91583452211127
83848,-8.433734939759036
83849,14.871794871794872
83850,17.513304305757135
83851,18.01801801801802
83852,42.565947242206235
83854,25.46822076110779
83855,-16.12293144208038
83856,8.94488188976378
83857,32.17568947906027
83858,28.86776744831414
83860,30.092818759159744
83861,6.993453616477726
83864,7.381993248851751
83866,510.2040816326531
83867,-5.41871921182266
83868,2.8768699654775602
83869,18.904741921947124
83870,38.79598662207358
83871,7.833020637898687
83872,22.419354838709676
83873,30.264150943396228
83874,
83876,-12.121212121212121
84001,-8.45442536327609
84002,-27.821522309711288
84003,14.469843839877289
84004,0.0390015600624025
84005,65.75745469073475
84006,75.64766839378238
84007,-32.34323432343234
84008,
84009,
84010,2.0483443996007464
84013,-34.237605238540695
84014,-1.5294117647058825
84015,7.611394728318707
84017,4.955058769301682
84018,136.58536585365854
84020,9.811107978573443
84021,-18.748447976160914
84022,13.320463320463322
84023,-44.74885844748858
84024,-23.300970873786408
84025,7.894852908746087
84026,-43.50781781101291
84027,45.982142857142854
84028,-23.892773892773892
84029,30.109097993376192
84031,-14.09090909090909
84032,12.083333333333334
84033,-14.829821717990274
84034,-3.9473684210526314
84035,34.090909090909086
84036,40.51457417358736
84037,6.6670281701596945
84038,105.67685589519651
84039,-52.21153846153847
84040,14.947430646455262
84041,8.924399033701636
84042,6.782026234998605
84043,29.794640914492295
84044,3.602647131684184
84045,61.017085427135676
84046,5.9196617336152215
84047,10.194043727319077
84049,33.65011636927851
84050,10.88054356808374
84051,-3.968253968253968
84052,-18.876262626262626
84053,-24.926686217008797
84054,12.885298204085831
84055,34.04255319148936
84056,-3.438713255684969
84057,-4.210315272417422
84058,-4.8371860413425205
84059,
84060,4.045893719806763
84061,-19.42257217847769
84062,-0.2565612382234186
84063,25.0
84064,16.859122401847575
84065,16.54237774272193
84066,16.00948952879581
84067,0.38399092853645334
84069,-15.473887814313347
84070,9.568791462359389
84071,148.7376509330406
84072,1.5873015873015872
84073,-37.96992481203007
84074,12.979613278645466
84075,19.018471568272368
84076,-14.938488576449913
84078,0.0432439624775464
84080,-38.544474393531
84081,10.55084745762712
84082,-15.021459227467812
84083,-16.33093525179856
84084,-15.19585712388793
84085,-34.33874709976798
84086,14.971751412429379
84087,10.262310170271514
84088,2.7634995495734196
84092,-3.590073903315479
84093,4.550528032969863
84094,-1.7354646056560687
84095,-41.96539687357718
84096,57.766044234952865
84097,1.2932638630442872
84098,5.6615709014233
84101,58.13453685794111
84102,7.312839464695671
84103,4.292406089541482
84104,-6.215360253365003
84105,1.288488025947483
84106,-4.026548672566372
84107,6.982100169086351
84108,-1.8168637578723212
84109,5.902045877247366
84111,13.708182540383088
84112,39.40501043841336
84113,23.333333333333332
84114,
84115,6.674865831842576
84116,2.399486621467035
84117,-1.2331883306062177
84118,-41.859942403596264
84119,-7.916516732637639
84120,0.2360054612834016
84121,-2.2279601623017333
84123,-2.7350339962169623
84124,3.327321911632101
84128,21.396854067885904
84129,
84138,
84150,
84180,
84301,-10.149942329873126
84302,6.386978083506639
84304,
84305,-19.732034104750305
84306,-6.666666666666667
84307,-8.923303834808259
84308,8.16326530612245
84309,51.23456790123457
84310,15.669445806768023
84311,37.480559875583204
84312,24.47076612903226
84313,-46.57534246575342
84314,20.253164556962027
84315,10.563543599257885
84316,26.0
84317,16.893732970027248
84318,19.837140918344264
84319,21.86318741616876
84320,4.969418960244648
84321,7.213498742083803
84322,
84324,100.29717682020802
84325,2.910413824465666
84326,12.669929309407287
84327,26.796589524969548
84328,6.114885731933292
84329,150.0
84330,-15.102974828375288
84331,-27.331189710610932
84332,13.879870129870131
84333,7.083333333333333
84334,-63.747454175152754
84335,24.660454832596336
84336,41.01694915254237
84337,22.479094933595672
84338,41.39650872817955
84339,16.36828644501279
84340,-7.405329593267883
84341,9.069544781965359
84401,21.796352501947304
84403,-2.6533298236377996
84404,8.382642998027613
84405,8.446781209902044
84408,
84414,9.234740052961486
84501,-2.2563718140929536
84511,-0.4878048780487805
84512,0.7936507936507936
84513,-18.314129775621588
84515,
84516,-69.34673366834171
84518,-7.251461988304094
84520,-2.175883952855848
84521,-18.0327868852459
84522,2.4725274725274726
84523,-2.8385570668243645
84525,-16.51031894934334
84526,10.028431119152236
84528,24.323124722592098
84529,-61.224489795918366
84530,-0.7352941176470588
84531,-39.278557114228455
84532,2.829052969502408
84533,-55.26315789473685
84534,-6.869633099141296
84535,-7.145156099130995
84536,-22.075782537067546
84537,-12.987012987012985
84539,-2.6881720430107525
84540,-100.0
84542,-4.864181933038535
84601,-6.228252288078599
84602,
84604,-4.999893437906268
84606,2.6933468422830122
84620,5.76171875
84621,-69.81132075471697
84622,-22.17810550198525
84623,-77.92792792792793
84624,-1.3119281891938548
84626,156.90376569037656
84627,-14.770043073502848
84628,78.61271676300578
84629,22.86036036036036
84630,-0.8080808080808081
84631,-0.3670337003670337
84632,42.45472837022133
84633,-32.68482490272373
84634,10.081251880830575
84635,40.965732087227416
84636,23.764705882352942
84637,19.014084507042252
84638,-15.245478036175712
84639,-4.744958481613286
84640,149.43820224719101
84642,-5.2913031241204616
84643,35.92233009708738
84644,
84645,-7.525188916876574
84646,-8.518719479110146
84647,6.117701791114213
84648,20.748987854251013
84649,-33.915211970074814
84651,13.53186420488386
84652,35.82510578279267
84653,23.116707892961546
84654,-4.013631200302916
84655,33.95693024029268
84656,5.82010582010582
84657,2.666666666666667
84660,12.100196416013967
84662,28.964401294498384
84663,8.311861529600776
84664,28.988369541364932
84665,35.08771929824561
84667,7.512953367875648
84701,0.7392861268337761
84710,131.46853146853147
84711,-0.24390243902439024
84712,-27.10843373493976
84713,9.205511580181765
84714,192.77978339350182
84715,51.886792452830186
84716,84.58498023715416
84718,-2.5735294117647056
84719,-26.82926829268293
84720,8.879205322837597
84721,29.661131362224925
84722,40.71762870514821
84723,-53.5059331175836
84724,5.228136882129278
84725,-11.12372304199773
84726,-0.24479804161566704
84728,118.5185185185185
84729,40.97744360902256
84730,119.86970684039089
84731,-96.35627530364373
84732,58.333333333333336
84733,42.61363636363637
84734,-7.468879668049793
84735,3.1914893617021276
84736,39.51219512195122
84737,29.54213203906204
84738,13.002191380569759
84739,11.41304347826087
84740,142.01680672268907
84741,8.476912474155755
84742,49.56896551724138
84743,2029.4117647058822
84744,-35.73200992555831
84745,1.9883040935672516
84746,40.242557883131205
84747,-15.188762071992976
84749,-38.2716049382716
84750,-5.032467532467533
84751,26.71343766864544
84752,12.956810631229235
84753,-100.0
84754,3.7046499744506898
84755,-58.333333333333336
84756,16.50485436893204
84757,20.165745856353592
84758,-13.210227272727273
84759,2.6131591227251514
84760,76.5323992994746
84761,-2.6949904882688647
84762,-58.29383886255924
84763,-42.49201277955272
84764,11.41732283464567
84765,23.401844958731186
84766,-52.73311897106109
84767,12.310286677908937
84770,14.588440905891206
84772,15.270935960591133
84773,15.17509727626459
84774,5.88235294117647
84775,-16.389548693586697
84776,-14.098360655737704
84779,53.11284046692607
84780,23.800644176979148
84781,38.392857142857146
84782,-28.413793103448278
84783,17.142857142857142
84784,-63.10013717421125
84790,21.7500705483962
85003,4.497354497354497
85004,77.45625841184388
85006,-12.153518123667377
85007,-5.88116137744767
85008,1.7446457990115323
85009,9.642334239698808
85012,16.159976387249113
85013,-1.7265160523186682
85014,-5.716891645384896
85015,8.120319837542835
85016,4.824325472098751
85017,3.7689648550028805
85018,1.4875290636229128
85019,8.109563745479727
85020,3.2436328688130707
85021,-3.5705640280803683
85022,3.1527407348433583
85023,-1.532190884208021
85024,0.634197902268477
85026,
85027,10.197303611134565
85028,-7.100138015641773
85029,10.83249525086602
85031,0.5209484418905692
85032,-3.9076575003840626
85033,-8.288679996325667
85034,8.147321428571429
85035,-5.007838355687162
85037,-0.41758452255531076
85040,7.178872286785956
85041,-0.7125665062072459
85042,5.007162682424568
85043,5.15672131147541
85044,-3.4406866700902357
85045,-2.196330520958886
85048,-2.0506912442396312
85050,3.012522126794729
85051,0.6615163991303141
85053,-2.5858572201189833
85054,19.521571977787268
85083,1.755926251097454
85085,29.290436725952134
85086,5.02333373220055
85087,17.978936810431296
85118,4.180400353726184
85119,10.199312714776633
85120,-3.2592012017896215
85121,-13.890192397935241
85122,-0.6732033109524317
85123,-21.06969205834684
85128,7.245232600510142
85131,-4.568007766152519
85132,6.959665891190403
85135,13.14655172413793
85137,6.167400881057269
85138,36.49851632047478
85139,5.347301795165603
85140,7.118055555555555
85141,-27.166276346604217
85142,36.57015885649852
85143,7.773909259057773
85145,5.205570291777188
85147,19.07635791130937
85172,-4.400977995110025
85173,-10.451306413301662
85191,
85192,27.34328358208955
85193,23.049001814882033
85194,4.785754034501948
85201,0.044386977246849486
85202,2.8726147498710675
85203,1.1357318719720435
85204,-0.059798777115008
85205,5.575013193878041
85206,-0.002748838615684873
85207,-0.5619254209275901
85208,0.9849830453738091
85209,-0.09743739647276625
85210,4.336220789685737
85212,46.54537372197879
85213,6.956299078183681
85215,1.5673017824216349
85224,11.725
85225,3.582812699222236
85226,10.462931102935338
85233,8.665204184947688
85234,-2.445469964106812
85236,
85248,11.208111254058691
85249,20.191261079147875
85250,-13.669470950256901
85251,0.21663671499963072
85253,-7.347776757253229
85254,-1.6661953755465162
85255,8.128511670503205
85256,-23.066914498141262
85257,-4.669556139074314
85258,3.788341683978981
85259,-3.4804495942368616
85260,0.7564493831024859
85262,21.368469717984283
85263,27.261951797708416
85264,4.182509505703422
85266,-2.651969007109194
85268,-1.5810276679841897
85281,9.57589499568869
85282,0.054925282675808255
85283,-9.492243153395599
85284,3.001290877796902
85286,15.25103451575095
85295,25.34405514072372
85296,18.971439326212767
85297,4.019458802067498
85298,44.574588671727405
85301,0.37763231940289665
85302,1.7252251116099577
85303,10.551280037694362
85304,8.043120774712223
85305,25.453491261492587
85306,0.6080888054523936
85307,29.714163822525595
85308,-3.780073912059733
85309,20.089285714285715
85310,-0.14543943486391026
85320,-64.3918918918919
85321,-24.183417085427138
85322,-41.753926701570684
85323,7.253996447602132
85324,-16.735822959889347
85325,-1.2879484820607177
85326,26.259523646097875
85328,-59.76470588235294
85329,
85331,6.386686714051394
85332,5.490956072351421
85333,-7.4074074074074066
85334,19.90521327014218
85335,3.6395348837209305
85336,1848.207171314741
85337,-7.966296438146305
85338,28.019668824073296
85339,12.535523978685612
85340,11.502651375015414
85341,
85342,42.44548286604362
85343,-68.6192468619247
85344,-13.580715573692704
85345,9.434597064083722
85346,-37.56866491521376
85347,-35.18123667377399
85348,-23.645872245050427
85349,-12.618443880955557
85350,-16.12974306993962
85351,-3.4586726737133944
85352,9.66183574879227
85353,11.6751269035533
85354,14.140981735159816
85355,15.542264051367754
85356,-25.895537322393437
85357,17.571059431524546
85360,-68.27956989247312
85361,27.34983555478622
85362,-13.452914798206278
85363,5.3584905660377355
85364,-3.2153864789566478
85365,4.943540318134483
85367,-1.2227614425730327
85371,-38.13813813813814
85373,10.585657796302234
85374,-9.873908826382154
85375,-4.642235097572247
85377,10.033856571252693
85378,
85379,5.004317789291882
85381,8.530919577058635
85382,1.3095062275390144
85383,50.0
85387,48.89648166959091
85388,17.843330286196473
85390,10.891976692066338
85392,3.9724211084592946
85395,31.550557044140458
85396,101.31764175910807
85501,2.133206921071344
85530,-8.496395468589084
85531,1.6260162601626018
85532,
85533,-13.276026743075453
85534,0.5795001810938066
85535,
85536,-41.074523396880416
85539,-42.53278528087689
85540,13.645680819912151
85541,6.5209319595284505
85542,-11.366279069767442
85543,21.432491767288695
85544,9.718004338394794
85545,15.60798548094374
85546,1.4518791881130426
85550,2.888846374593457
85551,7.547169811320755
85552,1.2812690665039659
85553,-12.240047534165182
85554,-1.8255578093306288
85601,-16.427432216905903
85602,6.954303460514641
85603,-0.2066420664206642
85605,60.89743589743589
85606,-26.458157227387996
85607,16.883836983642915
85608,-50.258481421647815
85609,93.07359307359307
85610,-10.297482837528605
85611,35.44575725026853
85613,-13.160283172989654
85614,3.3062120625080715
85615,-4.975324806123477
85616,-9.266840342389282
85617,-18.793503480278424
85618,-28.80404267265581
85619,-86.24338624338624
85620,65.82089552238806
85621,-3.8986092418124723
85622,-2.8278041074249605
85623,-1.8674698795180724
85624,0.4316546762589928
85625,-1.071602532878714
85626,-18.515358361774744
85627,-62.594776748104465
85629,18.52549019607843
85630,-7.981803143093466
85631,-4.409787577305727
85632,1.844532279314888
85633,-7.8431372549019605
85634,-6.194414105164612
85635,5.7842378030618935
85637,-7.15917745620716
85638,-19.136112506278252
85639,
85640,-74.76635514018692
85641,19.413805199360798
85643,6.651292632601044
85645,-45.458612975391496
85646,-7.818659658344283
85648,13.25294860994103
85650,-4.637949260042283
85653,25.187442852788784
85654,-100.0
85658,48.076383038472336
85701,-1.532349602724177
85704,8.790690360119516
85705,1.5884463516218017
85706,3.961142734014473
85707,-8.346456692913385
85708,-5.373775973250537
85709,
85710,-5.6722689075630255
85711,4.970723175584903
85712,-6.811275910827643
85713,1.339237264222613
85714,8.349792276782674
85715,11.748505801007852
85716,1.4646367315475044
85718,2.6768715253979134
85719,3.03980801212555
85721,
85723,
85724,
85726,
85730,-1.518371527333248
85734,
85735,1.62945624774937
85736,-13.225290116046418
85737,6.922462781195699
85739,-3.0312872144635703
85741,-4.7483569945090895
85742,10.492035134732767
85743,3.6342717920952894
85745,-1.7103012761478753
85746,6.254416155722198
85747,3.4094987438688835
85748,13.595080949963334
85749,-8.650175200041838
85750,-0.13632420374271903
85755,8.746825249334076
85756,-10.098864884657635
85757,9.12063953488372
85901,3.7584112916461514
85902,
85911,-34.32184910597471
85912,-33.460076045627375
85920,79.6116504854369
85922,90.56603773584906
85923,-33.13953488372093
85924,-36.31934032983508
85925,-11.223662884927066
85926,120.49180327868851
85927,38.01652892561984
85928,-66.25412541254126
85929,8.9484827099506
85930,1.4925373134328357
85931,42.944785276073624
85932,68.69158878504673
85933,21.226765799256505
85934,76.875
85935,-9.046947410840216
85936,-7.920353982300885
85937,17.822920659256418
85938,7.100881488736532
85939,-8.801897983392646
85940,59.423274974253346
85941,-4.449307075127644
85942,-100.0
86001,-17.258305629309
86003,1200.0
86004,1.1164538771900736
86005,
86011,-53.75988667217566
86015,160.7361963190184
86016,-15.217391304347828
86017,28.72628726287263
86018,-1.7064846416382253
86020,-6.868504292815183
86021,-34.89328063241107
86022,-24.89814395654142
86023,26.284153005464482
86024,87.35042735042735
86025,-4.232708933717579
86028,
86029,-46.15384615384615
86030,-59.23121723937099
86031,2.841530054644809
86032,51.79083094555874
86033,12.917251051893409
86034,-23.330152671755723
86035,-8.73362445414847
86036,-48.62155388471178
86038,
86039,23.48111658456486
86040,0.30691964285714285
86042,-9.023600185099491
86043,-8.653149891383055
86044,-15.079579174534663
86045,-6.150610012620951
86046,10.767841011743451
86047,-4.112808460634548
86052,48.0
86053,-6.349856616140926
86054,-4.796599878567092
86301,18.011468821962342
86303,10.837636259323007
86305,6.209623524170194
86313,-5.777777777777778
86314,3.1713029976050744
86315,16.341239680251604
86320,25.242248062015506
86321,52.55858440937351
86322,9.144416958116523
86323,24.6971169420149
86324,5.4680259499536605
86325,4.261363636363636
86326,-1.4568576947842886
86327,19.28743078048271
86329,10.133333333333333
86331,-30.326295585412666
86332,27.39156268568033
86333,-0.2811066725847019
86334,-10.707654219104601
86335,-10.558040054442932
86336,-6.670087224217546
86337,51.27572016460905
86338,12.648221343873518
86343,93.24324324324324
86351,-9.340659340659341
86401,18.61969228297112
86403,8.135001454757056
86404,7.264405586198803
86406,3.8016886772028577
86409,4.5005765350245035
86411,176.59574468085106
86413,-11.26825518831668
86426,12.148537347344504
86429,8.977685521536067
86431,-20.485175202156334
86432,6.351351351351352
86433,95.83333333333334
86434,18.765903307888042
86435,-100.0
86436,-40.97859327217125
86437,48.148148148148145
86438,-39.02195608782435
86440,20.810210876803552
86441,-43.0188679245283
86442,2.3460498648242716
86443,
86444,78.75816993464052
86445,19.36936936936937
86502,-27.32732732732733
86503,-15.917943391326927
86504,-15.597771746893303
86505,-5.634517766497462
86506,14.98344370860927
86507,-19.145505844417574
86508,-34.0632603406326
86510,-21.53554102510019
86511,-4.423076923076923
86512,-1.518602885345482
86514,17.483540599853693
86515,-41.55686195013177
86520,16.950053134962808
86535,-0.7936507936507936
86538,-22.932692307692307
86540,-12.76391554702495
86544,27.54650132860939
86545,-20.891364902506965
86547,-11.89873417721519
86556,50.56237218813906
87001,-16.531365313653136
87002,-7.300895217774479
87004,4.5552754771335975
87005,-93.85749385749385
87006,22.22222222222222
87007,93.83634431455899
87008,-8.892238131122832
87010,-7.0190641247833625
87011,-92.1875
87012,32.231404958677686
87013,15.583075335397318
87014,4.41696113074205
87015,17.079267800983793
87016,-17.87773933102653
87017,-2.610966057441253
87018,81.49606299212599
87020,-8.80421634698462
87021,-24.14448669201521
87022,-38.0
87023,-9.07258064516129
87024,7.043441585828764
87025,37.18546132339236
87026,-10.58795970953385
87027,162.11180124223603
87028,-50.63694267515923
87029,60.26200873362445
87031,4.7978945947769756
87032,-54.36507936507936
87034,41.73003802281369
87035,6.865889212827988
87036,-17.34592445328032
87037,134.18439716312056
87038,-37.88927335640138
87040,10.068649885583524
87041,1.2850467289719625
87042,-3.9832869080779947
87043,-14.45402903429413
87044,-52.8023598820059
87045,37.63837638376384
87046,228.7878787878788
87047,17.765654648956357
87048,-1.5372618915005012
87049,-78.80055788005579
87051,135.76233183856502
87052,-13.225412339645693
87053,7.0951585976627705
87056,-2.898550724637681
87059,3.8557213930348255
87060,
87061,-12.121212121212121
87062,-4.117236566643405
87063,62.083333333333336
87064,-14.84375
87068,11.863711001642036
87070,-95.28301886792453
87072,-15.989159891598916
87083,-14.338235294117647
87101,
87102,1.9026301063234472
87104,0.45655033660914646
87105,-5.4285176760334535
87106,3.34960781174964
87107,-9.264624499495426
87108,-3.94100451767207
87109,2.4941523441472593
87110,5.496227055536698
87111,-0.8738727738919607
87112,-1.3079612010093293
87113,5.964278805854665
87114,-2.607009480034473
87116,14.207507820646507
87117,-91.88405797101449
87120,6.13105780067622
87121,-1.4618161337395357
87122,3.2946274793044057
87123,-1.662734779058162
87124,5.50384310545039
87144,17.87361456547461
87151,
87301,-5.963648546779463
87305,-45.20123839009288
87310,16.110019646365423
87311,22.96966731898239
87312,6.25
87313,-17.724649629018963
87315,54.861111111111114
87316,11.015736766809727
87317,45.4954954954955
87319,29.03696498054475
87320,10.204081632653061
87321,-6.255969436485195
87322,255.688622754491
87323,13.003901170351106
87325,-28.948184920881165
87326,39.29183323814963
87327,-14.423987375065755
87328,9.199700822737473
87347,121.49532710280373
87357,41.32791327913279
87364,35.11029411764706
87365,
87375,34.412470023980816
87401,-0.9224855861627163
87402,-1.1070815041038367
87410,-10.425696134892833
87412,128.36676217765043
87413,-9.283594743535396
87415,46.3680387409201
87416,-16.056338028169016
87417,-8.096054888507718
87418,-12.930135557872784
87419,87.67123287671232
87420,-11.535382644892731
87421,-27.939204291461778
87455,-17.281968967362225
87461,5.128205128205128
87499,45.1505016722408
87501,-5.541212769976702
87505,3.812689412454785
87506,20.966514459665145
87507,8.15911426115037
87508,-8.062484252960443
87510,-4.756637168141593
87511,8.717551336691205
87512,76.81159420289855
87513,-18.76355748373102
87514,10.552763819095476
87515,-65.3688524590164
87516,-20.833333333333336
87517,42.592592592592595
87518,-100.0
87519,78.04295942720763
87520,0.1652892561983471
87521,20.383036935704517
87522,13.63475803602967
87523,-70.68403908794788
87524,298.0769230769231
87525,-57.89473684210527
87527,14.431673052362706
87528,-25.936277249860257
87529,-1.1717932621887424
87530,5.177993527508091
87531,-32.158590308370044
87532,4.8548310328415045
87535,39.19156414762742
87537,-14.490818030050084
87538,-35.901162790697676
87539,919.047619047619
87540,2.430555555555556
87543,208.75
87544,-24.236037934668072
87547,
87548,13.325330132052821
87549,122.94455066921606
87551,14.893617021276595
87552,-39.705882352941174
87553,16.654384672070744
87554,
87556,-9.511472982975572
87557,-10.998389694041869
87558,142.12962962962962
87560,6.514657980456026
87562,53.96825396825397
87564,-73.33333333333333
87565,1.1527377521613833
87566,-18.89478090985208
87567,-17.982456140350877
87569,-8.806262230919765
87571,-1.1158072696534234
87573,-84.21052631578947
87575,-18.914473684210524
87577,57.48663101604278
87578,25.49019607843137
87579,217.2741679873217
87580,-67.67068273092369
87581,
87582,96.46182495344506
87583,250.0
87701,-6.140442404006677
87710,-8.051420838971584
87711,83.85214007782102
87712,36.329588014981276
87713,-9.803921568627452
87714,-8.325791855203619
87715,-12.184873949579831
87718,6.5375302663438255
87722,-11.038107752956636
87723,-17.61006289308176
87724,-100.0
87728,53.59801488833747
87729,-12.244897959183673
87730,-57.57575757575758
87731,170.37037037037038
87732,-19.382627422828428
87733,-37.267080745341616
87734,4.658385093167702
87735,-36.0
87736,-67.8048780487805
87740,-4.900480439258751
87742,-23.306233062330623
87743,31.629392971246006
87745,26.72209026128266
87746,73.33333333333333
87747,9.7911227154047
87749,-44.680851063829785
87750,
87752,30.93220338983051
87753,-54.61538461538461
87801,-6.5510787114569995
87820,227.53623188405797
87821,39.21568627450981
87823,-69.48160535117057
87824,36.84210526315789
87825,47.23756906077348
87827,158.33333333333331
87828,76.657824933687
87829,61.861313868613145
87830,-56.92567567567568
87831,-22.388059701492537
87832,-55.16224188790561
87901,-3.6307692307692303
87930,-43.01675977653631
87931,-5.740987983978639
87933,-100.0
87935,2.3228111971411556
87936,-20.13651877133106
87937,14.460942543576502
87939,206.89655172413794
87940,-54.55543358946213
87941,-11.248710010319918
87942,53.89221556886228
87943,22.115384615384613
88001,5.741382552859944
88002,15.550239234449762
88003,-6.530612244897959
88004,31.432192648922687
88005,-4.53877379619261
88007,12.182308037718904
88008,56.42524916943522
88009,17.073170731707318
88011,1.718904651930056
88012,13.87237699634749
88020,16.61764705882353
88021,-16.81169867669018
88022,-34.49675324675325
88023,-16.76829268292683
88024,14.058355437665782
88025,-82.87671232876713
88026,6.130520764667106
88027,153.76344086021504
88028,22.566371681415927
88029,29.211295034079843
88030,3.451833383484503
88034,-37.254901960784316
88038,0.6116207951070336
88039,58.45272206303726
88040,22.727272727272727
88041,24.27947598253275
88042,57.971014492753625
88043,-1.0778443113772456
88044,-29.941126997476868
88045,-10.575559965976751
88046,-13.446475195822455
88047,-46.40625
88048,19.858156028368796
88049,65.77777777777779
88051,-54.60992907801418
88052,-56.44444444444444
88053,18.58974358974359
88055,183.33333333333331
88056,-12.698412698412698
88061,-0.4143801097547317
88063,-14.365138993238165
88065,24.956369982547994
88072,63.80368098159509
88081,2.6463560334528076
88101,-2.7769489791568986
88103,-93.9873417721519
88112,107.18954248366013
88113,218.9655172413793
88114,714.2857142857143
88115,-91.76470588235294
88116,52.666666666666664
88118,-25.0
88119,-14.82067510548523
88120,41.832669322709165
88121,86.31578947368422
88124,-23.91496899911426
88125,111.42857142857143
88126,-71.42857142857143
88130,-1.5943312666076175
88132,-13.636363636363635
88134,-3.1578947368421053
88135,-18.839712918660286
88136,152.0
88201,0.056590960537236855
88203,-3.534990189666449
88210,-2.16221917519249
88220,12.175946798917945
88230,-1.538158154210215
88231,9.49017199017199
88232,7.981803143093466
88240,3.642878471185428
88242,2.023161713408679
88244,
88250,25.08833922261484
88252,3.435639028859368
88253,60.733695652173914
88254,-6.451612903225806
88255,242.85714285714283
88256,13.449972662657188
88260,1.3736263736263736
88262,-63.63636363636363
88263,22.0
88264,-100.0
88265,-7.194244604316546
88267,16.157556270096464
88268,-100.0
88301,13.850174216027874
88310,2.721466259372397
88311,-35.93508500772798
88312,5.780128447298829
88314,745.4545454545454
88316,9.94236311239193
88317,45.48540393754243
88318,-15.406976744186046
88321,309.8901098901099
88323,
88324,-47.906976744186046
88325,236.82092555331994
88330,6.847215125191621
88336,15.904139433551197
88337,-11.740707162284677
88338,-37.93103448275862
88339,13.385826771653544
88340,7.154427645788338
88341,25.97402597402597
88342,-100.0
88343,-55.55555555555556
88344,36.0
88345,3.26892696560943
88346,-9.358638743455497
88347,-89.86486486486487
88348,31.671554252199414
88349,-100.0
88350,-65.47619047619048
88351,2.5510204081632653
88352,-13.226744186046513
88353,69.77491961414792
88354,528.5714285714286
88355,
88401,2.157497303128371
88410,54.32098765432099
88411,164.0
88414,217.49999999999997
88415,-10.173838700484469
88416,
88417,
88418,243.03797468354432
88419,-64.64088397790056
88421,-40.625
88422,21.35922330097087
88424,-9.230769230769232
88426,-1.20817843866171
88427,-53.271028037383175
88430,254.0983606557377
88431,229.62962962962962
88434,-32.093023255813954
88435,-4.009559214020181
88436,-51.92307692307693
88439,
89001,4.541559554413025
89002,6.204151265282912
89003,-23.096774193548384
89004,-43.47826086956522
89005,-4.946319018404908
89007,-21.064996084573217
89008,-20.762052877138416
89010,-9.9609375
89011,43.829459355335814
89012,16.884595268129097
89013,-50.55679287305123
89014,5.0912316269640145
89015,-1.4728791955813625
89017,-53.84615384615385
89018,-82.30912476722533
89019,32.265446224256294
89020,1.0685103708359522
89021,-21.609579504316343
89022,-100.0
89025,-31.29161118508655
89026,
89027,3.1201694624148395
89029,6.321334503950834
89030,6.9998365478914675
89031,10.736196319018406
89032,10.318197259653493
89034,
89039,141.7910447761194
89040,32.380671773718326
89042,-13.078797725426483
89043,-19.36155447605829
89044,39.06274007682458
89045,27.6
89046,-11.016949152542372
89047,227.69230769230768
89048,18.392865568819893
89049,-15.28130671506352
89052,10.348370225086393
89054,658.5365853658536
89060,30.13976314947189
89061,40.46641791044776
89070,
89074,6.166127028733174
89081,11.940677249273973
89084,35.448690085747025
89085,-4.466766403077581
89086,18.97384641012827
89101,6.952623288501152
89102,-3.8345651670057426
89103,-1.1265598521029117
89104,0.6232108023205735
89106,-4.559191135320673
89107,0.6510946528851632
89108,0.9966155204473399
89109,-15.768981181051265
89110,-10.124083474337281
89113,31.289497976283464
89115,10.129581759130376
89117,0.949563565976407
89118,7.9459989722987805
89119,-2.273293592225566
89120,-0.12284525460669704
89121,4.778379384706083
89122,0.9652660845048362
89123,0.4298140883506737
89124,-13.555555555555557
89128,5.734373283532902
89129,-3.9520489470688673
89130,-2.516139711968217
89131,7.722569058411015
89134,-3.029929794309644
89135,17.582543128070377
89138,44.572335780908915
89139,12.500643566905214
89141,24.98081596112035
89142,-4.995681368588226
89143,-2.0087465717886
89144,0.1685823754789272
89145,7.747799152266058
89146,12.756462585034015
89147,3.8521545319465083
89148,22.790395335552624
89149,15.703110596043931
89156,9.823975509636124
89158,
89161,186.5771812080537
89166,42.1552066772655
89169,5.760709010339734
89178,12.115253311484365
89179,95.15554115359689
89183,4.162707685986492
89191,-32.95292439372325
89301,-6.905899057699755
89310,-58.10185185185185
89311,49.137931034482754
89314,-54.278728606356964
89315,
89316,-13.447432762836186
89317,32.67326732673268
89318,-35.040234089246525
89319,-31.521739130434785
89402,1040.0
89403,12.547176057736872
89404,-58.666666666666664
89405,500.0
89406,5.577556380007503
89408,20.59349302824455
89409,-58.86075949367089
89410,2.2303809086737036
89411,13.626373626373626
89412,-61.50627615062761
89413,2.337228714524207
89414,-35.03649635036496
89415,0.15494267121165167
89418,-62.30366492146597
89419,-6.452199200290804
89420,1325.0
89421,-40.0
89422,62.35294117647059
89423,4.617465224111283
89424,35.98615916955018
89425,56.84754521963824
89426,1.9867549668874174
89427,-3.900709219858156
89428,-39.30635838150289
89429,1.4977735798137903
89430,-87.0
89431,8.162403315646365
89433,8.462994598088553
89434,3.9989274907113037
89436,15.741808810897043
89437,
89438,-63.1578947368421
89439,11.877133105802047
89440,43.00291545189505
89441,0.4472892727693375
89442,-15.604186489058039
89444,24.449506454062263
89445,4.500582500459869
89446,
89447,8.490203611217826
89448,43.61779722830051
89449,-14.007308160779536
89450,-100.0
89451,4.332006822057988
89460,6.383456956619465
89496,
89501,3.4267912772585665
89502,0.9988466476617414
89503,6.380153738644305
89506,9.942101310593765
89508,17.539056208729264
89509,3.83385661203445
89510,-11.003236245954692
89511,13.883441838575575
89512,8.677125702111175
89519,12.884848484848485
89521,29.6849199663016
89523,3.606873475869109
89557,
89701,10.658093797276853
89703,8.560629277760752
89704,21.50706436420722
89705,-0.6472491909385114
89706,3.115696540396263
89801,0.39737654320987653
89815,12.43316461110715
89820,0.16184139543247616
89821,6.557377049180328
89822,-3.163222269084774
89823,201.36054421768708
89825,-22.16527866752082
89826,
89828,-21.75141242937853
89830,-65.51724137931035
89831,-31.25
89832,-7.390983000739099
89833,48.9051094890511
89834,-12.903225806451612
89835,-36.48519579751671
89883,6.2457103637611535
90001,-1.8488882835643026
90002,0.4767670652338429
90003,6.4321180309263735
90004,-6.216823681316054
90005,-4.570041959456043
90006,-9.146625166455422
90007,-0.5264307027971179
90008,2.2157668654779195
90010,11.332801276935355
90011,-1.859307179017316
90012,13.755439126187726
90013,21.995483817010957
90014,25.175485961123112
90015,26.586417001040274
90016,2.172645400945943
90017,8.957938613111027
90018,-4.569013330273299
90019,-11.874211970629682
90020,-2.018320532775382
90021,-11.937935402153261
90022,-4.89132046377843
90023,-5.65542357449872
90024,1.3556458425519933
90025,-6.372621330579732
90026,-5.596933346936991
90027,0.32444756225885657
90028,-0.23185418947639594
90029,-10.79731225703473
90031,-4.209395698539755
90032,-6.039860988987983
90033,-2.4282877090968653
90034,-1.7995362939183162
90035,-11.112967914438503
90036,-1.0572987721691678
90037,9.212815079540784
90038,0.07869227742604713
90039,-2.914890691599065
90040,-8.402321083172147
90041,-1.1517922585599107
90042,-7.2693923621997865
90043,-0.246797244845303
90044,4.552175749894381
90045,-0.7170449058425881
90046,-6.674416351835706
90047,7.648842053164505
90048,-10.713035870516185
90049,-1.4933171992739673
90052,
90056,2.632892438233092
90057,-4.549596063900869
90058,-4.390090937597993
90059,-16.64167599417119
90061,2.2961825518694425
90062,-0.2944062806673209
90063,-2.890432444544029
90064,-0.19610104971738376
90065,-7.275919041718298
90066,-9.381224161882605
90067,18.70246085011186
90068,-3.0470404124090953
90069,-1.7450124993872849
90071,
90073,7.415254237288135
90077,-11.951656222023278
90079,
90089,8.268330733229329
90094,38.783846872082165
90095,
90201,-7.527362507047182
90210,-4.176658673061551
90211,14.827285197655568
90212,-17.611872491860378
90220,-5.050954305493783
90221,-3.944046149025968
90222,1.3380389749884916
90230,-1.9965091710812382
90232,10.003363605785403
90240,-1.188351873647443
90241,2.8210535864117743
90242,-2.881971949117003
90245,0.8978675645342313
90247,-0.5983030707331818
90248,5.083035140838609
90249,-1.3581374115498746
90250,-1.2026167955551448
90254,-1.0075949367088606
90255,-5.264688772542176
90260,-6.547986746784973
90262,-7.3387933694219285
90263,-3.4796573875803
90265,-8.096473315304378
90266,-1.610734494929688
90270,-9.591622277783816
90272,-7.105159855192568
90274,-1.702530148971388
90275,-1.5608130310284936
90277,4.057614111448371
90278,4.234463830621447
90280,-3.3095787046740726
90290,-7.245362268113406
90291,-5.572322414427678
90292,9.642601218201362
90293,2.1705061902523117
90301,-0.47177354869662563
90302,-5.130778195001942
90303,-5.223456890258739
90304,-0.8173651540270656
90305,-5.746757416206498
90401,-0.06680026720106881
90402,1.1557229689238935
90403,-2.7136165401389114
90404,6.1498273266625345
90405,-4.677618795265854
90501,-1.097470238095238
90502,2.332037756801777
90503,-2.357273589274295
90504,-1.3673628149123331
90505,-3.088203810747163
90506,
90601,-9.86921381337252
90602,-2.012687863454422
90603,0.8986809682562691
90604,-3.8047813580217067
90605,-0.9350040652350662
90606,-2.7056044663946746
90620,2.1808071593031846
90621,0.21345013028774185
90623,-2.915249968517819
90630,1.8700887327661473
90631,-0.7401658546400495
90638,-7.283571299475872
90639,
90640,-1.9717689269359688
90650,-4.15491898800797
90660,-3.3488240650610734
90670,5.492128349957938
90680,1.8735669832951194
90701,-3.9912488174077576
90703,-3.0328046071898895
90704,-2.99492385786802
90706,0.6422442583363305
90710,-4.011581260683015
90712,0.2573798099837946
90713,-1.6870052200366439
90715,3.1309998523113283
90716,-3.2479700187382887
90717,0.22079116835326587
90720,6.071332556680706
90723,-3.151581243184297
90731,2.6574309343086955
90732,-1.4726883255980008
90740,0.6586752853577712
90742,-33.47517730496454
90743,75.0
90744,-4.406558762922912
90745,2.649469581782275
90746,2.94577685088634
90747,
90755,1.5801744236249031
90802,-0.5319942325858897
90803,-1.4229667455473907
90804,-7.27408328154133
90805,0.4642496538945966
90806,-4.459107239298377
90807,2.3398672634665845
90808,3.1465170057421985
90810,-6.35301400603575
90813,-11.960285550176417
90814,14.019257221458048
90815,5.94662900468297
90822,-12.587412587412588
90831,
90840,
91001,-2.952462161586016
91006,-3.6566265060240966
91007,-2.8815088628227143
91008,-37.531486146095716
91010,2.132114981915096
91011,-0.5366115420264403
91016,-0.45462118867969437
91020,-12.185709273769149
91024,0.8136696501220505
91030,2.4787972243639165
91040,3.648079306071871
91042,1.315052116412
91046,-11.875
91101,-4.739610985086153
91103,-4.4592931246703005
91104,-8.320996477614989
91105,6.592760561014529
91106,-6.538718160053378
91107,1.1863722475853287
91108,-8.787856779722565
91125,
91201,-5.552714565754709
91202,-1.5141057717194375
91203,15.882720767039531
91204,0.6933071295993012
91205,-4.6889161379751565
91206,-7.567691338943271
91207,7.805209953343701
91208,-10.22302662307333
91210,-62.874251497005986
91214,4.365783614597786
91301,-3.0121407714768713
91302,-0.6867924528301886
91303,0.7603686635944701
91304,1.3836313797154418
91306,-0.18364916954249158
91307,-6.848309036830316
91311,0.3294728434504792
91316,-7.740870240870241
91320,-3.7381139317805108
91321,-0.5940307157345697
91324,-1.1860071093983588
91325,3.7879672897196266
91326,-0.8178458863167047
91330,-18.36055656382335
91331,-5.574477747502271
91335,-3.17366697202806
91340,-2.652987056554192
91342,-3.7399794129573602
91343,-4.200776180947184
91344,0.765158176341833
91345,-2.8440752812532857
91350,15.669331610541334
91351,0.0489880897706745
91352,-4.867108941461176
91354,6.484674638218325
91355,-4.285037130668352
91356,0.833717788176366
91360,-2.177971375233354
91361,-9.953903774128493
91362,1.9378448060769038
91364,6.414857016018645
91367,3.4401660133733
91371,
91377,-5.630193905817174
91381,1.6268874817340475
91384,-5.569784516613735
91387,8.063436367413837
91390,-3.0275088366374674
91401,-4.429808513233321
91402,-4.739402947403844
91403,4.90335129878024
91405,1.243381413182399
91406,-5.202846975088968
91411,-6.033320111067037
91423,-5.511132249338605
91436,9.436257942409085
91501,-9.290637564618036
91502,5.727780163160155
91504,3.467881617591686
91505,3.7390715230506175
91506,7.2019731433269385
91601,-7.201855181218895
91602,5.46875
91604,4.670060700998629
91605,-1.3973198946283358
91606,-1.8037518037518037
91607,-2.067998597967052
91608,
91701,-0.7696578177046532
91702,0.7402128314355594
91706,-6.841516853210655
91708,404.3753963221306
91709,0.4049983979493752
91710,-8.32301771285814
91711,1.648931849565429
91722,-5.708892961676287
91723,-11.038478680730947
91724,10.949330227140361
91730,0.7016797788645546
91731,-6.1936599807071815
91732,-7.346161713107918
91733,-4.525550690168708
91737,-10.291548584960596
91739,5.759041695461875
91740,4.081789235431772
91741,-2.09695603156708
91744,-8.739739256397876
91745,2.442491599896614
91746,-3.9523498694516968
91748,-6.925754552786858
91750,-1.7079695446394452
91752,21.02161739809871
91754,2.4853536268647702
91755,-5.454155035430535
91759,-29.812206572769952
91761,2.108652575957728
91762,5.984890549021587
91763,-1.3425453403470207
91764,2.9041860465116276
91765,-4.4200177222667625
91766,-4.492560484701938
91767,2.471106441445082
91768,-1.8797408781352085
91770,-7.144308466576015
91773,-1.415135291564173
91775,-3.9235172523453645
91776,-2.5624967381660664
91780,1.0572987721691678
91784,0.8028408213679172
91786,5.035714955286001
91789,-6.206505723676754
91790,-2.4000174071978764
91791,-0.1502076399729037
91792,4.7705374827945075
91801,-2.9274686862802213
91803,-3.7528619305173048
91901,2.3631977190481415
91902,-13.364031980568768
91905,-7.657068062827226
91906,24.956217162872154
91910,0.08262295081967214
91911,4.491520380839036
91913,13.691079317472541
91914,1.0880949610147794
91915,11.02173167461728
91916,4.623287671232877
91917,-24.355555555555554
91931,102.43243243243244
91932,-2.0813835960019467
91934,319.7986577181208
91935,9.044109044109044
91941,1.997328800388538
91942,1.87877432341758
91945,2.0679687210465847
91948,642.8571428571429
91950,-7.280479594780881
91962,-0.07905138339920949
91963,-34.79623824451411
91977,6.712612216302524
91978,11.974768542069386
91980,-83.46709470304975
92003,-14.667700058128268
92004,38.22894168466522
92007,5.645518095743739
92008,-0.5955623343138322
92009,3.8134074206847104
92010,5.556263540206449
92011,-1.6991363727656157
92014,-10.791571753986332
92019,6.54281473234994
92020,1.551085590024124
92021,-2.0934384973357516
92024,-2.118536708959442
92025,-5.984664297737049
92026,8.811042516971922
92027,-3.456516468673155
92028,6.497969384567323
92029,7.365028203062046
92036,39.70922308041799
92037,-5.584939713734239
92040,3.7587867007210183
92054,-14.933186389309821
92055,-11.213312149845304
92056,0.016610989092117164
92057,1.302465255953628
92058,3.656939165539307
92059,14.555468135326516
92060,400.990099009901
92061,-25.763612217795483
92064,-2.3969108261139236
92065,-2.617247395971025
92066,-45.0
92067,1.7501107665042093
92069,-6.023610943228977
92070,-17.19260065288357
92071,4.45453751419338
92075,-5.347342010349694
92078,7.628752968880047
92081,1.501429112572747
92082,7.345688625863053
92083,-0.6376781168814128
92084,-2.655160322593213
92086,-15.880597014925375
92091,-11.659807956104252
92092,
92093,
92096,
92101,21.045156878731294
92102,-10.28805662575038
92103,-1.0815955697845463
92104,4.98896346682283
92105,-0.9416863135229426
92106,6.405194805194806
92107,-1.2115720230903477
92108,10.139716925317435
92109,-10.229683420365534
92110,8.458745990906849
92111,-3.5518628580669938
92113,-9.729452176068557
92114,-4.520715157607525
92115,-6.465359795446243
92116,-7.170141420032075
92117,-2.6421094001214764
92118,-22.194227113999027
92119,2.1288163948138856
92120,2.8885410996189442
92121,-13.667568129810693
92122,-2.837463818638947
92123,6.197627948949336
92124,-3.1283072900454463
92126,-4.6065727928874125
92127,11.150500217485863
92128,-2.3775087670635786
92129,-3.814793777598622
92130,5.2628681530415635
92131,2.3624106468297783
92132,
92134,-6.5891472868217065
92135,15.995762711864407
92136,
92139,-5.1742860245412094
92140,-16.158900836320193
92145,30.1528485409912
92147,-67.97153024911033
92154,-3.967071017450526
92155,-59.67078189300411
92161,
92173,-9.830433686333837
92179,
92182,
92201,0.06533609196832754
92203,8.44401357246728
92210,-4.5059288537549405
92211,6.89986008394963
92220,-0.6633147564817058
92222,
92223,18.333365305300312
92225,-3.5372848948374758
92227,0.6652533079903502
92230,-48.53609288238264
92231,-3.4453487791481505
92233,-10.218215079053966
92234,-3.263398923990543
92236,-4.530242795858321
92239,80.48780487804879
92240,15.016650674493423
92241,3.7298387096774195
92242,1.7369727047146404
92243,-1.446458980266453
92249,-3.13494979181974
92250,-7.549775578317412
92251,18.572743611098936
92252,-14.308925476603118
92253,-5.148291828306846
92254,-18.943722943722943
92256,4.2153846153846155
92257,-26.335403726708073
92258,-20.145985401459853
92259,24.30939226519337
92260,-8.952509459974774
92262,-8.883955315924869
92264,2.8732709519934905
92266,65.0485436893204
92267,-100.0
92268,-24.860853432282003
92270,-3.9944367176634215
92273,-2.0420420420420418
92274,-7.9835819169846225
92275,-34.268349696119685
92276,13.245397087111844
92277,14.146300775711069
92278,-13.962445835339432
92280,-100.0
92281,-13.121118012422361
92282,-9.145527369826436
92283,-0.15228426395939085
92284,-0.9961538461538461
92285,4.96726992683866
92301,15.647584490358954
92304,-100.0
92305,-1.3806706114398422
92307,5.821846282372598
92308,4.220356160416968
92309,-14.48170731707317
92310,-0.9499613387827239
92311,0.8486062820437268
92313,5.016829620131431
92314,-5.756477142099213
92315,-0.5137963843958135
92316,4.613704613704614
92317,
92320,22.573016436088448
92321,-35.20661157024794
92322,3.7552155771905427
92324,-1.802216538789429
92325,-3.8684719535783367
92327,-11.838440111420613
92328,219.375
92332,1509.0909090909092
92333,43.0
92335,-3.093465342565963
92336,6.619525692537661
92337,-4.22723303713596
92338,
92339,-17.83783783783784
92341,42.672413793103445
92342,-10.978015783540023
92344,-12.14607948442535
92345,8.115189716969471
92346,-0.6603336422613532
92347,-34.460196292257365
92350,
92352,-1.443001443001443
92354,8.026802867719415
92356,12.966821606026608
92358,-20.125786163522015
92359,9.480534051385616
92363,1.1701337295690937
92364,
92365,-13.39124140427072
92368,8.182784272051009
92369,
92371,19.473004101354007
92372,-16.377649325626205
92373,-0.34348119660628834
92374,5.629535686606073
92376,-1.3918124618976961
92377,7.41405849153412
92378,107.10900473933648
92382,1.2857735379510575
92384,35.294117647058826
92385,-42.21453287197232
92386,2.9940119760479043
92389,22.22222222222222
92391,-20.489408327246164
92392,7.248864385034155
92394,12.415559558657959
92395,16.02010290774201
92397,13.506843168050258
92398,-32.26433430515063
92399,2.2377700038869452
92401,1.477832512315271
92404,5.32456861133936
92405,3.899097675031285
92407,-0.14115479480550355
92408,-19.31979826716669
92410,5.069144432624883
92411,2.57631769503411
92415,
92501,1.9763210024416087
92503,-6.248214720226823
92504,-0.5504270554740747
92505,5.160646577529436
92506,-3.244528812375903
92507,5.0536911594877365
92508,-6.699726489609162
92509,-0.9470607820650364
92518,6.291079812206572
92521,
92530,1.8267953289979721
92532,20.570926657883177
92536,-14.736143378692335
92539,-20.440118493440544
92543,1.5280898876404496
92544,7.700501253132833
92545,8.34012171162969
92548,-13.880813953488373
92549,31.46150985496467
92551,6.904061212477928
92553,-1.298753303611949
92555,3.4234275715995945
92557,6.076579968719226
92561,-10.485651214128035
92562,1.7816347252189364
92563,20.797390470890146
92567,7.1778466460061985
92570,-3.4366766640706556
92571,7.313577238685634
92582,33.6071059195717
92583,3.362707300654795
92584,6.094365623119772
92585,28.495516439721026
92586,-0.1684335678192807
92587,10.710734132787366
92590,27.43276283618582
92591,1.0984951109578582
92592,-1.1084057128320675
92595,6.28235366189849
92596,27.415385712757228
92602,1.1840157868771584
92603,-6.807772045706571
92604,1.4796203238414294
92606,2.243147101904164
92610,8.997920997920998
92612,8.680609668671883
92614,16.90870958806537
92617,18.570102135561743
92618,71.12148455509451
92620,25.348703642927468
92624,8.980044345898005
92625,1.8096242798019961
92626,-2.0545940567013328
92627,-0.00482439212659205
92629,-3.3957802165317963
92630,6.443837377470674
92637,6.975603775898001
92646,0.293543825735202
92647,-3.261936563621442
92648,-3.7048751686909585
92649,2.713268759481853
92651,-3.4114709199291124
92653,1.2485619543885769
92655,-9.111462808048836
92656,1.4721606965554113
92657,-7.821453704634564
92660,-1.318463989452288
92661,-3.677758318739054
92662,-16.184351554126476
92663,1.0573948376968185
92672,9.659369501889186
92673,0.3143727281658316
92675,-4.325900888622363
92676,-6.513409961685824
92677,-2.7513355630552234
92678,21.62162162162162
92679,-5.397397519701876
92683,-1.2293206041979992
92688,-1.3714437885579867
92691,-4.402728339332232
92692,-5.172733835206765
92694,27.162642302951202
92697,
92701,-4.387999690713678
92703,-14.41018301071384
92704,-10.779342723004696
92705,0.044840176798411374
92706,3.605851003515138
92707,-4.319958979617998
92708,-1.7740009345956143
92780,-10.825286050474721
92782,24.553347804307897
92801,-4.57865084806391
92802,4.3318579903945755
92804,-3.821041276329983
92805,0.23243095433415367
92806,1.9191516901478567
92807,0.3807670928293496
92808,1.7079996140113864
92821,9.947145877378436
92823,33.893762183235864
92831,-3.2266624210582178
92832,3.4071956159161303
92833,-0.2851746931067044
92835,13.498915493556757
92840,-3.7584036618509518
92841,-0.1168633867009466
92843,5.201557591043851
92844,-5.9376299376299375
92845,-8.198853224567005
92860,-4.681922368767144
92861,-1.3405735618530459
92865,0.7002334111370457
92866,-3.346763711983364
92867,-0.7385789650914805
92868,-3.0837004405286343
92869,-0.4617738674244494
92870,-0.917191752731069
92879,7.306574606157275
92880,8.314590437495466
92881,-7.7499338993507445
92882,-2.410518626734843
92883,9.502089341416044
92886,-0.2097224145776863
92887,1.042545797547535
93001,-4.8060202674341905
93003,2.5540842251135576
93004,2.1545222010887386
93010,8.009609718507773
93012,-0.24562565546172102
93013,-1.6492381236928593
93015,5.662507762660193
93021,-0.02369106846718787
93022,-10.144116412480761
93023,4.96744277821626
93030,-2.791114950740144
93033,-1.2623845307040635
93035,-8.713318284424378
93036,-0.5822077317186772
93040,0.32751091703056767
93041,-5.631559603054682
93042,8.080808080808081
93043,98.89807162534436
93060,0.32431484836089525
93063,1.0946383973643659
93064,
93065,-0.9304179321908113
93066,-12.562344139650872
93067,72.53886010362694
93101,-6.94993925422884
93103,-5.048796985215962
93105,1.1651449745960194
93106,
93108,0.27733047056718557
93109,-3.6466103099618765
93110,-2.583442214039672
93111,-0.9217846623759136
93117,-7.887693609379587
93201,-8.060836501901141
93202,16.938110749185668
93203,-7.520804592586
93204,2.317249790380364
93205,45.63716258631513
93206,-16.389432485322896
93207,-13.754646840148698
93208,164.58333333333331
93210,4.261410559929527
93212,-4.072342519685039
93215,-4.496373892022563
93218,-10.46119235095613
93219,-4.857831325301205
93220,-100.0
93221,-4.076882149507847
93222,43.38028169014084
93223,-2.9241944496181786
93224,24.62686567164179
93225,-5.658958450836623
93226,-71.7948717948718
93227,
93230,3.528346040612969
93234,-6.502561183836083
93235,14.616193480546794
93237,
93238,-38.49431818181818
93239,-16.824644549763033
93240,-21.408045977011493
93241,-5.840061288231481
93242,-19.958233890214796
93243,-42.83206553540082
93244,-69.90049751243781
93245,-1.234600469570264
93246,
93247,-3.570076269811219
93249,-11.837455830388691
93250,-2.557495329511048
93251,20.5761316872428
93252,-47.30238393977415
93254,38.81789137380191
93255,23.33804809052334
93256,-8.800916080484214
93257,3.313944389378684
93258,-51.8189884649512
93260,-7.772020725388601
93261,-37.32581287325813
93262,-76.0
93263,10.825688073394495
93265,-5.7260920897284535
93266,19.444444444444446
93267,-17.51596877217885
93268,-2.814982973893303
93270,1.8911685994647636
93271,5.731922398589065
93272,8.64787386526517
93274,8.10910886200938
93276,-5.660377358490567
93277,2.5423889362508287
93280,-0.7113821138211381
93283,15.819750719079579
93285,43.06442251886245
93286,5.062525211778944
93287,60.810810810810814
93291,8.497713105055892
93292,10.483313586097946
93301,10.749291211016605
93304,-1.23850591686849
93305,-5.959502991256327
93306,6.496410665451231
93307,5.536328106606395
93308,2.0502572073572405
93309,3.177705154943918
93311,12.645446034505817
93312,0.43295877625970786
93313,16.93628646697239
93314,26.5411973918198
93401,-1.1508863542668681
93402,-1.0044500953591864
93405,-29.670175043620194
93407,
93408,
93409,
93410,
93420,7.30126920507682
93422,1.6856807441076427
93424,71.6374269005848
93426,-14.845024469820556
93427,3.873545249261768
93428,-1.6084484159220147
93429,-56.4625850340136
93430,-5.159625927120284
93432,44.84848484848485
93433,-5.686187518485656
93434,13.113633255845755
93436,-1.7930961382185633
93437,6.695652173913043
93440,-47.158026233604
93441,8.93574297188755
93442,2.841934319740166
93444,10.125193276472642
93445,-10.396681358568836
93446,1.8013404288481663
93449,-0.12406947890818859
93450,-2.6963657678780772
93451,13.416089758892339
93452,-57.829670329670336
93453,-37.33931240657698
93454,1.9264622021669602
93455,-0.683299617891661
93458,5.444252407322494
93460,28.530495292672942
93461,-11.3915857605178
93463,0.599176132817376
93465,10.376193149915776
93501,6.735137270393047
93505,11.208627742655262
93510,-5.602348136804492
93512,6.825938566552901
93513,-3.8483965014577257
93514,0.8096610402085906
93516,6.515463917525772
93517,-10.790273556231003
93518,-10.150753768844222
93519,-100.0
93522,152.94117647058823
93523,16.757246376811594
93524,-44.642857142857146
93526,33.59375
93527,-6.371490280777538
93528,-24.193548387096776
93529,-21.148825065274153
93530,180.0
93531,0.7109004739336493
93532,-3.1151557577878894
93534,8.550783843129246
93535,9.734429253472223
93536,1.1612414624910594
93541,61.462450592885375
93543,-13.581502576620558
93544,29.845313921747042
93545,-26.182618261826185
93546,-7.029745345602397
93549,1.6
93550,7.558001425290997
93551,4.975335285956529
93552,4.963697967086157
93553,-39.98943475964078
93554,-54.54545454545454
93555,-1.7168011738811446
93558,-92.3076923076923
93560,2.41861806991393
93561,-9.36943771702022
93562,13.91092129347163
93563,-46.76258992805755
93581,
93591,7.798501982669996
93601,-34.98652291105122
93602,-29.08496732026144
93603,81.75182481751825
93604,-48.23196605374823
93605,-42.94117647058823
93606,45.8656330749354
93608,4.6248715313463515
93609,-13.743824982357092
93610,0.8818416924577098
93611,-4.386882421706762
93612,4.247017543859649
93614,5.622417819292258
93615,-8.124900430141787
93616,-20.652971386647103
93618,5.137543083826494
93619,47.01477433717871
93620,-0.2662974009373668
93621,11.612903225806452
93622,-8.535637987958827
93623,-96.29629629629629
93624,-23.760683760683758
93625,8.826960466623461
93626,29.47368421052631
93627,-1.0101010101010102
93628,40.909090909090914
93630,0.6904087816023444
93631,2.3571516722201653
93633,
93634,20.833333333333336
93635,17.59062885326757
93636,10.302682306619637
93637,0.8246718391645927
93638,2.5191762630567065
93640,11.996836694345593
93641,26.31578947368421
93643,6.86106346483705
93644,-13.12409112942317
93645,275.31380753138075
93646,-7.318185965872799
93647,3.8728374462105912
93648,-4.045448870021226
93650,-26.37846233497282
93651,-9.351692484222603
93652,1.3404825737265416
93653,4.078549848942599
93654,-1.984369472228476
93656,-14.921715452688906
93657,2.735588293961759
93660,-10.068807339449542
93662,-0.8635975569711697
93664,-40.74074074074074
93665,-56.235827664399096
93666,-36.9740376007162
93667,-33.64615919360445
93668,0.68762278978389
93669,102.49999999999999
93670,
93673,-54.67625899280576
93675,50.58497536945813
93701,5.903506143242433
93702,1.339305711086226
93703,-1.6293033219684399
93704,3.548488996525218
93705,1.2057940754273784
93706,2.5993921573472365
93710,0.9873495834618945
93711,7.505447502219353
93720,3.810907226625083
93721,11.445279866332497
93722,2.256128596962631
93723,7.577984648048343
93725,-2.4633797129116344
93726,5.1161699131659235
93727,1.304272787790626
93728,12.210724365004703
93730,6.568032155990763
93737,
93740,
93741,
93901,6.78395598030698
93905,3.0530113794060507
93906,2.1676035683734574
93907,13.319200757746605
93908,12.99390774586597
93920,40.83398898505114
93921,-29.153515064562413
93923,-1.2278094940173614
93924,9.146848494927657
93925,-29.325666492420282
93926,-5.933719095213045
93927,7.366215344938749
93928,159.35162094763092
93930,-0.6326120373654961
93932,-52.685421994884905
93933,11.517959652288011
93940,-3.1977637156724215
93943,
93944,
93950,-3.5271565495207664
93953,-23.919821826280625
93954,44.797687861271676
93955,-5.7895649159299705
93960,-2.8034941018366433
93962,-64.76868327402136
94002,2.498805717855437
94005,2.455838000861698
94010,1.326680500827718
94014,-6.125136767030028
94015,0.8439145246206256
94018,
94019,-25.564056332537398
94020,36.05898123324397
94021,-41.9811320754717
94022,2.473426001635323
94024,1.4816378218657662
94025,-2.3776656511805028
94027,-3.10676977343644
94028,-2.311728832789675
94030,0.27237183148091204
94037,-8.9377793056033
94038,-16.819973718791065
94040,0.5553989286721173
94041,5.189689724276138
94043,6.531450745100596
94044,-2.7592550011496892
94060,-15.025906735751295
94061,-4.899551592227599
94062,-2.9945155393053016
94063,2.3765404864848967
94065,-9.426293575113334
94066,0.6311344177088892
94070,1.8442023093185884
94074,-29.767441860465116
94080,-1.7219643148480488
94085,-1.7054926266296215
94086,-0.0365593581801564
94087,3.034383853929833
94089,5.927264513214366
94102,13.062375580623756
94103,20.044460911448684
94104,27.75229357798165
94105,78.78827361563518
94107,1.4037433155080214
94108,-18.75336564351104
94109,-0.4488663473942779
94110,-5.50334296214926
94111,33.134684147795
94112,-5.262788000890211
94114,-2.034084661902144
94115,-6.8585494112052805
94116,-7.9756015762555545
94117,-9.433616143086448
94118,-3.160537943356593
94121,-0.7653879646179935
94122,-4.899545716296628
94123,-2.9064058756529594
94124,5.226529922235997
94127,0.43142274688285215
94128,-100.0
94129,-1.6670813635232644
94130,0.22371364653243847
94131,-1.208012114537445
94132,-11.279088428823624
94133,-5.500705218617771
94134,-5.423225147420718
94158,55.87291889414999
94188,
94301,0.7119099025500379
94303,0.290491118077325
94304,17.23687646905197
94305,12.618132047187641
94306,-0.4193247795856928
94401,-2.0832756951168903
94402,3.9224257838890435
94403,1.0716014103657272
94404,-0.4812293221775627
94501,-0.6618362033813243
94502,-1.7881800607566969
94503,6.970693633105886
94505,-2.122940430925222
94506,8.242618999799156
94507,-8.377029502811295
94508,-18.438697318007662
94509,6.215070196730645
94510,-2.924080875797882
94511,-16.225304749894914
94512,-39.361702127659576
94513,10.244698205546493
94514,26.99309478970496
94515,-9.775208734746307
94516,65.625
94517,-6.7577771066143155
94518,1.1442056709693567
94519,5.554683000890006
94520,-5.965101083865017
94521,-6.289623717217788
94523,0.16903022489614666
94525,14.544875875238702
94526,1.6621004566210047
94528,31.521739130434785
94530,4.721420380402547
94531,1.917523391475107
94533,4.404473962022102
94534,10.65518992755754
94535,-6.222760290556901
94536,-3.2906491959499706
94538,-1.3674347936186377
94539,2.120181839018986
94541,2.604658243263815
94542,18.10885743470013
94544,-1.2767254849651282
94545,3.708262809663025
94546,3.332956983177148
94547,3.091844813935075
94548,43.0622009569378
94549,-3.6924222425288526
94550,-2.3358211902223274
94551,-9.619509992096646
94552,0.4097534761872775
94553,-1.3789499075339713
94555,0.03717768276814404
94556,-1.7847252138593146
94558,-5.148869813603043
94559,0.4806151874399231
94560,4.205997277955833
94561,8.901112333455567
94562,
94563,1.235726575942437
94564,-1.1272309779772467
94565,7.778811104341041
94566,0.3199928890469101
94567,11.993769470404985
94568,35.11283484476891
94569,29.381443298969074
94571,10.907172995780591
94572,-8.50206408492235
94573,434.99999999999994
94574,-13.989010989010989
94575,-10.732538330494037
94576,59.813084112149525
94577,0.24047509514449417
94578,3.5528278357825758
94579,-9.709602707999288
94580,-3.1293279693991956
94582,15.253329437830205
94583,12.807853819089773
94585,-0.689072791758149
94586,2.9914529914529915
94587,-6.525539984398956
94588,-1.526311367518974
94589,-2.8346252391917752
94590,2.5785722000216005
94591,6.869206257242179
94592,2.4096385542168677
94595,-1.6504083484573502
94596,13.955270341458743
94597,2.709509335649153
94598,-3.839696328199139
94599,9.977542508822586
94601,2.6377479660382566
94602,3.342414778390591
94603,9.101083883129125
94605,0.4902846814279259
94606,0.046825004552431
94607,0.42744573297650906
94608,13.45494490862488
94609,12.695286270647745
94610,3.3488550105249733
94611,2.8332126977561782
94612,10.700692581269108
94613,-29.166666666666668
94618,4.340214897983823
94619,10.11574828822954
94621,4.034925648895908
94702,-0.3478955172807118
94703,-6.771452069816321
94704,-8.046922499195308
94705,9.618435965243673
94706,-0.9026128266033254
94707,4.757152361942781
94708,2.4018035203329577
94709,3.953646898432175
94710,15.392998229124096
94720,73.86475008167265
94801,9.291385867752052
94803,5.322117993642918
94804,9.21998031496063
94805,-1.897054921729902
94806,0.10995915802701854
94901,-3.4695032784565307
94903,2.2998186058564394
94904,3.949972294783503
94920,0.42798225819002417
94922,-8.288288288288289
94923,85.08655126498003
94924,7.618283881315156
94925,3.5062684741616548
94928,5.881409889380024
94929,183.33333333333331
94930,-0.4098360655737705
94931,5.707870479792011
94933,68.28309305373526
94937,22.45430809399478
94938,-58.56727976766699
94939,5.7776522107642325
94940,4.838709677419355
94941,2.551849373984517
94945,-11.176681890491096
94946,-17.118226600985224
94947,-3.2167563412759415
94949,8.1151985075497
94950,-81.14754098360656
94951,-20.38315883270216
94952,-5.375038816588092
94954,-0.3001357135400355
94956,-10.534236267870579
94957,56.93815987933635
94960,1.366051100430053
94963,-11.494252873563218
94964,-40.41195242239628
94965,7.372737808683248
94970,-44.21199442119944
94971,-8.542713567839195
94972,595.4545454545454
94973,-10.068792995622264
95002,-5.511811023622047
95003,-0.8652510418733876
95004,-1.9105077928607341
95005,3.070833902006278
95006,-2.546501328609389
95007,-52.887139107611546
95008,5.394477957233358
95010,-0.4844961240310077
95012,-1.0433311401447505
95013,-32.91139240506329
95014,-2.0229092881528987
95017,48.20261437908497
95018,-14.453235377225205
95019,-14.808387563268258
95020,8.085247664068552
95023,10.648844655325387
95030,2.2791586998087956
95032,4.694178613307107
95033,0.4895461499235084
95035,4.997751739095935
95037,3.300139414459271
95039,34.24270931326435
95041,88.05620608899297
95043,0.904977375565611
95045,-4.936827328029948
95046,-7.656797198344477
95050,3.705917513448894
95051,5.976842363410233
95053,-6.087202718006795
95054,-1.5743909804711094
95060,-1.7775338301420762
95062,-3.6020992366412217
95064,-1.6111277894526168
95065,-3.971161801205531
95066,-1.2703350832847236
95070,0.8529598981540419
95073,-0.722304412148638
95075,33.1764705882353
95076,-4.63084266526925
95110,4.436789882268264
95111,-7.905564716216425
95112,-5.261206660326569
95113,22.853894258101192
95116,-10.32484042458617
95117,-2.3007703319926374
95118,3.232806063083745
95119,-2.7245676027524643
95120,0.17397263884861744
95121,-5.787863990336426
95122,-9.476893397867613
95123,6.123425768045709
95124,3.492158625511937
95125,-2.6805591036823473
95126,3.462162313328486
95127,-6.623579162043007
95128,-9.779898662234258
95129,-1.078770102657155
95130,-6.415727978730847
95131,2.6031434184675835
95132,0.31086307338326724
95133,-0.5396990140114166
95134,28.902601734489657
95135,-4.51929511487843
95136,3.3658259387157408
95138,-3.6036930408021446
95139,1.7445132245357344
95140,30.0
95148,-8.220168742466855
95202,-4.686258935663225
95203,2.90259205272831
95204,6.740153057642351
95205,9.123541728985941
95206,4.9278178789561355
95207,4.390658006435946
95209,6.826905501736428
95210,2.2289329882082254
95211,2.444987775061125
95212,1.2212852573422508
95215,5.760824742268041
95219,3.170531500102606
95220,13.117453347969265
95221,
95222,4.365158461231812
95223,-17.7762982689747
95224,69.02173913043478
95225,133.71559633027522
95226,-100.0
95227,46.40198511166253
95228,4.40251572327044
95230,-9.042553191489363
95231,0.04112687641373637
95232,92.38095238095238
95233,-56.77179962894249
95236,1.5965819653699123
95237,25.180307306365634
95240,4.065697361335487
95242,4.114008121750351
95245,40.299251870324184
95246,54.64535464535465
95247,-11.526616805983283
95248,-28.37837837837838
95249,-0.20333468889792597
95251,-13.741721854304636
95252,-2.3963687337293904
95253,
95254,-67.97804208600184
95255,12.178279974890144
95257,-9.750566893424036
95258,-2.70473328324568
95301,7.718164188752424
95303,14.524421593830333
95304,4.406524122807018
95305,203.84615384615384
95306,-7.981220657276995
95307,9.319176084578928
95309,
95310,-3.898128898128898
95311,23.69614512471655
95312,5.185185185185185
95313,-33.641975308641975
95315,-2.845261545195885
95316,6.016597510373444
95317,4.867256637168142
95318,38.095238095238095
95319,-2.133965619442798
95320,-4.862498079582117
95321,30.468248877485564
95322,0.2668944165688054
95323,32.86590709903594
95324,16.050854191497816
95325,131.57894736842107
95326,8.598758522438182
95327,14.800783801436971
95328,-15.91801133885739
95329,-11.036789297658862
95330,43.311555152844676
95333,17.099406528189913
95334,2.963580099976196
95335,-70.70707070707071
95336,4.195819022176992
95337,20.4141689373297
95338,-8.28869723104857
95340,0.7935856388364393
95341,6.15914189999078
95345,-15.384615384615385
95346,-42.10233592880979
95348,5.798512747875354
95350,4.564597458027233
95351,-3.4152018621077134
95354,0.03985651654045436
95355,3.533005027539937
95356,0.0030273674013078225
95357,23.09204341509273
95358,-6.242878560719641
95360,8.983788058521155
95361,2.8324545987111893
95363,11.442041457756492
95364,
95365,-19.040667361835244
95366,6.579098974536237
95367,1.1171837325188876
95368,4.225450972134484
95369,-27.962962962962962
95370,3.1358381502890174
95372,-26.92822113241195
95374,-14.401732539252842
95375,1180.0
95376,5.092513032021539
95377,7.243312804485706
95379,5.8628318584070795
95380,4.259634888438134
95382,3.2995465457455317
95383,-19.209841495150226
95385,14.193548387096774
95386,-1.7127176381529146
95387,115.42553191489363
95388,-4.222757545699306
95389,40.51539012168933
95391,50.56551023001652
95401,-5.924188737923474
95403,-3.480383684756308
95404,-9.868547765793528
95405,13.11803372392112
95407,0.8158480273703854
95409,-2.776435606764542
95410,-16.19348054679285
95412,-37.12296983758701
95415,3.055141579731744
95417,-41.22562674094708
95419,
95420,-53.32446808510638
95421,-3.4502587694077054
95422,10.6640625
95423,-12.991094814038764
95425,7.189480654621133
95426,-23.056825604180275
95427,190.14778325123152
95428,12.484799351438996
95429,31.11111111111111
95430,-100.0
95431,-68.0672268907563
95432,25.562372188139058
95435,93.85474860335195
95436,-3.516942347840051
95437,2.5950721236800334
95439,7.862068965517241
95441,-3.7056643726839598
95442,-22.994652406417114
95443,-38.90675241157556
95444,-32.8998699609883
95445,4.248704663212435
95446,-0.4018612521150592
95448,-5.21340427940677
95449,-0.5016722408026756
95450,-4.56140350877193
95451,7.831225033288948
95452,-2.8213166144200628
95453,5.010730614910889
95454,-21.735159817351597
95456,5.729877216916781
95457,6.344015696533682
95458,4.459203036053131
95459,45.31516183986371
95460,1.512532411408816
95461,56.547857428914696
95462,-5.2128583840139004
95463,76.0
95464,-6.378132118451026
95465,-38.706516413522785
95466,-19.043238270469182
95467,1.046207497820401
95468,16.72005124919923
95469,-32.84263959390863
95470,-2.5377449405717956
95471,23.809523809523807
95472,-7.421150278293136
95476,-2.1539785408879446
95480,
95482,6.845247397868285
95485,6.634897360703812
95486,-65.82278481012658
95488,61.23348017621145
95490,13.472935598577637
95492,-5.049003041568097
95493,-33.94495412844037
95494,-22.95918367346939
95497,7.651715039577836
95501,0.3471046393498137
95503,-4.533016061867936
95511,-57.49999999999999
95514,-30.76923076923077
95519,-2.830091059602649
95521,1.881657360048801
95524,-2.0172910662824206
95525,-9.285237140948563
95526,187.38738738738738
95527,24.07079646017699
95528,24.003189792663477
95531,-0.27282175645245105
95536,4.691516709511568
95537,327.89115646258506
95538,
95540,2.9569316477394474
95542,56.30802839978154
95543,-61.98179979777553
95545,339.2857142857143
95546,-24.731789949181255
95547,11.653386454183266
95548,-15.798045602605862
95549,29.545454545454547
95550,73.17073170731707
95551,21.86648501362398
95552,-43.6
95553,0.6796116504854369
95554,18.560606060606062
95555,8.823529411764707
95556,-1.9830028328611897
95558,-43.57798165137615
95559,-100.0
95560,-25.18186905428092
95562,-1.4795474325500435
95563,33.77386196769457
95564,48.421052631578945
95565,-9.090909090909092
95567,-6.188466947960619
95568,10.344827586206897
95569,-70.45454545454545
95570,11.984021304926765
95571,-90.22801302931596
95573,-2.2084195997239475
95585,-5.217391304347826
95587,-100.0
95589,11.293436293436294
95595,-2.7210884353741496
95601,166.66666666666669
95602,0.5022411837770697
95603,-2.465357769143486
95604,-67.9245283018868
95605,-2.629965251754446
95606,-12.322274881516588
95607,-43.373493975903614
95608,3.8295445286401044
95610,1.7389773052455482
95612,37.664783427495294
95613,
95614,2.729357798165138
95615,13.004926108374384
95616,4.0385076296237115
95618,-2.795714440316006
95619,29.158276278695126
95620,1.9269964795256624
95621,0.4678585921275631
95623,20.192822710230317
95624,3.7709902669335493
95625,0.0
95626,-3.067993366500829
95627,6.294964028776978
95628,8.253020889388974
95629,-16.815144766146993
95630,0.9688389750079089
95631,-5.935522747815607
95632,-0.9707197918979792
95633,-12.101063829787234
95634,28.113643871820283
95635,8.96551724137931
95636,44.0251572327044
95637,-12.380952380952381
95638,1.9056261343012704
95639,1.6181229773462782
95640,17.99415590536337
95641,-8.449004224502112
95642,8.117913832199546
95645,-35.80110497237569
95646,241.0958904109589
95648,7.945237538029487
95650,6.867798665858096
95651,-5.141388174807198
95652,36.18721461187215
95653,-37.41403026134801
95655,21.095086775849424
95658,-12.288944354720305
95659,-7.38569753810082
95660,0.17233098850185044
95661,5.603989062248673
95662,2.199256411872204
95663,3.342401865526622
95664,-17.419825072886297
95665,-10.898044427567875
95666,18.05416248746239
95667,-1.7239970585832174
95668,-39.57091775923719
95669,5.941845764854614
95670,9.38580996540811
95671,
95672,9.933014354066986
95673,6.799538579851321
95674,-6.222707423580786
95675,7.7433628318584065
95676,
95677,16.360750478206015
95678,7.397377423033068
95679,104.6875
95680,-92.24137931034483
95681,5.061349693251533
95682,-1.828141499472017
95683,2.543333873319294
95684,-10.644171779141104
95685,2.8427727968510825
95686,16.94417238001959
95687,2.2102393932211424
95688,9.258402503742005
95689,16.304347826086957
95690,-30.903665814151747
95691,5.876586386879686
95692,-7.02054794520548
95693,18.976279650436954
95694,-6.886517943743938
95695,-0.5707734104334389
95697,-28.316326530612244
95698,-8.837209302325581
95699,-70.1492537313433
95701,35.890767230169054
95703,89.25459825750241
95709,22.035592881423717
95713,3.3789219629927594
95714,26.461538461538463
95715,54.929577464788736
95717,6.6115702479338845
95720,154.76190476190476
95721,-100.0
95722,0.7931538300981006
95726,-12.871503496503497
95728,118.72509960159363
95735,2450.0
95736,-37.32057416267943
95742,33.85196510477561
95746,-3.798485681654752
95747,17.663246268656714
95757,10.343683926868703
95758,3.401222314269191
95762,9.909132321561295
95765,15.95572790434642
95776,13.73818464327334
95811,43.95641811372148
95814,11.113127097886238
95815,3.581191908146528
95816,6.947442104649128
95817,9.309331927393236
95818,10.102167478277476
95819,3.512072750078395
95820,-1.6382699868938402
95821,4.7629708400962665
95822,2.346247987827736
95823,5.84836347866017
95824,-1.225149507030871
95825,9.090377474342857
95826,6.641733641017479
95827,0.37610092835039277
95828,-0.22627402111890862
95829,14.151803625487835
95830,-22.533748701973
95831,5.286844473921076
95832,15.163754499956097
95833,0.8356133993936257
95834,28.805050020303447
95835,6.086979045250861
95837,29.11392405063291
95838,8.567448950093295
95841,4.8221497737336385
95842,8.770448218698196
95843,0.22723411484879374
95864,9.676869298320403
95901,8.956259426847662
95903,22.091503267973856
95910,13.846153846153847
95912,1.6149068322981366
95913,
95914,-32.432432432432435
95915,
95916,-15.05281690140845
95917,13.670464017782718
95918,-34.00292184075968
95919,-2.1505376344086025
95920,-53.142857142857146
95922,12.737642585551331
95923,168.75
95925,-7.389162561576355
95926,8.531461365033818
95928,4.676258992805756
95929,
95930,129.12087912087912
95932,1.5647411657321684
95934,-91.33858267716536
95935,-31.61764705882353
95936,34.44444444444444
95937,-27.023581899298915
95938,3.752913752913753
95939,-45.89928057553957
95941,-38.50931677018634
95942,165.77380952380955
95943,-19.664268585131893
95944,96.96969696969697
95945,7.564213337522582
95946,-7.776192417448023
95947,-24.191810344827587
95948,6.113375324194146
95949,7.080895703046197
95950,-4.121475054229935
95951,-17.662422461638915
95953,6.14043399981048
95954,-22.19415097228602
95955,4.357459379615953
95956,41.358024691358025
95957,-16.537180910099888
95958,
95959,3.6885478829212843
95960,-18.181818181818183
95961,20.07131566371356
95962,-1.8150388936905792
95963,11.990489130434783
95965,0.9594417793283908
95966,1.7746678835817868
95968,12.427983539094651
95969,-72.90733908807621
95970,-18.53146853146853
95971,0.30441400304414
95972,
95973,7.727553831449935
95974,0.0
95975,20.414201183431953
95977,-14.780168381665106
95978,-25.757575757575758
95979,-48.69684499314129
95981,57.57575757575758
95982,-5.3406998158379375
95983,-1.4962593516209477
95984,331.7073170731707
95986,33.33333333333333
95987,7.5041322314049586
95988,1.074523396880416
95991,7.370785419565908
95993,1.3891915449989105
96001,2.162655210969223
96002,2.780662967029706
96003,-1.0381479980182857
96006,63.50974930362116
96007,5.614586875212513
96008,-17.243920412675017
96009,-32.51366120218579
96010,-86.47342995169082
96011,54.666666666666664
96013,-11.007817451933235
96014,10.191082802547772
96015,-13.446676970633694
96016,-40.816326530612244
96017,0.7042253521126761
96019,3.757311390899177
96020,5.535205535205535
96021,-5.542891421715657
96022,-9.258120078740157
96023,2.6770293609671847
96024,29.694835680751176
96025,11.902390438247012
96027,-18.504273504273506
96028,32.42846661775495
96029,-35.483870967741936
96031,-47.61904761904761
96032,4.532691536301645
96033,-40.11194029850746
96034,69.95073891625616
96035,14.027275257445032
96037,-47.389558232931726
96038,-32.47631935047362
96039,-22.848034006376196
96040,-70.41666666666667
96041,22.377134890205646
96044,31.06796116504854
96046,420.63492063492066
96047,20.085470085470085
96048,86.75400291120815
96050,2.827763496143959
96051,-13.81260096930533
96052,76.25
96054,0.0
96055,-0.8700237279198523
96056,-20.983213429256594
96057,-13.903345724907062
96058,29.439999999999998
96059,-52.77777777777778
96061,-100.0
96062,-2.3391812865497075
96063,-75.16129032258064
96064,-2.9387417218543046
96065,0.27548209366391185
96067,4.720354741810899
96068,-20.88607594936709
96069,77.74936061381074
96071,-85.1063829787234
96073,40.883013220254426
96074,10.240963855421686
96075,20.921985815602838
96076,-21.243523316062177
96078,
96080,11.095280498664293
96084,49.549549549549546
96085,-63.8095238095238
96086,1.1320754716981132
96087,14.763231197771587
96088,6.886363636363637
96090,7.3979591836734695
96091,-2.3943661971830985
96092,77.09251101321586
96093,-1.2964348042882072
96094,6.171150630794953
96096,5.23489932885906
96097,4.400575776269792
96101,-12.735166425470332
96103,-7.26643598615917
96104,85.0
96105,376.6666666666667
96106,181.8181818181818
96107,-22.63814616755793
96108,776.4705882352941
96109,91.29793510324484
96110,-77.4390243902439
96111,-61.016949152542374
96112,-41.69491525423729
96113,4.138594802694899
96114,-10.379669320269443
96115,-15.862068965517242
96116,-86.23188405797102
96117,-13.253012048192772
96118,-10.526315789473683
96119,-59.210526315789465
96120,10.209662716499544
96121,-56.71641791044776
96122,13.55745384403417
96123,55.00000000000001
96124,-1.2345679012345678
96125,25.13368983957219
96126,183.75
96128,-26.017262638717632
96129,344.44444444444446
96130,4.790272962546999
96132,-86.0655737704918
96133,2.73224043715847
96134,14.607893388006152
96135,-44.21052631578947
96136,5.263157894736842
96137,-18.106081643987782
96140,49.38725490196079
96141,70.11494252873564
96142,63.667820069204154
96143,-3.6923076923076925
96145,28.05486284289277
96146,11.359223300970873
96148,-26.143024618991795
96150,1.2163694464488197
96155,
96161,4.229952637595949
96701,4.095178459611772
96703,56.1814556331007
96704,10.474589421957843
96705,-17.598566308243726
96706,15.564769161810846
96707,4.509077123962765
96708,20.926567916797982
96710,12.658227848101266
96712,11.29010784183198
96713,-31.82161753590325
96714,55.66382460414129
96716,-23.586483773837404
96717,-12.014680316785784
96719,-20.072771376591874
96720,3.866186309830159
96722,2.4892292963140257
96725,55.58555518056024
96726,-96.83794466403161
96727,-17.895652173913042
96728,-19.80582524271845
96729,0.20935101186322402
96730,13.763608087091757
96731,-11.576910673976137
96732,-8.015199403387903
96734,0.08281493750361112
96737,-25.215562565720294
96738,23.117006158218853
96740,9.104979452420345
96741,-5.633802816901409
96742,-41.86046511627907
96743,-8.454594448935596
96744,6.1439993922473555
96746,3.6502632644795465
96747,75.40983606557377
96748,16.509775524981897
96749,4.0418824589056515
96750,5.236686390532545
96751,474.074074074074
96752,-7.095471589270262
96753,3.48666547342044
96754,49.506970418225094
96755,5.351586807716242
96756,-0.3262922891980079
96757,27.413793103448274
96759,0.0
96760,36.595595945473605
96761,-1.2842320122469808
96762,-10.48062015503876
96763,0.46831095847642834
96764,-25.563909774436087
96765,64.34977578475336
96766,-3.5502958579881656
96768,3.4765733296368175
96769,-14.87603305785124
96770,-36.99186991869919
96771,-14.997064004697592
96772,23.905109489051096
96773,175.0
96774,61.53846153846154
96776,7.107320540156362
96777,-1.9124308002013084
96778,-5.112393077382136
96779,-15.741367637102236
96780,-37.80487804878049
96781,20.666666666666668
96782,0.7476489436527991
96783,-14.065708418891171
96785,34.181240063593
96786,-4.340436950736824
96789,-0.22025623141588047
96790,-7.377551020408163
96791,-18.166751657317697
96792,4.640550836236224
96793,2.1709882583170255
96795,-1.4909681735639875
96796,4.331550802139037
96797,-4.233990635098595
96813,10.695552049127894
96814,14.90771175726928
96815,5.462496583499277
96816,0.544360425986777
96817,-3.226032190342897
96818,-1.4274290964152645
96819,-3.7522071806945263
96820,
96821,-0.02126980750824205
96822,-4.17242920062129
96825,4.338885461649188
96826,-5.130308575755663
96848,
96850,
96853,-12.26890756302521
96857,60.528144544822794
96858,
96859,-100.0
96860,90.0
96863,5282.978723404256
97001,4.0431266846361185
97002,10.827913517314116
97003,
97004,12.30967741935484
97005,4.069372024484244
97006,-35.85786022163108
97007,-32.575589150733656
97008,1.514275019566475
97009,0.18774935461159353
97011,48.76441515650741
97013,5.037037037037037
97014,8.357558139534884
97015,9.851675517304523
97016,-0.25883069427527405
97017,5.04127358490566
97018,-13.045610593428151
97019,-11.303809228863425
97020,6.475485661424607
97021,17.95744680851064
97022,-13.115197404002163
97023,9.039056457849961
97024,9.869931140015302
97026,-24.129677980852914
97027,-0.3364306312079462
97028,123.52941176470588
97029,41.30434782608695
97030,3.571428571428571
97031,1.275350198620113
97032,-4.8422744625276275
97033,97.01492537313433
97034,10.81109699279966
97035,2.7998115133904027
97037,-13.594232749742533
97038,2.32398753894081
97039,-16.24548736462094
97040,21.240199572344977
97041,27.914481645824928
97042,-11.343547436652916
97045,4.947047994021254
97048,7.024246877296106
97049,30.22636484687084
97050,15.789473684210526
97051,10.409717414563534
97053,20.53982883475971
97054,-34.31715857928965
97055,7.119069716656658
97056,8.21566110397946
97057,500.0
97058,4.092837534314949
97060,-1.3234114606541307
97062,1.2958280657395702
97063,-6.8108108108108105
97064,8.526645768025078
97065,26.642335766423358
97067,-23.35456475583864
97068,2.0658098378305634
97070,7.776165803108809
97071,9.736915367483297
97078,
97080,9.066524845654033
97086,8.568854482965731
97089,12.156832418219782
97101,-2.8228828378715964
97102,116.49484536082475
97103,0.9751423256862634
97106,-4.809419277589304
97107,31.90899001109878
97108,66.08315098468272
97109,-9.195402298850574
97110,-0.587248322147651
97111,21.571512654502648
97112,-8.855291576673865
97113,1.4901110810078568
97114,4.232693911592994
97115,-7.560460201925334
97116,11.436972543628517
97117,32.213740458015266
97118,-14.66030989272944
97119,25.185528756957325
97121,18.12543073742247
97122,6.267806267806268
97123,1.1262347685660956
97124,1.7001978276286813
97125,-62.39316239316239
97127,9.99498997995992
97128,1.7899412218410065
97130,173.00380228136882
97131,4.272470777912132
97132,6.62463792809678
97133,43.45312892686605
97134,-10.0
97135,98.38107098381072
97136,28.936423054070115
97137,-13.578394598649663
97138,11.783976968132631
97140,13.109537825153131
97141,-5.425382511641659
97144,44.15584415584416
97145,-35.816618911174785
97146,18.17604067365745
97147,11.428571428571429
97148,-21.242697822623473
97149,-29.069767441860467
97201,-0.33018330866446544
97202,3.550688568110171
97203,-2.23532517820998
97204,-4.273504273504273
97205,24.417298511654028
97206,0.8034744842562433
97208,
97209,23.856545707881505
97210,2.8348749571771155
97211,-1.3770943309616708
97212,4.8907935791887525
97213,-1.4682195514806096
97214,12.827781715095677
97215,-0.8863370310496683
97216,1.969378214118747
97217,1.6226294170769366
97218,-2.969915145281563
97219,6.115471661771079
97220,-7.680911305721999
97221,6.3981234328237475
97222,3.039065758376199
97223,0.9524770457067905
97224,7.617423016970089
97225,2.1214252226910455
97227,33.369191049913944
97229,14.50562916443287
97230,4.801424129976933
97231,-3.6432160804020097
97232,16.136805285658763
97233,-10.41879955239161
97236,-3.0813924616377815
97239,9.920872797026735
97258,
97266,2.7677877837557903
97267,-3.3259836651035686
97301,-1.785682620183356
97302,7.505260696750058
97303,2.986232790988736
97304,11.463637550594072
97305,5.87820030120482
97306,18.34067050457162
97310,
97317,5.0359128352879114
97321,11.649219535819395
97322,6.366223090851609
97324,0.31520882584712373
97325,-3.6229872293170464
97326,-15.609756097560975
97327,-4.490828589500316
97329,-61.142857142857146
97330,6.9714067132064645
97331,29.271862422246613
97333,3.5850838918627144
97335,
97336,
97338,8.481788002057325
97341,35.638297872340424
97342,-18.30985915492958
97343,126.16822429906543
97344,31.020408163265305
97345,2.1176470588235294
97346,41.81568088033013
97347,-31.85219831618335
97348,14.997104806022005
97350,-45.76923076923077
97351,6.508649526904329
97352,-2.3038698991115796
97355,12.985177524991382
97357,-45.11784511784512
97358,-10.182088442958008
97360,-14.759859429910192
97361,15.251211425656722
97362,-4.176388240783948
97364,-1.7751479289940828
97365,-3.49911190053286
97366,28.50649350649351
97367,21.05206424490676
97368,-12.947976878612716
97369,45.744680851063826
97370,10.174976030680728
97371,39.54022988505747
97373,-7.526881720430108
97374,-22.085341903231566
97375,-14.850223072020396
97376,-9.637561779242175
97377,-38.45338983050847
97378,25.482947770093013
97380,-20.820406756290936
97381,-0.025756600128783003
97383,8.526121429347237
97384,
97385,19.008515815085158
97386,7.074980925296524
97388,-0.4329004329004329
97389,-11.194429566148902
97390,-37.04156479217604
97391,14.68478671196678
97392,10.063523905048479
97394,8.291203235591507
97396,4.623555139019056
97401,13.096103774248785
97402,1.3675279155733466
97403,23.14315603122234
97404,2.5137329830427513
97405,1.0976877110937906
97406,4228.571428571428
97408,15.801442910915936
97410,-45.22613065326633
97411,-2.319381498267129
97412,43.86363636363637
97413,9.582309582309582
97414,33.33333333333333
97415,3.3287799266661873
97416,2.2913256955810146
97417,-6.504065040650407
97419,-35.18360375747225
97420,3.3827414147343706
97423,-9.63672290621675
97424,2.641130158021107
97426,8.077493118780437
97429,-1.6766467065868262
97430,16.149068322981368
97431,16.809933142311365
97432,
97434,-11.099020674646356
97435,32.07739307535641
97436,-17.96966161026838
97437,-7.626488095238096
97438,42.10526315789473
97439,9.942342849107018
97441,-16.766467065868262
97442,2.6799789805570153
97443,35.428809325562035
97444,6.9961838996910775
97446,2.367424242424242
97447,10.246679316888045
97448,15.26573095726226
97449,-4.943820224719101
97450,102.38095238095238
97451,86.37873754152824
97452,-7.103218645948946
97453,-12.2533748701973
97454,-22.366522366522368
97455,-15.781600598354526
97456,8.466507990479428
97457,-3.766610050954141
97458,3.0789245446660884
97459,10.49618320610687
97461,43.42105263157895
97462,12.93836344314559
97463,4.821192052980132
97465,-23.84972562262558
97466,33.085896076352064
97467,8.608608608608609
97469,7.478797224363917
97470,-2.5457519681014213
97471,6.988031914893616
97473,-3.669724770642202
97476,43.127962085308056
97477,1.6567068615942802
97478,1.841381814409461
97479,7.973072472914694
97480,2.5
97481,3.034300791556728
97484,25.0
97486,6.5015479876160995
97487,-1.3107775039211293
97488,-23.675213675213673
97489,1.8867924528301887
97490,54.4891640866873
97492,49.4269340974212
97493,-3.571428571428571
97494,-9.67741935483871
97495,-2.1230266739248775
97496,-3.59740775029758
97497,-21.240024554941684
97498,27.03542573026725
97499,-6.505771248688353
97501,0.6380319673748602
97502,5.170307559643575
97503,14.543449145198139
97504,5.570507069930368
97520,5.5317119694802095
97522,3.723404255319149
97523,-3.5516259553424243
97524,9.30556522950477
97525,12.311161217587372
97526,3.258797018547409
97527,6.83371298405467
97530,32.85647644223293
97531,-63.27231121281465
97532,4.538087520259319
97534,5.196850393700787
97535,-8.983717012914093
97536,7.87037037037037
97537,-7.737686925504185
97538,33.56510745891277
97539,-5.081240768094535
97540,5.019445794846864
97541,27.64423076923077
97543,3.304347826086956
97544,-11.022297013041648
97601,-0.40637699281025325
97603,11.31128377913773
97604,-100.0
97620,-80.59701492537313
97621,97.52066115702479
97622,-55.75396825396825
97623,8.634538152610443
97624,0.99805932908234
97625,-65.26610644257703
97626,961.9047619047618
97627,-8.403361344537815
97630,1.187057246793031
97632,4.145077720207254
97633,32.69565217391304
97634,123.61809045226131
97635,61.21495327102804
97636,-14.838709677419354
97637,82.53968253968253
97638,-5.947136563876652
97639,-94.59901800327333
97640,64.55696202531645
97641,20.40990606319385
97701,-36.99595399372642
97702,12.015727503899823
97703,
97707,0.30125257650229903
97709,
97710,-50.0
97711,-30.909090909090907
97712,-12.121212121212121
97720,2.7998133457769483
97721,-32.515337423312886
97722,-58.75
97730,24.90272373540856
97731,-27.00534759358289
97732,-21.11111111111111
97733,37.24340175953079
97734,19.223424570337365
97735,118.05555555555556
97736,15.463917525773196
97737,-30.704225352112672
97738,30.404217926186295
97739,16.463783130449798
97741,11.788278510602773
97750,33.5548172757475
97751,168.1818181818182
97752,-100.0
97753,43.81513366560942
97754,11.662608155017875
97756,18.93966294283139
97758,-42.73504273504273
97759,13.915234143449911
97760,18.54264505377973
97761,-29.497816593886462
97801,3.4092530074651703
97810,14.426229508196723
97812,-4.021739130434782
97813,18.006430868167204
97814,2.5482876156468106
97817,105.55555555555556
97818,21.941026236359416
97819,-21.73913043478261
97820,8.803827751196172
97823,9.730848861283643
97824,5.929919137466308
97825,36.577181208053695
97826,18.02788844621514
97827,10.878839590443686
97828,4.860228716645489
97830,-15.220293724966622
97833,-34.619289340101524
97834,71.58273381294964
97835,51.5527950310559
97836,18.26086956521739
97837,-36.708860759493675
97838,6.045995484636284
97839,3.5211267605633805
97840,-52.87356321839081
97841,-19.77124183006536
97842,-46.540880503144656
97843,18.086696562032888
97844,-9.197700574856286
97845,-16.424418604651162
97846,11.700975081256772
97848,-23.487544483985765
97850,-1.9381443298969074
97856,60.64516129032258
97857,20.408163265306122
97859,197.46835443037975
97862,8.366672464776483
97864,65.73033707865169
97865,1.5232974910394266
97867,12.979683972911966
97868,-17.194805194805195
97869,-2.596053997923157
97870,7.011070110701106
97873,-24.774774774774773
97874,-3.430079155672823
97875,-16.222293607452617
97876,43.70860927152318
97877,13.523131672597867
97880,7.4074074074074066
97882,2.3429584599797364
97883,8.558178752107926
97884,-39.603960396039604
97885,14.505119453924914
97886,-28.18181818181818
97901,-11.402359108781127
97902,
97903,-87.75510204081633
97904,2.3041474654377883
97905,-28.27586206896552
97906,13.380281690140844
97907,78.22014051522248
97908,-47.91666666666667
97909,-75.55555555555556
97910,25.903614457831324
97911,-17.46031746031746
97913,3.752131893121091
97914,5.638837023206189
97917,
97918,2.6906878802058958
97920,-81.81818181818183
98001,9.311049437311294
98002,7.464603707487957
98003,6.790804119421616
98004,14.228626432925939
98005,17.587403255938085
98006,6.77392495501061
98007,-1.370108034628318
98008,9.016195310611554
98010,17.439632042928324
98011,-14.671659342699758
98012,21.78629571721014
98014,7.711864406779662
98019,-4.024161987408541
98020,-4.147031102733271
98021,14.746196222455405
98022,2.906625806751172
98023,-0.013783597518952445
98024,-16.581590647126625
98025,
98026,8.28016643550624
98027,-5.72123340876085
98028,6.764639385032783
98029,14.054567369151538
98030,4.950227223544687
98031,11.592298616325216
98032,6.280219481718912
98033,6.236203090507726
98034,22.571781198332673
98036,7.151207115628972
98037,4.69212343243624
98038,7.831805500199282
98039,-9.138949331675473
98040,2.810077519379845
98042,4.87851540080352
98043,2.031354555013861
98045,7.483088081456168
98047,1.7701683110853164
98050,-85.48707753479125
98051,1.4312218393851046
98052,18.50239843067539
98053,2.8461712220465327
98055,2.7205449499621563
98056,1.301469763267138
98057,-2.4066009626403853
98058,-1.4138666791718446
98059,10.777215863721054
98065,5.828525959816988
98068,82.69896193771626
98070,13.533990659055526
98072,7.400574885237463
98074,14.17111315547378
98075,4.776950900095622
98077,-1.611459265890779
98087,10.91116293861974
98092,13.069766404140918
98101,31.382978723404253
98102,4.550054649232886
98103,0.9594239564075119
98104,6.427207805981758
98105,6.73484977083687
98106,7.616979119036732
98107,15.526574803149607
98108,-1.5413938841468469
98109,19.439300792533885
98110,4.187597619148128
98112,-5.11326860841424
98115,5.694544184150767
98116,8.472795205106252
98117,7.453138946742041
98118,4.431623931623931
98119,3.4749960057517173
98121,24.875501032430464
98122,10.727126375100617
98125,7.818052594171997
98126,-9.666095890410958
98133,5.230419508162844
98134,0.9478672985781991
98136,6.453189929112686
98144,5.478119935170178
98146,1.8160727879073475
98148,-5.550629544245433
98154,
98155,3.2349866418863975
98158,
98164,88.18897637795276
98166,5.159958720330237
98168,10.320732743697082
98174,
98177,4.1226945458131965
98178,-1.9025624106455516
98188,7.293778262903477
98195,4511.538461538461
98198,4.508614674467286
98199,3.227146814404432
98201,6.352573018080668
98203,4.113345521023766
98204,1.3682982549944103
98207,-18.357142857142858
98208,4.640703084611408
98220,-11.638591117917304
98221,9.023163090943612
98222,108.92857142857142
98223,9.617075895509972
98224,-6.382978723404255
98225,-2.0104170776940378
98226,9.525977760736197
98229,9.009382779089806
98230,12.159392331806124
98232,-10.456922027733576
98233,12.116402116402117
98235,432.7102803738318
98236,12.678393627613675
98237,15.495244722802134
98238,309.09090909090907
98239,7.445460942997889
98240,21.70515097690941
98241,2.234902520209225
98243,-47.89473684210526
98244,22.858211747100636
98245,8.26271186440678
98247,-19.696538643907065
98248,13.206839032527107
98249,5.096153846153846
98250,14.635083226632522
98251,18.822637695805962
98252,3.457280133695425
98253,39.00990099009901
98255,164.40677966101697
98256,-15.649867374005305
98257,13.749365804160323
98258,51.00456757321551
98260,-2.981610426709516
98261,20.247295208655334
98262,6.629834254143646
98263,102.27272727272727
98264,10.899250211033317
98266,-3.18424890617404
98267,-63.04849884526559
98270,4.364844027991935
98271,8.797411468632033
98272,2.4696121937102062
98273,0.026296758924462562
98274,5.766461201682124
98275,1.496437054631829
98276,178.78787878787878
98277,5.376203089349873
98278,30.902004454342986
98279,-4.5101088646967336
98280,-8.294930875576037
98281,-0.15987210231814547
98282,10.338357620864343
98283,84.92063492063492
98284,5.780324737344795
98286,-4.819277108433735
98288,5.263157894736842
98290,17.125400229121993
98292,18.09178854706341
98294,5.918827508455468
98295,21.223021582733814
98296,-8.341963718972371
98297,-5.172413793103448
98303,25.46439628482972
98304,24.327956989247312
98305,-17.307692307692307
98310,3.888888888888889
98311,-0.6926656805801075
98312,5.309849967384214
98314,-30.008944543828264
98315,-4.922931739540736
98320,33.00448430493274
98321,7.461928934010152
98323,-12.78295605858855
98325,1.6472203157172274
98326,65.27131782945736
98327,5.994463373083475
98328,8.35666148263349
98329,1.6760282659902155
98330,-76.0
98331,-13.538649184326879
98332,14.024531358481832
98333,-5.301455301455301
98335,11.437440305635148
98336,-25.47051442910916
98337,26.33016968651136
98338,19.531020288150543
98339,2.138871667699938
98340,-12.73905996758509
98342,-1.0174418604651163
98345,-37.85557986870897
98346,-2.607421875
98349,15.086599817684595
98350,-15.384615384615385
98351,27.885714285714286
98353,-60.0
98354,14.185590131763387
98355,-22.62396694214876
98356,0.5949851253718658
98357,-1.6497461928934012
98358,-18.634686346863468
98359,7.167908811924595
98360,13.911919068989123
98361,-41.5041782729805
98362,4.3005269420363765
98363,1.4200511218403862
98364,-53.278688524590166
98365,9.085252022401992
98366,12.833418728713946
98367,7.006587976942081
98368,10.166095779745362
98370,8.480507047832834
98371,10.67077574998796
98372,6.275344280724295
98373,27.736513730317046
98374,17.159169817143738
98375,5.889805730621792
98376,16.454997239094425
98377,36.37400228050171
98380,22.010928961748633
98381,-12.962962962962962
98382,11.8025283347864
98383,12.044100999163263
98385,59.450171821305844
98387,8.65032880130252
98388,7.304824227667021
98390,4.116793616249546
98391,13.341870422986112
98392,5.98941098610192
98394,-9.855072463768117
98396,-2.8700906344410875
98402,11.114594764069603
98403,9.635947046843176
98404,6.274706472358252
98405,2.5181679905357446
98406,-2.543019411714843
98407,-2.1476385273335814
98408,11.43570017673355
98409,19.339249260509103
98416,-18.065153010858836
98418,2.8775510204081636
98421,-27.522935779816514
98422,5.25160982590031
98424,8.694866232827188
98430,
98433,5.530192986096701
98438,12.449799196787147
98439,4.355016538037487
98443,2.2357019064124786
98444,2.4655946689844996
98445,6.273770334622392
98446,36.517186882655075
98447,39.113428943937414
98465,15.637480798771122
98466,9.975765905884906
98467,-7.77852226350734
98498,-1.5779023999442685
98499,12.845973674661037
98501,11.54918833877619
98502,8.093891574690627
98503,11.747752511898467
98505,
98506,6.1919157989026985
98512,3.0737293243152752
98513,6.898644547845438
98516,17.086183899143755
98520,5.407685493736027
98524,-5.267877157587985
98526,-26.778242677824267
98527,-22.53968253968254
98528,22.727272727272727
98530,-5.1020408163265305
98531,7.235008361869874
98532,11.309001212425269
98533,47.88732394366197
98535,-44.0
98536,-100.0
98537,47.23445912873226
98538,35.49488054607509
98539,
98541,0.532609787961009
98542,26.654740608228984
98544,-83.72093023255815
98546,-3.3257254646234107
98547,-12.491178546224418
98548,27.357563850687622
98550,11.450659390632104
98552,-58.872305140961856
98555,-43.198090692124104
98556,
98557,28.01977139326537
98558,-82.90598290598291
98559,-100.0
98560,-60.20942408376963
98562,
98563,2.7125506072874495
98564,43.39796860572484
98565,-42.323097463284384
98566,
98568,-5.166846071044134
98569,14.320987654320987
98570,0.13602357742008614
98571,-87.31218697829716
98572,-4.305043050430505
98575,-10.666666666666668
98576,-2.5606726543091916
98577,13.697362332253588
98579,6.236030397854269
98580,-0.42593880389429767
98581,21.776504297994272
98582,9.25925925925926
98583,54.83870967741935
98584,4.20995817028741
98585,-12.386706948640484
98586,12.121212121212121
98587,17.094017094017094
98588,7.343857240905971
98589,2.167352537722908
98590,-14.47084233261339
98591,17.3064619321817
98592,44.48788115715402
98593,20.049710024855013
98595,1.6251354279523293
98596,2.9440088045123125
98597,12.24295835493347
98601,-13.405690818421826
98602,2.479338842975207
98603,-1.1608623548922055
98604,2.1185510428100987
98605,27.012025901942643
98606,3.3854166666666665
98607,10.552174464308356
98609,
98610,-12.376847290640395
98611,-6.063958165728077
98612,18.648355619804843
98613,91.11111111111111
98614,282.7338129496403
98616,-45.89041095890411
98617,-34.899749373433586
98619,59.95145631067961
98620,1.5804982587731047
98621,-39.52941176470588
98623,
98624,-3.1782065834279227
98625,3.7695698434412526
98626,13.35964396674784
98628,6.504065040650407
98629,25.810185185185187
98631,-5.285234899328859
98632,1.8512211247570773
98635,15.497076023391813
98638,21.85792349726776
98639,12.242899118511264
98640,13.57684355616816
98641,175.0
98642,33.43116328708645
98643,8.071748878923767
98644,174.89539748953976
98645,60.18808777429467
98647,0.36900369003690037
98648,17.20430107526882
98649,-26.238053866203302
98650,28.950159066808055
98651,9.639953542392567
98660,4.857621440536013
98661,7.9345169870893795
98662,13.644447169927027
98663,12.74581743469328
98664,7.791190563951346
98665,3.39635206629916
98670,45.23809523809524
98671,4.413437144606771
98672,8.111866501854141
98673,-2.9013539651837523
98674,27.513012361743655
98675,3.479010925819436
98682,18.45384765382638
98683,-7.536980511857244
98684,33.711078928312816
98685,6.087137794454868
98686,4.449195683160252
98801,3.605291152120624
98802,6.757754800590841
98811,300.0
98812,6.83743842364532
98813,7.1524513096037605
98814,73.73737373737373
98815,-1.753930102637391
98816,9.141230428594021
98817,17.21311475409836
98819,-9.29203539823009
98821,76.98630136986301
98822,6.327077747989277
98823,11.672704780418838
98824,-50.641025641025635
98826,10.744634884055884
98827,82.12927756653993
98828,-25.252161383285305
98829,-10.393258426966293
98830,3.4990791896869244
98831,27.986577181208055
98832,-51.42857142857142
98833,-3.1645569620253164
98834,57.05128205128205
98836,-15.259117082533589
98837,12.312549329123915
98840,1.5093537414965985
98841,4.15819209039548
98843,12.431077694235588
98844,-5.76506285218899
98845,-37.42138364779874
98846,-0.7189072609633357
98847,39.69594594594595
98848,8.14487190186097
98849,-13.338595106550907
98850,-5.45945945945946
98851,24.484906564446575
98852,357.14285714285717
98853,-100.0
98855,0.5019906525878484
98856,-12.324438202247192
98857,-2.850095916689504
98858,-15.56366955727978
98859,88.77005347593582
98860,-22.108843537414966
98862,44.298451431252936
98901,5.655198825556903
98902,-0.711228328072982
98903,24.610371209974495
98908,5.618069590866882
98921,-100.0
98922,14.077085215296597
98923,-26.119402985074625
98925,-5.663716814159292
98926,-0.12358266135261223
98930,-8.473856605604755
98932,-8.753514526710402
98933,2.2241231822070144
98934,-5.834092980856882
98935,30.96021537541131
98936,26.18700372711068
98937,26.38812534359538
98938,-45.6879709740441
98939,16.883116883116884
98940,1.99501246882793
98941,24.548192771084338
98942,2.1566851579304878
98943,-17.91044776119403
98944,12.182514927368327
98946,-33.51648351648351
98947,-13.826167646149088
98948,-0.3979490319124512
98950,-82.11920529801324
98951,-2.802425317953268
98952,-28.90721649484536
98953,0.2847785846504343
99001,29.495973754846403
99003,2.987164527421237
99004,9.809156531197468
99005,16.021302562964607
99006,9.113764927718417
99008,-64.79550922213312
99009,42.714746408677804
99011,7.567567567567568
99012,50.5420054200542
99013,-9.216867469879517
99014,
99016,41.1409251133012
99017,35.32934131736527
99018,-6.049822064056939
99019,10.305377893883435
99020,
99021,14.922303473491775
99022,2.0380434782608696
99023,71.22557726465364
99025,11.443177349587103
99026,-9.354143135845568
99027,-2.4338451486442336
99029,55.15097690941385
99030,-39.157245632065774
99031,-6.879194630872483
99032,48.114630467571644
99033,-23.375363724539284
99034,21400.0
99036,5.5290102389078495
99037,13.347504214615554
99039,140.8450704225352
99040,-9.563994374120956
99101,24.80916030534351
99102,-7.454545454545454
99103,23.81930184804928
99105,-22.5
99109,-8.779123951537745
99110,-10.287813839559094
99111,-6.957328385899815
99113,-22.05056179775281
99114,7.559395248380129
99115,-5.846153846153846
99116,-8.615567439096852
99117,28.798185941043087
99118,29.817708333333332
99119,34.81745325022262
99121,210.2803738317757
99122,10.511908020804817
99123,-16.796875
99124,-16.408668730650156
99125,17.669172932330827
99126,-10.944808231992516
99128,18.930041152263374
99129,-15.024630541871922
99130,4.648241206030151
99131,-24.22360248447205
99133,-17.49550629119233
99134,3.2490974729241873
99135,25.20775623268698
99136,-26.08695652173913
99137,-3.6231884057971016
99138,-9.59016393442623
99139,-47.019867549668874
99140,27.3542600896861
99141,22.440866626913138
99143,6.1443932411674345
99144,-17.391304347826086
99146,-21.333333333333336
99147,10.144927536231885
99148,24.367088607594937
99149,-3.482587064676617
99150,-37.41648106904232
99151,35.82089552238806
99152,-26.53061224489796
99153,22.033898305084744
99154,22.58064516129032
99155,-15.703192407247627
99156,13.539723983588214
99157,-10.884353741496598
99158,-0.96
99159,-26.426799007444167
99160,-74.8663101604278
99161,1.9402985074626864
99163,-0.49708806400376493
99166,-5.106658047834518
99167,33.58070500927644
99169,5.722763883001272
99170,-5.632411067193676
99171,-1.6243654822335025
99173,23.246753246753247
99174,-33.33333333333333
99176,-42.616033755274266
99179,13.827655310621243
99180,-34.885764499121265
99181,-0.15535991714137753
99185,6.784888203546647
99201,5.362029435692627
99202,5.122640557181791
99203,4.780515704685191
99204,13.480662983425415
99205,2.8829373851129674
99206,16.181335068597146
99207,7.250091541559868
99208,8.580494633691087
99212,6.881993896236012
99216,3.2016632016632016
99217,10.026474398693178
99218,-1.8362432269717037
99223,10.93506410868251
99224,18.904069626100064
99251,
99258,
99301,10.338487038044182
99320,8.67396725577361
99321,140.3954802259887
99322,140.23668639053255
99323,10.560796645702306
99324,3.1320368474923233
99326,-6.080865966252786
99328,-0.43419267299864317
99329,-23.52941176470588
99330,-34.96659242761693
99333,68.51851851851852
99335,-37.362637362637365
99336,0.469768443304821
99337,6.942165036434058
99338,14.679358717434871
99341,-0.9421265141318977
99343,10.338345864661653
99344,10.566632871465584
99345,17.142857142857142
99346,-15.837104072398189
99347,6.069868995633188
99348,26.090404440919908
99349,-21.166125824348374
99350,3.5139834806549772
99352,18.002915451895042
99353,20.063108072574284
99354,10.782241014799155
99356,77.00534759358288
99357,-6.6713648108996955
99359,-29.577464788732392
99360,-3.5148173673328738
99361,-6.7114093959731544
99362,4.131071368069505
99363,-70.82066869300911
99371,-31.788079470198678
99401,61.60337552742617
99402,-3.2766990291262137
99403,0.04898359049718344
99501,-3.41840318426598
99502,7.1495613140175465
99503,-7.667544629792215
99504,-2.900785085742748
99505,-11.949976841130153
99506,-3.6388697450034457
99507,-7.824156534758255
99508,7.248903385445956
99513,
99515,-10.649812037840293
99516,1.1325659116227256
99517,-3.9203009286469963
99518,2.7190632132579142
99519,275.98425196850394
99530,
99540,11.418685121107266
99546,90.76923076923077
99547,-45.09803921568628
99548,-47.368421052631575
99549,5.0
99550,-42.05607476635514
99551,-31.85550082101806
99552,-24.937027707808564
99553,13.732833957553058
99554,54.82993197278911
99555,-36.31578947368421
99556,5.506692160611855
99557,7.0359281437125745
99558,-18.681318681318682
99559,-5.518288824199469
99561,3.7037037037037033
99563,-66.01101494885917
99564,54.285714285714285
99565,-38.095238095238095
99566,-20.652173913043477
99567,-18.077904783042946
99568,73.30960854092527
99569,-41.509433962264154
99571,115.45454545454545
99572,-59.72461273666093
99573,31.71875
99574,-18.707271597265382
99575,-68.88888888888889
99576,6.180469715698393
99577,-0.30485643388869194
99578,-4.426559356136821
99579,-33.33333333333333
99580,-42.04545454545455
99581,69.46264744429882
99583,51.470588235294116
99585,-36.20178041543027
99586,101.59574468085107
99587,-15.405284370801612
99588,88.83495145631069
99589,-43.80952380952381
99590,27.27272727272727
99591,-32.94117647058823
99602,37.12871287128713
99603,8.73015873015873
99604,-30.529054640069386
99605,194.0
99606,-28.353658536585364
99607,-0.7843137254901961
99608,
99609,-40.61068702290076
99610,-7.785888077858881
99611,-6.293188548864759
99612,10.468594217347956
99613,9.178743961352657
99614,-13.201820940819422
99615,-3.243616287094548
99620,75.20661157024794
99621,-20.425531914893615
99622,68.76790830945558
99623,
99624,9.523809523809524
99625,-70.52631578947368
99626,-18.944099378881987
99627,-37.22222222222222
99628,-23.10513447432763
99630,45.16129032258064
99631,-23.404255319148938
99632,7.804878048780488
99633,-17.87819253438114
99634,116.70951156812339
99635,
99636,6.5371024734982335
99637,73.43453510436433
99638,-52.0
99639,24.39516129032258
99640,-55.84415584415584
99641,13.911845730027547
99643,-46.55172413793103
99644,-48.924731182795696
99645,5.3118492472604375
99647,-27.77777777777778
99648,-13.26530612244898
99649,4.3478260869565215
99650,-40.25157232704403
99651,53.333333333333336
99652,15.283342873497425
99653,0.6369426751592357
99654,-28.09155521841658
99655,41.41546526867628
99656,-42.857142857142854
99657,-72.70114942528735
99658,85.67119155354449
99659,-30.158730158730158
99660,-27.291666666666664
99661,-22.71386430678466
99662,-6.8139963167587485
99663,-8.027522935779817
99664,-11.362196409714889
99665,3.1746031746031744
99666,-55.970149253731336
99667,10.185185185185185
99668,-14.117647058823529
99669,12.026295436968292
99670,12.76595744680851
99671,30.8
99672,2.1470588235294117
99674,-7.575757575757576
99675,
99676,23.79603399433428
99677,-66.94214876033058
99678,1.201923076923077
99679,5.0691244239631335
99680,71.9077568134172
99681,49.501661129568106
99682,-42.67782426778243
99683,-15.673289183222957
99684,8.201438848920864
99685,-21.630506245890864
99686,0.7133757961783439
99688,6.426931905126243
99689,-13.629402756508421
99690,-66.98113207547169
99691,-26.01626016260163
99692,211.3821138211382
99693,-12.723214285714285
99694,-18.00367421922841
99695,
99701,3.9016356201726485
99702,4.099173553719009
99703,4.658348187759953
99704,63.33333333333333
99705,0.2981932994211542
99706,550.0
99707,
99709,-10.778480813422735
99712,-8.87340135076879
99714,-18.90091590341382
99720,37.634408602150536
99721,-23.448275862068964
99722,19.16167664670659
99723,9.788478847884788
99724,61.111111111111114
99725,
99726,-67.46987951807229
99727,2.711323763955343
99729,-46.81818181818182
99730,107.6923076923077
99732,-33.33333333333333
99733,-58.333333333333336
99734,-12.376847290640395
99736,24.342105263157894
99737,-7.4496234479951156
99738,75.75757575757575
99739,-1.0135135135135136
99740,-15.0
99741,32.55813953488372
99742,-38.52813852813853
99743,-26.582278481012654
99744,9.734513274336283
99745,-55.84415584415584
99746,-54.95049504950495
99747,11.049723756906078
99748,19.393939393939394
99749,28.87537993920973
99750,13.421828908554573
99751,-12.5
99752,-2.9806259314456036
99753,20.967741935483872
99754,37.03703703703704
99755,7.074340527577938
99756,-78.75
99757,-30.0
99758,-49.327354260089685
99759,-36.996336996337
99760,22.347266881028936
99761,26.41509433962264
99762,-1.3783269961977187
99763,12.953367875647666
99764,36.075949367088604
99765,-9.782608695652174
99766,-2.844311377245509
99767,13.88888888888889
99768,3.1914893617021276
99769,-11.695278969957082
99770,-31.48831488314883
99771,10.638297872340425
99772,-4.377104377104377
99773,-12.857142857142856
99774,-10.0
99775,-34.84848484848485
99776,6.25
99777,-11.934156378600823
99778,22.90748898678414
99780,6.307977736549166
99781,-33.53658536585366
99782,21.052631578947366
99783,84.90566037735849
99784,12.138728323699421
99785,48.45605700712589
99786,-7.357859531772576
99788,-20.168067226890756
99789,42.78481012658228
99790,85.71428571428571
99791,-30.813953488372093
99801,-0.8151363530932105
99820,-22.407407407407405
99824,-3.813747228381375
99825,-82.02247191011236
99826,83.93782383419689
99827,-17.4297806848788
99829,8.212560386473431
99830,-25.511811023622048
99832,-9.574468085106384
99833,3.0229007633587783
99835,-4.006810442678774
99836,-35.0
99840,25.529865125240846
99841,-7.482993197278912
99850,
99901,1.0531667635095876
99903,-95.0
99918,38.50574712643678
99919,-14.545454545454545
99921,-12.379502790461693
99922,7.18954248366013
99923,
99925,2.108768035516093
99926,-13.004750593824227
99927,-76.27118644067797
99929,-13.116089613034623
